id,domain,space_id,intent,command,command_ko,expect,why,d,tier,context,targets,target_svc
G00014,공장,FACT03,기기제어,please turn on the light.,조명 좀 켜 줘.,ask,,D1,T0,none,FACT03_ProcessRoom_Light_1 FACT03_ProcessRoom_Light_2 FACT03_ProcessRoom_Light_3 FACT03_ProcessRoom_Light_4 FACT03_ProcessRoom_Light_5 FACT03_ProcessRoom_Light_6,
G00017,공장,FACT04,기기제어,This room is gloomy.,방이 침침해.,execute,,D1,T0,none,FACT04_MachineShop_Light_1 FACT04_MachineShop_Light_2 FACT04_MachineShop_Light_3 FACT04_MachineShop_Light_4 FACT04_MachineShop_Light_5 FACT04_MachineShop_Light_6,
G00022,공장,FACT01,기기제어,Put the line lights on,생산라인 조명 켜,execute,,D1,T0,none,FACT01_Line_Light_1 FACT01_Line_Light_2 FACT01_Line_Light_3 FACT01_Line_Light_4 FACT01_Line_Light_5 FACT01_Line_Light_6,
G00028,공장,FACT05,기기제어,Light up the pump room lights,펌프실 조명 켜,execute,,D1,T0,none,FACT05_PumpRoom_Light_1 FACT05_PumpRoom_Light_2 FACT05_PumpRoom_Light_3 FACT05_PumpRoom_Light_4 FACT05_PumpRoom_Light_5 FACT05_PumpRoom_Light_6,
G00033,공장,FACT02,기기제어,could you light up the warehouse lights?,창고 조명 켜 줄 수 있어?,execute,,D1,T0,none,FACT02_Warehouse_Light_1 FACT02_Warehouse_Light_2 FACT02_Warehouse_Light_3 FACT02_Warehouse_Light_4 FACT02_Warehouse_Light_5 FACT02_Warehouse_Light_6 FACT02_Warehouse_Light_7 FACT02_Warehouse_Light_8,
G00037,공장,FACT03,기기제어,I'd like you to switch the process room lights on.,공정실 조명 켜 줬으면 해.,execute,,D1,T0,none,FACT03_ProcessRoom_Light_1 FACT03_ProcessRoom_Light_2 FACT03_ProcessRoom_Light_3 FACT03_ProcessRoom_Light_4 FACT03_ProcessRoom_Light_5 FACT03_ProcessRoom_Light_6,
G00048,공장,FACT04,기기제어,can you get the machine shop lights on?,기계실 조명 켜 줄래?,execute,,D1,T0,none,FACT04_MachineShop_Light_1 FACT04_MachineShop_Light_2 FACT04_MachineShop_Light_3 FACT04_MachineShop_Light_4 FACT04_MachineShop_Light_5 FACT04_MachineShop_Light_6,
G00053,공장,FACT01,기기제어,please get the line lights on.,생산라인 조명 켜 주세요.,execute,,D1,T0,none,FACT01_Line_Light_1 FACT01_Line_Light_2 FACT01_Line_Light_3 FACT01_Line_Light_4 FACT01_Line_Light_5 FACT01_Line_Light_6,
G00067,공장,FACT03,기기제어,Put the process room lights on,공정실 조명 켜,execute,,D1,T0,none,FACT03_ProcessRoom_Light_1 FACT03_ProcessRoom_Light_2 FACT03_ProcessRoom_Light_3 FACT03_ProcessRoom_Light_4 FACT03_ProcessRoom_Light_5 FACT03_ProcessRoom_Light_6,
G00087,공장,FACT02,기기제어,can you switch the warehouse lights on?,창고 조명 켜 줄래?,execute,,D1,T0,none,FACT02_Warehouse_Light_1 FACT02_Warehouse_Light_2 FACT02_Warehouse_Light_3 FACT02_Warehouse_Light_4 FACT02_Warehouse_Light_5 FACT02_Warehouse_Light_6 FACT02_Warehouse_Light_7 FACT02_Warehouse_Light_8,
G00098,공장,FACT03,기기제어,please get the process room lights on.,공정실 조명 좀 켜 줘.,execute,,D1,T0,none,FACT03_ProcessRoom_Light_1 FACT03_ProcessRoom_Light_2 FACT03_ProcessRoom_Light_3 FACT03_ProcessRoom_Light_4 FACT03_ProcessRoom_Light_5 FACT03_ProcessRoom_Light_6,
G00114,공장,FACT03,기기제어,Switch the light on,조명 켜,ask,,D1,T0,none,FACT03_ProcessRoom_Light_1 FACT03_ProcessRoom_Light_2 FACT03_ProcessRoom_Light_3 FACT03_ProcessRoom_Light_4 FACT03_ProcessRoom_Light_5 FACT03_ProcessRoom_Light_6,
G00123,공장,FACT01,기기제어,I'd like you to get the line lights on.,생산라인 조명 켜 줬으면 해.,execute,,D1,T0,none,FACT01_Line_Light_1 FACT01_Line_Light_2 FACT01_Line_Light_3 FACT01_Line_Light_4 FACT01_Line_Light_5 FACT01_Line_Light_6,
G00129,공장,FACT05,기기제어,I'd like you to turn on the pump room lights.,펌프실 조명 켜 줬으면 해.,execute,,D1,T0,none,FACT05_PumpRoom_Light_1 FACT05_PumpRoom_Light_2 FACT05_PumpRoom_Light_3 FACT05_PumpRoom_Light_4 FACT05_PumpRoom_Light_5 FACT05_PumpRoom_Light_6,
G00134,공장,FACT02,기기제어,can you dim the warehouse lights to 5 percent?,창고 조명 밝기를 5퍼센트로 낮춰 줄래?,execute,,D1,T0,none,FACT02_Warehouse_Light_1 FACT02_Warehouse_Light_2 FACT02_Warehouse_Light_3 FACT02_Warehouse_Light_4 FACT02_Warehouse_Light_5 FACT02_Warehouse_Light_6 FACT02_Warehouse_Light_7 FACT02_Warehouse_Light_8,
G00149,공장,FACT04,기기제어,Bring the machine shop lights down to 25 percent.,기계실 조명 밝기를 25퍼센트까지 낮춰.,execute,,D1,T0,none,FACT04_MachineShop_Light_1 FACT04_MachineShop_Light_2 FACT04_MachineShop_Light_3 FACT04_MachineShop_Light_4 FACT04_MachineShop_Light_5 FACT04_MachineShop_Light_6,
G00152,공장,FACT03,기기제어,please dim the process room lights to 30 percent.,공정실 조명 밝기를 30퍼센트로 좀 낮춰 줘.,execute,,D1,T0,none,FACT03_ProcessRoom_Light_1 FACT03_ProcessRoom_Light_2 FACT03_ProcessRoom_Light_3 FACT03_ProcessRoom_Light_4 FACT03_ProcessRoom_Light_5 FACT03_ProcessRoom_Light_6,
G00154,공장,FACT01,기기제어,Light up the line lights,생산라인 조명 켜,execute,,D1,T0,none,FACT01_Line_Light_1 FACT01_Line_Light_2 FACT01_Line_Light_3 FACT01_Line_Light_4 FACT01_Line_Light_5 FACT01_Line_Light_6,
G00160,공장,FACT05,기기제어,Switch the pump room lights on,펌프실 조명 켜,execute,,D1,T0,none,FACT05_PumpRoom_Light_1 FACT05_PumpRoom_Light_2 FACT05_PumpRoom_Light_3 FACT05_PumpRoom_Light_4 FACT05_PumpRoom_Light_5 FACT05_PumpRoom_Light_6,
G00168,공장,FACT03,기기제어,I'd like you to get the process room lights on.,공정실 조명 켜 줬으면 해.,execute,,D1,T0,none,FACT03_ProcessRoom_Light_1 FACT03_ProcessRoom_Light_2 FACT03_ProcessRoom_Light_3 FACT03_ProcessRoom_Light_4 FACT03_ProcessRoom_Light_5 FACT03_ProcessRoom_Light_6,
G00176,공장,FACT01,기기제어,Turn the line lights up to 75 percent,생산라인 조명 밝기를 75퍼센트까지 올려,execute,,D1,T0,none,FACT01_Line_Light_1 FACT01_Line_Light_2 FACT01_Line_Light_3 FACT01_Line_Light_4 FACT01_Line_Light_5 FACT01_Line_Light_6,
G00179,공장,FACT04,기기제어,can you dim the machine shop lights to 25 percent?,기계실 조명 밝기를 25퍼센트로 낮춰 줄래?,execute,,D1,T0,none,FACT04_MachineShop_Light_1 FACT04_MachineShop_Light_2 FACT04_MachineShop_Light_3 FACT04_MachineShop_Light_4 FACT04_MachineShop_Light_5 FACT04_MachineShop_Light_6,
G00188,공장,FACT02,기기제어,Dim the warehouse lights to 25 percent.,창고 조명 밝기를 25퍼센트로 낮춰.,execute,,D1,T0,none,FACT02_Warehouse_Light_1 FACT02_Warehouse_Light_2 FACT02_Warehouse_Light_3 FACT02_Warehouse_Light_4 FACT02_Warehouse_Light_5 FACT02_Warehouse_Light_6 FACT02_Warehouse_Light_7 FACT02_Warehouse_Light_8,
G00211,공장,FACT05,기기제어,Set a calmer tone,차분한 톤으로 맞춰 줘,ask,,D1,T0,none,FACT05_BoilerRoom_Light_1 FACT05_BoilerRoom_Light_2 FACT05_PumpRoom_Light_1 FACT05_PumpRoom_Light_2 FACT05_PumpRoom_Light_3 FACT05_PumpRoom_Light_4 FACT05_PumpRoom_Light_5 FACT05_PumpRoom_Light_6 FACT05_PumpRoom_StatusLight_1 FACT05_PumpRoom_StatusLight_2 FACT05_PumpRoom_StatusLight_3 FACT05_PumpRoom_StatusLight_4,
G00216,공장,FACT04,기기제어,could you turn all the lights blue?,모든 조명 파란색으로 켜 줄 수 있어?,execute,,D1,T0,none,FACT04_MachineShop_Light_1 FACT04_MachineShop_Light_2 FACT04_MachineShop_Light_3 FACT04_MachineShop_Light_4 FACT04_MachineShop_Light_5 FACT04_MachineShop_Light_6,
G00231,공장,FACT01,기기제어,can you switch the lights on?,조명 전부 켜 줄래?,execute,,D1,T0,none,FACT01_Line_Light_1 FACT01_Line_Light_2 FACT01_Line_Light_3 FACT01_Line_Light_4 FACT01_Line_Light_5 FACT01_Line_Light_6,
G00235,공장,FACT02,기기제어,Set the lights to purple.,조명 전부 보라색으로 바꿔.,execute,,D1,T0,none,FACT02_Warehouse_Light_1 FACT02_Warehouse_Light_2 FACT02_Warehouse_Light_3 FACT02_Warehouse_Light_4 FACT02_Warehouse_Light_5 FACT02_Warehouse_Light_6 FACT02_Warehouse_Light_7 FACT02_Warehouse_Light_8 FACT02_Dock_Light_1 FACT02_Dock_Light_2,
G00249,공장,FACT04,기기제어,could you change the lights to daylight white?,조명 전부 주광색으로 바꿔 줄 수 있어?,execute,,D1,T0,none,FACT04_MachineShop_Light_1 FACT04_MachineShop_Light_2 FACT04_MachineShop_Light_3 FACT04_MachineShop_Light_4 FACT04_MachineShop_Light_5 FACT04_MachineShop_Light_6,
G00269,공장,FACT03,기기제어,please light up the lights.,조명 전부 좀 켜 줘.,execute,,D1,T0,none,FACT03_ProcessRoom_Light_1 FACT03_ProcessRoom_Light_2 FACT03_ProcessRoom_Light_3 FACT03_ProcessRoom_Light_4 FACT03_ProcessRoom_Light_5 FACT03_ProcessRoom_Light_6,
G00280,공장,FACT04,기기제어,Set the lights to red.,조명 전부 빨간색으로 바꿔.,execute,,D1,T0,none,FACT04_MachineShop_Light_1 FACT04_MachineShop_Light_2 FACT04_MachineShop_Light_3 FACT04_MachineShop_Light_4 FACT04_MachineShop_Light_5 FACT04_MachineShop_Light_6,
G00353,공장,FACT03,기기제어,I'd like you to turn off the switch.,스위치 꺼 줬으면 해.,ask,,D1,T0,none,FACT03_ProcessRoom_Light_1 FACT03_ProcessRoom_Light_2 FACT03_ProcessRoom_Light_3 FACT03_ProcessRoom_Light_4 FACT03_ProcessRoom_Light_5 FACT03_ProcessRoom_Light_6 FACT03_ProcessRoom_Siren_1,
G00364,공장,FACT04,기기제어,can you turn on the machine shop lights?,기계실 조명 켜 줄래?,execute,,D1,T0,none,FACT04_MachineShop_Light_1 FACT04_MachineShop_Light_2 FACT04_MachineShop_Light_3 FACT04_MachineShop_Light_4 FACT04_MachineShop_Light_5 FACT04_MachineShop_Light_6,
G00369,공장,FACT01,기기제어,please turn off the line switch.,생산라인 스위치 좀 꺼 줘.,execute,,D1,T0,none,FACT01_Line_Light_1 FACT01_Line_Light_2 FACT01_Line_Light_3 FACT01_Line_Light_4 FACT01_Line_Light_5 FACT01_Line_Light_6 FACT01_Line_Siren_1,
G00384,공장,FACT03,기기제어,Switch the process room switch on,공정실 스위치 켜,execute,,D1,T0,none,FACT03_ProcessRoom_Light_1 FACT03_ProcessRoom_Light_2 FACT03_ProcessRoom_Light_3 FACT03_ProcessRoom_Light_4 FACT03_ProcessRoom_Light_5 FACT03_ProcessRoom_Light_6 FACT03_ProcessRoom_Siren_1,
G00396,공장,FACT05,알림예약,I want to know when it changes,상태가 바뀌면 알려 줘,execute,,D1,T0,none,,Speaker.Speak
G00407,공장,FACT02,상태조회,can you send me the utility temperature?,다용도실 온도 보내 줄래?,execute,,D1,T0,none,,Speaker.Speak
G00417,공장,FACT05,상태조회,I'd like you to let me know whether anyone is in the pump room.,펌프실에 사람 있는지 알려 줬으면 해.,refuse,no_occupancy,D1,T0,none,,
G00424,공장,FACT03,알림예약,I want to know when it changes.,상태가 바뀌면 알려 줘.,execute,,D1,T0,none,,Speaker.Speak
G00445,공장,FACT02,알림예약,can you remind me to check the lights?,조명 전부 확인하라고 알려 줄래?,execute,,D1,T0,none,,Speaker.Speak
G00448,공장,FACT05,기기제어,can you open the blinds?,블라인드 열어 줄래?,refuse,no_device,D1,T0,none,,
G00504,공장,FACT02,기기제어,please unlock the entrance door lock.,현관 도어락 좀 열어 줘.,execute,,D1,T0,none,FACT02_Entrance_DoorLock_1,
G00508,공장,FACT02,기기제어,Make sure the entrance door lock is locked,현관 도어락 잠겼는지 봐 줘,execute,,D1,T0,none,FACT02_Entrance_DoorLock_1,
G00516,공장,FACT02,기기제어,please make sure the place is secure.,문단속 좀 해 줘.,execute,,D1,T0,none,FACT02_Entrance_DoorLock_1,
G00524,공장,FACT02,기기제어,I'd like you to make sure the entrance door lock is locked.,현관 도어락 잠겼는지 봐 줬으면 해.,execute,,D1,T0,none,FACT02_Entrance_DoorLock_1,
G00589,공장,FACT03,상태조회,How much power is the camera pulling.,카메라 전력 얼마나 쓰고 있어?,ask,,D1,T0,none,FACT03_ProcessRoom_Camera_1 FACT03_ProcessRoom_Camera_2,Speaker.Speak
G00597,공장,FACT01,상태조회,What is the camera set to.,카메라 몇으로 맞춰져 있어?,ask,,D1,T0,none,FACT01_Line_Camera_1 FACT01_Line_Camera_2,Speaker.Speak
G00603,공장,FACT04,상태조회,Is anyone in the utility.,다용도실에 사람 있어?,refuse,no_device,D1,T0,none,,
G00607,공장,FACT02,상태조회,What is all the cameras set to.,모든 카메라 몇으로 맞춰져 있어?,execute,,D1,T0,none,FACT02_Warehouse_Camera_1 FACT02_Warehouse_Camera_2 FACT02_Warehouse_Camera_3 FACT02_Warehouse_Camera_4 FACT02_Dock_Camera_1 FACT02_Dock_Camera_2,Speaker.Speak
G00614,공장,FACT01,상태조회,What is the temperature in the entrance.,현관 온도 몇 도야?,execute,,D1,T0,none,FACT01_Line_TemperatureSensor_1 FACT01_Line_TemperatureSensor_2 FACT01_Line_TemperatureSensor_3,Speaker.Speak
G00616,공장,FACT02,상태조회,please tell me if the door sensor is open.,문열림 센서 열려 있는지 알려 주세요.,refuse,no_context,D1,T0,none,,
G00638,공장,FACT01,기기제어,I'd like you to switch all the switches on.,모든 스위치 켜 줬으면 해.,execute,,D1,T0,none,FACT01_Line_Light_1 FACT01_Line_Light_2 FACT01_Line_Light_3 FACT01_Line_Light_4 FACT01_Line_Light_5 FACT01_Line_Light_6 FACT01_Line_Siren_1,
G00643,공장,FACT04,기기제어,I'd like you to toggle the machine shop switch.,기계실 스위치 껐다 켜 줬으면 해.,execute,,D1,T0,none,FACT04_MachineShop_Light_1 FACT04_MachineShop_Light_2 FACT04_MachineShop_Light_3 FACT04_MachineShop_Light_4 FACT04_MachineShop_Light_5 FACT04_MachineShop_Light_6,
G00653,공장,FACT02,기기제어,can you turn on all the switches?,모든 스위치 켜 줄래?,execute,,D1,T0,none,FACT02_Warehouse_Light_1 FACT02_Warehouse_Light_2 FACT02_Warehouse_Light_3 FACT02_Warehouse_Light_4 FACT02_Warehouse_Light_5 FACT02_Warehouse_Light_6 FACT02_Warehouse_Light_7 FACT02_Warehouse_Light_8 FACT02_Dock_Light_1 FACT02_Dock_Light_2 FACT02_Warehouse_Siren_1,
G00655,공장,FACT05,기기제어,There are crumbs everywhere,부스러기가 여기저기 있어,refuse,no_device,D1,T0,none,,
G00720,공장,FACT01,기기제어,Give me a few minutes.,몇 분만 줘.,refuse,no_service,D1,T0,none,,
G00726,공장,FACT03,기기제어,please start a countdown for 45 minutes.,45분 카운트다운 시작해 주세요.,refuse,no_service,D1,T0,none,,
G00732,공장,FACT05,기기제어,please start a countdown for 5 minutes.,5분 카운트다운 시작해 주세요.,refuse,no_service,D1,T0,none,,
G00736,공장,FACT02,기기제어,Set a 60 minute timer.,60분 타이머 맞춰 줘.,refuse,no_service,D1,T0,none,,
G00742,공장,FACT04,기기제어,Set a 2 minute timer.,2분 타이머 맞춰 줘.,refuse,no_service,D1,T0,none,,
G00744,공장,FACT01,기기제어,I'd like you to close the garage door.,차고문 닫아 줬으면 해.,refuse,no_device,D1,T0,none,,
G00747,공장,FACT02,기기제어,Close the garage door.,차고문 닫아.,ask,,D1,T0,none,FACT02_Dock_GarageDoor_1 FACT02_Dock_GarageDoor_2 FACT02_Dock_GarageDoor_3 FACT02_Dock_GarageDoor_4,
G00748,공장,FACT02,기기제어,please close things up out front.,바깥쪽 좀 다 닫아 줘.,ask,,D1,T0,none,FACT02_Dock_GarageDoor_1 FACT02_Dock_GarageDoor_2 FACT02_Dock_GarageDoor_3 FACT02_Dock_GarageDoor_4 FACT02_Entrance_Door_1,
G00749,공장,FACT02,기기제어,could you close the garage door?,차고문 닫아 줄 수 있어?,ask,,D1,T0,none,FACT02_Dock_GarageDoor_1 FACT02_Dock_GarageDoor_2 FACT02_Dock_GarageDoor_3 FACT02_Dock_GarageDoor_4,
G00750,공장,FACT02,기기제어,please close the garage door.,차고문 좀 닫아 줘.,ask,,D1,T0,none,FACT02_Dock_GarageDoor_1 FACT02_Dock_GarageDoor_2 FACT02_Dock_GarageDoor_3 FACT02_Dock_GarageDoor_4,
G00752,공장,FACT02,기기제어,Shut the dock door 2,2번 도크 문 닫아,execute,,D1,T0,none,FACT02_Dock_GarageDoor_2,
G00753,공장,FACT02,기기제어,could you open the dock door 2?,2번 도크 문 열어 줄 수 있어?,execute,,D1,T0,none,FACT02_Dock_GarageDoor_2,
G00755,공장,FACT02,기기제어,Shut the dock door 3,3번 도크 문 닫아,execute,,D1,T0,none,FACT02_Dock_GarageDoor_3,
G00756,공장,FACT02,기기제어,Shut the dock door 4,4번 도크 문 닫아,execute,,D1,T0,none,FACT02_Dock_GarageDoor_4,
G00767,공장,FACT02,기기제어,could you open the dock door 1?,1번 도크 문 열어 줄 수 있어?,execute,,D1,T0,none,FACT02_Dock_GarageDoor_1,
G00769,공장,FACT02,기기제어,I'd like you to close the dock garage door.,하역장 차고문 닫아 줬으면 해.,execute,,D1,T0,none,FACT02_Dock_GarageDoor_1 FACT02_Dock_GarageDoor_2 FACT02_Dock_GarageDoor_3 FACT02_Dock_GarageDoor_4,
G00781,공장,FACT05,기기제어,I'd like you to switch the boiler room lights off.,보일러실 조명 꺼 줬으면 해.,execute,,D1,T0,none,FACT05_BoilerRoom_Light_1 FACT05_BoilerRoom_Light_2,
G00786,공장,FACT02,기기제어,can you turn on the dock switch?,하역장 스위치 켜 줄래?,execute,,D1,T0,none,FACT02_Dock_Light_1 FACT02_Dock_Light_2,
G00822,공장,FACT04,기기제어,can you brighten this place up?,여기 좀 밝게 해 줄래?,execute,,D1,T0,none,FACT04_MachineShop_Light_1 FACT04_MachineShop_Light_2 FACT04_MachineShop_Light_3 FACT04_MachineShop_Light_4 FACT04_MachineShop_Light_5 FACT04_MachineShop_Light_6,
G00828,공장,FACT01,기기제어,Put the line lights on.,생산라인 조명 켜.,execute,,D1,T0,none,FACT01_Line_Light_1 FACT01_Line_Light_2 FACT01_Line_Light_3 FACT01_Line_Light_4 FACT01_Line_Light_5 FACT01_Line_Light_6,
G00832,공장,FACT03,기기제어,please brew a cup on the coffee maker.,커피포트로 한 잔 내려 주세요.,refuse,no_device,D1,T0,none,,
G00849,공장,FACT02,기기제어,could you let me see what is going on?,지금 상황 좀 보여 줄 수 있어?,execute,,D1,T0,none,FACT02_Dock_Camera_1 FACT02_Dock_Camera_2 FACT02_Warehouse_Camera_1 FACT02_Warehouse_Camera_2 FACT02_Warehouse_Camera_3 FACT02_Warehouse_Camera_4,
G00854,공장,FACT03,기기제어,I'd like you to stop recording on the process room camera.,공정실 카메라 녹화 멈춰 줬으면 해.,execute,,D1,T0,none,FACT03_ProcessRoom_Camera_1 FACT03_ProcessRoom_Camera_2,
G00878,공장,FACT02,기기제어,could you turn off the light?,조명 꺼 줄 수 있어?,ask,,D1,T0,none,FACT02_Warehouse_Light_1 FACT02_Warehouse_Light_2 FACT02_Warehouse_Light_3 FACT02_Warehouse_Light_4 FACT02_Warehouse_Light_5 FACT02_Warehouse_Light_6 FACT02_Warehouse_Light_7 FACT02_Warehouse_Light_8 FACT02_Dock_Light_1 FACT02_Dock_Light_2,
G00883,공장,FACT03,기기제어,could you turn the fan off?,선풍기 꺼 줄 수 있어?,refuse,no_device,D1,T0,none,,
G00909,공장,FACT05,기기제어,could you switch the pump room switch on?,펌프실 스위치 켜 줄 수 있어?,execute,,D1,T0,none,FACT05_PumpRoom_Light_1 FACT05_PumpRoom_Light_2 FACT05_PumpRoom_Light_3 FACT05_PumpRoom_Light_4 FACT05_PumpRoom_Light_5 FACT05_PumpRoom_Light_6,
G00912,공장,FACT01,기기제어,I'd like you to turn on the line switch.,생산라인 스위치 켜 줬으면 해.,execute,,D1,T0,none,FACT01_Line_Light_1 FACT01_Line_Light_2 FACT01_Line_Light_3 FACT01_Line_Light_4 FACT01_Line_Light_5 FACT01_Line_Light_6 FACT01_Line_Siren_1,
G00924,공장,FACT02,기기제어,please remind me in a bit.,조금 있다 알려 주세요.,refuse,no_service,D1,T0,none,,
G00928,공장,FACT04,기기제어,could you bring the light down to 5 percent?,조명 밝기를 5퍼센트까지 낮춰 줄 수 있어?,ask,,D1,T0,none,FACT04_MachineShop_Light_1 FACT04_MachineShop_Light_2 FACT04_MachineShop_Light_3 FACT04_MachineShop_Light_4 FACT04_MachineShop_Light_5 FACT04_MachineShop_Light_6,
G00933,공장,FACT04,기기제어,could you set the mood softer?,분위기 좀 부드럽게 해 줄 수 있어?,execute,,D1,T0,none,FACT04_MachineShop_Light_1 FACT04_MachineShop_Light_2 FACT04_MachineShop_Light_3 FACT04_MachineShop_Light_4 FACT04_MachineShop_Light_5 FACT04_MachineShop_Light_6,
G00944,공장,FACT02,기기제어,please shut the garage door.,차고문 좀 닫아 줘.,ask,,D1,T0,none,FACT02_Dock_GarageDoor_1 FACT02_Dock_GarageDoor_2 FACT02_Dock_GarageDoor_3 FACT02_Dock_GarageDoor_4,
G00957,공장,FACT05,기기제어,can you light up the light?,조명 켜 줄래?,ask,,D1,T0,none,FACT05_PumpRoom_Light_1 FACT05_PumpRoom_Light_2 FACT05_PumpRoom_Light_3 FACT05_PumpRoom_Light_4 FACT05_PumpRoom_Light_5 FACT05_PumpRoom_Light_6 FACT05_BoilerRoom_Light_1 FACT05_BoilerRoom_Light_2,
G00975,공장,FACT03,기기제어,I'd like you to run the away scene on the lights.,조명 외출 모드 실행해 줬으면 해.,execute,,D1,T0,none,FACT03_ProcessRoom_Light_1 FACT03_ProcessRoom_Light_2 FACT03_ProcessRoom_Light_3 FACT03_ProcessRoom_Light_4 FACT03_ProcessRoom_Light_5 FACT03_ProcessRoom_Light_6,
G00985,공장,FACT03,기기제어,can you open the garage door?,차고문 열어 줄래?,refuse,no_device,D1,T0,none,,
G00986,공장,FACT02,기기제어,Get the light on.,조명 켜.,ask,,D1,T0,none,FACT02_Warehouse_Light_1 FACT02_Warehouse_Light_2 FACT02_Warehouse_Light_3 FACT02_Warehouse_Light_4 FACT02_Warehouse_Light_5 FACT02_Warehouse_Light_6 FACT02_Warehouse_Light_7 FACT02_Warehouse_Light_8 FACT02_Dock_Light_1 FACT02_Dock_Light_2,
G00992,공장,FACT04,기기제어,Change the machine shop lights to pink.,기계실 조명 분홍색으로 바꿔.,execute,,D1,T0,none,FACT04_MachineShop_Light_1 FACT04_MachineShop_Light_2 FACT04_MachineShop_Light_3 FACT04_MachineShop_Light_4 FACT04_MachineShop_Light_5 FACT04_MachineShop_Light_6,
G01003,공장,FACT02,기기제어,could you set all the lights to amber?,모든 조명 호박색으로 바꿔 줄 수 있어?,execute,,D1,T0,none,FACT02_Warehouse_Light_1 FACT02_Warehouse_Light_2 FACT02_Warehouse_Light_3 FACT02_Warehouse_Light_4 FACT02_Warehouse_Light_5 FACT02_Warehouse_Light_6 FACT02_Warehouse_Light_7 FACT02_Warehouse_Light_8 FACT02_Dock_Light_1 FACT02_Dock_Light_2,
G01007,공장,FACT02,기기제어,could you turn the coffee maker off?,커피포트 꺼 줄 수 있어?,refuse,no_device,D1,T0,none,,
G01008,공장,FACT03,기기제어,could you make it less warm?,덜 덥게 해 줄 수 있어?,refuse,no_device,D1,T0,none,,
G01014,공장,FACT05,기기제어,I'd like you to dim the pump room lights to 30 percent.,펌프실 조명 밝기를 30퍼센트로 낮춰 줬으면 해.,execute,,D1,T0,none,FACT05_PumpRoom_Light_1 FACT05_PumpRoom_Light_2 FACT05_PumpRoom_Light_3 FACT05_PumpRoom_Light_4 FACT05_PumpRoom_Light_5 FACT05_PumpRoom_Light_6,
G01042,공장,FACT05,기기제어,please switch the pump room lights to the movie scene.,펌프실 조명 영화 모드로 바꿔 주세요.,execute,,D1,T0,none,FACT05_PumpRoom_Light_1 FACT05_PumpRoom_Light_2 FACT05_PumpRoom_Light_3 FACT05_PumpRoom_Light_4 FACT05_PumpRoom_Light_5 FACT05_PumpRoom_Light_6,
G01044,공장,FACT04,기기제어,I am pulling out,차 뺄게,refuse,no_device,D1,T0,none,,
G01045,공장,FACT02,기기제어,can you turn off the warehouse switch?,창고 스위치 꺼 줄래?,execute,,D1,T0,none,FACT02_Warehouse_Light_1 FACT02_Warehouse_Light_2 FACT02_Warehouse_Light_3 FACT02_Warehouse_Light_4 FACT02_Warehouse_Light_5 FACT02_Warehouse_Light_6 FACT02_Warehouse_Light_7 FACT02_Warehouse_Light_8 FACT02_Warehouse_Siren_1,
G01059,공장,FACT01,기기제어,please switch all the lights on.,모든 조명 좀 켜 줘.,execute,,D1,T0,none,FACT01_Line_Light_1 FACT01_Line_Light_2 FACT01_Line_Light_3 FACT01_Line_Light_4 FACT01_Line_Light_5 FACT01_Line_Light_6,
G01097,공장,FACT01,기기제어,Shut the line lights off,생산라인 조명 꺼,execute,,D1,T0,none,FACT01_Line_Light_1 FACT01_Line_Light_2 FACT01_Line_Light_3 FACT01_Line_Light_4 FACT01_Line_Light_5 FACT01_Line_Light_6,
G01099,공장,FACT01,기기제어,It is too bright,너무 밝아,execute,,D1,T0,none,FACT01_Line_Light_1 FACT01_Line_Light_2 FACT01_Line_Light_3 FACT01_Line_Light_4 FACT01_Line_Light_5 FACT01_Line_Light_6,
G01110,공장,FACT05,기기제어,Turn the water heater off,온수기 꺼,ask,,D1,T0,none,FACT05_BoilerRoom_WaterHeater_1 FACT05_BoilerRoom_WaterHeater_2,
G01118,공장,FACT01,기기제어,could you record this?,이거 녹화해 줄 수 있어?,execute,,D1,T0,none,FACT01_Line_Camera_1 FACT01_Line_Camera_2,
G01123,공장,FACT04,기기제어,please put all the lights into party mode.,모든 조명 파티 모드로 좀 해 줘.,execute,,D1,T0,none,FACT04_MachineShop_Light_1 FACT04_MachineShop_Light_2 FACT04_MachineShop_Light_3 FACT04_MachineShop_Light_4 FACT04_MachineShop_Light_5 FACT04_MachineShop_Light_6,
G01124,공장,FACT02,기기제어,Put the lights into reading mode.,조명 전부 독서 모드로 해.,execute,,D1,T0,none,FACT02_Warehouse_Light_1 FACT02_Warehouse_Light_2 FACT02_Warehouse_Light_3 FACT02_Warehouse_Light_4 FACT02_Warehouse_Light_5 FACT02_Warehouse_Light_6 FACT02_Warehouse_Light_7 FACT02_Warehouse_Light_8 FACT02_Dock_Light_1 FACT02_Dock_Light_2,
G01153,공장,FACT05,기기제어,Turn off the boiler room switch,보일러실 스위치 꺼,execute,,D1,T0,none,FACT05_BoilerRoom_Light_1 FACT05_BoilerRoom_Light_2 FACT05_BoilerRoom_Siren_1 FACT05_BoilerRoom_Siren_2,
G01171,공장,FACT05,기기제어,could you switch the pump room lights on?,펌프실 조명 켜 줄 수 있어?,execute,,D1,T0,none,FACT05_PumpRoom_Light_1 FACT05_PumpRoom_Light_2 FACT05_PumpRoom_Light_3 FACT05_PumpRoom_Light_4 FACT05_PumpRoom_Light_5 FACT05_PumpRoom_Light_6,
G01181,공장,FACT02,기기제어,could you turn on the lights?,조명 전부 켜 줄 수 있어?,execute,,D1,T0,none,FACT02_Warehouse_Light_1 FACT02_Warehouse_Light_2 FACT02_Warehouse_Light_3 FACT02_Warehouse_Light_4 FACT02_Warehouse_Light_5 FACT02_Warehouse_Light_6 FACT02_Warehouse_Light_7 FACT02_Warehouse_Light_8 FACT02_Dock_Light_1 FACT02_Dock_Light_2,
G01203,공장,FACT05,기기제어,can you light up the pump room lights?,펌프실 조명 켜 줄래?,execute,,D1,T0,none,FACT05_PumpRoom_Light_1 FACT05_PumpRoom_Light_2 FACT05_PumpRoom_Light_3 FACT05_PumpRoom_Light_4 FACT05_PumpRoom_Light_5 FACT05_PumpRoom_Light_6,
G01205,공장,FACT04,기기제어,Get the machine shop lights on,기계실 조명 켜,execute,,D1,T0,none,FACT04_MachineShop_Light_1 FACT04_MachineShop_Light_2 FACT04_MachineShop_Light_3 FACT04_MachineShop_Light_4 FACT04_MachineShop_Light_5 FACT04_MachineShop_Light_6,
G01209,공장,FACT01,기기제어,please turn all the lights up to 80 percent.,모든 조명 밝기를 80퍼센트까지 올려 주세요.,execute,,D1,T0,none,FACT01_Line_Light_1 FACT01_Line_Light_2 FACT01_Line_Light_3 FACT01_Line_Light_4 FACT01_Line_Light_5 FACT01_Line_Light_6,
G01218,공장,FACT02,기기제어,could you bring the lights down to 5 percent?,조명 전부 밝기를 5퍼센트까지 낮춰 줄 수 있어?,execute,,D1,T0,none,FACT02_Warehouse_Light_1 FACT02_Warehouse_Light_2 FACT02_Warehouse_Light_3 FACT02_Warehouse_Light_4 FACT02_Warehouse_Light_5 FACT02_Warehouse_Light_6 FACT02_Warehouse_Light_7 FACT02_Warehouse_Light_8 FACT02_Dock_Light_1 FACT02_Dock_Light_2,
G01228,공장,FACT05,기기제어,Turn off the pump room switch,펌프실 스위치 꺼,execute,,D1,T0,none,FACT05_PumpRoom_Light_1 FACT05_PumpRoom_Light_2 FACT05_PumpRoom_Light_3 FACT05_PumpRoom_Light_4 FACT05_PumpRoom_Light_5 FACT05_PumpRoom_Light_6,
G01243,공장,FACT01,기기제어,please set the lights to pink.,조명 전부 분홍색으로 좀 바꿔 줘.,execute,,D1,T0,none,FACT01_Line_Light_1 FACT01_Line_Light_2 FACT01_Line_Light_3 FACT01_Line_Light_4 FACT01_Line_Light_5 FACT01_Line_Light_6,
G01254,공장,FACT02,기기제어,can you send the vacuum back to its dock?,로봇청소기 충전대로 보내 줄래?,refuse,no_device,D1,T0,none,,
G01271,공장,FACT04,기기제어,Bring the machine shop lights down to 5 percent.,기계실 조명 밝기를 5퍼센트까지 낮춰.,execute,,D1,T0,none,FACT04_MachineShop_Light_1 FACT04_MachineShop_Light_2 FACT04_MachineShop_Light_3 FACT04_MachineShop_Light_4 FACT04_MachineShop_Light_5 FACT04_MachineShop_Light_6,
G01274,공장,FACT05,기기제어,could you get the pump room lights on?,펌프실 조명 켜 줄 수 있어?,execute,,D1,T0,none,FACT05_PumpRoom_Light_1 FACT05_PumpRoom_Light_2 FACT05_PumpRoom_Light_3 FACT05_PumpRoom_Light_4 FACT05_PumpRoom_Light_5 FACT05_PumpRoom_Light_6,
G01383,공장,FACT02,기기제어,Turn the light up to 100 percent with one tap on the wall switch,벽 스위치를 한 번 누르면 조명 밝기를 100퍼센트까지 올려,ask,,D4,T1,none,FACT02_Warehouse_Light_1 FACT02_Warehouse_Light_2 FACT02_Warehouse_Light_3 FACT02_Warehouse_Light_4 FACT02_Warehouse_Light_5 FACT02_Warehouse_Light_6 FACT02_Warehouse_Light_7 FACT02_Warehouse_Light_8 FACT02_Dock_Light_1 FACT02_Dock_Light_2,
G01387,공장,FACT02,기기제어,I'd like you to turn the light up to 90 percent with a single press of the button.,버튼을 한 번 누르면 조명 밝기를 90퍼센트까지 올려 줬으면 해.,ask,,D4,T1,none,FACT02_Warehouse_Light_1 FACT02_Warehouse_Light_2 FACT02_Warehouse_Light_3 FACT02_Warehouse_Light_4 FACT02_Warehouse_Light_5 FACT02_Warehouse_Light_6 FACT02_Warehouse_Light_7 FACT02_Warehouse_Light_8 FACT02_Dock_Light_1 FACT02_Dock_Light_2,
G01391,공장,FACT02,기기제어,I'd like you to turn the warehouse lights up to 85 percent when I press the button.,내가 버튼을 누르면 창고 조명 밝기를 85퍼센트까지 올려 줬으면 해.,execute,,D4,T1,none,FACT02_Warehouse_Light_1 FACT02_Warehouse_Light_2 FACT02_Warehouse_Light_3 FACT02_Warehouse_Light_4 FACT02_Warehouse_Light_5 FACT02_Warehouse_Light_6 FACT02_Warehouse_Light_7 FACT02_Warehouse_Light_8,
G01395,공장,FACT02,기기제어,please tone it down a bit with one tap on the wall switch.,벽 스위치를 한 번 누르면 좀 낮춰 줘.,execute,,D4,T1,none,FACT02_Dock_Light_1 FACT02_Dock_Light_2 FACT02_Warehouse_Light_1 FACT02_Warehouse_Light_2 FACT02_Warehouse_Light_3 FACT02_Warehouse_Light_4 FACT02_Warehouse_Light_5 FACT02_Warehouse_Light_6 FACT02_Warehouse_Light_7 FACT02_Warehouse_Light_8,
G01399,공장,FACT02,기기제어,Turn the warehouse lights up to 100 percent with a single press of the button,버튼을 한 번 누르면 창고 조명 밝기를 100퍼센트까지 올려,execute,,D4,T1,none,FACT02_Warehouse_Light_1 FACT02_Warehouse_Light_2 FACT02_Warehouse_Light_3 FACT02_Warehouse_Light_4 FACT02_Warehouse_Light_5 FACT02_Warehouse_Light_6 FACT02_Warehouse_Light_7 FACT02_Warehouse_Light_8,
G01403,공장,FACT02,기기제어,I'd like you to turn the warehouse lights up to 80 percent when the scene button is pressed.,씬 버튼이 눌리면 창고 조명 밝기를 80퍼센트까지 올려 줬으면 해.,execute,,D4,T1,none,FACT02_Warehouse_Light_1 FACT02_Warehouse_Light_2 FACT02_Warehouse_Light_3 FACT02_Warehouse_Light_4 FACT02_Warehouse_Light_5 FACT02_Warehouse_Light_6 FACT02_Warehouse_Light_7 FACT02_Warehouse_Light_8,
G01407,공장,FACT02,기기제어,please turn the dock lights up to 100 percent when I double-press the button.,버튼이 연속 두 번 눌리면 하역장 조명 밝기를 100퍼센트까지 올려 주세요.,execute,,D4,T1,none,FACT02_Dock_Light_1 FACT02_Dock_Light_2,
G01412,공장,FACT02,기기제어,please turn the warehouse lights up to 85 percent with a single press of the button.,버튼을 한 번 누르면 창고 조명 밝기를 85퍼센트까지 올려 주세요.,execute,,D4,T1,none,FACT02_Warehouse_Light_1 FACT02_Warehouse_Light_2 FACT02_Warehouse_Light_3 FACT02_Warehouse_Light_4 FACT02_Warehouse_Light_5 FACT02_Warehouse_Light_6 FACT02_Warehouse_Light_7 FACT02_Warehouse_Light_8,
G01416,공장,FACT02,기기제어,Turn the warehouse lights up to 90 percent when the scene button is pressed,씬 버튼이 눌리면 창고 조명 밝기를 90퍼센트까지 올려,execute,,D4,T1,none,FACT02_Warehouse_Light_1 FACT02_Warehouse_Light_2 FACT02_Warehouse_Light_3 FACT02_Warehouse_Light_4 FACT02_Warehouse_Light_5 FACT02_Warehouse_Light_6 FACT02_Warehouse_Light_7 FACT02_Warehouse_Light_8,
G01420,공장,FACT02,기기제어,I'd like you to turn the warehouse lights up to 75 percent when I double-press the button.,버튼이 연속 두 번 눌리면 창고 조명 밝기를 75퍼센트까지 올려 줬으면 해.,execute,,D4,T1,none,FACT02_Warehouse_Light_1 FACT02_Warehouse_Light_2 FACT02_Warehouse_Light_3 FACT02_Warehouse_Light_4 FACT02_Warehouse_Light_5 FACT02_Warehouse_Light_6 FACT02_Warehouse_Light_7 FACT02_Warehouse_Light_8,
G01424,공장,FACT02,기기제어,please turn the warehouse lights up to 75 percent when I press the button.,내가 버튼을 누르면 창고 조명 밝기를 75퍼센트까지 좀 올려 줘.,execute,,D4,T1,none,FACT02_Warehouse_Light_1 FACT02_Warehouse_Light_2 FACT02_Warehouse_Light_3 FACT02_Warehouse_Light_4 FACT02_Warehouse_Light_5 FACT02_Warehouse_Light_6 FACT02_Warehouse_Light_7 FACT02_Warehouse_Light_8,
G01428,공장,FACT02,기기제어,Turn the warehouse lights up to 85 percent with one tap on the wall switch,벽 스위치를 한 번 누르면 창고 조명 밝기를 85퍼센트까지 올려,execute,,D4,T1,none,FACT02_Warehouse_Light_1 FACT02_Warehouse_Light_2 FACT02_Warehouse_Light_3 FACT02_Warehouse_Light_4 FACT02_Warehouse_Light_5 FACT02_Warehouse_Light_6 FACT02_Warehouse_Light_7 FACT02_Warehouse_Light_8,
G01444,공장,FACT02,기기제어,can you turn on the light around sundown?,해 질 무렵 조명 켜 줄래?,ask,,D4,T1,sun,FACT02_Warehouse_Light_1 FACT02_Warehouse_Light_2 FACT02_Warehouse_Light_3 FACT02_Warehouse_Light_4 FACT02_Warehouse_Light_5 FACT02_Warehouse_Light_6 FACT02_Warehouse_Light_7 FACT02_Warehouse_Light_8 FACT02_Dock_Light_1 FACT02_Dock_Light_2,
G01459,공장,FACT04,기기제어,"Around sundown, light up the machine shop lights.",해 질 무렵 기계실 조명 켜.,execute,,D4,T1,sun,FACT04_MachineShop_Light_1 FACT04_MachineShop_Light_2 FACT04_MachineShop_Light_3 FACT04_MachineShop_Light_4 FACT04_MachineShop_Light_5 FACT04_MachineShop_Light_6,
G01464,공장,FACT01,기기제어,Light up the line lights around sundown,해 질 무렵 생산라인 조명 켜,execute,,D4,T1,sun,FACT01_Line_Light_1 FACT01_Line_Light_2 FACT01_Line_Light_3 FACT01_Line_Light_4 FACT01_Line_Light_5 FACT01_Line_Light_6,
G01470,공장,FACT05,기기제어,Switch the pump room lights on around sundown,해 질 무렵 펌프실 조명 켜,execute,,D4,T1,sun,FACT05_PumpRoom_Light_1 FACT05_PumpRoom_Light_2 FACT05_PumpRoom_Light_3 FACT05_PumpRoom_Light_4 FACT05_PumpRoom_Light_5 FACT05_PumpRoom_Light_6,
G01479,공장,FACT03,기기제어,I'd like you to brighten this place up around sundown.,해 질 무렵 여기 좀 밝게 해 줬으면 해.,execute,,D4,T1,sun,FACT03_ProcessRoom_Light_1 FACT03_ProcessRoom_Light_2 FACT03_ProcessRoom_Light_3 FACT03_ProcessRoom_Light_4 FACT03_ProcessRoom_Light_5 FACT03_ProcessRoom_Light_6,
G01490,공장,FACT04,기기제어,can you turn on the machine shop lights around sundown?,해 질 무렵 기계실 조명 켜 줄래?,execute,,D4,T1,sun,FACT04_MachineShop_Light_1 FACT04_MachineShop_Light_2 FACT04_MachineShop_Light_3 FACT04_MachineShop_Light_4 FACT04_MachineShop_Light_5 FACT04_MachineShop_Light_6,
G01499,공장,FACT02,알림예약,can you show it on the screen every night at 9 pm?,매일 밤 9시에 화면에 띄워 줄래?,execute,,D6,T1,none,,Display.ShowMessage
G01505,공장,FACT04,알림예약,can you tell me about it every night at 10:30 pm?,매일 밤 10시 30분에 알려 줄래?,execute,,D6,T1,none,,Speaker.Speak
G01521,공장,FACT05,알림예약,Give me a heads-up every night at 11 pm,매일 밤 11시에 꼭 알려 줘,execute,,D6,T1,none,,Speaker.Speak
G01527,공장,FACT02,알림예약,"Every morning at 7 am, tell me about it",매일 오전 7시에 알려 줘,execute,,D6,T1,none,,Speaker.Speak
G01531,공장,FACT02,알림예약,can you send me a notification at 11 pm?,밤 11시에 알림 보내 줄래?,execute,,D6,T1,none,,Speaker.Speak
G01532,공장,FACT02,알림예약,"Every night at 9 pm, push me an alert.",매일 밤 9시에 알림 띄워 줘.,execute,,D6,T1,none,,Speaker.Speak
G01541,공장,FACT01,알림예약,Send me a notification every night at 10:30 pm,매일 밤 10시 30분에 알림 보내 줘,execute,,D6,T1,none,,Speaker.Speak
G01547,공장,FACT03,알림예약,Push me an alert every night at 10 pm,매일 밤 10시에 알림 띄워 줘,execute,,D6,T1,none,,Speaker.Speak
G01553,공장,FACT05,알림예약,Give me a heads-up every night at midnight.,매일 자정에 꼭 알려 줘.,execute,,D6,T1,none,,Speaker.Speak
G01596,공장,FACT01,기기제어,Get the line lights on when I double-press the button.,버튼이 연속 두 번 눌리면 생산라인 조명 켜.,execute,,D4,T1,none,FACT01_Line_Light_1 FACT01_Line_Light_2 FACT01_Line_Light_3 FACT01_Line_Light_4 FACT01_Line_Light_5 FACT01_Line_Light_6,
G01643,공장,FACT04,기기제어,could you turn the fan off if the temperature drops below 12 degrees?,온도가 12도 아래로 떨어지면 선풍기 꺼 줄 수 있어?,refuse,no_device,D4,T1,none,,
G01697,공장,FACT01,알림예약,Give me a heads-up when it starts raining.,비가 오기 시작하면 꼭 알려 줘.,execute,,D4,T1,weather,,Speaker.Speak
G01700,공장,FACT05,알림예약,Give me a heads-up when snow is expected,눈이 올 것 같으면 꼭 알려 줘,execute,,D4,T1,weather,,Speaker.Speak
G01704,공장,FACT01,알림예약,could you send me a notification when it starts raining?,비가 오기 시작하면 알림 보내 줄 수 있어?,execute,,D4,T1,weather,,Speaker.Speak
G01705,공장,FACT01,알림예약,can you send me a notification when it starts raining?,비가 오기 시작하면 알림 보내 줄래?,execute,,D4,T1,weather,,Speaker.Speak
G01738,공장,FACT05,기기제어,please make the pump room lights daylight white if the temperature drops below 5 degrees.,온도가 5도 아래로 떨어지면 펌프실 조명 주광색으로 해 주세요.,execute,,D4,T1,none,FACT05_PumpRoom_Light_1 FACT05_PumpRoom_Light_2 FACT05_PumpRoom_Light_3 FACT05_PumpRoom_Light_4 FACT05_PumpRoom_Light_5 FACT05_PumpRoom_Light_6,
G01741,공장,FACT02,기기제어,"When the temperature goes above 24 degrees, set the warehouse lights to daylight white",온도가 24도를 넘으면 창고 조명 주광색으로 바꿔,execute,,D4,T1,none,FACT02_Warehouse_Light_1 FACT02_Warehouse_Light_2 FACT02_Warehouse_Light_3 FACT02_Warehouse_Light_4 FACT02_Warehouse_Light_5 FACT02_Warehouse_Light_6 FACT02_Warehouse_Light_7 FACT02_Warehouse_Light_8,
G01796,공장,FACT01,알림예약,Tell me about it when today's first event begins,오늘 첫 일정이 시작되면 알려 줘,execute,,D4,T1,calendar,,Speaker.Speak
G01808,공장,FACT01,알림예약,Push me an alert when today's first event begins,오늘 첫 일정이 시작되면 알림 띄워 줘,execute,,D4,T1,calendar,,Speaker.Speak
G01818,공장,FACT01,기기제어,Make all the lights red at sunrise,해 뜰 때 모든 조명 빨간색으로 해,execute,,D4,T1,sun,FACT01_Line_Light_1 FACT01_Line_Light_2 FACT01_Line_Light_3 FACT01_Line_Light_4 FACT01_Line_Light_5 FACT01_Line_Light_6,
G01824,공장,FACT05,기기제어,Turn all the lights orange at sunrise,해 뜰 때 모든 조명 주황색으로 켜,execute,,D4,T1,sun,FACT05_PumpRoom_Light_1 FACT05_PumpRoom_Light_2 FACT05_PumpRoom_Light_3 FACT05_PumpRoom_Light_4 FACT05_PumpRoom_Light_5 FACT05_PumpRoom_Light_6 FACT05_BoilerRoom_Light_1 FACT05_BoilerRoom_Light_2,
G01829,공장,FACT02,기기제어,could you change all the lights to blue at sunrise?,해 뜰 때 모든 조명 파란색으로 바꿔 줄 수 있어?,execute,,D4,T1,sun,FACT02_Warehouse_Light_1 FACT02_Warehouse_Light_2 FACT02_Warehouse_Light_3 FACT02_Warehouse_Light_4 FACT02_Warehouse_Light_5 FACT02_Warehouse_Light_6 FACT02_Warehouse_Light_7 FACT02_Warehouse_Light_8 FACT02_Dock_Light_1 FACT02_Dock_Light_2,
G01877,공장,FACT02,알림예약,could you announce it if the temperature drops below 5 degrees?,온도가 5도 아래로 떨어지면 방송해 줄 수 있어?,execute,,D4,T1,none,,Speaker.Speak
G01882,공장,FACT04,알림예약,could you tell me about it if the temperature drops below 15 degrees?,온도가 15도 아래로 떨어지면 알려 줄 수 있어?,execute,,D4,T1,none,,Speaker.Speak
G01913,공장,FACT02,기기제어,Stop recording on the warehouse camera when the motion sensor detects movement,동작 감지 센서가 움직임을 감지하면 창고 카메라 녹화 멈춰,execute,,D4,T1,none,FACT02_Warehouse_Camera_1 FACT02_Warehouse_Camera_2 FACT02_Warehouse_Camera_3 FACT02_Warehouse_Camera_4,
G01928,공장,FACT02,기기제어,can you start recording on the warehouse camera when the motion sensor picks something up?,동작 감지 센서에 뭔가 잡히면 창고 카메라 녹화 시작해 줄래?,execute,,D4,T1,none,FACT02_Warehouse_Camera_1 FACT02_Warehouse_Camera_2 FACT02_Warehouse_Camera_3 FACT02_Warehouse_Camera_4,
G01939,공장,FACT04,기기제어,could you set the lights to blue every night at 9 pm?,매일 밤 9시에 조명 전부 파란색으로 바꿔 줄 수 있어?,execute,,D6,T1,none,FACT04_MachineShop_Light_1 FACT04_MachineShop_Light_2 FACT04_MachineShop_Light_3 FACT04_MachineShop_Light_4 FACT04_MachineShop_Light_5 FACT04_MachineShop_Light_6,
G01944,공장,FACT01,기기제어,I'd like you to turn the lights pink every morning at 8 am.,매일 오전 8시에 조명 전부 분홍색으로 켜 줬으면 해.,execute,,D6,T1,none,FACT01_Line_Light_1 FACT01_Line_Light_2 FACT01_Line_Light_3 FACT01_Line_Light_4 FACT01_Line_Light_5 FACT01_Line_Light_6,
G01967,공장,FACT03,기기제어,please play some music on the TV when I double-press it.,그것이 연속 두 번 눌리면 TV로 음악 좀 틀어 줘.,refuse,no_device,D4,T1,none,,
G02089,공장,FACT04,기기제어,can you switch all the lights on at 10:30 pm on weekdays?,평일 밤 10시 30분에 모든 조명 켜 줄래?,execute,,D6,T1,none,FACT04_MachineShop_Light_1 FACT04_MachineShop_Light_2 FACT04_MachineShop_Light_3 FACT04_MachineShop_Light_4 FACT04_MachineShop_Light_5 FACT04_MachineShop_Light_6,
G02094,공장,FACT01,기기제어,please switch all the lights on every day at noon.,매일 정오에 모든 조명 켜 주세요.,execute,,D6,T1,none,FACT01_Line_Light_1 FACT01_Line_Light_2 FACT01_Line_Light_3 FACT01_Line_Light_4 FACT01_Line_Light_5 FACT01_Line_Light_6,
G02097,공장,FACT01,알림예약,I'd like you to send me a notification if the meter reads above 3000.,계량기가 3000을 넘으면 알림 보내 줬으면 해.,execute,,D4,T1,none,,Speaker.Speak
G02099,공장,FACT04,알림예약,Tell me if something is off if power draw stays above 2000 watts,전력 사용이 2000와트를 계속 넘고 있을 때 뭔가 이상하면 알려 줘,execute,,D4,T1,none,,Speaker.Speak
G02104,공장,FACT04,알림예약,Tell me about it if power draw stays above 1000 watts,전력 사용이 1000와트를 계속 넘고 있으면 알려 줘,execute,,D4,T1,none,,Speaker.Speak
G02109,공장,FACT03,알림예약,"When energy use spikes, I want to know when it changes.",전력 사용이 급증할 때 상태가 바뀌면 알려 줘.,execute,,D4,T1,none,,Speaker.Speak
G02116,공장,FACT02,기기제어,Shut the garage door when I press the button,내가 버튼을 누르면 차고문 닫아,ask,,D4,T1,none,FACT02_Dock_GarageDoor_1 FACT02_Dock_GarageDoor_2 FACT02_Dock_GarageDoor_3 FACT02_Dock_GarageDoor_4,
G02117,공장,FACT02,기기제어,"When I double-press the button, close the garage door.",버튼이 연속 두 번 눌리면 차고문 닫아.,ask,,D4,T1,none,FACT02_Dock_GarageDoor_1 FACT02_Dock_GarageDoor_2 FACT02_Dock_GarageDoor_3 FACT02_Dock_GarageDoor_4,
G02122,공장,FACT02,기기제어,Shut the dock garage door when I double-press the button,버튼이 연속 두 번 눌리면 하역장 차고문 닫아,execute,,D4,T1,none,FACT02_Dock_GarageDoor_1 FACT02_Dock_GarageDoor_2 FACT02_Dock_GarageDoor_3 FACT02_Dock_GarageDoor_4,
G02126,공장,FACT02,기기제어,Shut the dock garage door with a single press of the button,버튼을 한 번 누르면 하역장 차고문 닫아,execute,,D4,T1,none,FACT02_Dock_GarageDoor_1 FACT02_Dock_GarageDoor_2 FACT02_Dock_GarageDoor_3 FACT02_Dock_GarageDoor_4,
G02135,공장,FACT05,기기제어,I'd like you to stop recording on the camera every morning at 8 am.,매일 오전 8시에 카메라 녹화 멈춰 줬으면 해.,ask,,D6,T1,none,FACT05_PumpRoom_Camera_1 FACT05_PumpRoom_Camera_2,
G02138,공장,FACT01,기기제어,"At 11 pm, start recording on the camera.",밤 11시에 카메라 녹화 시작해.,ask,,D6,T1,none,FACT01_Line_Camera_1 FACT01_Line_Camera_2,
G02142,공장,FACT05,기기제어,could you start recording on all the cameras every night at 11:30 pm?,매일 밤 11시 30분에 모든 카메라 녹화 시작해 줄 수 있어?,execute,,D6,T1,none,FACT05_PumpRoom_Camera_1 FACT05_PumpRoom_Camera_2,
G02147,공장,FACT05,기기제어,Put the pump room lights on when I pull into the parking lot,주차장에 차를 대면 펌프실 조명 켜,refuse,no_context,D4,T1,phone,,
G02167,공장,FACT05,알림예약,Tell me about it when the leak sensor trips,누수 센서가 작동하면 알려 줘,execute,,D4,T1,none,,Speaker.Speak
G02173,공장,FACT05,알림예약,Keep me posted when the leak sensor trips,누수 센서가 작동하면 계속 알려 줘,execute,,D4,T1,none,,Speaker.Speak
G02178,공장,FACT05,기기제어,I'd like you to set the light brightness to 50 percent when the temperature goes above 32 degrees.,온도가 32도를 넘으면 조명 밝기를 50퍼센트로 맞춰 줬으면 해.,ask,,D4,T1,none,FACT05_PumpRoom_Light_1 FACT05_PumpRoom_Light_2 FACT05_PumpRoom_Light_3 FACT05_PumpRoom_Light_4 FACT05_PumpRoom_Light_5 FACT05_PumpRoom_Light_6 FACT05_BoilerRoom_Light_1 FACT05_BoilerRoom_Light_2,
G02202,공장,FACT03,알림예약,Keep me posted when I arrive.,내가 도착하면 계속 알려 줘.,execute,,D4,T1,phone,,Speaker.Speak
G02203,공장,FACT02,알림예약,"When I pull into the parking lot, push me an alert.",주차장에 차를 대면 알림 띄워 줘.,execute,,D4,T1,phone,,Speaker.Speak
G02264,공장,FACT01,기기제어,could you turn on the line switch with one tap on the wall switch?,벽 스위치를 한 번 누르면 생산라인 스위치 켜 줄 수 있어?,execute,,D4,T1,none,FACT01_Line_Light_1 FACT01_Line_Light_2 FACT01_Line_Light_3 FACT01_Line_Light_4 FACT01_Line_Light_5 FACT01_Line_Light_6 FACT01_Line_Siren_1,
G02278,공장,FACT05,기기제어,Get the lights on if the forecast says frost,서리 예보가 있으면 조명 전부 켜,execute,,D4,T1,weather,FACT05_PumpRoom_Light_1 FACT05_PumpRoom_Light_2 FACT05_PumpRoom_Light_3 FACT05_PumpRoom_Light_4 FACT05_PumpRoom_Light_5 FACT05_PumpRoom_Light_6 FACT05_BoilerRoom_Light_1 FACT05_BoilerRoom_Light_2,
G02280,공장,FACT03,기기제어,please turn the heating off when I am close by.,내가 근처에 오면 난방 좀 꺼 줘.,refuse,no_device,D4,T1,phone,,
G02300,공장,FACT05,기기제어,please make the boiler room lights red if rain is in the forecast.,비 예보가 있으면 보일러실 조명 빨간색으로 해 주세요.,execute,,D4,T1,weather,FACT05_BoilerRoom_Light_1 FACT05_BoilerRoom_Light_2,
G02324,공장,FACT01,기기제어,Take the chill off when the smoke detector goes off,연기 감지기가 울리면 한기 좀 없애 줘,refuse,no_device,D4,T1,none,,
G02341,공장,FACT04,기기제어,can you make it dark at 6 pm on weekdays?,평일 오후 6시에 어둡게 해 줄래?,execute,,D6,T1,none,FACT04_MachineShop_Light_1 FACT04_MachineShop_Light_2 FACT04_MachineShop_Light_3 FACT04_MachineShop_Light_4 FACT04_MachineShop_Light_5 FACT04_MachineShop_Light_6,
G02346,공장,FACT01,기기제어,please kill the lights every day at 7 am.,매일 오전 7시에 조명 전부 꺼 주세요.,execute,,D6,T1,none,FACT01_Line_Light_1 FACT01_Line_Light_2 FACT01_Line_Light_3 FACT01_Line_Light_4 FACT01_Line_Light_5 FACT01_Line_Light_6,
G02353,공장,FACT02,기기제어,could you start recording on the dock camera when the scene button is pressed?,씬 버튼이 눌리면 하역장 카메라 녹화 시작해 줄 수 있어?,execute,,D4,T1,none,FACT02_Dock_Camera_1 FACT02_Dock_Camera_2,
G02373,공장,FACT04,기기제어,I'd like you to turn the lights daylight white once the camera goes offline.,카메라 연결이 끊기면 조명 전부 주광색으로 켜 줬으면 해.,execute,,D4,T1,none,FACT04_MachineShop_Light_1 FACT04_MachineShop_Light_2 FACT04_MachineShop_Light_3 FACT04_MachineShop_Light_4 FACT04_MachineShop_Light_5 FACT04_MachineShop_Light_6,
G02378,공장,FACT04,알림예약,I'd like you to tell me about it once the camera goes offline.,카메라 연결이 끊기면 알려 줬으면 해.,execute,,D4,T1,none,,Speaker.Speak
G02383,공장,FACT03,알림예약,could you announce it when the camera starts recording?,카메라가 녹화를 시작하면 방송해 줄 수 있어?,execute,,D4,T1,none,,Speaker.Speak
G02422,공장,FACT02,기기제어,can you turn on all the switches at 10 pm on weekdays?,평일 밤 10시에 모든 스위치 켜 줄래?,execute,,D6,T1,none,FACT02_Warehouse_Light_1 FACT02_Warehouse_Light_2 FACT02_Warehouse_Light_3 FACT02_Warehouse_Light_4 FACT02_Warehouse_Light_5 FACT02_Warehouse_Light_6 FACT02_Warehouse_Light_7 FACT02_Warehouse_Light_8 FACT02_Dock_Light_1 FACT02_Dock_Light_2 FACT02_Warehouse_Siren_1,
G02426,공장,FACT02,기기제어,Take a snapshot with the warehouse camera when the motion sensor detects movement,동작 감지 센서가 움직임을 감지하면 창고 카메라로 사진 찍어,execute,,D4,T1,none,FACT02_Warehouse_Camera_1 FACT02_Warehouse_Camera_2 FACT02_Warehouse_Camera_3 FACT02_Warehouse_Camera_4,
G02447,공장,FACT05,기기제어,I'd like you to get the pump room lights on if the camera comes on.,카메라가 켜지면 펌프실 조명 켜 줬으면 해.,execute,,D4,T1,none,FACT05_PumpRoom_Light_1 FACT05_PumpRoom_Light_2 FACT05_PumpRoom_Light_3 FACT05_PumpRoom_Light_4 FACT05_PumpRoom_Light_5 FACT05_PumpRoom_Light_6,
G02451,공장,FACT02,기기제어,Take a snapshot with the warehouse camera as soon as I arrive.,내가 도착하자마자 창고 카메라로 사진 찍어.,refuse,no_context,D4,T1,phone,,
G02489,공장,FACT05,기기제어,please cut power to the plug when the scene button is pressed.,씬 버튼이 눌리면 플러그 전원 차단해 주세요.,refuse,no_device,D4,T1,none,,
G02511,공장,FACT01,기기제어,please switch the line lights to the night scene every day at noon.,매일 정오에 생산라인 조명 취침 모드로 좀 바꿔 줘.,execute,,D6,T1,none,FACT01_Line_Light_1 FACT01_Line_Light_2 FACT01_Line_Light_3 FACT01_Line_Light_4 FACT01_Line_Light_5 FACT01_Line_Light_6,
G02524,공장,FACT05,기기제어,could you put the thermostat on 24 degrees after I head out?,내가 나간 뒤에 온도조절기 24도로 해 줄 수 있어?,refuse,no_device,D4,T1,phone,,
G02608,공장,FACT02,기기제어,Turn off the warehouse switch when the motion sensor picks something up,동작 감지 센서에 뭔가 잡히면 창고 스위치 꺼,execute,,D4,T1,none,FACT02_Warehouse_Light_1 FACT02_Warehouse_Light_2 FACT02_Warehouse_Light_3 FACT02_Warehouse_Light_4 FACT02_Warehouse_Light_5 FACT02_Warehouse_Light_6 FACT02_Warehouse_Light_7 FACT02_Warehouse_Light_8 FACT02_Warehouse_Siren_1,
G02625,공장,FACT05,상태조회,please read out the humidity if rain is in the forecast.,비 예보가 있으면 습도 읽어 주세요.,refuse,no_device,D4,T1,weather,,
G02659,공장,FACT04,기기제어,Turn the lights daylight white when the smoke detector reports smoke,연기 감지기가 연기를 알리면 조명 전부 주광색으로 켜,execute,,D4,T1,none,FACT04_MachineShop_Light_1 FACT04_MachineShop_Light_2 FACT04_MachineShop_Light_3 FACT04_MachineShop_Light_4 FACT04_MachineShop_Light_5 FACT04_MachineShop_Light_6,
G02740,공장,FACT02,기기제어,please switch the warehouse lights to the away scene if motion is detected in the warehouse.,창고에서 움직임이 감지되면 창고 조명 외출 모드로 바꿔 주세요.,execute,,D4,T1,none,FACT02_Warehouse_Light_1 FACT02_Warehouse_Light_2 FACT02_Warehouse_Light_3 FACT02_Warehouse_Light_4 FACT02_Warehouse_Light_5 FACT02_Warehouse_Light_6 FACT02_Warehouse_Light_7 FACT02_Warehouse_Light_8,
G02741,공장,FACT02,기기제어,I'd like you to run the party scene on the lights when the motion sensor detects movement.,동작 감지 센서가 움직임을 감지하면 조명 파티 모드 실행해 줬으면 해.,execute,,D4,T1,none,FACT02_Warehouse_Light_1 FACT02_Warehouse_Light_2 FACT02_Warehouse_Light_3 FACT02_Warehouse_Light_4 FACT02_Warehouse_Light_5 FACT02_Warehouse_Light_6 FACT02_Warehouse_Light_7 FACT02_Warehouse_Light_8 FACT02_Dock_Light_1 FACT02_Dock_Light_2,
G02804,공장,FACT03,기기제어,could you get all the lights on when energy use spikes?,전력 사용이 급증하면 모든 조명 켜 줄 수 있어?,execute,,D4,T1,none,FACT03_ProcessRoom_Light_1 FACT03_ProcessRoom_Light_2 FACT03_ProcessRoom_Light_3 FACT03_ProcessRoom_Light_4 FACT03_ProcessRoom_Light_5 FACT03_ProcessRoom_Light_6,
G02817,공장,FACT02,기기제어,"At sunrise, start recording on all the cameras",해 뜰 때 모든 카메라 녹화 시작해,execute,,D4,T1,sun,FACT02_Warehouse_Camera_1 FACT02_Warehouse_Camera_2 FACT02_Warehouse_Camera_3 FACT02_Warehouse_Camera_4 FACT02_Dock_Camera_1 FACT02_Dock_Camera_2,
G02818,공장,FACT05,기기제어,Turn the pump room lights orange when the leak sensor trips,누수 센서가 작동하면 펌프실 조명 주황색으로 켜,execute,,D4,T1,none,FACT05_PumpRoom_Light_1 FACT05_PumpRoom_Light_2 FACT05_PumpRoom_Light_3 FACT05_PumpRoom_Light_4 FACT05_PumpRoom_Light_5 FACT05_PumpRoom_Light_6,
G02843,공장,FACT04,기기제어,"When the switch turns on, toggle the switch",스위치가 켜지면 스위치 껐다 켜,ask,,D4,T1,none,FACT04_MachineShop_Light_1 FACT04_MachineShop_Light_2 FACT04_MachineShop_Light_3 FACT04_MachineShop_Light_4 FACT04_MachineShop_Light_5 FACT04_MachineShop_Light_6,
G02852,공장,FACT02,상태조회,"When the temperature goes above 24 degrees, what is the warehouse camera doing",온도가 24도를 넘으면 창고 카메라 지금 뭐 하고 있어,execute,,D4,T1,none,FACT02_Warehouse_Camera_1 FACT02_Warehouse_Camera_2 FACT02_Warehouse_Camera_3 FACT02_Warehouse_Camera_4,Speaker.Speak
G02856,공장,FACT02,기기제어,please open all the garage doors when the motion sensor picks something up.,동작 감지 센서에 뭔가 잡히면 모든 차고문 좀 열어 줘.,execute,,D4,T1,none,FACT02_Dock_GarageDoor_1 FACT02_Dock_GarageDoor_2 FACT02_Dock_GarageDoor_3 FACT02_Dock_GarageDoor_4,
G02862,공장,FACT02,기기제어,Shut the dock garage door when the sun goes down,해가 지면 하역장 차고문 닫아,execute,,D4,T1,sun,FACT02_Dock_GarageDoor_1 FACT02_Dock_GarageDoor_2 FACT02_Dock_GarageDoor_3 FACT02_Dock_GarageDoor_4,
G02875,공장,FACT01,기기제어,Take a snapshot with the camera at the start of my next event,다음 일정이 시작되면 카메라로 사진 찍어,ask,,D4,T1,calendar,FACT01_Line_Camera_1 FACT01_Line_Camera_2,
G02880,공장,FACT01,기기제어,can you stop the conveyor when the safety barrier is broken?,안전 방책이 뚫리면 컨베이어 멈춰 줄래?,ask,,D4,T1,none,FACT01_Line_ConveyorBelt_1 FACT01_Line_ConveyorBelt_2 FACT01_Line_ConveyorBelt_3,
G02881,공장,FACT03,기기제어,I'd like you to stop the conveyor if someone crosses the light curtain.,누가 광커튼을 통과하면 컨베이어 멈춰 줬으면 해.,ask,,D4,T1,none,FACT03_ProcessRoom_ConveyorBelt_1 FACT03_ProcessRoom_ConveyorBelt_2 FACT03_ProcessRoom_ConveyorBelt_3,
G02882,공장,FACT01,기기제어,could you stop the conveyor when the safety barrier is broken?,안전 방책이 뚫리면 컨베이어 멈춰 줄 수 있어?,ask,,D4,T1,none,FACT01_Line_ConveyorBelt_1 FACT01_Line_ConveyorBelt_2 FACT01_Line_ConveyorBelt_3,
G02883,공장,FACT03,기기제어,Stop the conveyor if someone crosses the light curtain,누가 광커튼을 통과하면 컨베이어 멈춰,ask,,D4,T1,none,FACT03_ProcessRoom_ConveyorBelt_1 FACT03_ProcessRoom_ConveyorBelt_2 FACT03_ProcessRoom_ConveyorBelt_3,
G02884,공장,FACT01,기기제어,"When the safety barrier is broken, stop the conveyor.",안전 방책이 뚫리면 컨베이어 멈춰.,ask,,D4,T1,none,FACT01_Line_ConveyorBelt_1 FACT01_Line_ConveyorBelt_2 FACT01_Line_ConveyorBelt_3,
G02885,공장,FACT03,기기제어,please hold production if someone crosses the light curtain.,누가 광커튼을 통과하면 생산 잠깐 좀 세워 줘.,ask,,D4,T1,none,FACT03_ProcessRoom_ConveyorBelt_1 FACT03_ProcessRoom_ConveyorBelt_2 FACT03_ProcessRoom_ConveyorBelt_3 FACT03_ProcessRoom_EmergencyStop_1 FACT03_ProcessRoom_ProductionMachine_1 FACT03_ProcessRoom_ProductionMachine_2,
G02886,공장,FACT01,기기제어,I'd like you to stop the conveyor when the safety barrier is broken.,안전 방책이 뚫리면 컨베이어 멈춰 줬으면 해.,ask,,D4,T1,none,FACT01_Line_ConveyorBelt_1 FACT01_Line_ConveyorBelt_2 FACT01_Line_ConveyorBelt_3,
G02887,공장,FACT01,기기제어,please stop the conveyor if someone crosses the light curtain.,누가 광커튼을 통과하면 컨베이어 멈춰 주세요.,ask,,D4,T1,none,FACT01_Line_ConveyorBelt_1 FACT01_Line_ConveyorBelt_2 FACT01_Line_ConveyorBelt_3,
G02888,공장,FACT01,기기제어,Stop all the conveyors if someone crosses the light curtain.,누가 광커튼을 통과하면 모든 컨베이어 멈춰.,execute,,D4,T1,none,FACT01_Line_ConveyorBelt_1 FACT01_Line_ConveyorBelt_2 FACT01_Line_ConveyorBelt_3,
G02889,공장,FACT01,기기제어,can you stop the conveyor if someone crosses the light curtain?,누가 광커튼을 통과하면 컨베이어 멈춰 줄래?,ask,,D4,T1,none,FACT01_Line_ConveyorBelt_1 FACT01_Line_ConveyorBelt_2 FACT01_Line_ConveyorBelt_3,
G02890,공장,FACT01,기기제어,"When the safety barrier is broken, stop the conveyor",안전 방책이 뚫리면 컨베이어 멈춰,ask,,D4,T1,none,FACT01_Line_ConveyorBelt_1 FACT01_Line_ConveyorBelt_2 FACT01_Line_ConveyorBelt_3,
G02891,공장,FACT03,기기제어,Stop the conveyor when the safety barrier is broken,안전 방책이 뚫리면 컨베이어 멈춰,ask,,D4,T1,none,FACT03_ProcessRoom_ConveyorBelt_1 FACT03_ProcessRoom_ConveyorBelt_2 FACT03_ProcessRoom_ConveyorBelt_3,
G02892,공장,FACT01,기기제어,please stop the conveyor when the safety barrier is broken.,안전 방책이 뚫리면 컨베이어 좀 멈춰 줘.,ask,,D4,T1,none,FACT01_Line_ConveyorBelt_1 FACT01_Line_ConveyorBelt_2 FACT01_Line_ConveyorBelt_3,
G02893,공장,FACT03,기기제어,can you stop all the conveyors when the safety barrier is broken?,안전 방책이 뚫리면 모든 컨베이어 멈춰 줄래?,execute,,D4,T1,none,FACT03_ProcessRoom_ConveyorBelt_1 FACT03_ProcessRoom_ConveyorBelt_2 FACT03_ProcessRoom_ConveyorBelt_3,
G02894,공장,FACT01,기기제어,could you stop the line when the safety barrier is broken?,안전 방책이 뚫리면 라인 멈춰 줄 수 있어?,ask,,D4,T1,none,FACT01_Line_ConveyorBelt_1 FACT01_Line_ConveyorBelt_2 FACT01_Line_ConveyorBelt_3 FACT01_Line_EmergencyStop_1 FACT01_Line_EmergencyStop_2 FACT01_Line_ProductionMachine_1 FACT01_Line_ProductionMachine_2 FACT01_Line_ProductionMachine_3 FACT01_Utility_AirCompressor_1,
G02895,공장,FACT03,기기제어,I'd like you to stop all the conveyors when the safety barrier is broken.,안전 방책이 뚫리면 모든 컨베이어 멈춰 줬으면 해.,execute,,D4,T1,none,FACT03_ProcessRoom_ConveyorBelt_1 FACT03_ProcessRoom_ConveyorBelt_2 FACT03_ProcessRoom_ConveyorBelt_3,
G02896,공장,FACT01,기기제어,Stop all the conveyors when the safety barrier is broken,안전 방책이 뚫리면 모든 컨베이어 멈춰,execute,,D4,T1,none,FACT01_Line_ConveyorBelt_1 FACT01_Line_ConveyorBelt_2 FACT01_Line_ConveyorBelt_3,
G02897,공장,FACT01,기기제어,please stop all the conveyors if someone crosses the light curtain.,누가 광커튼을 통과하면 모든 컨베이어 멈춰 주세요.,execute,,D4,T1,none,FACT01_Line_ConveyorBelt_1 FACT01_Line_ConveyorBelt_2 FACT01_Line_ConveyorBelt_3,
G02898,공장,FACT03,기기제어,Stop the conveyor if someone crosses the light curtain.,누가 광커튼을 통과하면 컨베이어 멈춰.,ask,,D4,T1,none,FACT03_ProcessRoom_ConveyorBelt_1 FACT03_ProcessRoom_ConveyorBelt_2 FACT03_ProcessRoom_ConveyorBelt_3,
G02899,공장,FACT03,기기제어,could you stop all the conveyors when the safety barrier is broken?,안전 방책이 뚫리면 모든 컨베이어 멈춰 줄 수 있어?,execute,,D4,T1,none,FACT03_ProcessRoom_ConveyorBelt_1 FACT03_ProcessRoom_ConveyorBelt_2 FACT03_ProcessRoom_ConveyorBelt_3,
G02900,공장,FACT03,기기제어,could you stop the conveyor if someone crosses the light curtain?,누가 광커튼을 통과하면 컨베이어 멈춰 줄 수 있어?,ask,,D4,T1,none,FACT03_ProcessRoom_ConveyorBelt_1 FACT03_ProcessRoom_ConveyorBelt_2 FACT03_ProcessRoom_ConveyorBelt_3,
G02901,공장,FACT03,기기제어,I'd like you to set off all the sirens when the door closes.,문이 닫히면 모든 사이렌 울려 줬으면 해.,execute,,D4,T1,none,FACT03_ProcessRoom_Siren_1,
G02902,공장,FACT03,기기제어,could you sound all the sirens if a window is left open?,창문이 열린 채로 있으면 모든 사이렌 울려 줄 수 있어?,execute,,D4,T1,none,FACT03_ProcessRoom_Siren_1,
G02903,공장,FACT03,기기제어,"When the entrance door opens, set off all the sirens.",현관 문이 열리면 모든 사이렌 울려.,execute,,D4,T1,none,FACT03_ProcessRoom_Siren_1,
G02904,공장,FACT03,기기제어,please sound all the sirens when the door sensor says the door is open.,문열림 센서가 문이 열렸다고 알리면 모든 사이렌 울려 주세요.,execute,,D4,T1,none,FACT03_ProcessRoom_Siren_1,
G02905,공장,FACT05,기기제어,could you stop the conveyor when the emergency stop is hit?,비상정지가 눌리면 컨베이어 멈춰 줄 수 있어?,refuse,no_device,D4,T1,none,,
G02906,공장,FACT05,기기제어,Stop the conveyor if anyone presses the emergency stop,누가 비상정지를 누르면 컨베이어 멈춰,refuse,no_device,D4,T1,none,,
G02907,공장,FACT04,기기제어,"When the emergency stop is hit, stop the conveyor",비상정지가 눌리면 컨베이어 멈춰,refuse,no_device,D4,T1,none,,
G02908,공장,FACT03,기기제어,please stop the conveyor if anyone presses the emergency stop.,누가 비상정지를 누르면 컨베이어 멈춰 주세요.,ask,,D4,T1,none,FACT03_ProcessRoom_ConveyorBelt_1 FACT03_ProcessRoom_ConveyorBelt_2 FACT03_ProcessRoom_ConveyorBelt_3,
G02909,공장,FACT01,기기제어,can you stop the conveyor when the emergency stop is hit?,비상정지가 눌리면 컨베이어 멈춰 줄래?,ask,,D4,T1,none,FACT01_Line_ConveyorBelt_1 FACT01_Line_ConveyorBelt_2 FACT01_Line_ConveyorBelt_3,
G02910,공장,FACT03,기기제어,I'd like you to stop the conveyor if anyone presses the emergency stop.,누가 비상정지를 누르면 컨베이어 멈춰 줬으면 해.,ask,,D4,T1,none,FACT03_ProcessRoom_ConveyorBelt_1 FACT03_ProcessRoom_ConveyorBelt_2 FACT03_ProcessRoom_ConveyorBelt_3,
G02911,공장,FACT01,기기제어,could you hold production when the emergency stop is hit?,비상정지가 눌리면 생산 잠깐 세워 줄 수 있어?,ask,,D4,T1,none,FACT01_Line_ConveyorBelt_1 FACT01_Line_ConveyorBelt_2 FACT01_Line_ConveyorBelt_3 FACT01_Line_EmergencyStop_1 FACT01_Line_EmergencyStop_2 FACT01_Line_ProductionMachine_1 FACT01_Line_ProductionMachine_2 FACT01_Line_ProductionMachine_3 FACT01_Utility_AirCompressor_1,
G02912,공장,FACT03,기기제어,Stop the process room conveyor if anyone presses the emergency stop,누가 비상정지를 누르면 공정실 컨베이어 멈춰,execute,,D4,T1,none,FACT03_ProcessRoom_ConveyorBelt_1 FACT03_ProcessRoom_ConveyorBelt_2 FACT03_ProcessRoom_ConveyorBelt_3,
G02913,공장,FACT01,기기제어,"When the emergency stop is hit, stop the line 1 conveyor",비상정지가 눌리면 1라인 컨베이어 멈춰,execute,,D4,T1,none,FACT01_Line_ConveyorBelt_1,
G02914,공장,FACT03,기기제어,please stop the process room conveyor if anyone presses the emergency stop.,누가 비상정지를 누르면 공정실 컨베이어 멈춰 주세요.,execute,,D4,T1,none,FACT03_ProcessRoom_ConveyorBelt_1 FACT03_ProcessRoom_ConveyorBelt_2 FACT03_ProcessRoom_ConveyorBelt_3,
G02915,공장,FACT01,기기제어,can you stop the line 1 conveyor when the emergency stop is hit?,비상정지가 눌리면 1라인 컨베이어 멈춰 줄래?,execute,,D4,T1,none,FACT01_Line_ConveyorBelt_1,
G02916,공장,FACT03,기기제어,I'd like you to stop the process room conveyor if anyone presses the emergency stop.,누가 비상정지를 누르면 공정실 컨베이어 멈춰 줬으면 해.,execute,,D4,T1,none,FACT03_ProcessRoom_ConveyorBelt_1 FACT03_ProcessRoom_ConveyorBelt_2 FACT03_ProcessRoom_ConveyorBelt_3,
G02917,공장,FACT01,기기제어,could you stop the line 1 conveyor when the emergency stop is hit?,비상정지가 눌리면 1라인 컨베이어 멈춰 줄 수 있어?,execute,,D4,T1,none,FACT01_Line_ConveyorBelt_1,
G02918,공장,FACT03,기기제어,could you stop the process room conveyor when the emergency stop is hit?,비상정지가 눌리면 공정실 컨베이어 멈춰 줄 수 있어?,execute,,D4,T1,none,FACT03_ProcessRoom_ConveyorBelt_1 FACT03_ProcessRoom_ConveyorBelt_2 FACT03_ProcessRoom_ConveyorBelt_3,
G02919,공장,FACT01,기기제어,"When the emergency stop is hit, stop the line 2 conveyor",비상정지가 눌리면 2라인 컨베이어 멈춰,execute,,D4,T1,none,FACT01_Line_ConveyorBelt_2,
G02920,공장,FACT03,기기제어,please stop the line if anyone presses the emergency stop.,누가 비상정지를 누르면 라인 멈춰 주세요.,ask,,D4,T1,none,FACT03_ProcessRoom_ConveyorBelt_1 FACT03_ProcessRoom_ConveyorBelt_2 FACT03_ProcessRoom_ConveyorBelt_3 FACT03_ProcessRoom_EmergencyStop_1 FACT03_ProcessRoom_ProductionMachine_1 FACT03_ProcessRoom_ProductionMachine_2,
G02921,공장,FACT03,기기제어,I'd like you to stop the line if anyone presses the emergency stop.,누가 비상정지를 누르면 라인 멈춰 줬으면 해.,ask,,D4,T1,none,FACT03_ProcessRoom_ConveyorBelt_1 FACT03_ProcessRoom_ConveyorBelt_2 FACT03_ProcessRoom_ConveyorBelt_3 FACT03_ProcessRoom_EmergencyStop_1 FACT03_ProcessRoom_ProductionMachine_1 FACT03_ProcessRoom_ProductionMachine_2,
G02922,공장,FACT01,기기제어,please stop the line conveyor if anyone presses the emergency stop.,누가 비상정지를 누르면 생산라인 컨베이어 좀 멈춰 줘.,execute,,D4,T1,none,FACT01_Line_ConveyorBelt_1 FACT01_Line_ConveyorBelt_2 FACT01_Line_ConveyorBelt_3,
G02923,공장,FACT03,기기제어,could you stop the process room conveyor if anyone presses the emergency stop?,누가 비상정지를 누르면 공정실 컨베이어 멈춰 줄 수 있어?,execute,,D4,T1,none,FACT03_ProcessRoom_ConveyorBelt_1 FACT03_ProcessRoom_ConveyorBelt_2 FACT03_ProcessRoom_ConveyorBelt_3,
G02924,공장,FACT01,기기제어,"When the emergency stop is hit, stop the line 3 conveyor.",비상정지가 눌리면 3라인 컨베이어 멈춰.,execute,,D4,T1,none,FACT01_Line_ConveyorBelt_3,
G02925,공장,FACT01,기기제어,can you stop the line conveyor when the emergency stop is hit?,비상정지가 눌리면 생산라인 컨베이어 멈춰 줄래?,execute,,D4,T1,none,FACT01_Line_ConveyorBelt_1 FACT01_Line_ConveyorBelt_2 FACT01_Line_ConveyorBelt_3,
G02926,공장,FACT01,기기제어,can you stop the line 3 conveyor when the emergency stop is hit?,비상정지가 눌리면 3라인 컨베이어 멈춰 줄래?,execute,,D4,T1,none,FACT01_Line_ConveyorBelt_3,
G02927,공장,FACT02,기기제어,Switch the status light to amber when it reports it is done,그것이 끝났다고 알리면 상태등 노란색으로 바꿔,refuse,no_device,D4,T1,none,,
G02928,공장,FACT02,기기제어,"When the machine finishes its cycle, turn the status light green.",설비가 한 사이클을 마치면 상태등 초록색으로 바꿔.,refuse,no_device,D4,T1,none,,
G02929,공장,FACT03,기기제어,please turn the status light red once the line run is done.,라인 가동이 끝나면 상태등 빨간색으로 좀 바꿔 줘.,ask,,D4,T1,none,FACT03_ProcessRoom_StatusLight_1 FACT03_ProcessRoom_StatusLight_2,
G02930,공장,FACT04,기기제어,can you flag this line as stopped when the machine reports it is done?,설비가 끝났다고 알리면 이 라인 정지로 표시해 줄래?,execute,,D4,T1,none,FACT04_MachineShop_StatusLight_1 FACT04_MachineShop_StatusLight_2 FACT04_MachineShop_StatusLight_3 FACT04_MachineShop_StatusLight_4,
G02931,공장,FACT01,기기제어,I'd like you to turn the line status light green when the machine finishes its cycle.,설비가 한 사이클을 마치면 생산라인 상태등 초록색으로 바꿔 줬으면 해.,execute,,D4,T1,none,FACT01_Line_StatusLight_1 FACT01_Line_StatusLight_2 FACT01_Line_StatusLight_3,
G02932,공장,FACT03,기기제어,could you turn the process room status light red once the line run is done?,라인 가동이 끝나면 공정실 상태등 빨간색으로 바꿔 줄 수 있어?,execute,,D4,T1,none,FACT03_ProcessRoom_StatusLight_1 FACT03_ProcessRoom_StatusLight_2,
G02933,공장,FACT04,기기제어,Switch the machine shop status light to amber when the machine reports it is done,설비가 끝났다고 알리면 기계실 상태등 노란색으로 바꿔,execute,,D4,T1,none,FACT04_MachineShop_StatusLight_1 FACT04_MachineShop_StatusLight_2 FACT04_MachineShop_StatusLight_3 FACT04_MachineShop_StatusLight_4,
G02934,공장,FACT01,기기제어,"When the machine finishes its cycle, turn the line status light green",설비가 한 사이클을 마치면 생산라인 상태등 초록색으로 바꿔,execute,,D4,T1,none,FACT01_Line_StatusLight_1 FACT01_Line_StatusLight_2 FACT01_Line_StatusLight_3,
G02935,공장,FACT03,기기제어,please turn the process room status light red once the line run is done.,라인 가동이 끝나면 공정실 상태등 빨간색으로 좀 바꿔 줘.,execute,,D4,T1,none,FACT03_ProcessRoom_StatusLight_1 FACT03_ProcessRoom_StatusLight_2,
G02936,공장,FACT04,기기제어,can you switch the machine shop status light to amber when the machine reports it is done?,설비가 끝났다고 알리면 기계실 상태등 노란색으로 바꿔 줄래?,execute,,D4,T1,none,FACT04_MachineShop_StatusLight_1 FACT04_MachineShop_StatusLight_2 FACT04_MachineShop_StatusLight_3 FACT04_MachineShop_StatusLight_4,
G02937,공장,FACT01,기기제어,Turn the status light green when the machine reports it is done.,설비가 끝났다고 알리면 상태등 초록색으로 바꿔.,ask,,D4,T1,none,FACT01_Line_StatusLight_1 FACT01_Line_StatusLight_2 FACT01_Line_StatusLight_3,
G02938,공장,FACT01,기기제어,I'd like you to turn the status light green when the machine reports it is done.,설비가 끝났다고 알리면 상태등 초록색으로 바꿔 줬으면 해.,ask,,D4,T1,none,FACT01_Line_StatusLight_1 FACT01_Line_StatusLight_2 FACT01_Line_StatusLight_3,
G02939,공장,FACT04,기기제어,Flag this line as stopped when the machine reports it is done,설비가 끝났다고 알리면 이 라인 정지로 표시해 줘,execute,,D4,T1,none,FACT04_MachineShop_StatusLight_1 FACT04_MachineShop_StatusLight_2 FACT04_MachineShop_StatusLight_3 FACT04_MachineShop_StatusLight_4,
G02940,공장,FACT01,기기제어,"When the machine finishes its cycle, turn the line status light green.",설비가 한 사이클을 마치면 생산라인 상태등 초록색으로 바꿔.,execute,,D4,T1,none,FACT01_Line_StatusLight_1 FACT01_Line_StatusLight_2 FACT01_Line_StatusLight_3,
G02941,공장,FACT03,기기제어,"Once the line run is done, turn the status light red",라인 가동이 끝나면 상태등 빨간색으로 바꿔,ask,,D4,T1,none,FACT03_ProcessRoom_StatusLight_1 FACT03_ProcessRoom_StatusLight_2,
G02942,공장,FACT05,기기제어,could you close the valve if the leak sensor finds water on the floor?,누수 센서가 바닥의 물을 감지하면 밸브 닫아 줄 수 있어?,ask,,D4,T1,none,FACT05_PumpRoom_Valve_1 FACT05_PumpRoom_Valve_2 FACT05_PumpRoom_Valve_3 FACT05_PumpRoom_Valve_4 FACT05_PumpRoom_Valve_5 FACT05_PumpRoom_Valve_6 FACT05_PumpRoom_Valve_7 FACT05_PumpRoom_Valve_8,
G02943,공장,FACT05,기기제어,Shut the valve right away when the leak sensor trips,누수 센서가 작동하면 밸브 당장 닫아,ask,,D4,T1,none,FACT05_PumpRoom_Valve_1 FACT05_PumpRoom_Valve_2 FACT05_PumpRoom_Valve_3 FACT05_PumpRoom_Valve_4 FACT05_PumpRoom_Valve_5 FACT05_PumpRoom_Valve_6 FACT05_PumpRoom_Valve_7 FACT05_PumpRoom_Valve_8,
G02944,공장,FACT05,기기제어,"When a water leak is detected, close the valve",누수가 감지되면 밸브 닫아,ask,,D4,T1,none,FACT05_PumpRoom_Valve_1 FACT05_PumpRoom_Valve_2 FACT05_PumpRoom_Valve_3 FACT05_PumpRoom_Valve_4 FACT05_PumpRoom_Valve_5 FACT05_PumpRoom_Valve_6 FACT05_PumpRoom_Valve_7 FACT05_PumpRoom_Valve_8,
G02945,공장,FACT05,기기제어,please shut the valve right away if the leak sensor finds water on the floor.,누수 센서가 바닥의 물을 감지하면 밸브 당장 닫아 주세요.,ask,,D4,T1,none,FACT05_PumpRoom_Valve_1 FACT05_PumpRoom_Valve_2 FACT05_PumpRoom_Valve_3 FACT05_PumpRoom_Valve_4 FACT05_PumpRoom_Valve_5 FACT05_PumpRoom_Valve_6 FACT05_PumpRoom_Valve_7 FACT05_PumpRoom_Valve_8,
G02946,공장,FACT05,기기제어,can you close the valve when the leak sensor trips?,누수 센서가 작동하면 밸브 닫아 줄래?,ask,,D4,T1,none,FACT05_PumpRoom_Valve_1 FACT05_PumpRoom_Valve_2 FACT05_PumpRoom_Valve_3 FACT05_PumpRoom_Valve_4 FACT05_PumpRoom_Valve_5 FACT05_PumpRoom_Valve_6 FACT05_PumpRoom_Valve_7 FACT05_PumpRoom_Valve_8,
G02947,공장,FACT05,기기제어,I'd like you to shut the valve right away when a water leak is detected.,누수가 감지되면 밸브 당장 닫아 줬으면 해.,ask,,D4,T1,none,FACT05_PumpRoom_Valve_1 FACT05_PumpRoom_Valve_2 FACT05_PumpRoom_Valve_3 FACT05_PumpRoom_Valve_4 FACT05_PumpRoom_Valve_5 FACT05_PumpRoom_Valve_6 FACT05_PumpRoom_Valve_7 FACT05_PumpRoom_Valve_8,
G02948,공장,FACT05,기기제어,could you stop the flow if the leak sensor finds water on the floor?,누수 센서가 바닥의 물을 감지하면 흐름 막아 줄 수 있어?,execute,,D4,T1,none,FACT05_PumpRoom_Valve_1 FACT05_PumpRoom_Valve_2 FACT05_PumpRoom_Valve_3 FACT05_PumpRoom_Valve_4 FACT05_PumpRoom_Valve_5 FACT05_PumpRoom_Valve_6 FACT05_PumpRoom_Valve_7 FACT05_PumpRoom_Valve_8,
G02949,공장,FACT05,기기제어,Shut all the valves right away when a water leak is detected.,누수가 감지되면 모든 밸브 당장 닫아.,execute,,D4,T1,none,FACT05_PumpRoom_Valve_1 FACT05_PumpRoom_Valve_2 FACT05_PumpRoom_Valve_3 FACT05_PumpRoom_Valve_4 FACT05_PumpRoom_Valve_5 FACT05_PumpRoom_Valve_6 FACT05_PumpRoom_Valve_7 FACT05_PumpRoom_Valve_8,
G02950,공장,FACT05,기기제어,"When a water leak is detected, close the valve.",누수가 감지되면 밸브 닫아.,ask,,D4,T1,none,FACT05_PumpRoom_Valve_1 FACT05_PumpRoom_Valve_2 FACT05_PumpRoom_Valve_3 FACT05_PumpRoom_Valve_4 FACT05_PumpRoom_Valve_5 FACT05_PumpRoom_Valve_6 FACT05_PumpRoom_Valve_7 FACT05_PumpRoom_Valve_8,
G02951,공장,FACT05,기기제어,"When a water leak is detected, shut all the valves right away",누수가 감지되면 모든 밸브 당장 닫아,execute,,D4,T1,none,FACT05_PumpRoom_Valve_1 FACT05_PumpRoom_Valve_2 FACT05_PumpRoom_Valve_3 FACT05_PumpRoom_Valve_4 FACT05_PumpRoom_Valve_5 FACT05_PumpRoom_Valve_6 FACT05_PumpRoom_Valve_7 FACT05_PumpRoom_Valve_8,
G02952,공장,FACT05,기기제어,could you close all the valves when the leak sensor trips?,누수 센서가 작동하면 모든 밸브 닫아 줄 수 있어?,execute,,D4,T1,none,FACT05_PumpRoom_Valve_1 FACT05_PumpRoom_Valve_2 FACT05_PumpRoom_Valve_3 FACT05_PumpRoom_Valve_4 FACT05_PumpRoom_Valve_5 FACT05_PumpRoom_Valve_6 FACT05_PumpRoom_Valve_7 FACT05_PumpRoom_Valve_8,
G02953,공장,FACT05,기기제어,please close all the valves when a water leak is detected.,누수가 감지되면 모든 밸브 좀 닫아 줘.,execute,,D4,T1,none,FACT05_PumpRoom_Valve_1 FACT05_PumpRoom_Valve_2 FACT05_PumpRoom_Valve_3 FACT05_PumpRoom_Valve_4 FACT05_PumpRoom_Valve_5 FACT05_PumpRoom_Valve_6 FACT05_PumpRoom_Valve_7 FACT05_PumpRoom_Valve_8,
G02954,공장,FACT05,기기제어,"When a water leak is detected, close all the valves",누수가 감지되면 모든 밸브 닫아,execute,,D4,T1,none,FACT05_PumpRoom_Valve_1 FACT05_PumpRoom_Valve_2 FACT05_PumpRoom_Valve_3 FACT05_PumpRoom_Valve_4 FACT05_PumpRoom_Valve_5 FACT05_PumpRoom_Valve_6 FACT05_PumpRoom_Valve_7 FACT05_PumpRoom_Valve_8,
G02955,공장,FACT05,기기제어,could you close all the valves if the leak sensor finds water on the floor?,누수 센서가 바닥의 물을 감지하면 모든 밸브 닫아 줄 수 있어?,execute,,D4,T1,none,FACT05_PumpRoom_Valve_1 FACT05_PumpRoom_Valve_2 FACT05_PumpRoom_Valve_3 FACT05_PumpRoom_Valve_4 FACT05_PumpRoom_Valve_5 FACT05_PumpRoom_Valve_6 FACT05_PumpRoom_Valve_7 FACT05_PumpRoom_Valve_8,
G02956,공장,FACT05,기기제어,I'd like you to shut all the valves right away if the leak sensor finds water on the floor.,누수 센서가 바닥의 물을 감지하면 모든 밸브 당장 닫아 줬으면 해.,execute,,D4,T1,none,FACT05_PumpRoom_Valve_1 FACT05_PumpRoom_Valve_2 FACT05_PumpRoom_Valve_3 FACT05_PumpRoom_Valve_4 FACT05_PumpRoom_Valve_5 FACT05_PumpRoom_Valve_6 FACT05_PumpRoom_Valve_7 FACT05_PumpRoom_Valve_8,
G02957,공장,FACT03,알림예약,please tell me if something is off if the meter reads above 500.,계량기가 500을 넘을 때 뭔가 이상하면 좀 알려 줘.,execute,,D4,T1,none,,Speaker.Speak
G02958,공장,FACT04,알림예약,can you show it on the screen when power draw goes over 1500 watts?,전력 사용이 1500와트를 넘으면 화면에 띄워 줄래?,execute,,D4,T1,none,,Display.ShowMessage
G02959,공장,FACT01,알림예약,I'd like you to tell me about it if power draw stays above 2000 watts.,전력 사용이 2000와트를 계속 넘고 있으면 알려 줬으면 해.,execute,,D4,T1,none,,Speaker.Speak
G02960,공장,FACT03,알림예약,could you send me a notification when energy use spikes?,전력 사용이 급증하면 알림 보내 줄 수 있어?,execute,,D4,T1,none,,Speaker.Speak
G02961,공장,FACT04,알림예약,Push me an alert if the meter reads above 3000,계량기가 3000을 넘으면 알림 띄워 줘,execute,,D4,T1,none,,Speaker.Speak
G02962,공장,FACT01,알림예약,"When power draw goes over 3000 watts, send a warning to my phone",전력 사용이 3000와트를 넘으면 폰으로 경고 보내 줘,refuse,no_channel,D4,T1,none,,
G02963,공장,FACT01,알림예약,Tell me about it if the meter reads above 1500.,계량기가 1500을 넘으면 알려 줘.,execute,,D4,T1,none,,Speaker.Speak
G02964,공장,FACT01,알림예약,I'd like you to push me an alert if power draw stays above 2000 watts.,전력 사용이 2000와트를 계속 넘고 있으면 알림 띄워 줬으면 해.,execute,,D4,T1,none,,Speaker.Speak
G02965,공장,FACT03,알림예약,Give me a heads-up when energy use spikes.,전력 사용이 급증하면 꼭 알려 줘.,execute,,D4,T1,none,,Speaker.Speak
G02966,공장,FACT04,알림예약,Let me know if the meter reads above 1500,계량기가 1500을 넘으면 알려 줘,execute,,D4,T1,none,,Speaker.Speak
G02967,공장,FACT01,알림예약,"When power draw goes over 2000 watts, keep me posted",전력 사용이 2000와트를 넘으면 계속 알려 줘,execute,,D4,T1,none,,Speaker.Speak
G02968,공장,FACT03,알림예약,please send me a notification if power draw stays above 3000 watts.,전력 사용이 3000와트를 계속 넘고 있으면 알림 보내 주세요.,execute,,D4,T1,none,,Speaker.Speak
G02969,공장,FACT04,알림예약,can you push me an alert when energy use spikes?,전력 사용이 급증하면 알림 띄워 줄래?,execute,,D4,T1,none,,Speaker.Speak
G02970,공장,FACT01,알림예약,Give me a heads-up if the meter reads above 500.,계량기가 500을 넘으면 꼭 알려 줘.,execute,,D4,T1,none,,Speaker.Speak
G02971,공장,FACT03,알림예약,could you announce it when power draw goes over 3000 watts?,전력 사용이 3000와트를 넘으면 방송해 줄 수 있어?,execute,,D4,T1,none,,Speaker.Speak
G02972,공장,FACT04,알림예약,can you say it out loud on the speaker when power draw goes over 800 watts?,전력 사용이 800와트를 넘으면 스피커로 소리 내서 알려 줄래?,execute,,D4,T1,none,,Speaker.Speak
G02973,공장,FACT03,알림예약,I'd like you to push me an alert when power draw goes over 2000 watts.,전력 사용이 2000와트를 넘으면 알림 띄워 줬으면 해.,execute,,D4,T1,none,,Speaker.Speak
G02974,공장,FACT03,알림예약,please push me an alert if the meter reads above 800.,계량기가 800을 넘으면 알림 좀 띄워 줘.,execute,,D4,T1,none,,Speaker.Speak
G02975,공장,FACT01,알림예약,Tell me about it when energy use spikes.,전력 사용이 급증하면 알려 줘.,execute,,D4,T1,none,,Speaker.Speak
G02976,공장,FACT01,알림예약,I'd like you to tell me if something is off if power draw stays above 3000 watts.,전력 사용이 3000와트를 계속 넘고 있을 때 뭔가 이상하면 알려 줬으면 해.,execute,,D4,T1,none,,Speaker.Speak
G02977,공장,FACT03,알림예약,could you tell me about it when energy use spikes?,전력 사용이 급증하면 알려 줄 수 있어?,execute,,D4,T1,none,,Speaker.Speak
G02978,공장,FACT04,알림예약,Send me a notification if the meter reads above 1500,계량기가 1500을 넘으면 알림 보내 줘,execute,,D4,T1,none,,Speaker.Speak
G02979,공장,FACT04,기기제어,can you stop the conveyor when something comes within 100 centimeters?,뭔가 100센티미터 안으로 들어오면 컨베이어 멈춰 줄래?,refuse,no_device,D4,T1,none,,
G02980,공장,FACT05,기기제어,I'd like you to stop the conveyor if the proximity sensor sees an object in the way.,근접 센서가 앞을 막는 물체를 보면 컨베이어 멈춰 줬으면 해.,refuse,no_device,D4,T1,none,,
G02981,공장,FACT01,기기제어,could you stop the conveyor when something comes within 20 centimeters?,뭔가 20센티미터 안으로 들어오면 컨베이어 멈춰 줄 수 있어?,ask,,D4,T1,none,FACT01_Line_ConveyorBelt_1 FACT01_Line_ConveyorBelt_2 FACT01_Line_ConveyorBelt_3,
G02982,공장,FACT02,기기제어,Stop the conveyor if the proximity sensor sees an object in the way,근접 센서가 앞을 막는 물체를 보면 컨베이어 멈춰,ask,,D4,T1,none,FACT02_Warehouse_ConveyorBelt_1 FACT02_Warehouse_ConveyorBelt_2,
G02983,공장,FACT01,기기제어,"When something comes within 10 centimeters, stop the line conveyor.",뭔가 10센티미터 안으로 들어오면 생산라인 컨베이어 멈춰.,execute,,D4,T1,none,FACT01_Line_ConveyorBelt_1 FACT01_Line_ConveyorBelt_2 FACT01_Line_ConveyorBelt_3,
G02984,공장,FACT02,기기제어,I'd like you to stop the warehouse conveyor if the proximity sensor sees an object in the way.,근접 센서가 앞을 막는 물체를 보면 창고 컨베이어 멈춰 줬으면 해.,execute,,D4,T1,none,FACT02_Warehouse_ConveyorBelt_1 FACT02_Warehouse_ConveyorBelt_2,
G02985,공장,FACT01,기기제어,could you stop the line when something comes within 30 centimeters?,뭔가 30센티미터 안으로 들어오면 라인 멈춰 줄 수 있어?,ask,,D4,T1,none,FACT01_Line_ConveyorBelt_1 FACT01_Line_ConveyorBelt_2 FACT01_Line_ConveyorBelt_3 FACT01_Line_EmergencyStop_1 FACT01_Line_EmergencyStop_2 FACT01_Line_ProductionMachine_1 FACT01_Line_ProductionMachine_2 FACT01_Line_ProductionMachine_3 FACT01_Utility_AirCompressor_1,
G02986,공장,FACT02,기기제어,Stop the warehouse conveyor if the proximity sensor sees an object in the way,근접 센서가 앞을 막는 물체를 보면 창고 컨베이어 멈춰,execute,,D4,T1,none,FACT02_Warehouse_ConveyorBelt_1 FACT02_Warehouse_ConveyorBelt_2,
G02987,공장,FACT01,기기제어,"When something comes within 20 centimeters, stop the line conveyor",뭔가 20센티미터 안으로 들어오면 생산라인 컨베이어 멈춰,execute,,D4,T1,none,FACT01_Line_ConveyorBelt_1 FACT01_Line_ConveyorBelt_2 FACT01_Line_ConveyorBelt_3,
G02988,공장,FACT02,기기제어,please stop the warehouse conveyor if the proximity sensor sees an object in the way.,근접 센서가 앞을 막는 물체를 보면 창고 컨베이어 좀 멈춰 줘.,execute,,D4,T1,none,FACT02_Warehouse_ConveyorBelt_1 FACT02_Warehouse_ConveyorBelt_2,
G02989,공장,FACT01,기기제어,can you stop the line conveyor when something comes within 50 centimeters?,뭔가 50센티미터 안으로 들어오면 생산라인 컨베이어 멈춰 줄래?,execute,,D4,T1,none,FACT01_Line_ConveyorBelt_1 FACT01_Line_ConveyorBelt_2 FACT01_Line_ConveyorBelt_3,
G02990,공장,FACT03,기기제어,could you stop the compressor if the pressure sensor falls under 200?,압력계가 200 아래로 내려가면 공기압축기 멈춰 줄 수 있어?,refuse,no_device,D4,T1,none,,
G02991,공장,FACT05,기기제어,Stop the compressor once the pressure sensor goes over 800,압력계가 800을 넘으면 공기압축기 멈춰,ask,,D4,T1,none,FACT05_BoilerRoom_AirCompressor_1 FACT05_BoilerRoom_AirCompressor_2,
G02992,공장,FACT04,기기제어,"If the pressure sensor reads more than 300, stop the compressor",압력계 값이 300보다 크면 공기압축기 멈춰,ask,,D4,T1,none,FACT04_Utility_AirCompressor_1 FACT04_Utility_AirCompressor_2,
G02993,공장,FACT04,기기제어,Build the pressure back up if the pressure sensor falls under 200,압력계가 200 아래로 내려가면 압력 다시 올려 줘,ask,,D4,T1,none,FACT04_MachineShop_ArmRobot_1 FACT04_MachineShop_ArmRobot_2 FACT04_MachineShop_ProductionMachine_1 FACT04_MachineShop_ProductionMachine_2 FACT04_MachineShop_ProductionMachine_3 FACT04_MachineShop_ProductionMachine_4 FACT04_Utility_AirCompressor_1 FACT04_Utility_AirCompressor_2,
G02994,공장,FACT04,기기제어,can you stop the compressor if the pressure sensor falls under 300?,압력계가 300 아래로 내려가면 공기압축기 멈춰 줄래?,ask,,D4,T1,none,FACT04_Utility_AirCompressor_1 FACT04_Utility_AirCompressor_2,
G02995,공장,FACT05,기기제어,I'd like you to stop the compressor once the pressure sensor goes over 150.,압력계가 150을 넘으면 공기압축기 멈춰 줬으면 해.,ask,,D4,T1,none,FACT05_BoilerRoom_AirCompressor_1 FACT05_BoilerRoom_AirCompressor_2,
G02996,공장,FACT04,기기제어,could you stop the compressor if the pressure sensor reads more than 100?,압력계 값이 100보다 크면 공기압축기 멈춰 줄 수 있어?,ask,,D4,T1,none,FACT04_Utility_AirCompressor_1 FACT04_Utility_AirCompressor_2,
G02997,공장,FACT04,기기제어,"If the pressure sensor falls under 500, stop the compressor.",압력계가 500 아래로 내려가면 공기압축기 멈춰.,ask,,D4,T1,none,FACT04_Utility_AirCompressor_1 FACT04_Utility_AirCompressor_2,
G02998,공장,FACT05,기기제어,please stop the compressor once the pressure sensor goes over 1000.,압력계가 1000을 넘으면 공기압축기 멈춰 주세요.,ask,,D4,T1,none,FACT05_BoilerRoom_AirCompressor_1 FACT05_BoilerRoom_AirCompressor_2,
G02999,공장,FACT04,기기제어,can you stop the compressor if the pressure sensor reads more than 50?,압력계 값이 50보다 크면 공기압축기 멈춰 줄래?,ask,,D4,T1,none,FACT04_Utility_AirCompressor_1 FACT04_Utility_AirCompressor_2,
G03000,공장,FACT04,기기제어,can you build the pressure back up if the pressure sensor falls under 800?,압력계가 800 아래로 내려가면 압력 다시 올려 줄래?,ask,,D4,T1,none,FACT04_MachineShop_ArmRobot_1 FACT04_MachineShop_ArmRobot_2 FACT04_MachineShop_ProductionMachine_1 FACT04_MachineShop_ProductionMachine_2 FACT04_MachineShop_ProductionMachine_3 FACT04_MachineShop_ProductionMachine_4 FACT04_Utility_AirCompressor_1 FACT04_Utility_AirCompressor_2,
G03001,공장,FACT05,기기제어,Stop the compressor once the pressure sensor goes over 50,압력계가 50을 넘으면 공기압축기 멈춰,ask,,D4,T1,none,FACT05_BoilerRoom_AirCompressor_1 FACT05_BoilerRoom_AirCompressor_2,
G03002,공장,FACT03,알림예약,"Once the scale goes over 1000, I want to know when it changes",저울이 1000을 넘을 때 상태가 바뀌면 알려 줘,execute,,D4,T1,none,,Speaker.Speak
G03003,공장,FACT02,알림예약,can you show it on the screen if the scale reads more than 1000?,저울 값이 1000보다 크면 화면에 띄워 줄래?,execute,,D4,T1,none,,Display.ShowMessage
G03004,공장,FACT02,알림예약,could you send me a notification if the scale falls under 50?,저울이 50 아래로 내려가면 알림 보내 줄 수 있어?,execute,,D4,T1,none,,Speaker.Speak
G03005,공장,FACT03,알림예약,Push me an alert once the scale goes over 1000,저울이 1000을 넘으면 알림 띄워 줘,execute,,D4,T1,none,,Speaker.Speak
G03006,공장,FACT02,알림예약,"If the scale reads more than 500, send a warning to my phone.",저울 값이 500보다 크면 폰으로 경고 보내 줘.,refuse,no_channel,D4,T1,none,,
G03007,공장,FACT02,알림예약,can you tell me about it if the scale falls under 150?,저울이 150 아래로 내려가면 알려 줄래?,execute,,D4,T1,none,,Speaker.Speak
G03008,공장,FACT03,알림예약,I'd like you to tell me if something is off once the scale goes over 200.,저울이 200을 넘을 때 뭔가 이상하면 알려 줬으면 해.,execute,,D4,T1,none,,Speaker.Speak
G03009,공장,FACT02,알림예약,could you announce it if the scale reads more than 200?,저울 값이 200보다 크면 방송해 줄 수 있어?,execute,,D4,T1,none,,Speaker.Speak
G03010,공장,FACT02,알림예약,"If the scale falls under 200, let me know.",저울이 200 아래로 내려가면 알려 줘.,execute,,D4,T1,none,,Speaker.Speak
G03011,공장,FACT03,알림예약,please tell me about it once the scale goes over 50.,저울이 50을 넘으면 좀 알려 줘.,execute,,D4,T1,none,,Speaker.Speak
G03012,공장,FACT02,알림예약,can you show it on the screen if the scale reads more than 500?,저울 값이 500보다 크면 화면에 띄워 줄래?,execute,,D4,T1,none,,Display.ShowMessage
G03013,공장,FACT02,알림예약,Give me a heads-up if the scale falls under 200.,저울이 200 아래로 내려가면 꼭 알려 줘.,execute,,D4,T1,none,,Speaker.Speak
G03014,공장,FACT01,기기제어,Stop the pump once the water level sensor goes over 200,수위 센서가 200을 넘으면 펌프 멈춰,refuse,no_device,D4,T1,none,,
G03015,공장,FACT05,기기제어,Get the water moving if the water level sensor falls under 500.,수위 센서가 500 아래로 내려가면 물 좀 돌려 줘.,execute,,D4,T1,none,FACT05_PumpRoom_Valve_1 FACT05_PumpRoom_Valve_2 FACT05_PumpRoom_Valve_3 FACT05_PumpRoom_Valve_4 FACT05_PumpRoom_Valve_5 FACT05_PumpRoom_Valve_6 FACT05_PumpRoom_Valve_7 FACT05_PumpRoom_Valve_8,
G03016,공장,FACT05,기기제어,can you stop the pump 3 if the water level sensor falls under 150?,수위 센서가 150 아래로 내려가면 3번 펌프 멈춰 줄래?,execute,,D4,T1,none,FACT05_PumpRoom_Pump_3,
G03017,공장,FACT05,기기제어,I'd like you to stop the pump 6 once the water level sensor goes over 150.,수위 센서가 150을 넘으면 6번 펌프 멈춰 줬으면 해.,execute,,D4,T1,none,FACT05_PumpRoom_Pump_6,
G03018,공장,FACT05,기기제어,could you stop the pump 2 if the water level sensor reads more than 500?,수위 센서 값이 500보다 크면 2번 펌프 멈춰 줄 수 있어?,execute,,D4,T1,none,FACT05_PumpRoom_Pump_2,
G03019,공장,FACT05,기기제어,can you turn on the boiler room ventilation fan if the gas sensor reads more than 50?,가스 센서 값이 50보다 크면 보일러실 환풍기 켜 줄래?,execute,,D4,T1,none,FACT05_BoilerRoom_Ventilator_1 FACT05_BoilerRoom_Ventilator_2 FACT05_BoilerRoom_Ventilator_3,
G03020,공장,FACT05,기기제어,could you turn on the boiler room ventilation fan if the gas sensor falls under 50?,가스 센서가 50 아래로 내려가면 보일러실 환풍기 켜 줄 수 있어?,execute,,D4,T1,none,FACT05_BoilerRoom_Ventilator_1 FACT05_BoilerRoom_Ventilator_2 FACT05_BoilerRoom_Ventilator_3,
G03021,공장,FACT05,기기제어,Run the boiler room ventilation fan for 2 minutes once the gas sensor goes over 200,가스 센서가 200을 넘으면 보일러실 환풍기를 2분 동안 돌려,execute,,D4,T1,none,FACT05_BoilerRoom_Ventilator_1 FACT05_BoilerRoom_Ventilator_2 FACT05_BoilerRoom_Ventilator_3,
G03022,공장,FACT05,기기제어,"If the gas sensor reads more than 50, turn on the boiler room ventilation fan",가스 센서 값이 50보다 크면 보일러실 환풍기 켜,execute,,D4,T1,none,FACT05_BoilerRoom_Ventilator_1 FACT05_BoilerRoom_Ventilator_2 FACT05_BoilerRoom_Ventilator_3,
G03023,공장,FACT05,기기제어,can you turn on the boiler room ventilation fan if the gas sensor falls under 1000?,가스 센서가 1000 아래로 내려가면 보일러실 환풍기 켜 줄래?,execute,,D4,T1,none,FACT05_BoilerRoom_Ventilator_1 FACT05_BoilerRoom_Ventilator_2 FACT05_BoilerRoom_Ventilator_3,
G03024,공장,FACT05,기기제어,I'd like you to run the boiler room ventilation fan for 20 minutes once the gas sensor goes over 50.,가스 센서가 50을 넘으면 보일러실 환풍기를 20분 동안 돌려 줬으면 해.,execute,,D4,T1,none,FACT05_BoilerRoom_Ventilator_1 FACT05_BoilerRoom_Ventilator_2 FACT05_BoilerRoom_Ventilator_3,
G03025,공장,FACT05,기기제어,could you turn on the boiler room ventilation fan if the gas sensor reads more than 100?,가스 센서 값이 100보다 크면 보일러실 환풍기 켜 줄 수 있어?,execute,,D4,T1,none,FACT05_BoilerRoom_Ventilator_1 FACT05_BoilerRoom_Ventilator_2 FACT05_BoilerRoom_Ventilator_3,
G03026,공장,FACT05,기기제어,"If the gas sensor falls under 50, turn on the boiler room ventilation fan.",가스 센서가 50 아래로 내려가면 보일러실 환풍기 켜.,execute,,D4,T1,none,FACT05_BoilerRoom_Ventilator_1 FACT05_BoilerRoom_Ventilator_2 FACT05_BoilerRoom_Ventilator_3,
G03027,공장,FACT05,기기제어,please run the boiler room ventilation fan for 3 minutes once the gas sensor goes over 50.,가스 센서가 50을 넘으면 보일러실 환풍기를 3분 동안 돌려 주세요.,execute,,D4,T1,none,FACT05_BoilerRoom_Ventilator_1 FACT05_BoilerRoom_Ventilator_2 FACT05_BoilerRoom_Ventilator_3,
G03028,공장,FACT05,기기제어,can you turn on the boiler room ventilation fan if the gas sensor reads more than 150?,가스 센서 값이 150보다 크면 보일러실 환풍기 켜 줄래?,execute,,D4,T1,none,FACT05_BoilerRoom_Ventilator_1 FACT05_BoilerRoom_Ventilator_2 FACT05_BoilerRoom_Ventilator_3,
G03029,공장,FACT05,기기제어,could you get fresh air in here if the gas sensor falls under 800?,가스 센서가 800 아래로 내려가면 바깥 공기 좀 넣어 줄 수 있어?,execute,,D4,T1,none,FACT05_BoilerRoom_Ventilator_1 FACT05_BoilerRoom_Ventilator_2 FACT05_BoilerRoom_Ventilator_3,
G03030,공장,FACT05,기기제어,Run the boiler room ventilation fan for 10 minutes once the gas sensor goes over 500,가스 센서가 500을 넘으면 보일러실 환풍기를 10분 동안 돌려,execute,,D4,T1,none,FACT05_BoilerRoom_Ventilator_1 FACT05_BoilerRoom_Ventilator_2 FACT05_BoilerRoom_Ventilator_3,
G03031,공장,FACT05,기기제어,"If the gas sensor reads more than 100, turn on the boiler room ventilation fan",가스 센서 값이 100보다 크면 보일러실 환풍기 켜,execute,,D4,T1,none,FACT05_BoilerRoom_Ventilator_1 FACT05_BoilerRoom_Ventilator_2 FACT05_BoilerRoom_Ventilator_3,
G03032,공장,FACT04,알림예약,please tell me about it if the tilt sensor reports a tilt.,기울기 센서가 기울어졌다고 알리면 알려 주세요.,execute,,D4,T1,none,,Speaker.Speak
G03033,공장,FACT02,알림예약,can you push me an alert when the load tilts past 30 degrees?,적재물이 30도 넘게 기울면 알림 띄워 줄래?,execute,,D4,T1,none,,Speaker.Speak
G03034,공장,FACT04,알림예약,I'd like you to let me know if the tilt sensor reports a tilt.,기울기 센서가 기울어졌다고 알리면 알려 줬으면 해.,execute,,D4,T1,none,,Speaker.Speak
G03035,공장,FACT02,알림예약,could you announce it when the load tilts past 20 degrees?,적재물이 20도 넘게 기울면 방송해 줄 수 있어?,execute,,D4,T1,none,,Speaker.Speak
G03036,공장,FACT05,기기제어,I'd like you to stop the conveyor every morning at 7:30 am.,매일 오전 7시 30분에 컨베이어 멈춰 줬으면 해.,refuse,no_device,D6,T1,none,,
G03037,공장,FACT02,기기제어,could you start the conveyor every night at midnight?,매일 자정에 컨베이어 켜 줄 수 있어?,ask,,D6,T1,none,FACT02_Warehouse_ConveyorBelt_1 FACT02_Warehouse_ConveyorBelt_2,
G03038,공장,FACT03,기기제어,Stop the line on weekends at 10:30 pm,주말 밤 10시 30분에 라인 멈춰 줘,ask,,D6,T1,none,FACT03_ProcessRoom_ConveyorBelt_1 FACT03_ProcessRoom_ConveyorBelt_2 FACT03_ProcessRoom_ConveyorBelt_3 FACT03_ProcessRoom_EmergencyStop_1 FACT03_ProcessRoom_ProductionMachine_1 FACT03_ProcessRoom_ProductionMachine_2,
G03039,공장,FACT01,기기제어,"At 6 pm, stop the line 1 conveyor.",오후 6시에 1라인 컨베이어 멈춰.,execute,,D6,T1,none,FACT01_Line_ConveyorBelt_1,
G03040,공장,FACT02,기기제어,please start the warehouse conveyor every day at 8 am.,매일 오전 8시에 창고 컨베이어 좀 켜 줘.,execute,,D6,T1,none,FACT02_Warehouse_ConveyorBelt_1 FACT02_Warehouse_ConveyorBelt_2,
G03041,공장,FACT03,기기제어,can you slow the process room conveyor down at 7 am on weekdays?,평일 오전 7시에 공정실 컨베이어 속도 줄여 줄래?,execute,,D6,T1,none,FACT03_ProcessRoom_ConveyorBelt_1 FACT03_ProcessRoom_ConveyorBelt_2 FACT03_ProcessRoom_ConveyorBelt_3,
G03042,공장,FACT01,기기제어,I'd like you to stop the line 2 conveyor every morning at 7:30 am.,매일 오전 7시 30분에 2라인 컨베이어 멈춰 줬으면 해.,execute,,D6,T1,none,FACT01_Line_ConveyorBelt_2,
G03043,공장,FACT02,기기제어,could you start the warehouse conveyor every night at 11 pm?,매일 밤 11시에 창고 컨베이어 켜 줄 수 있어?,execute,,D6,T1,none,FACT02_Warehouse_ConveyorBelt_1 FACT02_Warehouse_ConveyorBelt_2,
G03044,공장,FACT03,기기제어,Slow the process room conveyor down on Saturday at 6 pm,토요일 오후 6시에 공정실 컨베이어 속도 줄여,execute,,D6,T1,none,FACT03_ProcessRoom_ConveyorBelt_1 FACT03_ProcessRoom_ConveyorBelt_2 FACT03_ProcessRoom_ConveyorBelt_3,
G03045,공장,FACT01,기기제어,"At 6 am, stop the line 3 conveyor.",오전 6시에 3라인 컨베이어 멈춰.,execute,,D6,T1,none,FACT01_Line_ConveyorBelt_3,
G03046,공장,FACT02,기기제어,please start the warehouse conveyor every day at 6:30 am.,매일 오전 6시 30분에 창고 컨베이어 켜 주세요.,execute,,D6,T1,none,FACT02_Warehouse_ConveyorBelt_1 FACT02_Warehouse_ConveyorBelt_2,
G03047,공장,FACT03,기기제어,can you hold production at 6 pm on weekdays?,평일 오후 6시에 생산 잠깐 세워 줄래?,ask,,D6,T1,none,FACT03_ProcessRoom_ConveyorBelt_1 FACT03_ProcessRoom_ConveyorBelt_2 FACT03_ProcessRoom_ConveyorBelt_3 FACT03_ProcessRoom_EmergencyStop_1 FACT03_ProcessRoom_ProductionMachine_1 FACT03_ProcessRoom_ProductionMachine_2,
G03048,공장,FACT01,기기제어,I'd like you to stop the line 2 conveyor every morning at 6 am.,매일 오전 6시에 2라인 컨베이어 멈춰 줬으면 해.,execute,,D6,T1,none,FACT01_Line_ConveyorBelt_2,
G03049,공장,FACT02,기기제어,could you start the warehouse conveyor every night at 10 pm?,매일 밤 10시에 창고 컨베이어 켜 줄 수 있어?,execute,,D6,T1,none,FACT02_Warehouse_ConveyorBelt_1 FACT02_Warehouse_ConveyorBelt_2,
G03050,공장,FACT03,기기제어,Slow the process room conveyor down on Sunday at 9 am,일요일 오전 9시에 공정실 컨베이어 속도 줄여,execute,,D6,T1,none,FACT03_ProcessRoom_ConveyorBelt_1 FACT03_ProcessRoom_ConveyorBelt_2 FACT03_ProcessRoom_ConveyorBelt_3,
G03051,공장,FACT01,기기제어,"At noon, stop the line 1 conveyor.",정오에 1라인 컨베이어 멈춰.,execute,,D6,T1,none,FACT01_Line_ConveyorBelt_1,
G03052,공장,FACT02,기기제어,please start the warehouse conveyor every day at 9 am.,매일 오전 9시에 창고 컨베이어 켜 주세요.,execute,,D6,T1,none,FACT02_Warehouse_ConveyorBelt_1 FACT02_Warehouse_ConveyorBelt_2,
G03053,공장,FACT03,기기제어,can you slow the process room conveyor down at 11 pm on weekdays?,평일 밤 11시에 공정실 컨베이어 속도 줄여 줄래?,execute,,D6,T1,none,FACT03_ProcessRoom_ConveyorBelt_1 FACT03_ProcessRoom_ConveyorBelt_2 FACT03_ProcessRoom_ConveyorBelt_3,
G03054,공장,FACT01,알림예약,I'd like you to let me know when the vibration sensor picks up heavy vibration.,진동 센서가 큰 진동을 감지하면 알려 줬으면 해.,execute,,D4,T1,none,,Speaker.Speak
G03055,공장,FACT04,알림예약,could you announce it if vibration goes over 800?,진동이 800을 넘으면 방송해 줄 수 있어?,execute,,D4,T1,none,,Speaker.Speak
G03056,공장,FACT05,알림예약,"When the machine starts shaking, I want to know when it changes.",설비가 흔들리기 시작할 때 상태가 바뀌면 알려 줘.,execute,,D4,T1,none,,Speaker.Speak
G03057,공장,FACT04,알림예약,"If vibration goes over 100, I want to know when it changes",진동이 100을 넘을 때 상태가 바뀌면 알려 줘,execute,,D4,T1,none,,Speaker.Speak
G03058,공장,FACT05,알림예약,can you push me an alert when the machine starts shaking?,설비가 흔들리기 시작하면 알림 띄워 줄래?,execute,,D4,T1,none,,Speaker.Speak
G03059,공장,FACT01,알림예약,I'd like you to tell me about it when the machine starts shaking.,설비가 흔들리기 시작하면 알려 줬으면 해.,execute,,D4,T1,none,,Speaker.Speak
G03060,공장,FACT04,알림예약,could you announce it if vibration goes over 300?,진동이 300을 넘으면 방송해 줄 수 있어?,execute,,D4,T1,none,,Speaker.Speak
G03061,공장,FACT05,알림예약,Tell me about it when the machine starts shaking,설비가 흔들리기 시작하면 알려 줘,execute,,D4,T1,none,,Speaker.Speak
G03062,공장,FACT01,알림예약,"When the vibration sensor picks up heavy vibration, push me an alert.",진동 센서가 큰 진동을 감지하면 알림 띄워 줘.,execute,,D4,T1,none,,Speaker.Speak
G03063,공장,FACT04,알림예약,please let me know if vibration goes over 1000.,진동이 1000을 넘으면 알려 주세요.,execute,,D4,T1,none,,Speaker.Speak
G03064,공장,FACT05,알림예약,can you show it on the screen when the machine starts shaking?,설비가 흔들리기 시작하면 화면에 띄워 줄래?,execute,,D4,T1,none,,Display.ShowMessage
G03065,공장,FACT01,알림예약,I'd like you to tell me about it when the vibration sensor picks up heavy vibration.,진동 센서가 큰 진동을 감지하면 알려 줬으면 해.,execute,,D4,T1,none,,Speaker.Speak
G03066,공장,FACT04,알림예약,Keep me posted if vibration goes over 1000.,진동이 1000을 넘으면 계속 알려 줘.,execute,,D4,T1,none,,Speaker.Speak
G03067,공장,FACT05,알림예약,Let me know when the machine starts shaking,설비가 흔들리기 시작하면 알려 줘,execute,,D4,T1,none,,Speaker.Speak
G03068,공장,FACT01,알림예약,"When the vibration sensor picks up heavy vibration, send a warning to my phone",진동 센서가 큰 진동을 감지하면 폰으로 경고 보내 줘,refuse,no_channel,D4,T1,none,,
G03069,공장,FACT04,알림예약,please tell me about it if vibration goes over 150.,진동이 150을 넘으면 좀 알려 줘.,execute,,D4,T1,none,,Speaker.Speak
G03070,공장,FACT04,알림예약,can you push me an alert when the vibration sensor picks up heavy vibration?,진동 센서가 큰 진동을 감지하면 알림 띄워 줄래?,execute,,D4,T1,none,,Speaker.Speak
G03071,공장,FACT01,알림예약,Let me know if vibration goes over 300.,진동이 300을 넘으면 알려 줘.,execute,,D4,T1,none,,Speaker.Speak
G03072,공장,FACT04,알림예약,could you announce it if vibration goes over 500?,진동이 500을 넘으면 방송해 줄 수 있어?,execute,,D4,T1,none,,Speaker.Speak
G03073,공장,FACT04,알림예약,Read it out if vibration goes over 150,진동이 150을 넘으면 소리 내서 읽어 줘,execute,,D4,T1,none,,Speaker.Speak
G03074,공장,FACT01,알림예약,"When the vibration sensor picks up heavy vibration, push me an alert",진동 센서가 큰 진동을 감지하면 알림 띄워 줘,execute,,D4,T1,none,,Speaker.Speak
G03075,공장,FACT05,알림예약,Keep me posted when the machine starts shaking.,설비가 흔들리기 시작하면 계속 알려 줘.,execute,,D4,T1,none,,Speaker.Speak
G03416,공장,FACT02,기기제어,"When I double-press the button, keep checking and set the mood softer for as long as the washing machine is running",버튼이 연속 두 번 눌리면 세탁기가 도는 동안 계속 분위기 좀 부드럽게 해 줘,execute,,D5,T2,none,FACT02_Dock_Light_1 FACT02_Dock_Light_2 FACT02_Warehouse_Light_1 FACT02_Warehouse_Light_2 FACT02_Warehouse_Light_3 FACT02_Warehouse_Light_4 FACT02_Warehouse_Light_5 FACT02_Warehouse_Light_6 FACT02_Warehouse_Light_7 FACT02_Warehouse_Light_8,
G03427,공장,FACT03,알림예약,"Every night at 9 pm, push me an alert, but only if someone is in the room.",매일 밤 9시에 방에 사람이 있을 때만 알림 띄워 줘.,refuse,no_occupancy,D3,T2,none,,
G03438,공장,FACT01,기기제어,Run the fan for 30 minutes while the temperature stays over 26 degrees,온도가 26도를 계속 넘고 있으면 선풍기를 30분 동안 돌려,refuse,no_device,D5,T2,none,,
G03479,공장,FACT04,기기제어,can you set the machine shop lights to warm white while the temperature stays over 30 degrees?,온도가 30도를 계속 넘고 있으면 기계실 조명 전구색으로 바꿔 줄래?,execute,,D5,T2,none,FACT04_MachineShop_Light_1 FACT04_MachineShop_Light_2 FACT04_MachineShop_Light_3 FACT04_MachineShop_Light_4 FACT04_MachineShop_Light_5 FACT04_MachineShop_Light_6,
G03488,공장,FACT03,기기제어,Make the process room lights green while the temperature stays over 32 degrees,온도가 32도를 계속 넘고 있으면 공정실 조명 초록색으로 해,execute,,D5,T2,none,FACT03_ProcessRoom_Light_1 FACT03_ProcessRoom_Light_2 FACT03_ProcessRoom_Light_3 FACT03_ProcessRoom_Light_4 FACT03_ProcessRoom_Light_5 FACT03_ProcessRoom_Light_6,
G03489,공장,FACT02,기기제어,"Around sundown, lower the blinds to 30 percent, but only if someone is in the room",해 질 무렵 방에 사람이 있을 때만 블라인드 30퍼센트까지 내려,refuse,no_device,D3,T2,sun,,
G03496,공장,FACT03,기기제어,"At sunrise, keep checking and turn all the lights red for as long as the window is open",해 뜰 때 창문이 열려 있는 동안 계속 모든 조명 빨간색으로 켜,execute,,D5,T2,sun,FACT03_ProcessRoom_Light_1 FACT03_ProcessRoom_Light_2 FACT03_ProcessRoom_Light_3 FACT03_ProcessRoom_Light_4 FACT03_ProcessRoom_Light_5 FACT03_ProcessRoom_Light_6,
G03500,공장,FACT03,알림예약,Push me an alert while the temperature stays over 32 degrees,온도가 32도를 계속 넘고 있으면 알림 띄워 줘,execute,,D5,T2,none,,Speaker.Speak
G03522,공장,FACT02,기기제어,can you turn on the warehouse camera when nothing has moved for 10 minutes?,10분 동안 아무 움직임도 없으면 창고 카메라 켜 줄래?,execute,,D5,T2,none,FACT02_Warehouse_Camera_1 FACT02_Warehouse_Camera_2 FACT02_Warehouse_Camera_3 FACT02_Warehouse_Camera_4,
G03524,공장,FACT02,기기제어,"If motion is detected in the dock, take a snapshot with the warehouse camera while the humidity is over 60 percent, and stop once that changes","하역장에서 움직임이 감지되면 습도가 60퍼센트를 넘는 동안 창고 카메라로 사진 찍어 주고, 그러다 바뀌면 멈춰",execute,,D5,T2,none,FACT02_Warehouse_Camera_1 FACT02_Warehouse_Camera_2 FACT02_Warehouse_Camera_3 FACT02_Warehouse_Camera_4,
G03532,공장,FACT02,기기제어,can you remind me in a bit after 10 minutes?,10분 뒤에 조금 있다 알려 줄래?,refuse,no_service,D2,T2,none,,
G03543,공장,FACT01,기기제어,Give me a few minutes once the 20 minute timer runs out.,20분 타이머가 끝나면 몇 분만 줘.,refuse,no_service,D2,T2,none,,
G03549,공장,FACT03,기기제어,please start a countdown for 20 minutes 5 minutes from now.,지금부터 5분 뒤에 20분 카운트다운 시작해 주세요.,refuse,no_service,D2,T2,none,,
G03555,공장,FACT05,기기제어,please start a countdown for 5 minutes once the 3 minute timer runs out.,3분 타이머가 끝나면 5분 카운트다운 시작해 주세요.,refuse,no_service,D2,T2,none,,
G03560,공장,FACT03,기기제어,"On Wednesday at 6:30 am, keep checking and turn the lights daylight white for as long as it is dark outside",수요일 오전 6시 30분에 바깥이 어두운 동안 계속 조명 전부 주광색으로 켜,execute,,D5,T2,none,FACT03_ProcessRoom_Light_1 FACT03_ProcessRoom_Light_2 FACT03_ProcessRoom_Light_3 FACT03_ProcessRoom_Light_4 FACT03_ProcessRoom_Light_5 FACT03_ProcessRoom_Light_6,
G03592,공장,FACT01,알림예약,"If the meter reads above 2000, give me a heads-up, but only if the window is open.",계량기가 2000을 넘으면 창문이 열려 있을 때만 꼭 알려 줘.,execute,,D3,T2,none,,Speaker.Speak
G03602,공장,FACT02,기기제어,can you dim the lights to 30 percent while the temperature stays over 28 degrees?,온도가 28도를 계속 넘고 있으면 조명 전부 밝기를 30퍼센트로 낮춰 줄래?,execute,,D5,T2,none,FACT02_Warehouse_Light_1 FACT02_Warehouse_Light_2 FACT02_Warehouse_Light_3 FACT02_Warehouse_Light_4 FACT02_Warehouse_Light_5 FACT02_Warehouse_Light_6 FACT02_Warehouse_Light_7 FACT02_Warehouse_Light_8 FACT02_Dock_Light_1 FACT02_Dock_Light_2,
G03607,공장,FACT01,기기제어,please switch all the lights on once the 2 minute timer runs out.,2분 타이머가 끝나면 모든 조명 켜 주세요.,execute,,D2,T2,none,FACT01_Line_Light_1 FACT01_Line_Light_2 FACT01_Line_Light_3 FACT01_Line_Light_4 FACT01_Line_Light_5 FACT01_Line_Light_6,
G03613,공장,FACT05,기기제어,please get all the lights on 5 minutes from now.,지금부터 5분 뒤에 모든 조명 켜 주세요.,execute,,D2,T2,none,FACT05_PumpRoom_Light_1 FACT05_PumpRoom_Light_2 FACT05_PumpRoom_Light_3 FACT05_PumpRoom_Light_4 FACT05_PumpRoom_Light_5 FACT05_PumpRoom_Light_6 FACT05_BoilerRoom_Light_1 FACT05_BoilerRoom_Light_2,
G03662,공장,FACT01,기기제어,"When I press the button, if someone is in the room right now, start recording on the line camera.",내가 버튼을 누를 때 방에 사람이 있으면 생산라인 카메라 녹화 시작해.,refuse,no_occupancy,D3,T2,none,,
G03674,공장,FACT01,기기제어,"When the sun comes up, keep checking and shut everything down in here for as long as the washing machine is running",해가 뜨면 세탁기가 도는 동안 계속 여기 다 꺼 줘,ask,,D5,T2,sun,FACT01_Line_Light_1 FACT01_Line_Light_2 FACT01_Line_Light_3 FACT01_Line_Light_4 FACT01_Line_Light_5 FACT01_Line_Light_6 FACT01_Line_Siren_1 FACT01_Line_Ventilator_1 FACT01_Line_Ventilator_2 FACT01_Utility_AirCompressor_1,
G03679,공장,FACT03,기기제어,Brighten this place up while the temperature stays over 30 degrees,온도가 30도를 계속 넘고 있으면 여기 좀 밝게 해 줘,execute,,D5,T2,none,FACT03_ProcessRoom_Light_1 FACT03_ProcessRoom_Light_2 FACT03_ProcessRoom_Light_3 FACT03_ProcessRoom_Light_4 FACT03_ProcessRoom_Light_5 FACT03_ProcessRoom_Light_6,
G03689,공장,FACT05,기기제어,can you turn on the TV while I am on a call?,내가 통화 중이면 TV 켜 줄래?,refuse,no_device,D5,T2,phone,,
G03695,공장,FACT01,기기제어,"At sunrise, set all the lights brightness to 60 percent, but only if the humidity is over 60 percent",해 뜰 때 습도가 60퍼센트를 넘을 때만 모든 조명 밝기를 60퍼센트로 맞춰,execute,,D3,T2,sun,FACT01_Line_Light_1 FACT01_Line_Light_2 FACT01_Line_Light_3 FACT01_Line_Light_4 FACT01_Line_Light_5 FACT01_Line_Light_6,
G03700,공장,FACT02,기기제어,please switch the warehouse switch on when nothing has moved for 20 minutes.,20분 동안 아무 움직임도 없으면 창고 스위치 좀 켜 줘.,execute,,D5,T2,none,FACT02_Warehouse_Light_1 FACT02_Warehouse_Light_2 FACT02_Warehouse_Light_3 FACT02_Warehouse_Light_4 FACT02_Warehouse_Light_5 FACT02_Warehouse_Light_6 FACT02_Warehouse_Light_7 FACT02_Warehouse_Light_8 FACT02_Warehouse_Siren_1,
G03740,공장,FACT04,기기제어,Keep an eye on the place once the 3 minute timer runs out,3분 타이머가 끝나면 집 좀 지켜봐 줘,execute,,D2,T2,none,FACT04_MachineShop_Camera_1 FACT04_MachineShop_Camera_2,
G03748,공장,FACT02,기기제어,Shut the garage door while the temperature stays over 30 degrees,온도가 30도를 계속 넘고 있으면 차고문 닫아,ask,,D5,T2,none,FACT02_Dock_GarageDoor_1 FACT02_Dock_GarageDoor_2 FACT02_Dock_GarageDoor_3 FACT02_Dock_GarageDoor_4,
G03771,공장,FACT02,기기제어,can you turn off all the switches while the camera is recording?,카메라가 녹화 중인 동안 모든 스위치 꺼 줄래?,execute,,D5,T2,none,FACT02_Warehouse_Light_1 FACT02_Warehouse_Light_2 FACT02_Warehouse_Light_3 FACT02_Warehouse_Light_4 FACT02_Warehouse_Light_5 FACT02_Warehouse_Light_6 FACT02_Warehouse_Light_7 FACT02_Warehouse_Light_8 FACT02_Dock_Light_1 FACT02_Dock_Light_2 FACT02_Warehouse_Siren_1,
G03776,공장,FACT01,기기제어,"When the safety barrier is broken, if the tank is below half right now, stop the conveyor",안전 방책이 뚫릴 때 탱크가 절반 아래면 컨베이어 멈춰,ask,,D3,T2,none,FACT01_Line_ConveyorBelt_1 FACT01_Line_ConveyorBelt_2 FACT01_Line_ConveyorBelt_3,
G03777,공장,FACT03,기기제어,"If someone crosses the light curtain, stop the conveyor, but only if someone is in the room.",누가 광커튼을 통과하면 방에 사람이 있을 때만 컨베이어 멈춰.,ask,,D3,T2,none,FACT03_ProcessRoom_ConveyorBelt_1 FACT03_ProcessRoom_ConveyorBelt_2 FACT03_ProcessRoom_ConveyorBelt_3,
G03778,공장,FACT03,기기제어,"When the process room door opens, sound all the sirens, but only if the humidity is over 60 percent",공정실 문이 열리면 습도가 60퍼센트를 넘을 때만 모든 사이렌 울려,execute,,D3,T2,none,FACT03_ProcessRoom_Siren_1,
G03779,공장,FACT03,기기제어,"When the door sensor says the door is open, if someone is in the room right now, turn all the sirens off",문열림 센서가 문이 열렸다고 알릴 때 방에 사람이 있으면 모든 사이렌 꺼,refuse,no_occupancy,D3,T2,none,,
G03780,공장,FACT03,기기제어,Make some noise once the door has been open for 60 minutes,문이 60분 동안 열려 있으면 소리 좀 내 줘,ask,,D5,T2,none,FACT03_ProcessRoom_Siren_1 FACT03_ProcessRoom_Speaker_1 FACT03_ProcessRoom_Speaker_2,
G03781,공장,FACT03,기기제어,"If anyone presses the emergency stop, stop the process room conveyor, but only if the door is open",누가 비상정지를 누르면 문이 열려 있을 때만 공정실 컨베이어 멈춰,execute,,D3,T2,none,FACT03_ProcessRoom_ConveyorBelt_1 FACT03_ProcessRoom_ConveyorBelt_2 FACT03_ProcessRoom_ConveyorBelt_3,
G03782,공장,FACT01,기기제어,"When the emergency stop is hit, keep checking and stop the line 3 conveyor for as long as the humidity is over 60 percent.",비상정지가 눌리면 습도가 60퍼센트를 넘는 동안 계속 3라인 컨베이어 멈춰.,execute,,D5,T2,none,FACT01_Line_ConveyorBelt_3,
G03783,공장,FACT05,기기제어,"When the leak sensor trips, keep checking and stop the flow for as long as the door is open.",누수 센서가 작동하면 문이 열려 있는 동안 계속 흐름 막아 줘.,execute,,D5,T2,none,FACT05_PumpRoom_Valve_1 FACT05_PumpRoom_Valve_2 FACT05_PumpRoom_Valve_3 FACT05_PumpRoom_Valve_4 FACT05_PumpRoom_Valve_5 FACT05_PumpRoom_Valve_6 FACT05_PumpRoom_Valve_7 FACT05_PumpRoom_Valve_8,
G03784,공장,FACT05,기기제어,"When a water leak is detected, if it is dark outside right now, shut the valve right away",누수가 감지될 때 바깥이 어두우면 밸브 당장 닫아,ask,,D3,T2,none,FACT05_PumpRoom_Valve_1 FACT05_PumpRoom_Valve_2 FACT05_PumpRoom_Valve_3 FACT05_PumpRoom_Valve_4 FACT05_PumpRoom_Valve_5 FACT05_PumpRoom_Valve_6 FACT05_PumpRoom_Valve_7 FACT05_PumpRoom_Valve_8,
G03785,공장,FACT03,알림예약,"If the meter reads above 500, tell me about it, but only if the humidity is over 60 percent",계량기가 500을 넘으면 습도가 60퍼센트를 넘을 때만 알려 줘,execute,,D3,T2,none,,Speaker.Speak
G03786,공장,FACT02,기기제어,"If the proximity sensor sees an object in the way, stop the warehouse conveyor, but only if the tank is below half",근접 센서가 앞을 막는 물체를 보면 탱크가 절반 아래일 때만 창고 컨베이어 멈춰,execute,,D3,T2,none,FACT02_Warehouse_ConveyorBelt_1 FACT02_Warehouse_ConveyorBelt_2,
G03787,공장,FACT01,기기제어,"When something comes within 20 centimeters, keep checking and stop the line conveyor for as long as the door is open",뭔가 20센티미터 안으로 들어오면 문이 열려 있는 동안 계속 생산라인 컨베이어 멈춰,execute,,D5,T2,none,FACT01_Line_ConveyorBelt_1 FACT01_Line_ConveyorBelt_2 FACT01_Line_ConveyorBelt_3,
G03788,공장,FACT03,기기제어,I'd like you to stop the compressor while the pressure sensor stays above 150.,압력계가 150을 계속 넘고 있으면 공기압축기 멈춰 줬으면 해.,refuse,no_device,D5,T2,none,,
G03789,공장,FACT05,기기제어,Stop the compressor while the pressure sensor stays above 500,압력계가 500을 계속 넘고 있으면 공기압축기 멈춰,ask,,D5,T2,none,FACT05_BoilerRoom_AirCompressor_1 FACT05_BoilerRoom_AirCompressor_2,
G03790,공장,FACT05,기기제어,I'd like you to stop the compressor while the pressure sensor stays above 50.,압력계가 50을 계속 넘고 있으면 공기압축기 멈춰 줬으면 해.,ask,,D5,T2,none,FACT05_BoilerRoom_AirCompressor_1 FACT05_BoilerRoom_AirCompressor_2,
G03791,공장,FACT02,알림예약,"If the scale falls under 300, wait 15 minutes and then keep me posted.",저울이 300 아래로 내려가면 15분 기다렸다가 계속 알려 줘.,execute,,D2,T2,none,,Speaker.Speak
G03792,공장,FACT03,알림예약,I'd like you to tell me about it while the scale stays above 300.,저울이 300을 계속 넘고 있으면 알려 줬으면 해.,execute,,D5,T2,none,,Speaker.Speak
G03793,공장,FACT03,알림예약,please let me know while the scale stays above 100.,저울이 100을 계속 넘고 있으면 알려 주세요.,execute,,D5,T2,none,,Speaker.Speak
G03794,공장,FACT03,알림예약,Give me a heads-up while the scale stays above 800.,저울이 800을 계속 넘고 있으면 꼭 알려 줘.,execute,,D5,T2,none,,Speaker.Speak
G03795,공장,FACT03,알림예약,I'd like you to push me an alert while the scale stays above 800.,저울이 800을 계속 넘고 있으면 알림 띄워 줬으면 해.,execute,,D5,T2,none,,Speaker.Speak
G03796,공장,FACT05,기기제어,please stop the pump 5 while the water level sensor stays above 150.,수위 센서가 150을 계속 넘고 있으면 5번 펌프 멈춰 주세요.,execute,,D5,T2,none,FACT05_PumpRoom_Pump_5,
G03797,공장,FACT05,기기제어,"If the gas sensor falls under 300, if the window is open right now, turn on the ventilation fan",가스 센서가 300 아래로 내려갈 때 창문이 열려 있으면 환풍기 켜,ask,,D3,T2,none,FACT05_BoilerRoom_Ventilator_1 FACT05_BoilerRoom_Ventilator_2 FACT05_BoilerRoom_Ventilator_3,
G03798,공장,FACT05,기기제어,"Once the gas sensor goes over 100, run the ventilation fan for 60 minutes, but only if nobody is around",가스 센서가 100을 넘으면 아무도 없을 때만 환풍기를 60분 동안 돌려,ask,,D3,T2,none,FACT05_BoilerRoom_Ventilator_1 FACT05_BoilerRoom_Ventilator_2 FACT05_BoilerRoom_Ventilator_3,
G03799,공장,FACT05,기기제어,I'd like you to run the boiler room ventilation fan for 5 minutes while the gas sensor stays above 100.,가스 센서가 100을 계속 넘고 있으면 보일러실 환풍기를 5분 동안 돌려 줬으면 해.,execute,,D5,T2,none,FACT05_BoilerRoom_Ventilator_1 FACT05_BoilerRoom_Ventilator_2 FACT05_BoilerRoom_Ventilator_3,
G03800,공장,FACT05,기기제어,please get fresh air in here while the gas sensor stays above 50.,가스 센서가 50을 계속 넘고 있으면 바깥 공기 좀 넣어 줘.,execute,,D5,T2,none,FACT05_BoilerRoom_Ventilator_1 FACT05_BoilerRoom_Ventilator_2 FACT05_BoilerRoom_Ventilator_3,
G03801,공장,FACT05,기기제어,Run the boiler room ventilation fan for 15 minutes while the gas sensor stays above 100,가스 센서가 100을 계속 넘고 있으면 보일러실 환풍기를 15분 동안 돌려,execute,,D5,T2,none,FACT05_BoilerRoom_Ventilator_1 FACT05_BoilerRoom_Ventilator_2 FACT05_BoilerRoom_Ventilator_3,
G03802,공장,FACT05,기기제어,I'd like you to run the boiler room ventilation fan for 5 minutes while the gas sensor stays above 500.,가스 센서가 500을 계속 넘고 있으면 보일러실 환풍기를 5분 동안 돌려 줬으면 해.,execute,,D5,T2,none,FACT05_BoilerRoom_Ventilator_1 FACT05_BoilerRoom_Ventilator_2 FACT05_BoilerRoom_Ventilator_3,
G03803,공장,FACT04,알림예약,"If the tilt sensor reports a tilt, keep checking and let me know for as long as the temperature is under 18 degrees.",기울기 센서가 기울어졌다고 알리면 온도가 18도 아래인 동안 계속 알려 줘.,execute,,D5,T2,none,,Speaker.Speak
G03804,공장,FACT04,기기제어,"At midnight on weekdays, if the tank is below half right now, slow the conveyor down",평일 자정에 탱크가 절반 아래면 컨베이어 속도 줄여,refuse,no_device,D3,T2,none,,
G03805,공장,FACT05,알림예약,"When the machine starts shaking, keep checking and let me know for as long as the door is open.",설비가 흔들리기 시작하면 문이 열려 있는 동안 계속 알려 줘.,execute,,D5,T2,none,,Speaker.Speak
G03806,공장,FACT01,알림예약,"When the vibration sensor picks up heavy vibration, if the window is open right now, send a warning to my phone",진동 센서가 큰 진동을 감지할 때 창문이 열려 있으면 폰으로 경고 보내 줘,refuse,no_channel,D3,T2,none,,
G03903,공장,FACT02,기기제어,"If the battery is under 20 percent right now, turn on the warehouse lights.",배터리가 20퍼센트 아래면 창고 조명 켜.,execute,,D3,T2,none,FACT02_Warehouse_Light_1 FACT02_Warehouse_Light_2 FACT02_Warehouse_Light_3 FACT02_Warehouse_Light_4 FACT02_Warehouse_Light_5 FACT02_Warehouse_Light_6 FACT02_Warehouse_Light_7 FACT02_Warehouse_Light_8,
G03913,공장,FACT05,기기제어,"please put the boiler room lights on, but only if the battery is under 20 percent.",배터리가 20퍼센트 아래일 때만 보일러실 조명 좀 켜 줘.,execute,,D3,T2,none,FACT05_BoilerRoom_Light_1 FACT05_BoilerRoom_Light_2,
G03915,공장,FACT02,기기제어,Wait 30 minutes and then change the light to blue,30분 기다렸다가 조명 파란색으로 바꿔,ask,,D2,T2,none,FACT02_Warehouse_Light_1 FACT02_Warehouse_Light_2 FACT02_Warehouse_Light_3 FACT02_Warehouse_Light_4 FACT02_Warehouse_Light_5 FACT02_Warehouse_Light_6 FACT02_Warehouse_Light_7 FACT02_Warehouse_Light_8 FACT02_Dock_Light_1 FACT02_Dock_Light_2,
G03928,공장,FACT02,기기제어,"If the room is too warm right now, put the warehouse lights on.",방이 너무 더우면 창고 조명 켜.,execute,,D3,T2,none,FACT02_Warehouse_Light_1 FACT02_Warehouse_Light_2 FACT02_Warehouse_Light_3 FACT02_Warehouse_Light_4 FACT02_Warehouse_Light_5 FACT02_Warehouse_Light_6 FACT02_Warehouse_Light_7 FACT02_Warehouse_Light_8,
G03940,공장,FACT02,기기제어,Keep checking and unlock the entrance door lock for as long as the tank is below half,탱크가 절반 아래인 동안 계속 현관 도어락 열어,execute,,D5,T2,none,FACT02_Entrance_DoorLock_1,
G03949,공장,FACT04,기기제어,Keep checking and toggle all the switches for as long as the door is open.,문이 열려 있는 동안 계속 모든 스위치 껐다 켜.,execute,,D5,T2,none,FACT04_MachineShop_Light_1 FACT04_MachineShop_Light_2 FACT04_MachineShop_Light_3 FACT04_MachineShop_Light_4 FACT04_MachineShop_Light_5 FACT04_MachineShop_Light_6,
G03961,공장,FACT01,기기제어,Keep checking and kill the line lights for as long as nobody is around,아무도 없는 동안 계속 생산라인 조명 꺼,refuse,no_occupancy,D5,T2,none,,
G03964,공장,FACT03,기기제어,"please get all the lights on, but only if the battery is under 20 percent.",배터리가 20퍼센트 아래일 때만 모든 조명 좀 켜 줘.,execute,,D3,T2,none,FACT03_ProcessRoom_Light_1 FACT03_ProcessRoom_Light_2 FACT03_ProcessRoom_Light_3 FACT03_ProcessRoom_Light_4 FACT03_ProcessRoom_Light_5 FACT03_ProcessRoom_Light_6,
G03977,공장,FACT05,기기제어,"please turn on the pump room lights, but only if the tank is below half.",탱크가 절반 아래일 때만 펌프실 조명 켜 주세요.,execute,,D3,T2,none,FACT05_PumpRoom_Light_1 FACT05_PumpRoom_Light_2 FACT05_PumpRoom_Light_3 FACT05_PumpRoom_Light_4 FACT05_PumpRoom_Light_5 FACT05_PumpRoom_Light_6,
G03990,공장,FACT04,기기제어,"If the room is too warm right now, dim the machine shop lights to 10 percent.",방이 너무 더우면 기계실 조명 밝기를 10퍼센트로 낮춰.,execute,,D3,T2,none,FACT04_MachineShop_Light_1 FACT04_MachineShop_Light_2 FACT04_MachineShop_Light_3 FACT04_MachineShop_Light_4 FACT04_MachineShop_Light_5 FACT04_MachineShop_Light_6,
G03997,공장,FACT04,기기제어,Wait 30 minutes and then change the machine shop lights to pink.,30분 기다렸다가 기계실 조명 분홍색으로 바꿔.,execute,,D2,T2,none,FACT04_MachineShop_Light_1 FACT04_MachineShop_Light_2 FACT04_MachineShop_Light_3 FACT04_MachineShop_Light_4 FACT04_MachineShop_Light_5 FACT04_MachineShop_Light_6,
G04007,공장,FACT02,기기제어,"With a single press of the button, check every 15 minutes and put the warehouse lights into dinner mode if it is dark outside.",버튼을 한 번 누르면 15분마다 확인해서 바깥이 어두울 때 창고 조명 저녁 식사 모드로 해.,execute,,D7,T3,none,FACT02_Warehouse_Light_1 FACT02_Warehouse_Light_2 FACT02_Warehouse_Light_3 FACT02_Warehouse_Light_4 FACT02_Warehouse_Light_5 FACT02_Warehouse_Light_6 FACT02_Warehouse_Light_7 FACT02_Warehouse_Light_8,
G04013,공장,FACT01,기기제어,"With a single press of the button, check every 30 minutes and put the line lights into morning mode if nobody is around.",버튼을 한 번 누르면 30분마다 확인해서 아무도 없을 때 생산라인 조명 아침 모드로 해.,refuse,no_occupancy,D7,T3,none,,
G04043,공장,FACT02,기기제어,"Wait up to 10 minutes to see if the tank is below half; if not, light up the warehouse lights","탱크가 절반 아래로 내려가는지 최대 10분 기다려 보고, 그래도 아니면 창고 조명 켜",execute,,D10,T3,sun,FACT02_Warehouse_Light_1 FACT02_Warehouse_Light_2 FACT02_Warehouse_Light_3 FACT02_Warehouse_Light_4 FACT02_Warehouse_Light_5 FACT02_Warehouse_Light_6 FACT02_Warehouse_Light_7 FACT02_Warehouse_Light_8,
G04047,공장,FACT04,기기제어,"When the sun comes up, check every 20 minutes and get the machine shop lights on if the room is too warm",해가 뜨면 20분마다 확인해서 방이 더울 때 기계실 조명 켜,execute,,D7,T3,sun,FACT04_MachineShop_Light_1 FACT04_MachineShop_Light_2 FACT04_MachineShop_Light_3 FACT04_MachineShop_Light_4 FACT04_MachineShop_Light_5 FACT04_MachineShop_Light_6,
G04055,공장,FACT05,알림예약,"Every night at 10 pm, repeat this 4 times: give me a heads-up, then wait 30 minutes.",매일 밤 10시에 꼭 알려 주고 30분 쉬는 걸 4번 반복해.,execute,,D8,T3,none,,Speaker.Speak
G04059,공장,FACT01,알림예약,"Every day at 11 pm, send me a notification every 10 minutes",매일 밤 11시에 10분마다 알림 보내 줘,execute,,D7,T3,none,,Speaker.Speak
G04063,공장,FACT04,알림예약,"Wait up to 10 minutes to see if the temperature is under 18 degrees; if not, tell me about it","온도가 18도 아래로 내려가는지 최대 10분 기다려 보고, 그래도 아니면 알려 줘",execute,,D10,T3,none,,Speaker.Speak
G04072,공장,FACT01,기기제어,"Wait up to 10 minutes to see if the window is open; if not, put the light on.","창문이 열리는지 최대 10분 기다려 보고, 그래도 아니면 조명 켜.",ask,,D10,T3,none,FACT01_Line_Light_1 FACT01_Line_Light_2 FACT01_Line_Light_3 FACT01_Line_Light_4 FACT01_Line_Light_5 FACT01_Line_Light_6,
G04087,공장,FACT02,기기제어,"When the motion sensor picks something up, check every 15 minutes and light up all the lights if the window is open",동작 감지 센서에 뭔가 잡히면 15분마다 확인해서 창문이 열려 있을 때 모든 조명 켜,execute,,D7,T3,none,FACT02_Warehouse_Light_1 FACT02_Warehouse_Light_2 FACT02_Warehouse_Light_3 FACT02_Warehouse_Light_4 FACT02_Warehouse_Light_5 FACT02_Warehouse_Light_6 FACT02_Warehouse_Light_7 FACT02_Warehouse_Light_8 FACT02_Dock_Light_1 FACT02_Dock_Light_2,
G04090,공장,FACT02,기기제어,"The moment something moves in the dock, check every 5 minutes and turn on all the lights if the battery is under 20 percent",하역장에서 뭔가 움직이는 순간 5분마다 확인해서 배터리가 20퍼센트 아래일 때 모든 조명 켜,execute,,D7,T3,none,FACT02_Warehouse_Light_1 FACT02_Warehouse_Light_2 FACT02_Warehouse_Light_3 FACT02_Warehouse_Light_4 FACT02_Warehouse_Light_5 FACT02_Warehouse_Light_6 FACT02_Warehouse_Light_7 FACT02_Warehouse_Light_8 FACT02_Dock_Light_1 FACT02_Dock_Light_2,
G04104,공장,FACT02,알림예약,"Once the window is open, show it on the screen every 30 minutes.",창문이 열려 있으면 30분마다 화면에 띄워 줘.,execute,,D9,T3,weather,,Display.ShowMessage
G04124,공장,FACT04,기기제어,"If the temperature drops below 18 degrees, check every 15 minutes and make the lights warm white if the battery is under 20 percent",온도가 18도 아래로 떨어지면 15분마다 확인해서 배터리가 20퍼센트 아래일 때 조명 전부 전구색으로 해,execute,,D7,T3,none,FACT04_MachineShop_Light_1 FACT04_MachineShop_Light_2 FACT04_MachineShop_Light_3 FACT04_MachineShop_Light_4 FACT04_MachineShop_Light_5 FACT04_MachineShop_Light_6,
G04148,공장,FACT05,알림예약,"Once someone is in the room, give me a heads-up every 15 minutes",방에 사람이 있으면 15분마다 꼭 알려 줘,refuse,no_occupancy,D9,T3,none,,
G04154,공장,FACT01,기기제어,"Wait up to 15 minutes to see if nobody is around; if not, turn the heating up to 24","아무도 없는지 최대 15분 기다려 보고, 그래도 아니면 난방 24도로 올려",refuse,no_device,D10,T3,none,,
G04162,공장,FACT02,기기제어,"When nothing has moved for 60 minutes, take a snapshot with the warehouse camera every 15 minutes until the humidity is over 60 percent",60분 동안 아무 움직임도 없으면 습도가 60퍼센트를 넘을 때까지 15분마다 창고 카메라로 사진 찍어,execute,,D8,T3,none,FACT02_Warehouse_Camera_1 FACT02_Warehouse_Camera_2 FACT02_Warehouse_Camera_3 FACT02_Warehouse_Camera_4,
G04223,공장,FACT02,기기제어,"When I double-press the button, check every 5 minutes and close the dock door 4 if it is dark outside.",버튼이 연속 두 번 눌리면 5분마다 확인해서 바깥이 어두울 때 4번 도크 문 닫아.,execute,,D7,T3,none,FACT02_Dock_GarageDoor_4,
G04228,공장,FACT03,기기제어,"On weekends at 6 am, take a snapshot with the camera every 20 minutes for the next 4 hours",주말 오전 6시에 앞으로 4시간 동안 20분마다 카메라로 사진 찍어,ask,,D8,T3,none,FACT03_ProcessRoom_Camera_1 FACT03_ProcessRoom_Camera_2,
G04232,공장,FACT05,알림예약,"When the leak sensor trips, let me know every 5 minutes for the next 4 hours.",누수 센서가 작동하면 앞으로 4시간 동안 5분마다 알려 줘.,execute,,D8,T3,none,,Speaker.Speak
G04268,공장,FACT01,기기제어,"Wait up to 20 minutes to see if someone is in the room; if not, get the line lights on.","방에 사람이 오는지 최대 20분 기다려 보고, 그래도 아니면 생산라인 조명 켜.",refuse,no_occupancy,D10,T3,weather,,
G04296,공장,FACT01,알림예약,"With one tap on the wall switch, tell me about it every 5 minutes until the humidity is over 60 percent.",벽 스위치를 한 번 누르면 습도가 60퍼센트를 넘을 때까지 5분마다 알려 줘.,execute,,D8,T3,none,,Speaker.Speak
G04297,공장,FACT01,기기제어,"Wait up to 15 minutes to see if the humidity is over 60 percent; if not, turn the heating up to 25","습도가 60퍼센트를 넘는지 최대 15분 기다려 보고, 그래도 아니면 난방 25도로 올려",refuse,no_device,D10,T3,none,,
G04308,공장,FACT02,기기제어,"Once the camera goes offline, turn on the dock lights every 5 minutes for the next 4 hours.",카메라 연결이 끊기면 앞으로 4시간 동안 5분마다 하역장 조명 켜.,execute,,D8,T3,none,FACT02_Dock_Light_1 FACT02_Dock_Light_2,
G04325,공장,FACT02,기기제어,"Wait up to 30 minutes to see if the battery is under 20 percent; if not, switch the lights to the morning scene","배터리가 20퍼센트 아래로 내려가는지 최대 30분 기다려 보고, 그래도 아니면 조명 전부 아침 모드로 바꿔",execute,,D10,T3,none,FACT02_Warehouse_Light_1 FACT02_Warehouse_Light_2 FACT02_Warehouse_Light_3 FACT02_Warehouse_Light_4 FACT02_Warehouse_Light_5 FACT02_Warehouse_Light_6 FACT02_Warehouse_Light_7 FACT02_Warehouse_Light_8 FACT02_Dock_Light_1 FACT02_Dock_Light_2,
G04408,공장,FACT01,기기제어,"Wait up to 10 minutes to see if the battery is under 20 percent; if not, switch the lights to the relax scene.","배터리가 20퍼센트 아래로 내려가는지 최대 10분 기다려 보고, 그래도 아니면 조명 전부 휴식 모드로 바꿔.",execute,,D10,T3,calendar,FACT01_Line_Light_1 FACT01_Line_Light_2 FACT01_Line_Light_3 FACT01_Line_Light_4 FACT01_Line_Light_5 FACT01_Line_Light_6,
G04421,공장,FACT01,기기제어,"While the camera is recording, turn off the lights every 15 minutes",카메라가 녹화 중인 동안 15분마다 조명 전부 꺼,execute,,D7,T3,none,FACT01_Line_Light_1 FACT01_Line_Light_2 FACT01_Line_Light_3 FACT01_Line_Light_4 FACT01_Line_Light_5 FACT01_Line_Light_6,
G04423,공장,FACT05,기기제어,"When the leak sensor trips, put the pump room lights on every 30 minutes for the next 5 hours",누수 센서가 작동하면 앞으로 5시간 동안 30분마다 펌프실 조명 켜,execute,,D8,T3,none,FACT05_PumpRoom_Light_1 FACT05_PumpRoom_Light_2 FACT05_PumpRoom_Light_3 FACT05_PumpRoom_Light_4 FACT05_PumpRoom_Light_5 FACT05_PumpRoom_Light_6,
G04424,공장,FACT05,기기제어,"If someone crosses the light curtain, check every 5 minutes and stop the conveyor if the window is open",누가 광커튼을 통과하면 5분마다 확인해서 창문이 열려 있을 때 컨베이어 멈춰,refuse,no_device,D7,T3,none,,
G04425,공장,FACT04,기기제어,"If someone crosses the light curtain, stop the conveyor every 30 minutes.",누가 광커튼을 통과하면 30분마다 컨베이어 멈춰.,refuse,no_device,D7,T3,none,,
G04426,공장,FACT05,기기제어,"If someone crosses the light curtain, repeat this 6 times: stop the conveyor, then wait 20 minutes.",누가 광커튼을 통과하면 컨베이어 멈춰 주고 20분 쉬는 걸 6번 반복해.,refuse,no_device,D8,T3,none,,
G04427,공장,FACT03,기기제어,"If someone crosses the light curtain, stop the conveyor every 30 minutes until the humidity is over 60 percent.",누가 광커튼을 통과하면 습도가 60퍼센트를 넘을 때까지 30분마다 컨베이어 멈춰.,ask,,D8,T3,none,FACT03_ProcessRoom_ConveyorBelt_1 FACT03_ProcessRoom_ConveyorBelt_2 FACT03_ProcessRoom_ConveyorBelt_3,
G04428,공장,FACT01,기기제어,"When the safety barrier is broken, repeat this 5 times: stop the line conveyor, then wait 5 minutes.",안전 방책이 뚫리면 생산라인 컨베이어 멈춰 주고 5분 쉬는 걸 5번 반복해.,execute,,D8,T3,none,FACT01_Line_ConveyorBelt_1 FACT01_Line_ConveyorBelt_2 FACT01_Line_ConveyorBelt_3,
G04429,공장,FACT01,기기제어,"When the safety barrier is broken, stop the line conveyor every 5 minutes until the humidity is over 60 percent.",안전 방책이 뚫리면 습도가 60퍼센트를 넘을 때까지 5분마다 생산라인 컨베이어 멈춰.,execute,,D8,T3,none,FACT01_Line_ConveyorBelt_1 FACT01_Line_ConveyorBelt_2 FACT01_Line_ConveyorBelt_3,
G04430,공장,FACT04,기기제어,"Wait up to 15 minutes to see if the battery is under 20 percent; if not, set off the siren.","배터리가 20퍼센트 아래로 내려가는지 최대 15분 기다려 보고, 그래도 아니면 사이렌 울려.",refuse,no_device,D10,T3,none,,
G04431,공장,FACT03,기기제어,"When the door closes, sound the siren every 20 minutes until it is dark outside",문이 닫히면 바깥이 어두워질 때까지 20분마다 사이렌 울려,execute,,D8,T3,none,FACT03_ProcessRoom_Siren_1,
G04432,공장,FACT03,기기제어,"Once the room is too warm, sound the process room siren every 15 minutes.",방이 너무 더우면 15분마다 공정실 사이렌 울려.,execute,,D9,T3,none,FACT03_ProcessRoom_Siren_1,
G04433,공장,FACT03,기기제어,"If anyone presses the emergency stop, stop all the conveyors every 10 minutes",누가 비상정지를 누르면 10분마다 모든 컨베이어 멈춰,execute,,D7,T3,none,FACT03_ProcessRoom_ConveyorBelt_1 FACT03_ProcessRoom_ConveyorBelt_2 FACT03_ProcessRoom_ConveyorBelt_3,
G04434,공장,FACT03,기기제어,"Wait up to 10 minutes to see if nobody is around; if not, stop all the conveyors.","아무도 없는지 최대 10분 기다려 보고, 그래도 아니면 모든 컨베이어 멈춰.",refuse,no_occupancy,D10,T3,none,,
G04435,공장,FACT03,기기제어,"Wait up to 10 minutes to see if someone is in the room; if not, stop all the conveyors","방에 사람이 오는지 최대 10분 기다려 보고, 그래도 아니면 모든 컨베이어 멈춰",refuse,no_occupancy,D10,T3,none,,
G04436,공장,FACT03,기기제어,"Once someone is in the room, stop all the conveyors every 30 minutes.",방에 사람이 있으면 30분마다 모든 컨베이어 멈춰.,refuse,no_occupancy,D9,T3,none,,
G04437,공장,FACT04,기기제어,"Once the line run is done, check every 15 minutes and turn the machine shop status light red if the temperature is under 18 degrees",라인 가동이 끝나면 15분마다 확인해서 온도가 18도 아래일 때 기계실 상태등 빨간색으로 바꿔,execute,,D7,T3,none,FACT04_MachineShop_StatusLight_1 FACT04_MachineShop_StatusLight_2 FACT04_MachineShop_StatusLight_3 FACT04_MachineShop_StatusLight_4,
G04438,공장,FACT04,기기제어,"Wait up to 5 minutes to see if the temperature is under 18 degrees; if not, turn the machine shop status light red.","온도가 18도 아래로 내려가는지 최대 5분 기다려 보고, 그래도 아니면 기계실 상태등 빨간색으로 바꿔.",execute,,D10,T3,none,FACT04_MachineShop_StatusLight_1 FACT04_MachineShop_StatusLight_2 FACT04_MachineShop_StatusLight_3 FACT04_MachineShop_StatusLight_4,
G04439,공장,FACT03,기기제어,"Wait up to 30 minutes to see if the humidity is over 60 percent; if not, turn the process room status light red","습도가 60퍼센트를 넘는지 최대 30분 기다려 보고, 그래도 아니면 공정실 상태등 빨간색으로 바꿔",execute,,D10,T3,none,FACT03_ProcessRoom_StatusLight_1 FACT03_ProcessRoom_StatusLight_2,
G04440,공장,FACT02,기기제어,"Wait up to 20 minutes to see if someone is in the room; if not, shut the valve right away","방에 사람이 오는지 최대 20분 기다려 보고, 그래도 아니면 밸브 당장 닫아",refuse,no_device,D10,T3,none,,
G04441,공장,FACT03,알림예약,"If power draw stays above 3000 watts, let me know every 30 minutes",전력 사용이 3000와트를 계속 넘고 있으면 30분마다 알려 줘,execute,,D7,T3,none,,Speaker.Speak
G04442,공장,FACT04,알림예약,"When energy use spikes, tell me about it every 15 minutes for the next 4 hours.",전력 사용이 급증하면 앞으로 4시간 동안 15분마다 알려 줘.,execute,,D8,T3,none,,Speaker.Speak
G04443,공장,FACT03,알림예약,"When power draw goes over 1500 watts, announce it every 20 minutes until it is dark outside.",전력 사용이 1500와트를 넘으면 바깥이 어두워질 때까지 20분마다 방송해 줘.,execute,,D8,T3,none,,Speaker.Speak
G04444,공장,FACT04,알림예약,"If power draw stays above 800 watts, give me a heads-up every 10 minutes for the next 3 hours",전력 사용이 800와트를 계속 넘고 있으면 앞으로 3시간 동안 10분마다 꼭 알려 줘,execute,,D8,T3,none,,Speaker.Speak
G04445,공장,FACT01,알림예약,"When energy use spikes, check every 10 minutes and let me know if the temperature is under 18 degrees",전력 사용이 급증하면 10분마다 확인해서 온도가 18도 아래일 때 알려 줘,execute,,D7,T3,none,,Speaker.Speak
G04446,공장,FACT01,기기제어,"Wait up to 10 minutes to see if the door is open; if not, stop the line 3 conveyor.","문이 열리는지 최대 10분 기다려 보고, 그래도 아니면 3라인 컨베이어 멈춰.",execute,,D10,T3,none,FACT01_Line_ConveyorBelt_3,
G04447,공장,FACT02,기기제어,"If the proximity sensor sees an object in the way, stop the warehouse conveyor every 10 minutes",근접 센서가 앞을 막는 물체를 보면 10분마다 창고 컨베이어 멈춰,execute,,D7,T3,none,FACT02_Warehouse_ConveyorBelt_1 FACT02_Warehouse_ConveyorBelt_2,
G04448,공장,FACT02,기기제어,"Once the battery is under 20 percent, stop the warehouse conveyor every 20 minutes",배터리가 20퍼센트 아래면 20분마다 창고 컨베이어 멈춰,execute,,D9,T3,none,FACT02_Warehouse_ConveyorBelt_1 FACT02_Warehouse_ConveyorBelt_2,
G04449,공장,FACT02,기기제어,"When something comes within 100 centimeters, stop the warehouse conveyor every 15 minutes until the door is open.",뭔가 100센티미터 안으로 들어오면 문이 열릴 때까지 15분마다 창고 컨베이어 멈춰.,execute,,D8,T3,none,FACT02_Warehouse_ConveyorBelt_1 FACT02_Warehouse_ConveyorBelt_2,
G04450,공장,FACT02,기기제어,"Wait up to 15 minutes to see if the window is open; if not, stop the warehouse conveyor","창문이 열리는지 최대 15분 기다려 보고, 그래도 아니면 창고 컨베이어 멈춰",execute,,D10,T3,none,FACT02_Warehouse_ConveyorBelt_1 FACT02_Warehouse_ConveyorBelt_2,
G04451,공장,FACT02,기기제어,"If the proximity sensor sees an object in the way, repeat this 4 times: stop the warehouse conveyor, then wait 30 minutes",근접 센서가 앞을 막는 물체를 보면 창고 컨베이어 멈춰 주고 30분 쉬는 걸 4번 반복해,execute,,D8,T3,none,FACT02_Warehouse_ConveyorBelt_1 FACT02_Warehouse_ConveyorBelt_2,
G04452,공장,FACT04,기기제어,"If the pressure sensor reads more than 1000, check every 15 minutes and stop the utility compressor if the washing machine is running.",압력계 값이 1000보다 크면 15분마다 확인해서 세탁기가 돌고 있을 때 다용도실 공기압축기 멈춰.,execute,,D7,T3,none,FACT04_Utility_AirCompressor_1 FACT04_Utility_AirCompressor_2,
G04453,공장,FACT05,기기제어,"Wait up to 30 minutes to see if the tank is below half; if not, stop the boiler room compressor.","탱크가 절반 아래로 내려가는지 최대 30분 기다려 보고, 그래도 아니면 보일러실 공기압축기 멈춰.",execute,,D10,T3,none,FACT05_BoilerRoom_AirCompressor_1 FACT05_BoilerRoom_AirCompressor_2,
G04454,공장,FACT05,기기제어,"Once the pressure sensor goes over 500, check every 20 minutes and stop the boiler room compressor if the battery is under 20 percent",압력계가 500을 넘으면 20분마다 확인해서 배터리가 20퍼센트 아래일 때 보일러실 공기압축기 멈춰,execute,,D7,T3,none,FACT05_BoilerRoom_AirCompressor_1 FACT05_BoilerRoom_AirCompressor_2,
G04455,공장,FACT04,기기제어,"If the pressure sensor reads more than 50, check every 5 minutes and stop the utility compressor if the battery is under 20 percent",압력계 값이 50보다 크면 5분마다 확인해서 배터리가 20퍼센트 아래일 때 다용도실 공기압축기 멈춰,execute,,D7,T3,none,FACT04_Utility_AirCompressor_1 FACT04_Utility_AirCompressor_2,
G04456,공장,FACT03,알림예약,"Once nobody is around, send me a notification every 15 minutes",아무도 없으면 15분마다 알림 보내 줘,refuse,no_occupancy,D9,T3,none,,
G04457,공장,FACT05,기기제어,"Wait up to 20 minutes to see if nobody is around; if not, stop all the pumps.","아무도 없는지 최대 20분 기다려 보고, 그래도 아니면 모든 펌프 멈춰.",refuse,no_occupancy,D10,T3,none,,
G04458,공장,FACT05,기기제어,"Wait up to 5 minutes to see if the battery is under 20 percent; if not, stop all the pumps","배터리가 20퍼센트 아래로 내려가는지 최대 5분 기다려 보고, 그래도 아니면 모든 펌프 멈춰",execute,,D10,T3,none,FACT05_PumpRoom_Pump_1 FACT05_PumpRoom_Pump_2 FACT05_PumpRoom_Pump_3 FACT05_PumpRoom_Pump_4 FACT05_PumpRoom_Pump_5 FACT05_PumpRoom_Pump_6,
G04459,공장,FACT05,기기제어,"Wait up to 20 minutes to see if the battery is under 20 percent; if not, stop all the pumps","배터리가 20퍼센트 아래로 내려가는지 최대 20분 기다려 보고, 그래도 아니면 모든 펌프 멈춰",execute,,D10,T3,none,FACT05_PumpRoom_Pump_1 FACT05_PumpRoom_Pump_2 FACT05_PumpRoom_Pump_3 FACT05_PumpRoom_Pump_4 FACT05_PumpRoom_Pump_5 FACT05_PumpRoom_Pump_6,
G04460,공장,FACT05,기기제어,"If the water level sensor reads more than 200, check every 10 minutes and stop all the pumps if the door is open.",수위 센서 값이 200보다 크면 10분마다 확인해서 문이 열려 있을 때 모든 펌프 멈춰.,execute,,D7,T3,none,FACT05_PumpRoom_Pump_1 FACT05_PumpRoom_Pump_2 FACT05_PumpRoom_Pump_3 FACT05_PumpRoom_Pump_4 FACT05_PumpRoom_Pump_5 FACT05_PumpRoom_Pump_6,
G04461,공장,FACT05,기기제어,"Once the water level sensor goes over 800, check every 5 minutes and stop all the pumps if the washing machine is running.",수위 센서가 800을 넘으면 5분마다 확인해서 세탁기가 돌고 있을 때 모든 펌프 멈춰.,execute,,D7,T3,none,FACT05_PumpRoom_Pump_1 FACT05_PumpRoom_Pump_2 FACT05_PumpRoom_Pump_3 FACT05_PumpRoom_Pump_4 FACT05_PumpRoom_Pump_5 FACT05_PumpRoom_Pump_6,
G04462,공장,FACT04,알림예약,"If the tilt sensor reports a tilt, tell me about it every 15 minutes for the next 2 hours.",기울기 센서가 기울어졌다고 알리면 앞으로 2시간 동안 15분마다 알려 줘.,execute,,D8,T3,none,,Speaker.Speak
G04463,공장,FACT02,알림예약,"When the load tilts past 30 degrees, check every 5 minutes and push me an alert if it is dark outside.",적재물이 30도 넘게 기울면 5분마다 확인해서 바깥이 어두울 때 알림 띄워 줘.,execute,,D7,T3,none,,Speaker.Speak
G04464,공장,FACT02,알림예약,"Once someone is in the room, show it on the screen every 10 minutes.",방에 사람이 있으면 10분마다 화면에 띄워 줘.,execute,,D9,T3,none,,Display.ShowMessage
G04465,공장,FACT04,알림예약,"If the tilt sensor reports a tilt, repeat this 4 times: tell me about it, then wait 30 minutes.",기울기 센서가 기울어졌다고 알리면 알려 주고 30분 쉬는 걸 4번 반복해.,execute,,D8,T3,none,,Speaker.Speak
G04466,공장,FACT02,알림예약,"When the load tilts past 5 degrees, push me an alert every 5 minutes",적재물이 5도 넘게 기울면 5분마다 알림 띄워 줘,execute,,D7,T3,none,,Speaker.Speak
G04545,공장,FACT03,기기제어,"Wait up to 20 minutes to see if the washing machine is running; if not, switch the light on.","세탁기가 도는지 최대 20분 기다려 보고, 그래도 아니면 조명 켜.",ask,,D10,T3,none,FACT03_ProcessRoom_Light_1 FACT03_ProcessRoom_Light_2 FACT03_ProcessRoom_Light_3 FACT03_ProcessRoom_Light_4 FACT03_ProcessRoom_Light_5 FACT03_ProcessRoom_Light_6,
G04547,공장,FACT03,기기제어,"Wait up to 15 minutes to see if the temperature is under 18 degrees; if not, switch the light on","온도가 18도 아래로 내려가는지 최대 15분 기다려 보고, 그래도 아니면 조명 켜",ask,,D10,T3,none,FACT03_ProcessRoom_Light_1 FACT03_ProcessRoom_Light_2 FACT03_ProcessRoom_Light_3 FACT03_ProcessRoom_Light_4 FACT03_ProcessRoom_Light_5 FACT03_ProcessRoom_Light_6,
G04558,공장,FACT04,기기제어,Check every 15 minutes and turn on the lights if the window is open,15분마다 확인해서 창문이 열려 있으면 조명 전부 켜,execute,,D7,T3,none,FACT04_MachineShop_Light_1 FACT04_MachineShop_Light_2 FACT04_MachineShop_Light_3 FACT04_MachineShop_Light_4 FACT04_MachineShop_Light_5 FACT04_MachineShop_Light_6,
G04574,공장,FACT01,기기제어,Check every 15 minutes and light up the line lights if the window is open,15분마다 확인해서 창문이 열려 있으면 생산라인 조명 켜,execute,,D7,T3,none,FACT01_Line_Light_1 FACT01_Line_Light_2 FACT01_Line_Light_3 FACT01_Line_Light_4 FACT01_Line_Light_5 FACT01_Line_Light_6,
G04575,공장,FACT02,기기제어,"Wait up to 30 minutes to see if the temperature is under 18 degrees; if not, turn the warehouse lights up to 80 percent.","온도가 18도 아래로 내려가는지 최대 30분 기다려 보고, 그래도 아니면 창고 조명 밝기를 80퍼센트까지 올려.",execute,,D10,T3,none,FACT02_Warehouse_Light_1 FACT02_Warehouse_Light_2 FACT02_Warehouse_Light_3 FACT02_Warehouse_Light_4 FACT02_Warehouse_Light_5 FACT02_Warehouse_Light_6 FACT02_Warehouse_Light_7 FACT02_Warehouse_Light_8,
G04577,공장,FACT01,기기제어,"Wait up to 5 minutes to see if nobody is around; if not, turn the line lights up to 100 percent","아무도 없는지 최대 5분 기다려 보고, 그래도 아니면 생산라인 조명 밝기를 100퍼센트까지 올려",refuse,no_occupancy,D10,T3,none,,
G04596,공장,FACT02,기기제어,Check every 10 minutes and switch the light on if the tank is below half,10분마다 확인해서 탱크가 절반 아래면 조명 켜,ask,,D7,T3,none,FACT02_Warehouse_Light_1 FACT02_Warehouse_Light_2 FACT02_Warehouse_Light_3 FACT02_Warehouse_Light_4 FACT02_Warehouse_Light_5 FACT02_Warehouse_Light_6 FACT02_Warehouse_Light_7 FACT02_Warehouse_Light_8 FACT02_Dock_Light_1 FACT02_Dock_Light_2,
G04601,공장,FACT05,기기제어,Check every 30 minutes and make the light amber if the room is too warm,30분마다 확인해서 방이 너무 더우면 조명 호박색으로 해,ask,,D7,T3,none,FACT05_PumpRoom_Light_1 FACT05_PumpRoom_Light_2 FACT05_PumpRoom_Light_3 FACT05_PumpRoom_Light_4 FACT05_PumpRoom_Light_5 FACT05_PumpRoom_Light_6 FACT05_BoilerRoom_Light_1 FACT05_BoilerRoom_Light_2,
G04602,공장,FACT05,기기제어,"Wait up to 10 minutes to see if the washing machine is running; if not, make the pump room lights purple","세탁기가 도는지 최대 10분 기다려 보고, 그래도 아니면 펌프실 조명 보라색으로 해",execute,,D10,T3,none,FACT05_PumpRoom_Light_1 FACT05_PumpRoom_Light_2 FACT05_PumpRoom_Light_3 FACT05_PumpRoom_Light_4 FACT05_PumpRoom_Light_5 FACT05_PumpRoom_Light_6,
G04621,공장,FACT05,기기제어,Check every 30 minutes and turn on the TV if someone is in the room.,30분마다 확인해서 방에 사람이 있으면 TV 켜.,refuse,no_device,D7,T3,none,,
G04624,공장,FACT05,기기제어,"Wait up to 15 minutes to see if the battery is under 20 percent; if not, turn the TV off.","배터리가 20퍼센트 아래로 내려가는지 최대 15분 기다려 보고, 그래도 아니면 TV 꺼.",refuse,no_device,D10,T3,none,,
G04641,공장,FACT03,기기제어,could you toggle the switch every 30 minutes?,30분마다 스위치 껐다 켜 줄 수 있어?,ask,,D7,T3,none,FACT03_ProcessRoom_Light_1 FACT03_ProcessRoom_Light_2 FACT03_ProcessRoom_Light_3 FACT03_ProcessRoom_Light_4 FACT03_ProcessRoom_Light_5 FACT03_ProcessRoom_Light_6 FACT03_ProcessRoom_Siren_1,
G04673,공장,FACT03,기기제어,Check every 15 minutes and lock the door lock if the battery is under 20 percent,15분마다 확인해서 배터리가 20퍼센트 아래면 도어락 잠가,refuse,no_device,D7,T3,none,,
G04675,공장,FACT04,기기제어,"Wait up to 5 minutes to see if the room is too warm; if not, make sure the door lock is locked.","방이 더워지는지 최대 5분 기다려 보고, 그래도 아니면 도어락 잠겼는지 봐 줘.",refuse,no_device,D10,T3,none,,
G04676,공장,FACT03,기기제어,Check every 30 minutes and lock the door lock if the room is too warm,30분마다 확인해서 방이 너무 더우면 도어락 잠가,refuse,no_device,D7,T3,none,,
G04704,공장,FACT04,기기제어,"Repeat this 3 times: toggle the machine shop switch, then wait 30 minutes",기계실 스위치 껐다 켜 주고 30분 쉬는 걸 3번 반복해,execute,,D8,T3,none,FACT04_MachineShop_Light_1 FACT04_MachineShop_Light_2 FACT04_MachineShop_Light_3 FACT04_MachineShop_Light_4 FACT04_MachineShop_Light_5 FACT04_MachineShop_Light_6,
G04711,공장,FACT03,기기제어,please toggle the process room switch every 10 minutes for the next 4 hours.,앞으로 4시간 동안 10분마다 공정실 스위치 껐다 켜 주세요.,execute,,D8,T3,none,FACT03_ProcessRoom_Light_1 FACT03_ProcessRoom_Light_2 FACT03_ProcessRoom_Light_3 FACT03_ProcessRoom_Light_4 FACT03_ProcessRoom_Light_5 FACT03_ProcessRoom_Light_6 FACT03_ProcessRoom_Siren_1,
G04738,공장,FACT02,기기제어,"Wait up to 10 minutes to see if the tank is below half; if not, open the garage door.","탱크가 절반 아래로 내려가는지 최대 10분 기다려 보고, 그래도 아니면 차고문 열어.",ask,,D10,T3,none,FACT02_Dock_GarageDoor_1 FACT02_Dock_GarageDoor_2 FACT02_Dock_GarageDoor_3 FACT02_Dock_GarageDoor_4,
G04745,공장,FACT04,기기제어,I'd like you to toggle all the switches every 15 minutes until the battery is under 20 percent.,배터리가 20퍼센트 아래로 내려갈 때까지 15분마다 모든 스위치 껐다 켜 줬으면 해.,execute,,D8,T3,none,FACT04_MachineShop_Light_1 FACT04_MachineShop_Light_2 FACT04_MachineShop_Light_3 FACT04_MachineShop_Light_4 FACT04_MachineShop_Light_5 FACT04_MachineShop_Light_6,
G04779,공장,FACT03,기기제어,please start a countdown for 15 minutes every 20 minutes until the tank is below half.,탱크가 절반 아래로 내려갈 때까지 20분마다 15분 카운트다운 시작해 주세요.,refuse,no_service,D8,T3,none,,
G04804,공장,FACT02,기기제어,"Repeat this 6 times: start a countdown for 30 minutes, then wait 5 minutes",30분 카운트다운 시작해 주고 5분 쉬는 걸 6번 반복해,refuse,no_service,D8,T3,none,,
G04820,공장,FACT03,기기제어,could you run the fan for 20 minutes every 30 minutes for the next 6 hours?,앞으로 6시간 동안 30분마다 선풍기를 20분 동안 돌려 줄 수 있어?,refuse,no_device,D8,T3,none,,
G04826,공장,FACT04,기기제어,Check every 5 minutes and toggle the machine shop switch if the window is open.,5분마다 확인해서 창문이 열려 있으면 기계실 스위치 껐다 켜.,execute,,D7,T3,none,FACT04_MachineShop_Light_1 FACT04_MachineShop_Light_2 FACT04_MachineShop_Light_3 FACT04_MachineShop_Light_4 FACT04_MachineShop_Light_5 FACT04_MachineShop_Light_6,
G04843,공장,FACT02,기기제어,Check every 5 minutes and turn on the plug if the tank is below half.,5분마다 확인해서 탱크가 절반 아래면 플러그 켜.,refuse,no_device,D7,T3,none,,
G04845,공장,FACT05,기기제어,Check every 5 minutes and set the boiler room lights brightness to 70 percent if someone is in the room,5분마다 확인해서 방에 사람이 있으면 보일러실 조명 밝기를 70퍼센트로 맞춰,refuse,no_occupancy,D7,T3,none,,
G04847,공장,FACT02,기기제어,"Wait up to 20 minutes to see if the humidity is over 60 percent; if not, put the lights on.","습도가 60퍼센트를 넘는지 최대 20분 기다려 보고, 그래도 아니면 조명 전부 켜.",execute,,D10,T3,none,FACT02_Warehouse_Light_1 FACT02_Warehouse_Light_2 FACT02_Warehouse_Light_3 FACT02_Warehouse_Light_4 FACT02_Warehouse_Light_5 FACT02_Warehouse_Light_6 FACT02_Warehouse_Light_7 FACT02_Warehouse_Light_8 FACT02_Dock_Light_1 FACT02_Dock_Light_2,
G04863,공장,FACT01,기기제어,"When the scene button is pressed, count how many times it happens and switch the line lights to the focus scene once it passes 5",씬 버튼이 눌릴 때 그 횟수를 세다가 5번을 넘으면 생산라인 조명 집중 모드로 바꿔,execute,,D12,T4,none,FACT01_Line_Light_1 FACT01_Line_Light_2 FACT01_Line_Light_3 FACT01_Line_Light_4 FACT01_Line_Light_5 FACT01_Line_Light_6,
G04880,공장,FACT01,알림예약,"Wait until the room is too warm, then give me a heads-up every 30 minutes for 4 hours.",방이 더워질 때까지 기다렸다가 4시간 동안 30분마다 꼭 알려 줘.,execute,,D13,T4,calendar,,Speaker.Speak
G04897,공장,FACT03,알림예약,"Give me a heads-up every 20 minutes while the window is open, and stop after 2 hours","창문이 열려 있는 동안 20분마다 꼭 알려 주고, 2시간 뒤에는 멈춰",execute,,D13,T4,none,,Speaker.Speak
G04926,공장,FACT02,알림예약,"could you push me an alert every 15 minutes while it is dark outside, and stop after 5 hours?","바깥이 어두운 동안 15분마다 알림 띄워 주고, 5시간 뒤에는 멈춰 줄 수 있어?",execute,,D13,T4,none,,Speaker.Speak
G04929,공장,FACT02,기기제어,"When the switch turns on, count how many times it happens and turn off the lights once it passes 2.",스위치가 켜질 때 그 횟수를 세다가 2번을 넘으면 조명 전부 꺼.,execute,,D12,T4,none,FACT02_Warehouse_Light_1 FACT02_Warehouse_Light_2 FACT02_Warehouse_Light_3 FACT02_Warehouse_Light_4 FACT02_Warehouse_Light_5 FACT02_Warehouse_Light_6 FACT02_Warehouse_Light_7 FACT02_Warehouse_Light_8 FACT02_Dock_Light_1 FACT02_Dock_Light_2,
G04932,공장,FACT03,기기제어,"Set off all the sirens every 30 minutes while it is dark outside, and stop after 2 hours.","바깥이 어두운 동안 30분마다 모든 사이렌 울려 주고, 2시간 뒤에는 멈춰.",execute,,D13,T4,none,FACT03_ProcessRoom_Siren_1,
G04933,공장,FACT01,기기제어,"Stop all the conveyors every 5 minutes while the battery is under 20 percent, and stop after 3 hours.","배터리가 20퍼센트 아래인 동안 5분마다 모든 컨베이어 멈춰 주고, 3시간 뒤에는 멈춰.",execute,,D13,T4,none,FACT01_Line_ConveyorBelt_1 FACT01_Line_ConveyorBelt_2 FACT01_Line_ConveyorBelt_3,
G04934,공장,FACT03,기기제어,"When the machine reports it is done, count how many times it happens and turn the process room status light red once it passes 2",설비가 끝났다고 알릴 때 그 횟수를 세다가 2번을 넘으면 공정실 상태등 빨간색으로 바꿔,execute,,D12,T4,none,FACT03_ProcessRoom_StatusLight_1 FACT03_ProcessRoom_StatusLight_2,
G04935,공장,FACT01,기기제어,"can you shut the valve right away every 10 minutes while nobody is around, and stop after 2 hours?","아무도 없는 동안 10분마다 밸브 당장 닫아 주고, 2시간 뒤에는 멈춰 줄래?",refuse,no_device,D13,T4,none,,
G04936,공장,FACT01,알림예약,"When power draw goes over 800 watts, count how many times it happens and send me a notification once it passes 4",전력 사용이 800와트를 넘을 때 그 횟수를 세다가 4번을 넘으면 알림 보내 줘,execute,,D12,T4,none,,Speaker.Speak
G04937,공장,FACT02,알림예약,"could you announce it every 15 minutes while the window is open, and stop after 6 hours?","창문이 열려 있는 동안 15분마다 방송해 주고, 6시간 뒤에는 멈춰 줄 수 있어?",execute,,D13,T4,none,,Speaker.Speak
G04938,공장,FACT04,알림예약,"please let me know every 5 minutes while the temperature is under 18 degrees, and stop after 3 hours.","온도가 18도 아래인 동안 5분마다 알려 주고, 3시간 뒤에는 멈춰 주세요.",execute,,D13,T4,none,,Speaker.Speak
G04939,공장,FACT01,상태조회,"If vibration goes over 100, if it is higher than it was an hour ago, push me an alert.",진동이 100을 넘을 때 그게 한 시간 전보다 높으면 알림 띄워 줘.,execute,,D11,T4,none,,Speaker.Speak
G04940,공장,FACT04,상태조회,"If vibration goes over 1000, compare it with yesterday at the same time and let me know if it went up.",진동이 1000을 넘을 때 그게 어제 같은 시각보다 올랐으면 알려 줘.,execute,,D11,T4,none,,Speaker.Speak
G04941,공장,FACT05,상태조회,"If vibration goes over 50, if it is higher than it was an hour ago, show it on the screen",진동이 50을 넘을 때 그게 한 시간 전보다 높으면 화면에 띄워 줘,execute,,D11,T4,none,,Display.ShowMessage
G04942,공장,FACT01,상태조회,"If vibration goes over 200, compare it with yesterday at the same time and tell me about it if it went up",진동이 200을 넘을 때 그게 어제 같은 시각보다 올랐으면 알려 줘,execute,,D11,T4,none,,Speaker.Speak
G04943,공장,FACT04,상태조회,"If vibration goes over 500, if it is higher than it was an hour ago, push me an alert",진동이 500을 넘을 때 그게 한 시간 전보다 높으면 알림 띄워 줘,execute,,D11,T4,none,,Speaker.Speak
G04977,공장,FACT03,알림예약,"Wait until the tank is below half, then ping me when the packer 2 finishes every 30 minutes for 6 hours",탱크가 절반 아래로 내려갈 때까지 기다렸다가 6시간 동안 30분마다 2번 포장기 끝나면 알려 줘,execute,,D13,T4,none,,Speaker.Speak
G04988,공장,FACT01,기기제어,"could you take a snapshot with the line camera every 15 minutes while the door is open, and stop after 5 hours?","문이 열려 있는 동안 15분마다 생산라인 카메라로 사진 찍어 주고, 5시간 뒤에는 멈춰 줄 수 있어?",execute,,D13,T4,none,FACT01_Line_Camera_1 FACT01_Line_Camera_2,
G04993,공장,FACT02,기기제어,"could you say it out loud on the speaker every 20 minutes while the window is open, and stop after 5 hours?","창문이 열려 있는 동안 20분마다 스피커로 소리 내서 알려 주고, 5시간 뒤에는 멈춰 줄 수 있어?",ask,,D13,T4,none,FACT02_Warehouse_Speaker_1 FACT02_Warehouse_Speaker_2,
G04994,공장,FACT02,기기제어,"Wait until it is dark outside, then run the fan for 5 minutes every 30 minutes for 3 hours.",바깥이 어두워질 때까지 기다렸다가 3시간 동안 30분마다 선풍기를 5분 동안 돌려.,refuse,no_device,D13,T4,none,,
U0239,공장,FACT01,기기제어,Turn on the production line lights.,생산라인 조명 켜 줘.,execute,,D1,T0,none,FACT01_Line_Light_1 FACT01_Line_Light_2 FACT01_Line_Light_3 FACT01_Line_Light_4 FACT01_Line_Light_5 FACT01_Line_Light_6,
U0240,공장,FACT02,기기제어,Turn off the warehouse lights.,창고 조명 꺼 줘.,execute,,D1,T0,none,FACT02_Warehouse_Light_1 FACT02_Warehouse_Light_2 FACT02_Warehouse_Light_3 FACT02_Warehouse_Light_4 FACT02_Warehouse_Light_5 FACT02_Warehouse_Light_6 FACT02_Warehouse_Light_7 FACT02_Warehouse_Light_8,
U0241,공장,FACT05,기기제어,Turn off all the lights in the plant.,공장 전체 불 꺼 줘.,execute,,D1,T0,none,FACT05_BoilerRoom_Light_1 FACT05_BoilerRoom_Light_2 FACT05_PumpRoom_Light_1 FACT05_PumpRoom_Light_2 FACT05_PumpRoom_Light_3 FACT05_PumpRoom_Light_4 FACT05_PumpRoom_Light_5 FACT05_PumpRoom_Light_6,
U0242,공장,FACT01,기기제어,Power up the line 2 machine.,라인 2 설비 전원 켜 줘.,execute,,D1,T0,none,FACT01_Line_ProductionMachine_2,
U0243,공장,FACT03,기기제어,Shut down the process room machines.,공정실 설비 꺼 줘.,execute,,D1,T0,none,FACT03_ProcessRoom_ProductionMachine_1 FACT03_ProcessRoom_ProductionMachine_2,
U0244,공장,FACT01,기기제어,Start the line 1 conveyor.,라인 1 컨베이어 시작해 줘.,execute,,D1,T0,none,FACT01_Line_ConveyorBelt_1,
U0245,공장,FACT03,기기제어,Stop the conveyor.,컨베이어 멈춰 줘.,ask,,D1,T0,none,FACT03_ProcessRoom_ConveyorBelt_1 FACT03_ProcessRoom_ConveyorBelt_2 FACT03_ProcessRoom_ConveyorBelt_3,
U0246,공장,FACT03,기기제어,Start the coolant pump.,냉각수 펌프 켜 줘.,execute,,D1,T0,none,FACT03_Utility_Pump_1,
U0247,공장,FACT05,기기제어,Stop pump 3.,3번 펌프 꺼 줘.,execute,,D1,T0,none,FACT05_PumpRoom_Pump_3,
U0248,공장,FACT05,기기제어,Close valve 1 in the pump room.,펌프실 1번 밸브 닫아 줘.,execute,,D1,T0,none,FACT05_PumpRoom_Valve_1,
U0249,공장,FACT03,기기제어,Open the process room valves.,공정실 밸브 열어 줘.,execute,,D1,T0,none,FACT03_ProcessRoom_Valve_1 FACT03_ProcessRoom_Valve_2 FACT03_ProcessRoom_Valve_3,
U0250,공장,FACT04,기기제어,Turn on the workshop ventilators.,작업장 환풍기 켜 줘.,execute,,D1,T0,none,FACT04_MachineShop_Ventilator_1 FACT04_MachineShop_Ventilator_2,
U0251,공장,FACT04,기기제어,Turn off the workshop air conditioner.,작업장 에어컨 꺼 줘.,refuse,no_device,D1,T0,none,,
U0252,공장,FACT05,기기제어,Turn off the sirens.,사이렌 꺼 줘.,execute,,D1,T0,none,FACT05_BoilerRoom_Siren_1 FACT05_BoilerRoom_Siren_2,
U0253,공장,FACT02,기기제어,Turn on the dock cameras.,하역장 카메라 켜 줘.,execute,,D1,T0,none,FACT02_Dock_Camera_1 FACT02_Dock_Camera_2,
U0254,공장,FACT02,기기제어,Set the warehouse lights to 70 percent.,창고 조명 밝기 70퍼센트로 해 줘.,execute,,D1,T0,none,FACT02_Warehouse_Light_1 FACT02_Warehouse_Light_2 FACT02_Warehouse_Light_3 FACT02_Warehouse_Light_4 FACT02_Warehouse_Light_5 FACT02_Warehouse_Light_6 FACT02_Warehouse_Light_7 FACT02_Warehouse_Light_8,
U0255,공장,FACT01,기기제어,Brighten the line lights to full.,라인 조명 최대 밝기로 해 줘.,execute,,D1,T0,none,FACT01_Line_Light_1 FACT01_Line_Light_2 FACT01_Line_Light_3 FACT01_Line_Light_4 FACT01_Line_Light_5 FACT01_Line_Light_6,
U0256,공장,FACT01,기기제어,Set the line status lights to green.,라인 상태등을 초록색으로 바꿔 줘.,execute,,D1,T0,none,FACT01_Line_StatusLight_1 FACT01_Line_StatusLight_2 FACT01_Line_StatusLight_3,
U0258,공장,FACT04,기기제어,Set the workshop to 24 degrees.,작업장 온도 24도로 맞춰 줘.,refuse,no_device,D1,T0,none,,
U0259,공장,FACT04,기기제어,Set the ventilators to high.,환풍기 세기를 강으로 바꿔 줘.,execute,,D1,T0,none,FACT04_MachineShop_Ventilator_1 FACT04_MachineShop_Ventilator_2,
U0260,공장,FACT04,기기제어,Set the compressor to the standard pressure.,공기압축기 압력을 기준값으로 맞춰 줘.,ask,,D1,T0,none,FACT04_Utility_AirCompressor_1 FACT04_Utility_AirCompressor_2,
U0261,공장,FACT05,기기제어,Open the valve halfway.,밸브를 절반만 열어 줘.,refuse,no_service,D1,T0,none,,
U0262,공장,FACT04,상태조회,What is the temperature in the workshop?,작업장 온도 어때?,execute,,D1,T0,none,FACT04_MachineShop_TemperatureSensor_1 FACT04_MachineShop_TemperatureSensor_2 FACT04_MachineShop_TemperatureSensor_3 FACT04_MachineShop_TemperatureSensor_4,Speaker.Speak
U0263,공장,FACT05,상태조회,Is the air okay in the boiler room?,보일러실 공기 괜찮아?,execute,,D1,T0,none,FACT05_BoilerRoom_GasSensor_1 FACT05_BoilerRoom_GasSensor_2 FACT05_BoilerRoom_GasSensor_3,Speaker.Speak
U0264,공장,FACT02,상태조회,What is the humidity in the warehouse?,창고 습도 몇이야?,execute,,D1,T0,none,FACT02_Warehouse_HumiditySensor_1 FACT02_Warehouse_HumiditySensor_2,Speaker.Speak
U0265,공장,FACT01,상태조회,Is the line 1 conveyor running?,라인 1 컨베이어 작동 중이야?,execute,,D1,T0,none,FACT01_Line_ConveyorBelt_1,Speaker.Speak
U0266,공장,FACT01,상태조회,What is the status of the line 2 machine?,라인 2 설비 상태 알려 줘.,execute,,D1,T0,none,FACT01_Line_ProductionMachine_2,Speaker.Speak
U0267,공장,FACT01,상태조회,Is the compressor tank pressure in the normal range?,공기압축기 탱크 압력 정상 범위야?,execute,,D1,T0,none,FACT01_Utility_AirCompressor_1,Speaker.Speak
U0268,공장,FACT05,상태조회,Has any gas been detected?,가스 감지됐어?,execute,,D1,T0,none,FACT05_BoilerRoom_GasSensor_1 FACT05_BoilerRoom_GasSensor_2 FACT05_BoilerRoom_GasSensor_3,Speaker.Speak
U0269,공장,FACT05,상태조회,Is there a leak anywhere?,누수 감지된 곳 있어?,execute,,D1,T0,none,FACT05_PumpRoom_LeakSensor_1 FACT05_PumpRoom_LeakSensor_2,Speaker.Speak
U0270,공장,FACT01,상태조회,Was the emergency stop pressed?,비상 정지 버튼 눌렸어?,execute,,D1,T0,none,FACT01_Line_EmergencyStop_1 FACT01_Line_EmergencyStop_2,Speaker.Speak
U0272,공장,FACT01,상태조회,Is the plant power draw high right now?,공장 전력 사용량이 높아?,execute,,D1,T0,none,FACT01_Utility_EnergyMeter_1 FACT01_Utility_EnergyMeter_2,Speaker.Speak
U0274,공장,FACT05,상태조회,How many pressure spikes were there today?,오늘 압력 이상이 몇 번 있었어?,refuse,no_service,D1,T0,none,,
U0275,공장,FACT05,상태조회,Summarize the past week's power usage.,지난 일주일 전력 사용량 요약해 줘.,refuse,no_service,D1,T0,none,,
U0283,공장,FACT03,기기제어,"If the humidity gets high, turn on the dehumidifier.",습도가 높으면 제습기 켜 줘.,refuse,no_device,D1,T0,none,,
U0295,공장,FACT01,기기제어,Switch the plant to power-saving mode at quitting time.,매일 퇴근 시간에 공장을 절전 모드로 바꿔 줘.,ask,,D1,T0,none,,
U0297,공장,FACT01,기기제어,Turn off the lights 5 minutes after the work is done.,작업 끝나고 5분 뒤에 조명 꺼 줘.,ask,,D1,T0,none,FACT01_Line_Light_1 FACT01_Line_Light_2 FACT01_Line_Light_3 FACT01_Line_Light_4 FACT01_Line_Light_5 FACT01_Line_Light_6,
U0300,공장,FACT01,기기제어,Run the work-start mode.,작업 시작 모드 실행해 줘.,ask,,D1,T0,none,,
U0301,공장,FACT01,기기제어,Switch to the end-of-work mode.,작업 종료 모드로 바꿔 줘.,ask,,D1,T0,none,,
U0302,공장,FACT01,기기제어,Turn on the maintenance mode.,설비 점검 모드 켜 줘.,ask,,D1,T0,none,,
U0303,공장,FACT01,기기제어,Switch to night operation mode.,야간 운영 모드로 바꿔 줘.,ask,,D1,T0,none,,
U0309,공장,FACT01,알림예약,"In an emergency, send a KakaoTalk message to the person on duty.",긴급 상황이면 담당자에게 카톡 보내 줘.,ask,,D1,T0,none,,
U0311,공장,FACT05,상태조회,Email me today's machine fault log.,오늘 설비 이상 기록을 메일로 보내 줘.,refuse,no_service,D1,T0,none,,
U0312,공장,FACT05,기기제어,Email the manager a snapshot from the camera.,카메라 사진을 관리자에게 이메일로 보내 줘.,ask,,D1,T0,none,,
U0322,공장,FACT01,기기제어,"If something looks wrong, record a 10-second clip.",이상 감지되면 10초 녹화해 줘.,ask,,D1,T0,none,FACT01_Line_Camera_1 FACT01_Line_Camera_2,
U0323,공장,FACT01,상태조회,How is the production line doing today?,오늘 생산라인 상태 어때?,ask,,D1,T0,none,,
U0324,공장,FACT01,상태조회,Is any machine having problems right now?,지금 문제 있는 설비 있어?,ask,,D1,T0,none,,
U0325,공장,FACT02,외부정보,Is today's humidity going to affect production?,오늘 습도가 생산에 영향 있어?,ask,,D1,T0,weather,,
U0326,공장,FACT01,외부정보,Is there a maintenance visit scheduled today?,오늘 점검 일정 있어?,execute,,D1,T0,calendar,,Speaker.Speak
U0327,공장,FACT01,상태조회,Give me a rundown of the plant right now.,조이야 지금 공장 상태 요약해 줘.,ask,,D1,T0,none,,
U0328,공장,FACT01,기기제어,Stop the line.,라인 멈춰 줘.,ask,,D1,T0,none,FACT01_Line_ConveyorBelt_1 FACT01_Line_ConveyorBelt_2 FACT01_Line_ConveyorBelt_3 FACT01_Line_ProductionMachine_1 FACT01_Line_ProductionMachine_2 FACT01_Line_ProductionMachine_3,
U0329,공장,FACT04,기기제어,Turn off the machine.,설비 꺼 줘.,ask,,D1,T0,none,FACT04_MachineShop_ProductionMachine_1 FACT04_MachineShop_ProductionMachine_2 FACT04_MachineShop_ProductionMachine_3 FACT04_MachineShop_ProductionMachine_4,
U0330,공장,FACT01,알림예약,Make the plant safe.,공장을 안전하게 해 줘.,ask,,D1,T0,none,,
U0331,공장,FACT01,기기제어,Get the line into good shape.,라인 상태를 좋게 만들어 줘.,ask,,D1,T0,none,,
U0332,공장,FACT01,알림예약,Report to the manager.,관리자에게 보고해 줘.,ask,,D1,T0,none,,
U0333,공장,FACT01,알림예약,Push an alert.,알림 보내 줘.,ask,,D1,T0,none,,
U0334,공장,FACT01,기기제어,Stop the line 4 conveyor.,라인 4 컨베이어 멈춰 줘.,refuse,no_device,D1,T0,none,,
U0335,공장,FACT01,기기제어,Close the gas valve.,가스 밸브 닫아 줘.,refuse,no_device,D1,T0,none,,
U0336,공장,FACT04,기기제어,Slow the plug down to 50 percent.,플러그 속도를 50퍼센트로 낮춰 줘.,refuse,no_service,D1,T0,none,,
U0257,공장,FACT01,기기제어,"If a machine reports an error, turn the status lights red.",설비 이상이면 상태등을 빨간색으로 바꿔 줘.,execute,,D4,T1,none,FACT01_Line_StatusLight_1 FACT01_Line_StatusLight_2 FACT01_Line_StatusLight_3,
U0276,공장,FACT01,알림예약,"If a conveyor stops, let me know.",컨베이어가 멈추면 알려 줘.,execute,,D4,T1,none,,Speaker.Speak
U0277,공장,FACT03,기기제어,"When a machine goes into an error state, turn the status lights red.",설비 이상이 감지되면 라인 상태등을 빨간색으로 바꿔 줘.,execute,,D4,T1,none,FACT03_ProcessRoom_StatusLight_1 FACT03_ProcessRoom_StatusLight_2,
U0278,공장,FACT04,기기제어,"If the machines overheat, shut them down.",장비가 과열되면 전원을 꺼 줘.,execute,,D4,T1,none,FACT04_MachineShop_ProductionMachine_1 FACT04_MachineShop_ProductionMachine_2 FACT04_MachineShop_ProductionMachine_3 FACT04_MachineShop_ProductionMachine_4,
U0279,공장,FACT01,기기제어,"If someone crosses the safety barrier, stop the conveyors.",작업자가 위험 구역에 들어가면 컨베이어 멈춰 줘.,execute,,D4,T1,none,FACT01_Line_ConveyorBelt_1 FACT01_Line_ConveyorBelt_2 FACT01_Line_ConveyorBelt_3,
U0280,공장,FACT04,기기제어,"If someone gets close, stop the robot arms.",사람이 가까이 오면 로봇팔을 정지해 줘.,execute,,D4,T1,none,FACT04_MachineShop_ArmRobot_1 FACT04_MachineShop_ArmRobot_2,
U0281,공장,FACT02,기기제어,"If motion is detected in the warehouse, take a snapshot.",창고에 움직임이 감지되면 사진 찍어 줘.,execute,,D4,T1,none,FACT02_Warehouse_Camera_1 FACT02_Warehouse_Camera_2 FACT02_Warehouse_Camera_3 FACT02_Warehouse_Camera_4,
U0282,공장,FACT02,기기제어,"If the temperature goes above 35, turn on the ventilators.",온도가 35도 넘으면 환풍기 켜 줘.,execute,,D4,T1,none,FACT02_Warehouse_Ventilator_1 FACT02_Warehouse_Ventilator_2 FACT02_Warehouse_Ventilator_3,
U0284,공장,FACT05,기기제어,"If gas is detected, close the valves and warn me.",가스가 감지되면 밸브 닫고 경고해 줘.,execute,,D4,T1,none,FACT05_PumpRoom_Valve_1 FACT05_PumpRoom_Valve_2 FACT05_PumpRoom_Valve_3 FACT05_PumpRoom_Valve_4 FACT05_PumpRoom_Valve_5 FACT05_PumpRoom_Valve_6 FACT05_PumpRoom_Valve_7 FACT05_PumpRoom_Valve_8,Speaker.Speak
U0285,공장,FACT05,기기제어,"If a leak is detected, stop the pumps.",누수가 감지되면 펌프를 멈춰 줘.,execute,,D4,T1,none,FACT05_PumpRoom_Pump_1 FACT05_PumpRoom_Pump_2 FACT05_PumpRoom_Pump_3 FACT05_PumpRoom_Pump_4 FACT05_PumpRoom_Pump_5 FACT05_PumpRoom_Pump_6,
U0286,공장,FACT05,기기제어,"If the pressure goes above 8 bar, open valve 1.",압력이 8바 넘으면 1번 밸브 열어 줘.,execute,,D4,T1,none,FACT05_PumpRoom_Valve_1,
U0287,공장,FACT05,기기제어,"If the tank level drops below half, start pump 1.",수위가 절반 아래로 떨어지면 1번 펌프 켜 줘.,execute,,D4,T1,none,FACT05_PumpRoom_Pump_1,
U0288,공장,FACT01,알림예약,"If the power draw spikes, let me know.",전력 사용량이 높으면 알려 줘.,execute,,D4,T1,none,,Speaker.Speak
U0289,공장,FACT01,기기제어,"If the machine power draw spikes, stop the line.",설비 전력 사용량이 급증하면 라인을 멈춰 줘.,execute,,D4,T1,none,FACT01_Line_ConveyorBelt_1 FACT01_Line_ConveyorBelt_2 FACT01_Line_ConveyorBelt_3 FACT01_Line_ProductionMachine_1 FACT01_Line_ProductionMachine_2 FACT01_Line_ProductionMachine_3,
U0290,공장,FACT01,기기제어,Turn off the line lights at 6 pm.,오후 6시에 생산라인 조명 꺼 줘.,execute,,D6,T1,none,FACT01_Line_Light_1 FACT01_Line_Light_2 FACT01_Line_Light_3 FACT01_Line_Light_4 FACT01_Line_Light_5 FACT01_Line_Light_6,
U0291,공장,FACT02,기기제어,Turn on the ventilators at 8 am.,오전 8시에 환풍기 켜 줘.,execute,,D6,T1,none,FACT02_Warehouse_Ventilator_1 FACT02_Warehouse_Ventilator_2 FACT02_Warehouse_Ventilator_3,
U0292,공장,FACT03,기기제어,Stop the conveyors at lunchtime.,점심시간에 컨베이어를 멈춰 줘.,execute,,D6,T1,none,FACT03_ProcessRoom_ConveyorBelt_1 FACT03_ProcessRoom_ConveyorBelt_2 FACT03_ProcessRoom_ConveyorBelt_3,
U0293,공장,FACT04,알림예약,Send a machine-check reminder every morning.,매일 아침 설비 점검 알림 보내 줘.,execute,,D6,T1,none,,Speaker.Speak
U0294,공장,FACT02,기기제어,Turn off all the warehouse lights every Friday evening.,매주 금요일 저녁에 창고 조명 전체 꺼 줘.,execute,,D6,T1,none,FACT02_Warehouse_Light_1 FACT02_Warehouse_Light_2 FACT02_Warehouse_Light_3 FACT02_Warehouse_Light_4 FACT02_Warehouse_Light_5 FACT02_Warehouse_Light_6 FACT02_Warehouse_Light_7 FACT02_Warehouse_Light_8,
U0304,공장,FACT05,알림예약,"If the pressure gets high, put an alert on the dashboard.",압력이 높으면 대시보드에 알림 띄워 줘.,execute,,D4,T1,none,,Display.ShowMessage
U0305,공장,FACT04,알림예약,"If a machine goes wrong, warn me on the screen.",설비 이상이 생기면 화면에 경고해 줘.,execute,,D4,T1,none,,Display.ShowMessage
U0306,공장,FACT05,기기제어,"If gas is detected, announce an evacuation on the speakers.",가스 감지되면 현장 스피커로 대피 안내해 줘.,execute,,D4,T1,none,FACT05_PumpRoom_Speaker_1 FACT05_PumpRoom_Speaker_2,
U0307,공장,FACT01,기기제어,"At 8:50 every morning, announce that work starts in 10 minutes.",매일 아침 8시 50분에 10분 뒤에 작업 시작한다고 방송해 줘.,execute,,D6,T1,none,FACT01_Line_Speaker_1 FACT01_Line_Speaker_2,
U0308,공장,FACT04,알림예약,"If a machine reports an error, text the manager.",설비 이상이 감지되면 관리자에게 문자 보내 줘.,ask,,D4,T1,none,,
U0310,공장,FACT01,알림예약,"If the line stops, send a Slack message.",라인 정지되면 슬랙으로 알려 줘.,execute,,D4,T1,none,,MessageSender.SendSlack
U0315,공장,FACT03,알림예약,"If someone enters the danger zone, warn everyone.",사람이 위험 구역에 들어가면 경고해 줘.,execute,,D4,T1,none,,Speaker.Speak
U0316,공장,FACT01,기기제어,"If someone is in the danger zone, stop the robot arms.",위험 구역에 사람이 있으면 로봇팔 멈춰 줘.,execute,,D4,T1,none,FACT01_Line_ArmRobot_1 FACT01_Line_ArmRobot_2,
U0317,공장,FACT02,기기제어,"If smoke is detected, sound the plant-wide alarm.",연기 감지되면 전체 경보 울려 줘.,execute,,D4,T1,none,FACT02_Warehouse_Siren_1,Speaker.Speak
U0318,공장,FACT05,기기제어,"If gas is detected, close the valves and announce an evacuation.",가스 감지되면 밸브 닫고 대피 방송해 줘.,execute,,D4,T1,none,FACT05_PumpRoom_Valve_1 FACT05_PumpRoom_Valve_2 FACT05_PumpRoom_Valve_3 FACT05_PumpRoom_Valve_4 FACT05_PumpRoom_Valve_5 FACT05_PumpRoom_Valve_6 FACT05_PumpRoom_Valve_7 FACT05_PumpRoom_Valve_8 FACT05_PumpRoom_Speaker_1 FACT05_PumpRoom_Speaker_2,
U0319,공장,FACT05,기기제어,"If water leaks, stop the pumps and let me know.",물이 새면 펌프 멈추고 알려 줘.,execute,,D4,T1,none,FACT05_PumpRoom_Pump_1 FACT05_PumpRoom_Pump_2 FACT05_PumpRoom_Pump_3 FACT05_PumpRoom_Pump_4 FACT05_PumpRoom_Pump_5 FACT05_PumpRoom_Pump_6,Speaker.Speak
U0320,공장,FACT01,기기제어,"If the emergency stop is pressed, halt the entire line.",비상 정지 버튼이 눌리면 라인 전체 멈춰 줘.,execute,,D4,T1,none,FACT01_Line_ConveyorBelt_1 FACT01_Line_ConveyorBelt_2 FACT01_Line_ConveyorBelt_3 FACT01_Line_ProductionMachine_1 FACT01_Line_ProductionMachine_2 FACT01_Line_ProductionMachine_3,
U0321,공장,FACT01,기기제어,"If a worker is at risk of getting caught, stop the robot arm.",작업자가 끼일 위험이 있으면 로봇팔 정지해 줘.,execute,,D4,T1,none,FACT01_Line_ArmRobot_1 FACT01_Line_ArmRobot_2,
U0296,공장,FACT05,기기제어,Turn off the ventilators in 10 minutes.,10분 뒤에 환풍기 꺼 줘.,execute,,D2,T2,none,FACT05_BoilerRoom_Ventilator_1 FACT05_BoilerRoom_Ventilator_2 FACT05_BoilerRoom_Ventilator_3,
U0298,공장,FACT03,기기제어,Run the ventilators for 30 minutes.,30분 동안 환풍기 켜둬.,execute,,D2,T2,none,FACT03_ProcessRoom_Ventilator_1 FACT03_ProcessRoom_Ventilator_2 FACT03_ProcessRoom_Ventilator_3,
U0299,공장,FACT03,기기제어,Run the cooling pump for 2 hours.,2시간 동안 냉각 펌프 돌려 줘.,execute,,D2,T2,none,FACT03_Utility_Pump_1,
U0313,공장,FACT05,알림예약,"While the pressure stays high, alert me every 5 minutes.",압력이 계속 높으면 5분마다 알려 줘.,execute,,D9,T3,none,,Speaker.Speak
U0314,공장,FACT05,기기제어,"While gas keeps being detected, keep the alarm going.",가스 감지가 계속되면 반복해서 경고해 줘.,execute,,D9,T3,none,FACT05_BoilerRoom_Siren_1 FACT05_BoilerRoom_Siren_2,
U0271,공장,FACT05,상태조회,How much power has the plant used today?,오늘 공장 전력 사용량 알려 줘.,execute,,D12,T4,none,FACT05_Utility_EnergyMeter_1 FACT05_Utility_EnergyMeter_2 FACT05_Utility_EnergyMeter_3 FACT05_Utility_EnergyMeter_4 FACT05_Utility_EnergyMeter_5 FACT05_Utility_EnergyMeter_6,Speaker.Speak
U0273,공장,FACT01,상태조회,How did the line temperature change over the last hour?,지난 1시간 라인 온도 변화 알려 줘.,execute,,D11,T4,none,FACT01_Line_TemperatureSensor_1 FACT01_Line_TemperatureSensor_2 FACT01_Line_TemperatureSensor_3,Speaker.Speak
