id,domain,space_id,intent,command,command_ko,expect,why,d,tier,context,targets,target_svc
G00001,농장,FARM01,기기제어,Light up the lights.,조명 켜.,refuse,no_device,D1,T0,none,,
G00002,농장,FARM04,기기제어,please switch the lights on.,조명 좀 켜 줘.,refuse,no_device,D1,T0,none,,
G00003,농장,FARM01,기기제어,can you get the lights on?,조명 켜 줄래?,refuse,no_device,D1,T0,none,,
G00004,농장,FARM04,기기제어,I'd like you to turn on the lights.,조명 켜 줬으면 해.,refuse,no_device,D1,T0,none,,
G00005,농장,FARM01,기기제어,could you put the lights on?,조명 켜 줄 수 있어?,refuse,no_device,D1,T0,none,,
G00006,농장,FARM01,기기제어,Light up the lights,조명 켜,refuse,no_device,D1,T0,none,,
G00007,농장,FARM01,기기제어,Switch the lights on.,조명 켜.,refuse,no_device,D1,T0,none,,
G00008,농장,FARM01,기기제어,It is too dark in here,여기 너무 어두워,ask,,D1,T0,none,FARM01_Greenhouse_GrowLight_1 FARM01_Greenhouse_GrowLight_2 FARM01_Greenhouse_GrowLight_3 FARM01_Greenhouse_GrowLight_4 FARM01_Greenhouse_WindowCovering_1 FARM01_Greenhouse_WindowCovering_2 FARM01_Greenhouse_WindowCovering_3,
G00009,농장,FARM01,기기제어,can you turn on the lights?,조명 켜 줄래?,refuse,no_device,D1,T0,none,,
G00010,농장,FARM04,기기제어,I'd like you to put the lights on.,조명 켜 줬으면 해.,refuse,no_device,D1,T0,none,,
G00011,농장,FARM04,기기제어,could you light up the lights?,조명 켜 줄 수 있어?,refuse,no_device,D1,T0,none,,
G00012,농장,FARM04,기기제어,Switch the lights on,조명 켜,refuse,no_device,D1,T0,none,,
G00013,농장,FARM04,기기제어,Get the lights on.,조명 켜.,refuse,no_device,D1,T0,none,,
G00042,농장,FARM03,기기제어,can you switch the field lights on?,밭 조명 켜 줄래?,execute,,D1,T0,none,FARM03_Field_Light_1 FARM03_Field_Light_2,
G00045,농장,FARM03,기기제어,I cannot see anything,아무것도 안 보여,execute,,D1,T0,none,FARM03_Field_Light_1 FARM03_Field_Light_2,
G00061,농장,FARM02,기기제어,Turn on the barn 4 light,축사 4 조명 켜,execute,,D1,T0,none,FARM02_Barn_Light_4,
G00092,농장,FARM02,기기제어,please switch the barn 1 light on.,축사 1 조명 좀 켜 줘.,execute,,D1,T0,none,FARM02_Barn_Light_1,
G00099,농장,FARM04,기기제어,can you bring the lights down to 15 percent?,조명 밝기를 15퍼센트까지 낮춰 줄래?,refuse,no_device,D1,T0,none,,
G00100,농장,FARM01,기기제어,can you tone it down a bit?,좀 낮춰 줄래?,ask,,D1,T0,none,FARM01_Greenhouse_GrowLight_1 FARM01_Greenhouse_GrowLight_2 FARM01_Greenhouse_GrowLight_3 FARM01_Greenhouse_GrowLight_4 FARM01_Greenhouse_WindowCovering_1 FARM01_Greenhouse_WindowCovering_2 FARM01_Greenhouse_WindowCovering_3,
G00101,농장,FARM04,기기제어,could you dim the lights to 20 percent?,조명 밝기를 20퍼센트로 낮춰 줄 수 있어?,refuse,no_device,D1,T0,none,,
G00102,농장,FARM04,기기제어,Turn the lights up to 90 percent,조명 밝기를 90퍼센트까지 올려,refuse,no_device,D1,T0,none,,
G00103,농장,FARM04,기기제어,Bring the lights down to 5 percent.,조명 밝기를 5퍼센트까지 낮춰.,refuse,no_device,D1,T0,none,,
G00104,농장,FARM04,기기제어,please set the lights brightness to 80 percent.,조명 밝기를 80퍼센트로 맞춰 주세요.,refuse,no_device,D1,T0,none,,
G00108,농장,FARM02,기기제어,Light up the light,조명 켜,ask,,D1,T0,none,FARM02_Barn_Light_1 FARM02_Barn_Light_2 FARM02_Barn_Light_3 FARM02_Barn_Light_4,
G00119,농장,FARM03,기기제어,could you bring the field lights down to 10 percent?,밭 조명 밝기를 10퍼센트까지 낮춰 줄 수 있어?,execute,,D1,T0,none,FARM03_Field_Light_1 FARM03_Field_Light_2,
G00135,농장,FARM03,기기제어,Bring the field lights down to 5 percent,밭 조명 밝기를 5퍼센트까지 낮춰,execute,,D1,T0,none,FARM03_Field_Light_1 FARM03_Field_Light_2,
G00139,농장,FARM02,기기제어,please turn on the barn lights.,축사 조명 켜 주세요.,execute,,D1,T0,none,FARM02_Barn_Light_1 FARM02_Barn_Light_2 FARM02_Barn_Light_3 FARM02_Barn_Light_4,
G00143,농장,FARM03,기기제어,Dim the field lights to 20 percent.,밭 조명 밝기를 20퍼센트로 낮춰.,execute,,D1,T0,none,FARM03_Field_Light_1 FARM03_Field_Light_2,
G00173,농장,FARM03,기기제어,can you bring the field lights down to 30 percent?,밭 조명 밝기를 30퍼센트까지 낮춰 줄래?,execute,,D1,T0,none,FARM03_Field_Light_1 FARM03_Field_Light_2,
G00181,농장,FARM03,기기제어,Turn on the field lights.,밭 조명 켜.,execute,,D1,T0,none,FARM03_Field_Light_1 FARM03_Field_Light_2,
G00192,농장,FARM01,기기제어,can you change the lights to blue?,조명 파란색으로 바꿔 줄래?,refuse,no_device,D1,T0,none,,
G00193,농장,FARM01,기기제어,I'd like you to set a calmer tone.,차분한 톤으로 맞춰 줬으면 해.,refuse,no_device,D1,T0,none,,
G00194,농장,FARM04,기기제어,could you set the lights to blue?,조명 파란색으로 바꿔 줄 수 있어?,refuse,no_device,D1,T0,none,,
G00195,농장,FARM01,기기제어,Turn the lights red,조명 빨간색으로 켜,refuse,no_device,D1,T0,none,,
G00196,농장,FARM04,기기제어,Change the lights to pink.,조명 분홍색으로 바꿔.,refuse,no_device,D1,T0,none,,
G00197,농장,FARM04,기기제어,please make the lights amber.,조명 호박색으로 좀 해 줘.,refuse,no_device,D1,T0,none,,
G00198,농장,FARM04,기기제어,can you set the lights to daylight white?,조명 주광색으로 바꿔 줄래?,refuse,no_device,D1,T0,none,,
G00199,농장,FARM04,기기제어,I'd like you to turn the lights red.,조명 빨간색으로 켜 줬으면 해.,refuse,no_device,D1,T0,none,,
G00200,농장,FARM01,기기제어,could you change the lights to orange?,조명 주황색으로 바꿔 줄 수 있어?,refuse,no_device,D1,T0,none,,
G00201,농장,FARM01,기기제어,Make the lights warm white,조명 전구색으로 해,refuse,no_device,D1,T0,none,,
G00202,농장,FARM04,기기제어,Give this room some color.,방에 색 좀 넣어 줘.,refuse,no_device,D1,T0,none,,
G00203,농장,FARM04,기기제어,please turn the lights pink.,조명 분홍색으로 좀 켜 줘.,refuse,no_device,D1,T0,none,,
G00204,농장,FARM04,기기제어,can you change the lights to orange?,조명 주황색으로 바꿔 줄래?,refuse,no_device,D1,T0,none,,
G00220,농장,FARM03,기기제어,This white light is harsh.,이 흰 불빛이 눈부셔.,execute,,D1,T0,none,FARM03_Field_Light_1 FARM03_Field_Light_2,
G00234,농장,FARM03,기기제어,Change the lights to red,조명 전부 빨간색으로 바꿔,execute,,D1,T0,none,FARM03_Field_Light_1 FARM03_Field_Light_2,
G00240,농장,FARM02,기기제어,could you switch all the lights on?,모든 조명 켜 줄 수 있어?,execute,,D1,T0,none,FARM02_Barn_Light_1 FARM02_Barn_Light_2 FARM02_Barn_Light_3 FARM02_Barn_Light_4,
G00252,농장,FARM03,기기제어,can you make the lights green?,조명 전부 초록색으로 해 줄래?,execute,,D1,T0,none,FARM03_Field_Light_1 FARM03_Field_Light_2,
G00264,농장,FARM02,기기제어,Set the lights to red,조명 전부 빨간색으로 바꿔,execute,,D1,T0,none,FARM02_Barn_Light_1 FARM02_Barn_Light_2 FARM02_Barn_Light_3 FARM02_Barn_Light_4,
G00350,농장,FARM01,기기제어,could you brighten this place up?,여기 좀 밝게 해 줄 수 있어?,ask,,D1,T0,none,FARM01_Greenhouse_GrowLight_1 FARM01_Greenhouse_GrowLight_2 FARM01_Greenhouse_GrowLight_3 FARM01_Greenhouse_GrowLight_4 FARM01_Greenhouse_WindowCovering_1 FARM01_Greenhouse_WindowCovering_2 FARM01_Greenhouse_WindowCovering_3,
G00351,농장,FARM01,기기제어,Turn on the lights.,조명 켜.,refuse,no_device,D1,T0,none,,
G00352,농장,FARM04,기기제어,Put the lights on.,조명 켜.,refuse,no_device,D1,T0,none,,
G00358,농장,FARM03,기기제어,can you get the field lights on?,밭 조명 켜 줄래?,execute,,D1,T0,none,FARM03_Field_Light_1 FARM03_Field_Light_2,
G00378,농장,FARM02,기기제어,Nothing needs to be on right now,지금은 아무것도 안 켜져 있어도 돼,ask,,D1,T0,none,FARM02_Barn_Fan_1 FARM02_Barn_Fan_2 FARM02_Barn_Fan_3 FARM02_Barn_Fan_4 FARM02_Barn_Heater_1 FARM02_Barn_Light_1 FARM02_Barn_Light_2 FARM02_Barn_Light_3 FARM02_Barn_Light_4 FARM02_Barn_Siren_1 FARM02_Barn_Ventilator_1 FARM02_Barn_Ventilator_2 FARM02_Barn_Ventilator_3 FARM02_Barn_Ventilator_4,
G00389,농장,FARM03,기기제어,could you light up the field lights?,밭 조명 켜 줄 수 있어?,execute,,D1,T0,none,FARM03_Field_Light_1 FARM03_Field_Light_2,
G00395,농장,FARM02,상태조회,can you send me barn temperature?,축사 온도 보내 줄래?,execute,,D1,T0,none,,Speaker.Speak
G00401,농장,FARM04,상태조회,can you send me the entrance temperature?,현관 온도 보내 줄래?,execute,,D1,T0,none,,Speaker.Speak
G00412,농장,FARM01,상태조회,please send me the utility temperature.,다용도실 온도 좀 보내 줘.,execute,,D1,T0,none,,Speaker.Speak
G00428,농장,FARM02,상태조회,Send me the outdoor temperature.,실외 온도 보내 줘.,execute,,D1,T0,none,,Speaker.Speak
G00434,농장,FARM04,상태조회,Send me the entrance temperature.,현관 온도 보내 줘.,execute,,D1,T0,none,,Speaker.Speak
G00438,농장,FARM01,상태조회,Send me the outdoor temperature,실외 온도 보내 줘,execute,,D1,T0,none,,Speaker.Speak
G00446,농장,FARM03,기기제어,Lower the blinds to 20 percent.,블라인드 20퍼센트까지 내려.,refuse,no_device,D1,T0,none,,
G00453,농장,FARM01,기기제어,please open the blind.,블라인드 열어 주세요.,ask,,D1,T0,none,FARM01_Greenhouse_WindowCovering_1 FARM01_Greenhouse_WindowCovering_2 FARM01_Greenhouse_WindowCovering_3,
G00464,농장,FARM01,기기제어,can you raise the blinds?,블라인드 전부 올려 줄래?,execute,,D1,T0,none,FARM01_Greenhouse_WindowCovering_1 FARM01_Greenhouse_WindowCovering_2 FARM01_Greenhouse_WindowCovering_3,
G00479,농장,FARM01,기기제어,Give me some privacy.,안 보이게 가려 줘.,ask,,D1,T0,none,FARM01_Greenhouse_Valve_1 FARM01_Greenhouse_Valve_2 FARM01_Greenhouse_Valve_3 FARM01_Greenhouse_WindowCovering_1 FARM01_Greenhouse_WindowCovering_2 FARM01_Greenhouse_WindowCovering_3,
G00490,농장,FARM01,기기제어,please close all the blinds.,모든 블라인드 좀 닫아 줘.,execute,,D1,T0,none,FARM01_Greenhouse_WindowCovering_1 FARM01_Greenhouse_WindowCovering_2 FARM01_Greenhouse_WindowCovering_3,
G00492,농장,FARM01,기기제어,please close the greenhouse 3 shade screen.,3번 하우스 차광막 닫아 주세요.,execute,,D1,T0,none,FARM01_Greenhouse_WindowCovering_3,
G00493,농장,FARM01,기기제어,Open all the blinds.,모든 블라인드 열어.,execute,,D1,T0,none,FARM01_Greenhouse_WindowCovering_1 FARM01_Greenhouse_WindowCovering_2 FARM01_Greenhouse_WindowCovering_3,
G00495,농장,FARM01,기기제어,please lower all the blinds to 70 percent.,모든 블라인드 70퍼센트까지 좀 내려 줘.,execute,,D1,T0,none,FARM01_Greenhouse_WindowCovering_1 FARM01_Greenhouse_WindowCovering_2 FARM01_Greenhouse_WindowCovering_3,
G00531,농장,FARM04,기기제어,please lock all the door locks.,모든 도어락 좀 잠가 줘.,execute,,D1,T0,none,FARM04_Entrance_DoorLock_1,
G00545,농장,FARM02,기기제어,Set the fan to high,선풍기 세게 틀어,ask,,D1,T0,none,FARM02_Barn_Fan_1 FARM02_Barn_Fan_2 FARM02_Barn_Fan_3 FARM02_Barn_Fan_4,
G00552,농장,FARM02,기기제어,Turn on the barn fan.,축사 선풍기 켜.,execute,,D1,T0,none,FARM02_Barn_Fan_1 FARM02_Barn_Fan_2 FARM02_Barn_Fan_3 FARM02_Barn_Fan_4,
G00579,농장,FARM02,기기제어,could you turn the barn fan off?,축사 선풍기 꺼 줄 수 있어?,execute,,D1,T0,none,FARM02_Barn_Fan_1 FARM02_Barn_Fan_2 FARM02_Barn_Fan_3 FARM02_Barn_Fan_4,
G00594,농장,FARM03,상태조회,Tell me if the door sensor is open.,문열림 센서 열려 있는지 알려 줘.,refuse,no_context,D1,T0,none,,
G00595,농장,FARM04,상태조회,could you tell me if the door sensor is open?,문열림 센서 열려 있는지 알려 줄 수 있어?,execute,,D1,T0,none,FARM04_Entrance_ContactSensor_1,Speaker.Speak
G00598,농장,FARM04,상태조회,can you tell me if the door sensor is open?,문열림 센서 열려 있는지 알려 줄래?,execute,,D1,T0,none,FARM04_Entrance_ContactSensor_1,Speaker.Speak
G00600,농장,FARM04,상태조회,could you did I leave anything on?,뭐 켜 놓고 나온 거 있어 줄 수 있어?,ask,,D1,T0,none,FARM04_GrowRoom_Camera_1 FARM04_GrowRoom_Camera_2 FARM04_System_GlobalVariable FARM04_System_WeatherProvider,Speaker.Speak
G00609,농장,FARM03,상태조회,How are things in here,여기 상태 어때,ask,,D1,T0,none,FARM03_Field_Camera_1 FARM03_Field_Camera_2 FARM03_Outdoor_WeatherProvider_1 FARM03_System_GlobalVariable FARM03_System_WeatherProvider,NotificationProvider.SendToast
G00617,농장,FARM04,상태조회,What is the temperature in the grow room,재배실 온도 몇 도야?,execute,,D1,T0,none,FARM04_GrowRoom_TemperatureSensor_1 FARM04_GrowRoom_TemperatureSensor_2 FARM04_GrowRoom_TemperatureSensor_3 FARM04_GrowRoom_TemperatureSensor_4 FARM04_GrowRoom_TemperatureSensor_5 FARM04_GrowRoom_TemperatureSensor_6,Speaker.Speak
G00622,농장,FARM04,기기제어,could you toggle the switch?,스위치 껐다 켜 줄 수 있어?,ask,,D1,T0,none,FARM04_GrowRoom_GrowLight_1 FARM04_GrowRoom_GrowLight_2 FARM04_GrowRoom_GrowLight_3 FARM04_GrowRoom_GrowLight_4 FARM04_GrowRoom_GrowLight_5 FARM04_GrowRoom_GrowLight_6 FARM04_GrowRoom_GrowLight_7 FARM04_GrowRoom_GrowLight_8 FARM04_GrowRoom_GrowLight_9 FARM04_GrowRoom_GrowLight_10 FARM04_GrowRoom_GrowLight_11 FARM04_GrowRoom_GrowLight_12 FARM04_GrowRoom_GrowLight_13 FARM04_GrowRoom_GrowLight_14 FARM04_GrowRoom_GrowLight_15 FARM04_GrowRoom_GrowLight_16 FARM04_GrowRoom_GrowLight_17 FARM04_GrowRoom_GrowLight_18 FARM04_GrowRoom_AirConditioner_1 FARM04_GrowRoom_AirConditioner_2 FARM04_GrowRoom_Dehumidifier_1,
G00632,농장,FARM03,기기제어,I'd like you to turn off all the switches.,모든 스위치 꺼 줬으면 해.,execute,,D1,T0,none,FARM03_Field_Light_1 FARM03_Field_Light_2 FARM03_Field_Siren_1,
G00644,농장,FARM04,기기제어,could you switch the tier 2 grow light 5 on?,2단 보광등 5 켜 줄 수 있어?,execute,,D1,T0,none,FARM04_GrowRoom_GrowLight_11,
G00649,농장,FARM02,기기제어,I'd like you to turn off the barn 4 circulation fan.,축사 4 순환팬 꺼 줬으면 해.,execute,,D1,T0,none,FARM02_Barn_Fan_4,
G00650,농장,FARM04,기기제어,Turn on the tier 1 grow light 4,1단 보광등 4 켜,execute,,D1,T0,none,FARM04_GrowRoom_GrowLight_4,
G00656,농장,FARM03,기기제어,Run the vacuum in the outdoor.,로봇청소기로 실외 청소해.,refuse,no_device,D1,T0,none,,
G00714,농장,FARM03,기기제어,please start a countdown for 3 minutes.,3분 카운트다운 시작해 주세요.,refuse,no_service,D1,T0,none,,
G00724,농장,FARM04,기기제어,please set a 15 minute timer.,15분 타이머 맞춰 주세요.,refuse,no_service,D1,T0,none,,
G00731,농장,FARM02,기기제어,Set a 45 minute timer.,45분 타이머 맞춰 줘.,refuse,no_service,D1,T0,none,,
G00746,농장,FARM01,기기제어,Shut the garage door,차고문 닫아,refuse,no_device,D1,T0,none,,
G00770,농장,FARM04,기기제어,I'd like you to kill the lights.,조명 꺼 줬으면 해.,refuse,no_device,D1,T0,none,,
G00771,농장,FARM01,기기제어,could you shut the lights off?,조명 꺼 줄 수 있어?,refuse,no_device,D1,T0,none,,
G00772,농장,FARM04,기기제어,Switch the lights off,조명 꺼,refuse,no_device,D1,T0,none,,
G00792,농장,FARM02,기기제어,please set the humidifier to 40 percent.,가습기 40퍼센트로 좀 맞춰 줘.,execute,,D1,T0,none,FARM02_Barn_Humidifier_1,
G00795,농장,FARM03,기기제어,could you set the humidifier to 45 percent?,가습기 45퍼센트로 맞춰 줄 수 있어?,execute,,D1,T0,none,FARM03_Utility_Humidifier_1,
G00799,농장,FARM02,기기제어,could you set the humidifier to 55 percent?,가습기 55퍼센트로 맞춰 줄 수 있어?,execute,,D1,T0,none,FARM02_Barn_Humidifier_1,
G00801,농장,FARM03,기기제어,please turn on the humidifier.,가습기 좀 켜 줘.,execute,,D1,T0,none,FARM03_Utility_Humidifier_1,
G00802,농장,FARM03,기기제어,please set the humidifier to 45 percent.,가습기 45퍼센트로 맞춰 주세요.,execute,,D1,T0,none,FARM03_Utility_Humidifier_1,
G00804,농장,FARM03,기기제어,can you set the humidifier to 55 percent?,가습기 55퍼센트로 맞춰 줄래?,execute,,D1,T0,none,FARM03_Utility_Humidifier_1,
G00850,농장,FARM04,기기제어,Stop recording on the grow room camera,재배실 카메라 녹화 멈춰,execute,,D1,T0,none,FARM04_GrowRoom_Camera_1 FARM04_GrowRoom_Camera_2,
G00857,농장,FARM03,기기제어,Start recording on the field camera.,밭 카메라 녹화 시작해.,execute,,D1,T0,none,FARM03_Field_Camera_1 FARM03_Field_Camera_2,
G00877,농장,FARM01,기기제어,I'd like you to make it dark.,어둡게 해 줬으면 해.,ask,,D1,T0,none,FARM01_Greenhouse_GrowLight_1 FARM01_Greenhouse_GrowLight_2 FARM01_Greenhouse_GrowLight_3 FARM01_Greenhouse_GrowLight_4 FARM01_Greenhouse_WindowCovering_1 FARM01_Greenhouse_WindowCovering_2 FARM01_Greenhouse_WindowCovering_3,
G00886,농장,FARM02,기기제어,please run the fan for 30 minutes.,선풍기를 30분 동안 좀 돌려 줘.,ask,,D1,T0,none,FARM02_Barn_Fan_1 FARM02_Barn_Fan_2 FARM02_Barn_Fan_3 FARM02_Barn_Fan_4,
G00890,농장,FARM02,기기제어,Switch the barn switch on,축사 스위치 켜,execute,,D1,T0,none,FARM02_Barn_Light_1 FARM02_Barn_Light_2 FARM02_Barn_Light_3 FARM02_Barn_Light_4 FARM02_Barn_Fan_1 FARM02_Barn_Fan_2 FARM02_Barn_Fan_3 FARM02_Barn_Fan_4 FARM02_Barn_Siren_1,
G00893,농장,FARM02,기기제어,can you switch the barn switch on?,축사 스위치 켜 줄래?,execute,,D1,T0,none,FARM02_Barn_Light_1 FARM02_Barn_Light_2 FARM02_Barn_Light_3 FARM02_Barn_Light_4 FARM02_Barn_Fan_1 FARM02_Barn_Fan_2 FARM02_Barn_Fan_3 FARM02_Barn_Fan_4 FARM02_Barn_Siren_1,
G00915,농장,FARM01,기기제어,please make the lights warm white.,조명 전구색으로 해 주세요.,refuse,no_device,D1,T0,none,,
G00919,농장,FARM02,기기제어,Put the barn 2 light on,축사 2 조명 켜,execute,,D1,T0,none,FARM02_Barn_Light_2,
G00926,농장,FARM02,기기제어,Turn on the barn switch.,축사 스위치 켜.,execute,,D1,T0,none,FARM02_Barn_Light_1 FARM02_Barn_Light_2 FARM02_Barn_Light_3 FARM02_Barn_Light_4 FARM02_Barn_Fan_1 FARM02_Barn_Fan_2 FARM02_Barn_Fan_3 FARM02_Barn_Fan_4 FARM02_Barn_Siren_1,
G00927,농장,FARM04,기기제어,I'd like you to turn the lights up to 70 percent.,조명 밝기를 70퍼센트까지 올려 줬으면 해.,refuse,no_device,D1,T0,none,,
G00935,농장,FARM04,기기제어,could you set the lights to the morning scene?,조명 아침 모드로 해 줄 수 있어?,refuse,no_device,D1,T0,none,,
G00939,농장,FARM03,기기제어,can you set the lights to the away scene?,조명 외출 모드로 해 줄래?,execute,,D1,T0,none,FARM03_Field_Light_1 FARM03_Field_Light_2,
G00945,농장,FARM04,기기제어,I'd like you to lock the door lock.,도어락 잠가 줬으면 해.,execute,,D1,T0,none,FARM04_Entrance_DoorLock_1,
G00978,농장,FARM01,기기제어,could you get the lights on?,조명 켜 줄 수 있어?,refuse,no_device,D1,T0,none,,
G00988,농장,FARM03,기기제어,could you turn it down a bit?,소리 좀 줄여 줄 수 있어?,refuse,no_device,D1,T0,none,,
G01001,농장,FARM01,기기제어,can you make the lights red?,조명 빨간색으로 해 줄래?,refuse,no_device,D1,T0,none,,
G01016,농장,FARM03,기기제어,Set the mood softer.,분위기 좀 부드럽게 해 줘.,execute,,D1,T0,none,FARM03_Field_Light_1 FARM03_Field_Light_2,
G01024,농장,FARM02,기기제어,Make the barn 3 light daylight white,축사 3 조명 주광색으로 해,execute,,D1,T0,none,FARM02_Barn_Light_3,
G01038,농장,FARM02,기기제어,please kill the barn 2 light.,축사 2 조명 꺼 주세요.,execute,,D1,T0,none,FARM02_Barn_Light_2,
G01055,농장,FARM01,기기제어,Raise the blinds,블라인드 전부 올려,execute,,D1,T0,none,FARM01_Greenhouse_WindowCovering_1 FARM01_Greenhouse_WindowCovering_2 FARM01_Greenhouse_WindowCovering_3,
G01120,농장,FARM01,기기제어,could you start the greenhouse sprinkler?,온실 스프링클러 켜 줄 수 있어?,execute,,D1,T0,none,FARM01_Greenhouse_Sprinkler_1 FARM01_Greenhouse_Sprinkler_2 FARM01_Greenhouse_Sprinkler_3,
G01121,농장,FARM03,기기제어,I'd like you to run the sprinkler for 3 minutes.,스프링클러를 3분 동안 돌려 줬으면 해.,ask,,D1,T0,none,FARM03_Field_Sprinkler_1 FARM03_Field_Sprinkler_2 FARM03_Field_Sprinkler_3 FARM03_Field_Sprinkler_4,
G01143,농장,FARM03,기기제어,Put the field lights into morning mode.,밭 조명 아침 모드로 해.,execute,,D1,T0,none,FARM03_Field_Light_1 FARM03_Field_Light_2,
G01151,농장,FARM03,기기제어,Switch the bird deterrent on,조수 퇴치기 켜,execute,,D1,T0,none,FARM03_Field_Siren_1,
G01152,농장,FARM01,기기제어,Run the greenhouse sprinkler for 45 minutes.,온실 스프링클러를 45분 동안 돌려.,execute,,D1,T0,none,FARM01_Greenhouse_Sprinkler_1 FARM01_Greenhouse_Sprinkler_2 FARM01_Greenhouse_Sprinkler_3,
G01180,농장,FARM01,기기제어,can you play a chime on the greenhouse speaker?,온실 스피커로 알림음 울려 줄래?,execute,,D1,T0,none,FARM01_Greenhouse_Speaker_1,
G01190,농장,FARM04,기기제어,could you lower the blinds to 10 percent?,블라인드 10퍼센트까지 내려 줄 수 있어?,refuse,no_device,D1,T0,none,,
G01220,농장,FARM03,기기제어,please let me see what is going on.,지금 상황 좀 보여 주세요.,execute,,D1,T0,none,FARM03_Field_Camera_1 FARM03_Field_Camera_2,
G01236,농장,FARM02,기기제어,please set the barn 1 light brightness to 90 percent.,축사 1 조명 밝기를 90퍼센트로 좀 맞춰 줘.,execute,,D1,T0,none,FARM02_Barn_Light_1,
G01262,농장,FARM03,기기제어,please toggle the bird deterrent.,조수 퇴치기 껐다 켜 주세요.,execute,,D1,T0,none,FARM03_Field_Siren_1,
G01263,농장,FARM03,기기제어,I'd like you to run the zone 1 sprinkler for 30 minutes.,구역 1 스프링클러를 30분 동안 돌려 줬으면 해.,execute,,D1,T0,none,FARM03_Field_Sprinkler_1,
G01264,농장,FARM01,기기제어,could you toggle the greenhouse 1 grow light?,1번 하우스 보광등 껐다 켜 줄 수 있어?,execute,,D1,T0,none,FARM01_Greenhouse_GrowLight_1,
G01273,농장,FARM02,기기제어,please set all the lights brightness to 30 percent.,모든 조명 밝기를 30퍼센트로 좀 맞춰 줘.,execute,,D1,T0,none,FARM02_Barn_Light_1 FARM02_Barn_Light_2 FARM02_Barn_Light_3 FARM02_Barn_Light_4,
G01279,농장,FARM02,기기제어,can you switch the lights off?,조명 전부 꺼 줄래?,execute,,D1,T0,none,FARM02_Barn_Light_1 FARM02_Barn_Light_2 FARM02_Barn_Light_3 FARM02_Barn_Light_4,
G01283,농장,FARM04,기기제어,can you set the lights to the party scene with a single press of the button?,버튼을 한 번 누르면 조명 파티 모드로 해 줄래?,refuse,no_device,D4,T1,none,,
G01284,농장,FARM01,기기제어,I'd like you to get this place ready for guests with one tap on the wall switch.,벽 스위치를 한 번 누르면 손님 맞을 준비해 줬으면 해.,refuse,no_device,D4,T1,none,,
G01285,농장,FARM01,기기제어,could you put the lights into relax mode when I press the button?,내가 버튼을 누르면 조명 휴식 모드로 해 줄 수 있어?,refuse,no_device,D4,T1,none,,
G01286,농장,FARM01,기기제어,Switch the lights to the morning scene when I double-press the button,버튼이 연속 두 번 눌리면 조명 아침 모드로 바꿔,refuse,no_device,D4,T1,none,,
G01287,농장,FARM01,기기제어,"When the scene button is pressed, set the lights to the morning scene.",씬 버튼이 눌리면 조명 아침 모드로 해.,refuse,no_device,D4,T1,none,,
G01373,농장,FARM04,기기제어,please set the lights brightness to 40 percent with one tap on the wall switch.,벽 스위치를 한 번 누르면 조명 밝기를 40퍼센트로 좀 맞춰 줘.,refuse,no_device,D4,T1,none,,
G01374,농장,FARM04,기기제어,can you dim the lights to 15 percent when I press the button?,내가 버튼을 누르면 조명 밝기를 15퍼센트로 낮춰 줄래?,refuse,no_device,D4,T1,none,,
G01375,농장,FARM01,기기제어,I'd like you to turn the lights up to 90 percent when I double-press the button.,버튼이 연속 두 번 눌리면 조명 밝기를 90퍼센트까지 올려 줬으면 해.,refuse,no_device,D4,T1,none,,
G01376,농장,FARM01,기기제어,could you bring the lights down to 25 percent when the scene button is pressed?,씬 버튼이 눌리면 조명 밝기를 25퍼센트까지 낮춰 줄 수 있어?,refuse,no_device,D4,T1,none,,
G01377,농장,FARM01,기기제어,Tone it down a bit with a single press of the button,버튼을 한 번 누르면 좀 낮춰 줘,ask,,D4,T1,none,FARM01_Greenhouse_GrowLight_1 FARM01_Greenhouse_GrowLight_2 FARM01_Greenhouse_GrowLight_3 FARM01_Greenhouse_GrowLight_4 FARM01_Greenhouse_WindowCovering_1 FARM01_Greenhouse_WindowCovering_2 FARM01_Greenhouse_WindowCovering_3,
G01378,농장,FARM01,기기제어,"With one tap on the wall switch, dim the lights to 20 percent.",벽 스위치를 한 번 누르면 조명 밝기를 20퍼센트로 낮춰.,refuse,no_device,D4,T1,none,,
G01379,농장,FARM04,기기제어,please turn the lights up to 75 percent when I press the button.,내가 버튼을 누르면 조명 밝기를 75퍼센트까지 올려 주세요.,refuse,no_device,D4,T1,none,,
G01380,농장,FARM01,기기제어,can you bring the lights down to 25 percent when I double-press the button?,버튼이 연속 두 번 눌리면 조명 밝기를 25퍼센트까지 낮춰 줄래?,refuse,no_device,D4,T1,none,,
G01432,농장,FARM01,기기제어,Give me some light to read by around sundown.,해 질 무렵 책 읽을 만큼 불 좀 줘.,ask,,D4,T1,sun,FARM01_Greenhouse_GrowLight_1 FARM01_Greenhouse_GrowLight_2 FARM01_Greenhouse_GrowLight_3 FARM01_Greenhouse_GrowLight_4 FARM01_Greenhouse_WindowCovering_1 FARM01_Greenhouse_WindowCovering_2 FARM01_Greenhouse_WindowCovering_3,
G01433,농장,FARM04,기기제어,I'd like you to get the lights on around sundown.,해 질 무렵 조명 켜 줬으면 해.,refuse,no_device,D4,T1,sun,,
G01434,농장,FARM04,기기제어,could you turn on the lights around sundown?,해 질 무렵 조명 켜 줄 수 있어?,refuse,no_device,D4,T1,sun,,
G01435,농장,FARM01,기기제어,Put the lights on around sundown,해 질 무렵 조명 켜,refuse,no_device,D4,T1,sun,,
G01436,농장,FARM01,기기제어,"Around sundown, light up the lights.",해 질 무렵 조명 켜.,refuse,no_device,D4,T1,sun,,
G01437,농장,FARM01,기기제어,please switch the lights on around sundown.,해 질 무렵 조명 켜 주세요.,refuse,no_device,D4,T1,sun,,
G01438,농장,FARM01,기기제어,can you get the lights on around sundown?,해 질 무렵 조명 켜 줄래?,refuse,no_device,D4,T1,sun,,
G01439,농장,FARM01,기기제어,I'd like you to turn on the lights around sundown.,해 질 무렵 조명 켜 줬으면 해.,refuse,no_device,D4,T1,sun,,
G01449,농장,FARM02,기기제어,please turn on the barn lights around sundown.,해 질 무렵 축사 조명 좀 켜 줘.,execute,,D4,T1,sun,FARM02_Barn_Light_1 FARM02_Barn_Light_2 FARM02_Barn_Light_3 FARM02_Barn_Light_4,
G01453,농장,FARM03,기기제어,"Around sundown, put the field lights on.",해 질 무렵 밭 조명 켜.,execute,,D4,T1,sun,FARM03_Field_Light_1 FARM03_Field_Light_2,
G01484,농장,FARM03,기기제어,can you get the field lights on around sundown?,해 질 무렵 밭 조명 켜 줄래?,execute,,D4,T1,sun,FARM03_Field_Light_1 FARM03_Field_Light_2,
G01504,농장,FARM01,알림예약,please let me know every night at midnight.,매일 자정에 좀 알려 줘.,execute,,D6,T1,none,,Speaker.Speak
G01510,농장,FARM03,알림예약,please tell me about it every night at 11 pm.,매일 밤 11시에 알려 주세요.,execute,,D6,T1,none,,NotificationProvider.SendToast
G01520,농장,FARM02,알림예약,"Every night at 10 pm, send a warning to my phone.",매일 밤 10시에 폰으로 경고 보내 줘.,refuse,no_channel,D6,T1,none,,
G01526,농장,FARM04,알림예약,"Every night at 10 pm, give me a heads-up",매일 밤 10시에 꼭 알려 줘,execute,,D6,T1,none,,Speaker.Speak
G01552,농장,FARM02,알림예약,"Every night at midnight, I want to know when it changes",매일 자정에 상태가 바뀌면 알려 줘,execute,,D6,T1,none,,Speaker.Speak
G01555,농장,FARM04,기기제어,could you put the lights on when I double-press the button?,버튼이 연속 두 번 눌리면 조명 켜 줄 수 있어?,refuse,no_device,D4,T1,none,,
G01556,농장,FARM04,기기제어,Light up the lights when the scene button is pressed,씬 버튼이 눌리면 조명 켜,refuse,no_device,D4,T1,none,,
G01557,농장,FARM04,기기제어,"With a single press of the button, switch the lights on.",버튼을 한 번 누르면 조명 켜.,refuse,no_device,D4,T1,none,,
G01666,농장,FARM02,기기제어,could you turn the barn fan off if the temperature drops below 15 degrees?,온도가 15도 아래로 떨어지면 축사 선풍기 꺼 줄 수 있어?,execute,,D4,T1,none,FARM02_Barn_Fan_1 FARM02_Barn_Fan_2 FARM02_Barn_Fan_3 FARM02_Barn_Fan_4,
G01722,농장,FARM03,알림예약,Give me a heads-up if the outside temperature drops below 10.,바깥 온도가 10도 아래로 떨어지면 꼭 알려 줘.,execute,,D4,T1,weather,,NotificationProvider.SendToast
G01726,농장,FARM04,알림예약,Tell me about it when it gets hot outside,바깥이 더워지면 알려 줘,execute,,D4,T1,weather,,Speaker.Speak
G01728,농장,FARM04,기기제어,I'd like you to turn the lights daylight white when the temperature goes above 35 degrees.,온도가 35도를 넘으면 조명 주광색으로 켜 줬으면 해.,refuse,no_device,D4,T1,none,,
G01729,농장,FARM04,기기제어,could you change the lights to purple if the temperature drops below 0 degrees?,온도가 0도 아래로 떨어지면 조명 보라색으로 바꿔 줄 수 있어?,refuse,no_device,D4,T1,none,,
G01730,농장,FARM01,기기제어,"When the temperature goes above 28 degrees, set the lights to pink.",온도가 28도를 넘으면 조명 분홍색으로 바꿔.,refuse,no_device,D4,T1,none,,
G01759,농장,FARM01,기기제어,can you raise the greenhouse blinds at sunrise?,해 뜰 때 온실 블라인드 올려 줄래?,execute,,D4,T1,sun,FARM01_Greenhouse_WindowCovering_1 FARM01_Greenhouse_WindowCovering_2 FARM01_Greenhouse_WindowCovering_3,
G01813,농장,FARM04,기기제어,"At sunrise, change the lights to daylight white",해 뜰 때 조명 주광색으로 바꿔,refuse,no_device,D4,T1,sun,,
G01814,농장,FARM01,기기제어,please make the lights pink at sunrise.,해 뜰 때 조명 분홍색으로 좀 해 줘.,refuse,no_device,D4,T1,sun,,
G01873,농장,FARM02,알림예약,could you announce it if the temperature drops below 0 degrees?,온도가 0도 아래로 떨어지면 방송해 줄 수 있어?,execute,,D4,T1,none,,Speaker.Speak
G01881,농장,FARM01,알림예약,I'd like you to let me know when the temperature goes above 30 degrees.,온도가 30도를 넘으면 알려 줬으면 해.,execute,,D4,T1,none,,Speaker.Speak
G01885,농장,FARM03,알림예약,I'd like you to tell me about it when the temperature goes above 26 degrees.,온도가 26도를 넘으면 알려 줬으면 해.,execute,,D4,T1,none,,NotificationProvider.SendToast
G01917,농장,FARM03,기기제어,could you turn on the field camera when the motion sensor detects movement?,동작 감지 센서가 움직임을 감지하면 밭 카메라 켜 줄 수 있어?,execute,,D4,T1,none,FARM03_Field_Camera_1 FARM03_Field_Camera_2,
G01925,농장,FARM03,기기제어,could you start recording on the field camera if motion is detected in the utility?,다용도실에서 움직임이 감지되면 밭 카메라 녹화 시작해 줄 수 있어?,execute,,D4,T1,none,FARM03_Field_Camera_1 FARM03_Field_Camera_2,
G01933,농장,FARM03,기기제어,could you change the lights to warm white every night at 11 pm?,매일 밤 11시에 조명 전부 전구색으로 바꿔 줄 수 있어?,execute,,D6,T1,none,FARM03_Field_Light_1 FARM03_Field_Light_2,
G01950,농장,FARM01,기기제어,"When the door closes, change the lights to amber.",문이 닫히면 조명 호박색으로 바꿔.,refuse,no_device,D4,T1,none,,
G01968,농장,FARM04,기기제어,can you set the volume on the TV to 40 when the scene button is pressed?,씬 버튼이 눌리면 TV 볼륨 40으로 맞춰 줄래?,refuse,no_device,D4,T1,none,,
G01992,농장,FARM02,알림예약,Tell me if something is off once the battery is full,배터리가 다 찰 때 뭔가 이상하면 알려 줘,execute,,D4,T1,none,,Speaker.Speak
G01996,농장,FARM02,알림예약,I'd like you to let me know when the battery drops below 60 percent.,배터리가 60퍼센트 아래로 떨어지면 알려 줬으면 해.,execute,,D4,T1,none,,Speaker.Speak
G02000,농장,FARM02,알림예약,Give me a heads-up if any sensor battery is running low,센서 배터리가 얼마 안 남으면 꼭 알려 줘,execute,,D4,T1,none,,Speaker.Speak
G02003,농장,FARM02,알림예약,"If any sensor battery is running low, tell me about it",센서 배터리가 얼마 안 남으면 알려 줘,execute,,D4,T1,none,,Speaker.Speak
G02004,농장,FARM02,알림예약,Push me an alert once the battery is full,배터리가 다 차면 알림 띄워 줘,execute,,D4,T1,none,,Speaker.Speak
G02008,농장,FARM02,알림예약,I'd like you to send me a notification when the battery drops below 65 percent.,배터리가 65퍼센트 아래로 떨어지면 알림 보내 줬으면 해.,execute,,D4,T1,none,,Speaker.Speak
G02049,농장,FARM04,알림예약,Give me a heads-up when the door closes,문이 닫히면 꼭 알려 줘,execute,,D4,T1,none,,Speaker.Speak
G02052,농장,FARM04,알림예약,can you push me an alert when the door sensor says the door is open?,문열림 센서가 문이 열렸다고 알리면 알림 띄워 줄래?,execute,,D4,T1,none,,Speaker.Speak
G02055,농장,FARM04,알림예약,"When the grow room door opens, send me a notification.",재배실 문이 열리면 알림 보내 줘.,execute,,D4,T1,none,,Speaker.Speak
G02062,농장,FARM04,알림예약,can you let me know if a window is left open?,창문이 열린 채로 있으면 알려 줄래?,execute,,D4,T1,none,,Speaker.Speak
G02083,농장,FARM03,기기제어,can you light up all the lights at 5 pm on weekdays?,평일 오후 5시에 모든 조명 켜 줄래?,execute,,D6,T1,none,FARM03_Field_Light_1 FARM03_Field_Light_2,
G02132,농장,FARM04,기기제어,"At 5 pm, turn on the camera.",오후 5시에 카메라 켜.,ask,,D6,T1,none,FARM04_GrowRoom_Camera_1 FARM04_GrowRoom_Camera_2,
G02134,농장,FARM02,기기제어,can you start recording on the camera at 10:30 pm on weekdays?,평일 밤 10시 30분에 카메라 녹화 시작해 줄래?,ask,,D6,T1,none,FARM02_Barn_Camera_1 FARM02_Barn_Camera_2 FARM02_Barn_Camera_3 FARM02_Barn_Camera_4,
G02141,농장,FARM01,기기제어,I'd like you to take a snapshot with the camera at 11 pm.,밤 11시에 카메라로 사진 찍어 줬으면 해.,execute,,D6,T1,none,FARM01_Greenhouse_Camera_1,
G02145,농장,FARM04,기기제어,please record this every day at 10 pm.,매일 밤 10시에 이거 녹화해 주세요.,execute,,D6,T1,none,FARM04_GrowRoom_Camera_1 FARM04_GrowRoom_Camera_2,
G02148,농장,FARM02,기기제어,"When I am close by, light up the barn 4 light",내가 근처에 오면 축사 4 조명 켜,refuse,no_context,D4,T1,phone,,
G02177,농장,FARM01,기기제어,please turn the lights up to 85 percent if the temperature drops below 15 degrees.,온도가 15도 아래로 떨어지면 조명 밝기를 85퍼센트까지 좀 올려 줘.,refuse,no_device,D4,T1,none,,
G02184,농장,FARM04,기기제어,could you deal with the lawn at noon on weekdays?,평일 정오에 잔디 좀 처리해 줄 수 있어?,refuse,no_device,D6,T1,none,,
G02249,농장,FARM04,기기제어,could you start the vacuum every night at midnight?,매일 자정에 로봇청소기 켜 줄 수 있어?,refuse,no_device,D6,T1,none,,
G02268,농장,FARM01,기기제어,can you turn on the greenhouse switch with a single press of the button?,버튼을 한 번 누르면 온실 스위치 켜 줄래?,execute,,D4,T1,none,FARM01_Greenhouse_GrowLight_1 FARM01_Greenhouse_GrowLight_2 FARM01_Greenhouse_GrowLight_3,
G02274,농장,FARM03,기기제어,please turn on the lights if rain is in the forecast.,비 예보가 있으면 조명 전부 좀 켜 줘.,execute,,D4,T1,weather,FARM03_Field_Light_1 FARM03_Field_Light_2,
G02281,농장,FARM04,기기제어,can you put the thermostat on 20 degrees as soon as I arrive?,내가 도착하자마자 온도조절기 20도로 해 줄래?,refuse,no_device,D4,T1,phone,,
G02296,농장,FARM03,기기제어,I'd like you to make the field lights red if the outside temperature drops below 12.,바깥 온도가 12도 아래로 떨어지면 밭 조명 빨간색으로 해 줬으면 해.,execute,,D4,T1,weather,FARM03_Field_Light_1 FARM03_Field_Light_2,
G02340,농장,FARM01,기기제어,please switch the lights off every day at noon.,매일 정오에 조명 꺼 주세요.,refuse,no_device,D6,T1,none,,
G02352,농장,FARM04,기기제어,I'd like you to take a snapshot with the camera when I double-press the button.,버튼이 연속 두 번 눌리면 카메라로 사진 찍어 줬으면 해.,ask,,D4,T1,none,FARM04_GrowRoom_Camera_1 FARM04_GrowRoom_Camera_2,
G02369,농장,FARM01,기기제어,could you make it feel warmer in here when the camera starts recording?,카메라가 녹화를 시작하면 여기 분위기 좀 따뜻하게 해 줄 수 있어?,refuse,no_device,D4,T1,none,,
G02370,농장,FARM02,기기제어,Turn the light blue once the camera goes offline,카메라 연결이 끊기면 조명 파란색으로 켜,ask,,D4,T1,none,FARM02_Barn_Light_1 FARM02_Barn_Light_2 FARM02_Barn_Light_3 FARM02_Barn_Light_4,
G02377,농장,FARM01,알림예약,can you show it on the screen when the camera starts recording?,카메라가 녹화를 시작하면 화면에 띄워 줄래?,refuse,no_channel,D4,T1,none,,
G02380,농장,FARM04,알림예약,"When the camera starts recording, send a warning to my phone",카메라가 녹화를 시작하면 폰으로 경고 보내 줘,refuse,no_channel,D4,T1,none,,
G02416,농장,FARM04,기기제어,can you toggle all the switches every morning at 9 am?,매일 오전 9시에 모든 스위치 껐다 켜 줄래?,execute,,D6,T1,none,FARM04_GrowRoom_GrowLight_1 FARM04_GrowRoom_GrowLight_2 FARM04_GrowRoom_GrowLight_3 FARM04_GrowRoom_GrowLight_4 FARM04_GrowRoom_GrowLight_5 FARM04_GrowRoom_GrowLight_6 FARM04_GrowRoom_GrowLight_7 FARM04_GrowRoom_GrowLight_8 FARM04_GrowRoom_GrowLight_9 FARM04_GrowRoom_GrowLight_10 FARM04_GrowRoom_GrowLight_11 FARM04_GrowRoom_GrowLight_12 FARM04_GrowRoom_GrowLight_13 FARM04_GrowRoom_GrowLight_14 FARM04_GrowRoom_GrowLight_15 FARM04_GrowRoom_GrowLight_16 FARM04_GrowRoom_GrowLight_17 FARM04_GrowRoom_GrowLight_18 FARM04_GrowRoom_AirConditioner_1 FARM04_GrowRoom_AirConditioner_2 FARM04_GrowRoom_Dehumidifier_1,
G02432,농장,FARM01,기기제어,I'd like you to light up the lights when the temperature goes above 24 degrees.,온도가 24도를 넘으면 조명 켜 줬으면 해.,refuse,no_device,D4,T1,none,,
G02437,농장,FARM04,기기제어,could you set the lights to blue as soon as the load is finished?,세탁이 끝나자마자 조명 파란색으로 바꿔 줄 수 있어?,refuse,no_device,D4,T1,none,,
G02444,농장,FARM01,기기제어,Turn on the lights if the camera comes on,카메라가 켜지면 조명 켜,refuse,no_device,D4,T1,none,,
G02460,농장,FARM01,기기제어,can you turn off the lights at sunrise?,해 뜰 때 조명 꺼 줄래?,refuse,no_device,D4,T1,sun,,
G02463,농장,FARM02,기기제어,Switch the barn 2 light off when the sun comes up,해가 뜨면 축사 2 조명 꺼,execute,,D4,T1,sun,FARM02_Barn_Light_2,
G02479,농장,FARM04,기기제어,Make sure the entrance door lock is locked when the door closes,문이 닫히면 현관 도어락 잠겼는지 봐 줘,execute,,D4,T1,none,FARM04_Entrance_DoorLock_1,
G02521,농장,FARM04,알림예약,"At sunrise, give me a heads-up.",해 뜰 때 꼭 알려 줘.,execute,,D4,T1,sun,,Speaker.Speak
G02530,농장,FARM02,기기제어,Switch the plug off when the sun goes down,해가 지면 플러그 꺼,refuse,no_device,D4,T1,sun,,
G02532,농장,FARM03,상태조회,I'd like you to did I leave anything on every morning at 7:30 am.,매일 오전 7시 30분에 뭐 켜 놓고 나온 거 있어 줬으면 해.,ask,,D6,T1,none,FARM03_Field_Camera_1 FARM03_Field_Camera_2 FARM03_Outdoor_WeatherProvider_1 FARM03_System_GlobalVariable FARM03_System_WeatherProvider,NotificationProvider.SendToast
G02539,농장,FARM02,기기제어,Switch the barn 2 light to the morning scene once it gets dark outside,바깥이 어두워지면 축사 2 조명 아침 모드로 바꿔,execute,,D4,T1,sun,FARM02_Barn_Light_2,
G02588,농장,FARM04,기기제어,could you turn on the grow room camera if the temperature drops below 0 degrees?,온도가 0도 아래로 떨어지면 재배실 카메라 켜 줄 수 있어?,execute,,D4,T1,none,FARM04_GrowRoom_Camera_1 FARM04_GrowRoom_Camera_2,
G02613,농장,FARM03,기기제어,I'd like you to run all the sprinklers for 45 minutes when it gets hot outside.,바깥이 더워지면 모든 스프링클러를 45분 동안 돌려 줬으면 해.,execute,,D4,T1,weather,FARM03_Field_Sprinkler_1 FARM03_Field_Sprinkler_2 FARM03_Field_Sprinkler_3 FARM03_Field_Sprinkler_4,
G02614,농장,FARM01,기기제어,could you start all the sprinklers if the outside temperature drops below 10?,바깥 온도가 10도 아래로 떨어지면 모든 스프링클러 켜 줄 수 있어?,execute,,D4,T1,weather,FARM01_Greenhouse_Sprinkler_1 FARM01_Greenhouse_Sprinkler_2 FARM01_Greenhouse_Sprinkler_3,
G02616,농장,FARM02,기기제어,I'd like you to set the barn 1 light brightness to 70 percent every morning at 6:30 am.,매일 오전 6시 30분에 축사 1 조명 밝기를 70퍼센트로 맞춰 줬으면 해.,execute,,D6,T1,none,FARM02_Barn_Light_1,
G02630,농장,FARM01,기기제어,please close the blinds once the camera goes offline.,카메라 연결이 끊기면 블라인드 전부 좀 닫아 줘.,execute,,D4,T1,none,FARM01_Greenhouse_WindowCovering_1 FARM01_Greenhouse_WindowCovering_2 FARM01_Greenhouse_WindowCovering_3,
G02639,농장,FARM01,기기제어,"When it starts raining, start recording on the greenhouse camera",비가 오기 시작하면 온실 카메라 녹화 시작해,execute,,D4,T1,weather,FARM01_Greenhouse_Camera_1,
G02642,농장,FARM04,기기제어,I'd like you to take a snapshot with the grow room camera if the outside temperature drops below 0.,바깥 온도가 0도 아래로 떨어지면 재배실 카메라로 사진 찍어 줬으면 해.,execute,,D4,T1,weather,FARM04_GrowRoom_Camera_1 FARM04_GrowRoom_Camera_2,
G02646,농장,FARM04,기기제어,I'd like you to turn off the switch if the outside temperature drops below 0.,바깥 온도가 0도 아래로 떨어지면 스위치 꺼 줬으면 해.,ask,,D4,T1,weather,FARM04_GrowRoom_GrowLight_1 FARM04_GrowRoom_GrowLight_2 FARM04_GrowRoom_GrowLight_3 FARM04_GrowRoom_GrowLight_4 FARM04_GrowRoom_GrowLight_5 FARM04_GrowRoom_GrowLight_6 FARM04_GrowRoom_GrowLight_7 FARM04_GrowRoom_GrowLight_8 FARM04_GrowRoom_GrowLight_9 FARM04_GrowRoom_GrowLight_10 FARM04_GrowRoom_GrowLight_11 FARM04_GrowRoom_GrowLight_12 FARM04_GrowRoom_GrowLight_13 FARM04_GrowRoom_GrowLight_14 FARM04_GrowRoom_GrowLight_15 FARM04_GrowRoom_GrowLight_16 FARM04_GrowRoom_GrowLight_17 FARM04_GrowRoom_GrowLight_18 FARM04_GrowRoom_AirConditioner_1 FARM04_GrowRoom_AirConditioner_2 FARM04_GrowRoom_Dehumidifier_1,
G02723,농장,FARM02,기기제어,Switch the barn switch on once the battery is full,배터리가 다 차면 축사 스위치 켜,execute,,D4,T1,none,FARM02_Barn_Light_1 FARM02_Barn_Light_2 FARM02_Barn_Light_3 FARM02_Barn_Light_4 FARM02_Barn_Fan_1 FARM02_Barn_Fan_2 FARM02_Barn_Fan_3 FARM02_Barn_Fan_4 FARM02_Barn_Siren_1,
G02739,농장,FARM04,기기제어,can you play a chime on the speaker at 6:30 am?,오전 6시 30분에 스피커로 알림음 울려 줄래?,execute,,D6,T1,none,FARM04_GrowRoom_Speaker_1,
G02742,농장,FARM01,기기제어,can you stop the greenhouse sprinkler at 6 pm on weekdays?,평일 오후 6시에 온실 스프링클러 멈춰 줄래?,execute,,D6,T1,none,FARM01_Greenhouse_Sprinkler_1 FARM01_Greenhouse_Sprinkler_2 FARM01_Greenhouse_Sprinkler_3,
G02746,농장,FARM02,기기제어,please fix the humidity in here if rain is in the forecast.,비 예보가 있으면 여기 습도 좀 맞춰 줘.,execute,,D4,T1,weather,FARM02_Barn_Humidifier_1,
G02826,농장,FARM03,기기제어,can you turn the utility humidifier off once it gets dark outside?,바깥이 어두워지면 다용도실 가습기 꺼 줄래?,execute,,D4,T1,sun,FARM03_Utility_Humidifier_1,
G02828,농장,FARM02,기기제어,could you set the barn humidifier to 50 percent once it gets dark outside?,바깥이 어두워지면 축사 가습기 50퍼센트로 맞춰 줄 수 있어?,execute,,D4,T1,sun,FARM02_Barn_Humidifier_1,
G03076,농장,FARM04,알림예약,could you let me know if a window is left open?,창문이 열린 채로 있으면 알려 줄 수 있어?,execute,,D4,T1,none,,Speaker.Speak
G03077,농장,FARM04,알림예약,can you show it on the screen if a window is left open?,창문이 열린 채로 있으면 화면에 띄워 줄래?,execute,,D4,T1,none,,Display.ShowMessage
G03078,농장,FARM03,기기제어,Turn the grow lights off at sunrise,해 뜰 때 생장등 꺼,refuse,no_device,D4,T1,sun,,
G03079,농장,FARM03,기기제어,"At sunrise, turn on the grow lights.",해 뜰 때 생장등 켜.,refuse,no_device,D4,T1,sun,,
G03080,농장,FARM04,기기제어,please run the grow light for 2 hours at sunrise.,해 뜰 때 생장등을 2시간 동안 켜 놔 주세요.,ask,,D4,T1,sun,FARM04_GrowRoom_GrowLight_1 FARM04_GrowRoom_GrowLight_2 FARM04_GrowRoom_GrowLight_3 FARM04_GrowRoom_GrowLight_4 FARM04_GrowRoom_GrowLight_5 FARM04_GrowRoom_GrowLight_6 FARM04_GrowRoom_GrowLight_7 FARM04_GrowRoom_GrowLight_8 FARM04_GrowRoom_GrowLight_9 FARM04_GrowRoom_GrowLight_10 FARM04_GrowRoom_GrowLight_11 FARM04_GrowRoom_GrowLight_12 FARM04_GrowRoom_GrowLight_13 FARM04_GrowRoom_GrowLight_14 FARM04_GrowRoom_GrowLight_15 FARM04_GrowRoom_GrowLight_16 FARM04_GrowRoom_GrowLight_17 FARM04_GrowRoom_GrowLight_18,
G03081,농장,FARM01,기기제어,can you turn the grow light off at sunrise?,해 뜰 때 생장등 꺼 줄래?,ask,,D4,T1,sun,FARM01_Greenhouse_GrowLight_1 FARM01_Greenhouse_GrowLight_2 FARM01_Greenhouse_GrowLight_3 FARM01_Greenhouse_GrowLight_4,
G03082,농장,FARM04,기기제어,I'd like you to turn on all the grow lights at sunrise.,해 뜰 때 모든 생장등 켜 줬으면 해.,execute,,D4,T1,sun,FARM04_GrowRoom_GrowLight_1 FARM04_GrowRoom_GrowLight_2 FARM04_GrowRoom_GrowLight_3 FARM04_GrowRoom_GrowLight_4 FARM04_GrowRoom_GrowLight_5 FARM04_GrowRoom_GrowLight_6 FARM04_GrowRoom_GrowLight_7 FARM04_GrowRoom_GrowLight_8 FARM04_GrowRoom_GrowLight_9 FARM04_GrowRoom_GrowLight_10 FARM04_GrowRoom_GrowLight_11 FARM04_GrowRoom_GrowLight_12 FARM04_GrowRoom_GrowLight_13 FARM04_GrowRoom_GrowLight_14 FARM04_GrowRoom_GrowLight_15 FARM04_GrowRoom_GrowLight_16 FARM04_GrowRoom_GrowLight_17 FARM04_GrowRoom_GrowLight_18,
G03083,농장,FARM01,기기제어,Give the plants more light at sunrise,해 뜰 때 작물에 빛 좀 더 줘,ask,,D4,T1,sun,FARM01_Greenhouse_GrowLight_1 FARM01_Greenhouse_GrowLight_2 FARM01_Greenhouse_GrowLight_3 FARM01_Greenhouse_GrowLight_4 FARM01_Greenhouse_WindowCovering_1 FARM01_Greenhouse_WindowCovering_2 FARM01_Greenhouse_WindowCovering_3,
G03084,농장,FARM04,기기제어,Turn all the grow lights off at sunrise,해 뜰 때 모든 생장등 꺼,execute,,D4,T1,sun,FARM04_GrowRoom_GrowLight_1 FARM04_GrowRoom_GrowLight_2 FARM04_GrowRoom_GrowLight_3 FARM04_GrowRoom_GrowLight_4 FARM04_GrowRoom_GrowLight_5 FARM04_GrowRoom_GrowLight_6 FARM04_GrowRoom_GrowLight_7 FARM04_GrowRoom_GrowLight_8 FARM04_GrowRoom_GrowLight_9 FARM04_GrowRoom_GrowLight_10 FARM04_GrowRoom_GrowLight_11 FARM04_GrowRoom_GrowLight_12 FARM04_GrowRoom_GrowLight_13 FARM04_GrowRoom_GrowLight_14 FARM04_GrowRoom_GrowLight_15 FARM04_GrowRoom_GrowLight_16 FARM04_GrowRoom_GrowLight_17 FARM04_GrowRoom_GrowLight_18,
G03085,농장,FARM01,기기제어,"At sunrise, turn on all the grow lights.",해 뜰 때 모든 생장등 켜.,execute,,D4,T1,sun,FARM01_Greenhouse_GrowLight_1 FARM01_Greenhouse_GrowLight_2 FARM01_Greenhouse_GrowLight_3 FARM01_Greenhouse_GrowLight_4,
G03086,농장,FARM04,기기제어,please run all the grow lights for 8 hours at sunrise.,해 뜰 때 모든 생장등을 8시간 동안 켜 놔 주세요.,execute,,D4,T1,sun,FARM04_GrowRoom_GrowLight_1 FARM04_GrowRoom_GrowLight_2 FARM04_GrowRoom_GrowLight_3 FARM04_GrowRoom_GrowLight_4 FARM04_GrowRoom_GrowLight_5 FARM04_GrowRoom_GrowLight_6 FARM04_GrowRoom_GrowLight_7 FARM04_GrowRoom_GrowLight_8 FARM04_GrowRoom_GrowLight_9 FARM04_GrowRoom_GrowLight_10 FARM04_GrowRoom_GrowLight_11 FARM04_GrowRoom_GrowLight_12 FARM04_GrowRoom_GrowLight_13 FARM04_GrowRoom_GrowLight_14 FARM04_GrowRoom_GrowLight_15 FARM04_GrowRoom_GrowLight_16 FARM04_GrowRoom_GrowLight_17 FARM04_GrowRoom_GrowLight_18,
G03087,농장,FARM01,기기제어,can you turn all the grow lights off at sunrise?,해 뜰 때 모든 생장등 꺼 줄래?,execute,,D4,T1,sun,FARM01_Greenhouse_GrowLight_1 FARM01_Greenhouse_GrowLight_2 FARM01_Greenhouse_GrowLight_3 FARM01_Greenhouse_GrowLight_4,
G03088,농장,FARM01,기기제어,I'd like you to turn on the greenhouse 2 grow light when the sun goes down.,해가 지면 2번 하우스 보광등 켜 줬으면 해.,execute,,D4,T1,sun,FARM01_Greenhouse_GrowLight_2,
G03089,농장,FARM01,기기제어,could you run all the grow lights for 10 hours at sunrise?,해 뜰 때 모든 생장등을 10시간 동안 켜 놔 줄 수 있어?,execute,,D4,T1,sun,FARM01_Greenhouse_GrowLight_1 FARM01_Greenhouse_GrowLight_2 FARM01_Greenhouse_GrowLight_3 FARM01_Greenhouse_GrowLight_4,
G03090,농장,FARM01,기기제어,Turn the greenhouse 3 grow light off once it gets dark outside.,바깥이 어두워지면 3번 하우스 보광등 꺼.,execute,,D4,T1,sun,FARM01_Greenhouse_GrowLight_3,
G03091,농장,FARM01,기기제어,"At sunrise, turn on all the grow lights",해 뜰 때 모든 생장등 켜,execute,,D4,T1,sun,FARM01_Greenhouse_GrowLight_1 FARM01_Greenhouse_GrowLight_2 FARM01_Greenhouse_GrowLight_3 FARM01_Greenhouse_GrowLight_4,
G03092,농장,FARM01,기기제어,Give the plants more light when the sun comes up.,해가 뜨면 작물에 빛 좀 더 줘.,ask,,D4,T1,sun,FARM01_Greenhouse_GrowLight_1 FARM01_Greenhouse_GrowLight_2 FARM01_Greenhouse_GrowLight_3 FARM01_Greenhouse_GrowLight_4 FARM01_Greenhouse_WindowCovering_1 FARM01_Greenhouse_WindowCovering_2 FARM01_Greenhouse_WindowCovering_3,
G03093,농장,FARM01,기기제어,I'd like you to turn the greenhouse 3 grow light off at sunrise.,해 뜰 때 3번 하우스 보광등 꺼 줬으면 해.,execute,,D4,T1,sun,FARM01_Greenhouse_GrowLight_3,
G03094,농장,FARM01,기기제어,can you turn the greenhouse 3 grow light off when the sun comes up?,해가 뜨면 3번 하우스 보광등 꺼 줄래?,execute,,D4,T1,sun,FARM01_Greenhouse_GrowLight_3,
G03095,농장,FARM01,기기제어,could you run all the grow lights for 4 hours at sunrise?,해 뜰 때 모든 생장등을 4시간 동안 켜 놔 줄 수 있어?,execute,,D4,T1,sun,FARM01_Greenhouse_GrowLight_1 FARM01_Greenhouse_GrowLight_2 FARM01_Greenhouse_GrowLight_3 FARM01_Greenhouse_GrowLight_4,
G03096,농장,FARM01,기기제어,Turn on the greenhouse 2 grow light at sunrise.,해 뜰 때 2번 하우스 보광등 켜.,execute,,D4,T1,sun,FARM01_Greenhouse_GrowLight_2,
G03097,농장,FARM01,기기제어,"When the humidity climbs over 30 percent, turn the humidifier off",습도가 30퍼센트를 넘으면 가습기 꺼,refuse,no_device,D4,T1,none,,
G03098,농장,FARM02,기기제어,can you turn the barn humidifier off when the humidity climbs over 65 percent?,습도가 65퍼센트를 넘으면 축사 가습기 꺼 줄래?,execute,,D4,T1,none,FARM02_Barn_Humidifier_1,
G03099,농장,FARM03,기기제어,I'd like you to turn the utility humidifier off when the humidity climbs over 65 percent.,습도가 65퍼센트를 넘으면 다용도실 가습기 꺼 줬으면 해.,execute,,D4,T1,none,FARM03_Utility_Humidifier_1,
G03100,농장,FARM02,기기제어,could you turn the barn humidifier off when the humidity climbs over 30 percent?,습도가 30퍼센트를 넘으면 축사 가습기 꺼 줄 수 있어?,execute,,D4,T1,none,FARM02_Barn_Humidifier_1,
G03101,농장,FARM04,알림예약,please send me a notification once the water quality sensor goes over 100.,수질 센서가 100을 넘으면 알림 좀 보내 줘.,execute,,D4,T1,none,,Speaker.Speak
G03102,농장,FARM01,알림예약,Keep me posted if the water quality sensor reads more than 100,수질 센서 값이 100보다 크면 계속 알려 줘,execute,,D4,T1,none,,Speaker.Speak
G03103,농장,FARM01,알림예약,could you let me know if the water quality sensor falls under 150?,수질 센서가 150 아래로 내려가면 알려 줄 수 있어?,execute,,D4,T1,none,,Speaker.Speak
G03104,농장,FARM04,알림예약,Tell me about it once the water quality sensor goes over 150,수질 센서가 150을 넘으면 알려 줘,execute,,D4,T1,none,,Speaker.Speak
G03105,농장,FARM01,알림예약,"If the water quality sensor reads more than 800, send a warning to my phone",수질 센서 값이 800보다 크면 폰으로 경고 보내 줘,refuse,no_channel,D4,T1,none,,
G03106,농장,FARM01,알림예약,Give me a heads-up if the water quality sensor falls under 200,수질 센서가 200 아래로 내려가면 꼭 알려 줘,execute,,D4,T1,none,,Speaker.Speak
G03107,농장,FARM04,알림예약,I'd like you to let me know once the water quality sensor goes over 300.,수질 센서가 300을 넘으면 알려 줬으면 해.,execute,,D4,T1,none,,Speaker.Speak
G03108,농장,FARM01,알림예약,could you announce it if the water quality sensor reads more than 50?,수질 센서 값이 50보다 크면 방송해 줄 수 있어?,execute,,D4,T1,none,,Speaker.Speak
G03109,농장,FARM01,알림예약,"If the water quality sensor falls under 300, push me an alert",수질 센서가 300 아래로 내려가면 알림 띄워 줘,execute,,D4,T1,none,,Speaker.Speak
G03110,농장,FARM04,알림예약,Give me a heads-up once the water quality sensor goes over 1000.,수질 센서가 1000을 넘으면 꼭 알려 줘.,execute,,D4,T1,none,,Speaker.Speak
G03111,농장,FARM01,알림예약,can you show it on the screen if the water quality sensor reads more than 50?,수질 센서 값이 50보다 크면 화면에 띄워 줄래?,refuse,no_channel,D4,T1,none,,
G03112,농장,FARM01,알림예약,could you send me a notification if the water quality sensor falls under 800?,수질 센서가 800 아래로 내려가면 알림 보내 줄 수 있어?,execute,,D4,T1,none,,Speaker.Speak
G03113,농장,FARM04,알림예약,Push me an alert once the water quality sensor goes over 1000,수질 센서가 1000을 넘으면 알림 띄워 줘,execute,,D4,T1,none,,Speaker.Speak
G03114,농장,FARM01,알림예약,"If the water quality sensor reads more than 1000, send a warning to my phone",수질 센서 값이 1000보다 크면 폰으로 경고 보내 줘,refuse,no_channel,D4,T1,none,,
G03115,농장,FARM04,기기제어,Get the water moving if the water level sensor falls under 300,수위 센서가 300 아래로 내려가면 물 좀 돌려 줘,execute,,D4,T1,none,FARM04_GrowRoom_Valve_1 FARM04_GrowRoom_Valve_2 FARM04_GrowRoom_Valve_3 FARM04_GrowRoom_Valve_4 FARM04_GrowRoom_Valve_5 FARM04_GrowRoom_Valve_6,
G03116,농장,FARM02,기기제어,Stop the pump once the water level sensor goes over 50,수위 센서가 50을 넘으면 펌프 멈춰,execute,,D4,T1,none,FARM02_Utility_Pump_1,
G03117,농장,FARM01,기기제어,"If the water level sensor reads more than 1000, stop the pump.",수위 센서 값이 1000보다 크면 펌프 멈춰.,execute,,D4,T1,none,FARM01_Utility_Pump_1,
G03118,농장,FARM03,기기제어,can you stop the pump if the water level sensor falls under 100?,수위 센서가 100 아래로 내려가면 펌프 멈춰 줄래?,execute,,D4,T1,none,FARM03_Utility_Pump_1,
G03119,농장,FARM02,기기제어,I'd like you to stop the pump once the water level sensor goes over 50.,수위 센서가 50을 넘으면 펌프 멈춰 줬으면 해.,execute,,D4,T1,none,FARM02_Utility_Pump_1,
G03120,농장,FARM01,기기제어,could you stop the pump if the water level sensor reads more than 1000?,수위 센서 값이 1000보다 크면 펌프 멈춰 줄 수 있어?,execute,,D4,T1,none,FARM01_Utility_Pump_1,
G03121,농장,FARM03,기기제어,"If the water level sensor falls under 50, stop the pump",수위 센서가 50 아래로 내려가면 펌프 멈춰,execute,,D4,T1,none,FARM03_Utility_Pump_1,
G03122,농장,FARM03,기기제어,Get the water moving if the water level sensor falls under 1000.,수위 센서가 1000 아래로 내려가면 물 좀 돌려 줘.,ask,,D4,T1,none,FARM03_Field_Sprinkler_1 FARM03_Field_Sprinkler_2 FARM03_Field_Sprinkler_3 FARM03_Field_Sprinkler_4 FARM03_Field_Valve_1 FARM03_Field_Valve_2 FARM03_Field_Valve_3 FARM03_Field_Valve_4,
G03123,농장,FARM01,기기제어,can you stop the pump if the water level sensor reads more than 1000?,수위 센서 값이 1000보다 크면 펌프 멈춰 줄래?,execute,,D4,T1,none,FARM01_Utility_Pump_1,
G03124,농장,FARM02,기기제어,could you start the sprinkler if the soil sensor falls under 800?,토양 센서가 800 아래로 내려가면 스프링클러 켜 줄 수 있어?,refuse,no_device,D4,T1,none,,
G03125,농장,FARM04,기기제어,Stop the sprinkler once the soil sensor goes over 1000,토양 센서가 1000을 넘으면 스프링클러 멈춰,refuse,no_device,D4,T1,none,,
G03126,농장,FARM01,기기제어,"If the soil sensor reads more than 1000, run the sprinkler for 30 minutes.",토양 센서 값이 1000보다 크면 스프링클러를 30분 동안 돌려.,ask,,D4,T1,none,FARM01_Greenhouse_Sprinkler_1 FARM01_Greenhouse_Sprinkler_2 FARM01_Greenhouse_Sprinkler_3,
G03127,농장,FARM01,기기제어,can you stop the sprinkler if the soil sensor falls under 1000?,토양 센서가 1000 아래로 내려가면 스프링클러 멈춰 줄래?,ask,,D4,T1,none,FARM01_Greenhouse_Sprinkler_1 FARM01_Greenhouse_Sprinkler_2 FARM01_Greenhouse_Sprinkler_3,
G03128,농장,FARM03,기기제어,I'd like you to run the zone 2 sprinkler for 5 minutes once the soil sensor goes over 50.,토양 센서가 50을 넘으면 구역 2 스프링클러를 5분 동안 돌려 줬으면 해.,execute,,D4,T1,none,FARM03_Field_Sprinkler_2,
G03129,농장,FARM01,기기제어,could you get water to the field if the soil sensor reads more than 1000?,토양 센서 값이 1000보다 크면 밭에 물 좀 줄 수 있어?,ask,,D4,T1,none,FARM01_Greenhouse_Sprinkler_1 FARM01_Greenhouse_Sprinkler_2 FARM01_Greenhouse_Sprinkler_3 FARM01_Greenhouse_Valve_1 FARM01_Greenhouse_Valve_2 FARM01_Greenhouse_Valve_3,
G03130,농장,FARM01,기기제어,can you stop the greenhouse sprinkler if the soil sensor falls under 150?,토양 센서가 150 아래로 내려가면 온실 스프링클러 멈춰 줄래?,execute,,D4,T1,none,FARM01_Greenhouse_Sprinkler_1 FARM01_Greenhouse_Sprinkler_2 FARM01_Greenhouse_Sprinkler_3,
G03131,농장,FARM03,기기제어,I'd like you to run the zone 2 sprinkler for 10 minutes once the soil sensor goes over 300.,토양 센서가 300을 넘으면 구역 2 스프링클러를 10분 동안 돌려 줬으면 해.,execute,,D4,T1,none,FARM03_Field_Sprinkler_2,
G03132,농장,FARM01,기기제어,could you start the greenhouse sprinkler if the soil sensor reads more than 1000?,토양 센서 값이 1000보다 크면 온실 스프링클러 켜 줄 수 있어?,execute,,D4,T1,none,FARM01_Greenhouse_Sprinkler_1 FARM01_Greenhouse_Sprinkler_2 FARM01_Greenhouse_Sprinkler_3,
G03133,농장,FARM01,기기제어,"If the soil sensor falls under 100, run the greenhouse sprinkler for 5 minutes",토양 센서가 100 아래로 내려가면 온실 스프링클러를 5분 동안 돌려,execute,,D4,T1,none,FARM01_Greenhouse_Sprinkler_1 FARM01_Greenhouse_Sprinkler_2 FARM01_Greenhouse_Sprinkler_3,
G03134,농장,FARM03,기기제어,please start the zone 2 sprinkler once the soil sensor goes over 50.,토양 센서가 50을 넘으면 구역 2 스프링클러 켜 주세요.,execute,,D4,T1,none,FARM03_Field_Sprinkler_2,
G03135,농장,FARM01,기기제어,can you stop the greenhouse sprinkler if the soil sensor reads more than 800?,토양 센서 값이 800보다 크면 온실 스프링클러 멈춰 줄래?,execute,,D4,T1,none,FARM01_Greenhouse_Sprinkler_1 FARM01_Greenhouse_Sprinkler_2 FARM01_Greenhouse_Sprinkler_3,
G03136,농장,FARM01,기기제어,could you start the greenhouse sprinkler if the soil sensor falls under 150?,토양 센서가 150 아래로 내려가면 온실 스프링클러 켜 줄 수 있어?,execute,,D4,T1,none,FARM01_Greenhouse_Sprinkler_1 FARM01_Greenhouse_Sprinkler_2 FARM01_Greenhouse_Sprinkler_3,
G03137,농장,FARM03,기기제어,Stop the zone 1 sprinkler once the soil sensor goes over 50,토양 센서가 50을 넘으면 구역 1 스프링클러 멈춰,execute,,D4,T1,none,FARM03_Field_Sprinkler_1,
G03138,농장,FARM01,기기제어,"If the soil sensor reads more than 1000, run the greenhouse sprinkler for 2 minutes.",토양 센서 값이 1000보다 크면 온실 스프링클러를 2분 동안 돌려.,execute,,D4,T1,none,FARM01_Greenhouse_Sprinkler_1 FARM01_Greenhouse_Sprinkler_2 FARM01_Greenhouse_Sprinkler_3,
G03139,농장,FARM03,기기제어,could you open the valve if the flow meter reads more than 1000?,유량계 값이 1000보다 크면 밸브 열어 줄 수 있어?,ask,,D4,T1,none,FARM03_Field_Valve_1 FARM03_Field_Valve_2 FARM03_Field_Valve_3 FARM03_Field_Valve_4,
G03140,농장,FARM02,기기제어,"If the flow meter falls under 800, close the barn valve",유량계가 800 아래로 내려가면 축사 밸브 닫아,execute,,D4,T1,none,FARM02_Barn_Valve_1 FARM02_Barn_Valve_2,
G03141,농장,FARM03,기기제어,please open the field valve once the flow meter goes over 500.,유량계가 500을 넘으면 밭 밸브 좀 열어 줘.,execute,,D4,T1,none,FARM03_Field_Valve_1 FARM03_Field_Valve_2 FARM03_Field_Valve_3 FARM03_Field_Valve_4,
G03142,농장,FARM04,기기제어,can you shut the water off if the flow meter reads more than 1000?,유량계 값이 1000보다 크면 물 잠가 줄래?,execute,,D4,T1,none,FARM04_GrowRoom_Valve_1 FARM04_GrowRoom_Valve_2 FARM04_GrowRoom_Valve_3 FARM04_GrowRoom_Valve_4 FARM04_GrowRoom_Valve_5 FARM04_GrowRoom_Valve_6,
G03143,농장,FARM03,기기제어,could you open the field valve if the flow meter falls under 500?,유량계가 500 아래로 내려가면 밭 밸브 열어 줄 수 있어?,execute,,D4,T1,none,FARM03_Field_Valve_1 FARM03_Field_Valve_2 FARM03_Field_Valve_3 FARM03_Field_Valve_4,
G03144,농장,FARM04,기기제어,Shut the grow room valve right away once the flow meter goes over 300,유량계가 300을 넘으면 재배실 밸브 당장 닫아,execute,,D4,T1,none,FARM04_GrowRoom_Valve_1 FARM04_GrowRoom_Valve_2 FARM04_GrowRoom_Valve_3 FARM04_GrowRoom_Valve_4 FARM04_GrowRoom_Valve_5 FARM04_GrowRoom_Valve_6,
G03145,농장,FARM02,기기제어,"If the flow meter reads more than 150, close the barn valve",유량계 값이 150보다 크면 축사 밸브 닫아,execute,,D4,T1,none,FARM02_Barn_Valve_1 FARM02_Barn_Valve_2,
G03146,농장,FARM04,기기제어,can you shut the grow room valve right away if the flow meter reads more than 200?,유량계 값이 200보다 크면 재배실 밸브 당장 닫아 줄래?,execute,,D4,T1,none,FARM04_GrowRoom_Valve_1 FARM04_GrowRoom_Valve_2 FARM04_GrowRoom_Valve_3 FARM04_GrowRoom_Valve_4 FARM04_GrowRoom_Valve_5 FARM04_GrowRoom_Valve_6,
G03147,농장,FARM03,기기제어,could you open the field valve if the flow meter falls under 200?,유량계가 200 아래로 내려가면 밭 밸브 열어 줄 수 있어?,execute,,D4,T1,none,FARM03_Field_Valve_1 FARM03_Field_Valve_2 FARM03_Field_Valve_3 FARM03_Field_Valve_4,
G03148,농장,FARM03,기기제어,Turn the ventilation fan off if the temperature drops below 15 degrees,온도가 15도 아래로 떨어지면 환풍기 꺼,refuse,no_device,D4,T1,none,,
G03149,농장,FARM03,기기제어,"When the temperature goes above 24 degrees, turn on the ventilation fan.",온도가 24도를 넘으면 환풍기 켜.,refuse,no_device,D4,T1,none,,
G03150,농장,FARM04,기기제어,can you turn the ventilation fan off if the temperature drops below 12 degrees?,온도가 12도 아래로 떨어지면 환풍기 꺼 줄래?,ask,,D4,T1,none,FARM04_GrowRoom_Ventilator_1 FARM04_GrowRoom_Ventilator_2 FARM04_GrowRoom_Ventilator_3,
G03151,농장,FARM02,기기제어,could you run the ventilation fan for 10 minutes when the temperature goes above 24 degrees?,온도가 24도를 넘으면 환풍기를 10분 동안 돌려 줄 수 있어?,ask,,D4,T1,none,FARM02_Barn_Ventilator_1 FARM02_Barn_Ventilator_2 FARM02_Barn_Ventilator_3 FARM02_Barn_Ventilator_4,
G03152,농장,FARM04,기기제어,Turn the ventilation fan off if the temperature drops below 0 degrees,온도가 0도 아래로 떨어지면 환풍기 꺼,ask,,D4,T1,none,FARM04_GrowRoom_Ventilator_1 FARM04_GrowRoom_Ventilator_2 FARM04_GrowRoom_Ventilator_3,
G03153,농장,FARM01,기기제어,"When the temperature goes above 30 degrees, turn on the ventilation fan",온도가 30도를 넘으면 환풍기 켜,ask,,D4,T1,none,FARM01_Greenhouse_Ventilator_1 FARM01_Greenhouse_Ventilator_2 FARM01_Greenhouse_Ventilator_3,
G03154,농장,FARM04,기기제어,can you turn the ventilation fan off if the temperature drops below 15 degrees?,온도가 15도 아래로 떨어지면 환풍기 꺼 줄래?,ask,,D4,T1,none,FARM04_GrowRoom_Ventilator_1 FARM04_GrowRoom_Ventilator_2 FARM04_GrowRoom_Ventilator_3,
G03155,농장,FARM02,기기제어,could you get fresh air in here when the temperature goes above 26 degrees?,온도가 26도를 넘으면 바깥 공기 좀 넣어 줄 수 있어?,ask,,D4,T1,none,FARM02_Barn_Fan_1 FARM02_Barn_Fan_2 FARM02_Barn_Fan_3 FARM02_Barn_Fan_4 FARM02_Barn_Ventilator_1 FARM02_Barn_Ventilator_2 FARM02_Barn_Ventilator_3 FARM02_Barn_Ventilator_4,
G03156,농장,FARM04,기기제어,Turn the ventilation fan off if the temperature drops below 12 degrees,온도가 12도 아래로 떨어지면 환풍기 꺼,ask,,D4,T1,none,FARM04_GrowRoom_Ventilator_1 FARM04_GrowRoom_Ventilator_2 FARM04_GrowRoom_Ventilator_3,
G03157,농장,FARM01,기기제어,"When the temperature goes above 32 degrees, turn on the ventilation fan.",온도가 32도를 넘으면 환풍기 켜.,ask,,D4,T1,none,FARM01_Greenhouse_Ventilator_1 FARM01_Greenhouse_Ventilator_2 FARM01_Greenhouse_Ventilator_3,
G03158,농장,FARM02,기기제어,could you run the ventilation fan for 20 minutes when the temperature goes above 32 degrees?,온도가 32도를 넘으면 환풍기를 20분 동안 돌려 줄 수 있어?,ask,,D4,T1,none,FARM02_Barn_Ventilator_1 FARM02_Barn_Ventilator_2 FARM02_Barn_Ventilator_3 FARM02_Barn_Ventilator_4,
G03159,농장,FARM04,기기제어,can you turn the ventilation fan off if the temperature drops below 18 degrees?,온도가 18도 아래로 떨어지면 환풍기 꺼 줄래?,ask,,D4,T1,none,FARM04_GrowRoom_Ventilator_1 FARM04_GrowRoom_Ventilator_2 FARM04_GrowRoom_Ventilator_3,
G03160,농장,FARM04,기기제어,"Every morning at 5:30 am, run the feeder",매일 새벽 5시 30분에 급이기 돌려,refuse,no_device,D6,T1,none,,
G03161,농장,FARM01,기기제어,please dispense feed with the feeder every morning at 7 am.,매일 오전 7시에 급이기로 사료 주세요.,refuse,no_device,D6,T1,none,,
G03162,농장,FARM01,기기제어,can you skip the next feeding at 8 am on weekdays?,평일 오전 8시에 다음 급여 건너뛰어 줄래?,refuse,no_service,D6,T1,none,,
G03163,농장,FARM02,기기제어,I'd like you to run the feeder every morning at 7:30 am.,매일 오전 7시 30분에 급이기 돌려 줬으면 해.,ask,,D6,T1,none,FARM02_Barn_FeedDispenser_1 FARM02_Barn_FeedDispenser_2 FARM02_Barn_FeedDispenser_3 FARM02_Barn_FeedDispenser_4 FARM02_Barn_FeedDispenser_5,
G03164,농장,FARM02,기기제어,could you dispense feed with the feeder every morning at 5:30 am?,매일 새벽 5시 30분에 급이기로 사료 줄 수 있어?,ask,,D6,T1,none,FARM02_Barn_FeedDispenser_1 FARM02_Barn_FeedDispenser_2 FARM02_Barn_FeedDispenser_3 FARM02_Barn_FeedDispenser_4 FARM02_Barn_FeedDispenser_5,
G03165,농장,FARM02,기기제어,Skip the next feeding on Saturday at 6 pm,토요일 오후 6시에 다음 급여 건너뛰어,refuse,no_service,D6,T1,none,,
G03166,농장,FARM02,기기제어,"Every morning at 5:30 am, run all the feeders.",매일 새벽 5시 30분에 모든 급이기 돌려.,execute,,D6,T1,none,FARM02_Barn_FeedDispenser_1 FARM02_Barn_FeedDispenser_2 FARM02_Barn_FeedDispenser_3 FARM02_Barn_FeedDispenser_4 FARM02_Barn_FeedDispenser_5,
G03167,농장,FARM02,기기제어,please dispense feed with all the feeders every morning at 7 am.,매일 오전 7시에 모든 급이기로 사료 주세요.,execute,,D6,T1,none,FARM02_Barn_FeedDispenser_1 FARM02_Barn_FeedDispenser_2 FARM02_Barn_FeedDispenser_3 FARM02_Barn_FeedDispenser_4 FARM02_Barn_FeedDispenser_5,
G03168,농장,FARM02,기기제어,can you feed them at 6:30 am on weekdays?,평일 오전 6시 30분에 사료 좀 줄래?,execute,,D6,T1,none,FARM02_Barn_FeedDispenser_1 FARM02_Barn_FeedDispenser_2 FARM02_Barn_FeedDispenser_3 FARM02_Barn_FeedDispenser_4 FARM02_Barn_FeedDispenser_5,
G03169,농장,FARM02,기기제어,I'd like you to run all the feeders every morning at 8 am.,매일 오전 8시에 모든 급이기 돌려 줬으면 해.,execute,,D6,T1,none,FARM02_Barn_FeedDispenser_1 FARM02_Barn_FeedDispenser_2 FARM02_Barn_FeedDispenser_3 FARM02_Barn_FeedDispenser_4 FARM02_Barn_FeedDispenser_5,
G03170,농장,FARM02,기기제어,could you dispense feed with all the feeders every morning at 6 am?,매일 오전 6시에 모든 급이기로 사료 줄 수 있어?,execute,,D6,T1,none,FARM02_Barn_FeedDispenser_1 FARM02_Barn_FeedDispenser_2 FARM02_Barn_FeedDispenser_3 FARM02_Barn_FeedDispenser_4 FARM02_Barn_FeedDispenser_5,
G03171,농장,FARM02,기기제어,Skip the next feeding on Thursday at 9 am,목요일 오전 9시에 다음 급여 건너뛰어,refuse,no_service,D6,T1,none,,
G03172,농장,FARM02,기기제어,"Every morning at 9 am, run all the feeders",매일 오전 9시에 모든 급이기 돌려,execute,,D6,T1,none,FARM02_Barn_FeedDispenser_1 FARM02_Barn_FeedDispenser_2 FARM02_Barn_FeedDispenser_3 FARM02_Barn_FeedDispenser_4 FARM02_Barn_FeedDispenser_5,
G03173,농장,FARM02,기기제어,please dispense feed with all the feeders every morning at 8 am.,매일 오전 8시에 모든 급이기로 좀 사료 줘.,execute,,D6,T1,none,FARM02_Barn_FeedDispenser_1 FARM02_Barn_FeedDispenser_2 FARM02_Barn_FeedDispenser_3 FARM02_Barn_FeedDispenser_4 FARM02_Barn_FeedDispenser_5,
G03174,농장,FARM02,기기제어,can you skip the next feeding at 8 pm on weekdays?,평일 오후 8시에 다음 급여 건너뛰어 줄래?,refuse,no_service,D6,T1,none,,
G03175,농장,FARM02,기기제어,I'd like you to run all the feeders every morning at 6 am.,매일 오전 6시에 모든 급이기 돌려 줬으면 해.,execute,,D6,T1,none,FARM02_Barn_FeedDispenser_1 FARM02_Barn_FeedDispenser_2 FARM02_Barn_FeedDispenser_3 FARM02_Barn_FeedDispenser_4 FARM02_Barn_FeedDispenser_5,
G03176,농장,FARM02,기기제어,could you dispense feed with all the feeders every morning at 7 am?,매일 오전 7시에 모든 급이기로 사료 줄 수 있어?,execute,,D6,T1,none,FARM02_Barn_FeedDispenser_1 FARM02_Barn_FeedDispenser_2 FARM02_Barn_FeedDispenser_3 FARM02_Barn_FeedDispenser_4 FARM02_Barn_FeedDispenser_5,
G03177,농장,FARM02,기기제어,Feed them on Friday at 9 am,금요일 오전 9시에 사료 좀 줘,execute,,D6,T1,none,FARM02_Barn_FeedDispenser_1 FARM02_Barn_FeedDispenser_2 FARM02_Barn_FeedDispenser_3 FARM02_Barn_FeedDispenser_4 FARM02_Barn_FeedDispenser_5,
G03178,농장,FARM02,기기제어,please feed them every day at midnight.,매일 자정에 사료 좀 줘.,execute,,D6,T1,none,FARM02_Barn_FeedDispenser_1 FARM02_Barn_FeedDispenser_2 FARM02_Barn_FeedDispenser_3 FARM02_Barn_FeedDispenser_4 FARM02_Barn_FeedDispenser_5,
G03179,농장,FARM02,기기제어,can you skip the next feeding at noon on weekdays?,평일 정오에 다음 급여 건너뛰어 줄래?,refuse,no_service,D6,T1,none,,
G03180,농장,FARM02,기기제어,I'd like you to run all the feeders every morning at 5:30 am.,매일 새벽 5시 30분에 모든 급이기 돌려 줬으면 해.,execute,,D6,T1,none,FARM02_Barn_FeedDispenser_1 FARM02_Barn_FeedDispenser_2 FARM02_Barn_FeedDispenser_3 FARM02_Barn_FeedDispenser_4 FARM02_Barn_FeedDispenser_5,
G03181,농장,FARM02,기기제어,could you dispense feed with all the feeders every morning at 7:30 am?,매일 오전 7시 30분에 모든 급이기로 사료 줄 수 있어?,execute,,D6,T1,none,FARM02_Barn_FeedDispenser_1 FARM02_Barn_FeedDispenser_2 FARM02_Barn_FeedDispenser_3 FARM02_Barn_FeedDispenser_4 FARM02_Barn_FeedDispenser_5,
G03182,농장,FARM02,기기제어,please run the grow lights for 6 hours at noon on weekdays.,평일 정오에 생장등을 6시간 동안 켜 놔 주세요.,refuse,no_device,D6,T1,none,,
G03183,농장,FARM02,기기제어,can you turn the grow lights off at 11 pm on weekdays?,평일 밤 11시에 생장등 꺼 줄래?,refuse,no_device,D6,T1,none,,
G03184,농장,FARM02,기기제어,I'd like you to turn on the grow lights every morning at 8 am.,매일 오전 8시에 생장등 켜 줬으면 해.,refuse,no_device,D6,T1,none,,
G03185,농장,FARM01,기기제어,could you run the grow light for 3 hours at 10:30 pm on weekdays?,평일 밤 10시 30분에 생장등을 3시간 동안 켜 놔 줄 수 있어?,ask,,D6,T1,none,FARM01_Greenhouse_GrowLight_1 FARM01_Greenhouse_GrowLight_2 FARM01_Greenhouse_GrowLight_3 FARM01_Greenhouse_GrowLight_4,
G03186,농장,FARM04,기기제어,Turn the grow light off on Sunday at 9 am,일요일 오전 9시에 생장등 꺼,ask,,D6,T1,none,FARM04_GrowRoom_GrowLight_1 FARM04_GrowRoom_GrowLight_2 FARM04_GrowRoom_GrowLight_3 FARM04_GrowRoom_GrowLight_4 FARM04_GrowRoom_GrowLight_5 FARM04_GrowRoom_GrowLight_6 FARM04_GrowRoom_GrowLight_7 FARM04_GrowRoom_GrowLight_8 FARM04_GrowRoom_GrowLight_9 FARM04_GrowRoom_GrowLight_10 FARM04_GrowRoom_GrowLight_11 FARM04_GrowRoom_GrowLight_12 FARM04_GrowRoom_GrowLight_13 FARM04_GrowRoom_GrowLight_14 FARM04_GrowRoom_GrowLight_15 FARM04_GrowRoom_GrowLight_16 FARM04_GrowRoom_GrowLight_17 FARM04_GrowRoom_GrowLight_18,
G03187,농장,FARM01,기기제어,"At noon, give the plants more light",정오에 작물에 빛 좀 더 줘,ask,,D6,T1,none,FARM01_Greenhouse_GrowLight_1 FARM01_Greenhouse_GrowLight_2 FARM01_Greenhouse_GrowLight_3 FARM01_Greenhouse_GrowLight_4 FARM01_Greenhouse_WindowCovering_1 FARM01_Greenhouse_WindowCovering_2 FARM01_Greenhouse_WindowCovering_3,
G03188,농장,FARM04,기기제어,please run the tier 3 grow light 6 for 12 hours at 6 pm on weekdays.,평일 오후 6시에 3단 보광등 6을 12시간 동안 켜 놔 주세요.,execute,,D6,T1,none,FARM04_GrowRoom_GrowLight_18,
G03189,농장,FARM01,기기제어,can you turn the greenhouse 1 grow light off at 11 pm on weekdays?,평일 밤 11시에 1번 하우스 보광등 꺼 줄래?,execute,,D6,T1,none,FARM01_Greenhouse_GrowLight_1,
G03190,농장,FARM04,기기제어,I'd like you to turn on the tier 1 grow light 4 every morning at 8 am.,매일 오전 8시에 1단 보광등 4 켜 줬으면 해.,execute,,D6,T1,none,FARM04_GrowRoom_GrowLight_4,
G03191,농장,FARM01,기기제어,could you run the greenhouse 3 grow light for 3 hours at 11 pm on weekdays?,평일 밤 11시에 3번 하우스 보광등을 3시간 동안 켜 놔 줄 수 있어?,execute,,D6,T1,none,FARM01_Greenhouse_GrowLight_3,
G03192,농장,FARM04,기기제어,Turn the tier 1 grow light 6 off on Wednesday at noon,수요일 정오에 1단 보광등 6 꺼,execute,,D6,T1,none,FARM04_GrowRoom_GrowLight_6,
G03193,농장,FARM01,기기제어,"At 9 am, turn on the greenhouse 1 grow light",오전 9시에 1번 하우스 보광등 켜,execute,,D6,T1,none,FARM01_Greenhouse_GrowLight_1,
G03194,농장,FARM04,기기제어,please run the tier 3 grow light 2 for 12 hours at 6:30 am on weekdays.,평일 오전 6시 30분에 3단 보광등 2를 12시간 동안 좀 켜 놔 줘.,execute,,D6,T1,none,FARM04_GrowRoom_GrowLight_14,
G03195,농장,FARM01,기기제어,can you turn the greenhouse 3 grow light off at noon on weekdays?,평일 정오에 3번 하우스 보광등 꺼 줄래?,execute,,D6,T1,none,FARM01_Greenhouse_GrowLight_3,
G03196,농장,FARM04,기기제어,Give the plants more light every morning at 8 am.,매일 오전 8시에 작물에 빛 좀 더 줘.,execute,,D6,T1,none,FARM04_GrowRoom_GrowLight_1 FARM04_GrowRoom_GrowLight_10 FARM04_GrowRoom_GrowLight_11 FARM04_GrowRoom_GrowLight_12 FARM04_GrowRoom_GrowLight_13 FARM04_GrowRoom_GrowLight_14 FARM04_GrowRoom_GrowLight_15 FARM04_GrowRoom_GrowLight_16 FARM04_GrowRoom_GrowLight_17 FARM04_GrowRoom_GrowLight_18 FARM04_GrowRoom_GrowLight_2 FARM04_GrowRoom_GrowLight_3 FARM04_GrowRoom_GrowLight_4 FARM04_GrowRoom_GrowLight_5 FARM04_GrowRoom_GrowLight_6 FARM04_GrowRoom_GrowLight_7 FARM04_GrowRoom_GrowLight_8 FARM04_GrowRoom_GrowLight_9,
G03197,농장,FARM01,기기제어,could you run the greenhouse 3 grow light for 3 hours at 10 pm on weekdays?,평일 밤 10시에 3번 하우스 보광등을 3시간 동안 켜 놔 줄 수 있어?,execute,,D6,T1,none,FARM01_Greenhouse_GrowLight_3,
G03198,농장,FARM04,기기제어,Turn the tier 2 grow light 4 off on Saturday at 10:30 pm,토요일 밤 10시 30분에 2단 보광등 4 꺼,execute,,D6,T1,none,FARM04_GrowRoom_GrowLight_10,
G03199,농장,FARM01,기기제어,can you turn the greenhouse 2 grow light off at 10 pm on weekdays?,평일 밤 10시에 2번 하우스 보광등 꺼 줄래?,execute,,D6,T1,none,FARM01_Greenhouse_GrowLight_2,
G03200,농장,FARM04,기기제어,I'd like you to turn on the tier 3 grow light 3 every morning at 5:30 am.,매일 새벽 5시 30분에 3단 보광등 3 켜 줬으면 해.,execute,,D6,T1,none,FARM04_GrowRoom_GrowLight_15,
G03201,농장,FARM01,기기제어,could you run the greenhouse 3 grow light for 6 hours at 6 am on weekdays?,평일 오전 6시에 3번 하우스 보광등을 6시간 동안 켜 놔 줄 수 있어?,execute,,D6,T1,none,FARM01_Greenhouse_GrowLight_3,
G03202,농장,FARM04,기기제어,Turn the tier 1 grow light 3 off on Thursday at 10:30 pm,목요일 밤 10시 30분에 1단 보광등 3 꺼,execute,,D6,T1,none,FARM04_GrowRoom_GrowLight_3,
G03203,농장,FARM02,기기제어,can you stop the sprinkler when it gets hot outside?,바깥이 더워지면 스프링클러 멈춰 줄래?,refuse,no_device,D4,T1,weather,,
G03204,농장,FARM04,기기제어,I'd like you to run the sprinkler for 10 minutes when it gets hot outside.,바깥이 더워지면 스프링클러를 10분 동안 돌려 줬으면 해.,refuse,no_device,D4,T1,weather,,
G03205,농장,FARM01,기기제어,could you get water to the field if the outside temperature drops below 12?,바깥 온도가 12도 아래로 떨어지면 밭에 물 좀 줄 수 있어?,ask,,D4,T1,weather,FARM01_Greenhouse_Sprinkler_1 FARM01_Greenhouse_Sprinkler_2 FARM01_Greenhouse_Sprinkler_3 FARM01_Greenhouse_Valve_1 FARM01_Greenhouse_Valve_2 FARM01_Greenhouse_Valve_3,
G03206,농장,FARM03,기기제어,Stop the sprinkler if the forecast says frost,서리 예보가 있으면 스프링클러 멈춰,ask,,D4,T1,weather,FARM03_Field_Sprinkler_1 FARM03_Field_Sprinkler_2 FARM03_Field_Sprinkler_3 FARM03_Field_Sprinkler_4,
G03207,농장,FARM01,기기제어,"When it gets hot outside, run the greenhouse sprinkler for 3 minutes.",바깥이 더워지면 온실 스프링클러를 3분 동안 돌려.,execute,,D4,T1,weather,FARM01_Greenhouse_Sprinkler_1 FARM01_Greenhouse_Sprinkler_2 FARM01_Greenhouse_Sprinkler_3,
G03208,농장,FARM03,기기제어,please start the field sprinkler if the outside temperature drops below 5.,바깥 온도가 5도 아래로 떨어지면 밭 스프링클러 켜 주세요.,execute,,D4,T1,weather,FARM03_Field_Sprinkler_1 FARM03_Field_Sprinkler_2 FARM03_Field_Sprinkler_3 FARM03_Field_Sprinkler_4,
G03209,농장,FARM01,기기제어,can you stop the greenhouse sprinkler when it gets hot outside?,바깥이 더워지면 온실 스프링클러 멈춰 줄래?,execute,,D4,T1,weather,FARM01_Greenhouse_Sprinkler_1 FARM01_Greenhouse_Sprinkler_2 FARM01_Greenhouse_Sprinkler_3,
G03210,농장,FARM03,기기제어,I'd like you to run the field sprinkler for 3 minutes when it gets hot outside.,바깥이 더워지면 밭 스프링클러를 3분 동안 돌려 줬으면 해.,execute,,D4,T1,weather,FARM03_Field_Sprinkler_1 FARM03_Field_Sprinkler_2 FARM03_Field_Sprinkler_3 FARM03_Field_Sprinkler_4,
G03211,농장,FARM01,기기제어,could you start the greenhouse sprinkler if the outside temperature drops below 12?,바깥 온도가 12도 아래로 떨어지면 온실 스프링클러 켜 줄 수 있어?,execute,,D4,T1,weather,FARM01_Greenhouse_Sprinkler_1 FARM01_Greenhouse_Sprinkler_2 FARM01_Greenhouse_Sprinkler_3,
G03212,농장,FARM03,기기제어,Stop the field sprinkler if the forecast says frost,서리 예보가 있으면 밭 스프링클러 멈춰,execute,,D4,T1,weather,FARM03_Field_Sprinkler_1 FARM03_Field_Sprinkler_2 FARM03_Field_Sprinkler_3 FARM03_Field_Sprinkler_4,
G03213,농장,FARM01,기기제어,"When it gets hot outside, run the greenhouse sprinkler for 2 minutes",바깥이 더워지면 온실 스프링클러를 2분 동안 돌려,execute,,D4,T1,weather,FARM01_Greenhouse_Sprinkler_1 FARM01_Greenhouse_Sprinkler_2 FARM01_Greenhouse_Sprinkler_3,
G03214,농장,FARM03,기기제어,please get water to the field if the outside temperature drops below 0.,바깥 온도가 0도 아래로 떨어지면 밭에 물 좀 주세요.,ask,,D4,T1,weather,FARM03_Field_Sprinkler_1 FARM03_Field_Sprinkler_2 FARM03_Field_Sprinkler_3 FARM03_Field_Sprinkler_4 FARM03_Field_Valve_1 FARM03_Field_Valve_2 FARM03_Field_Valve_3 FARM03_Field_Valve_4,
G03215,농장,FARM01,기기제어,could you start the sprinkler when it gets hot outside?,바깥이 더워지면 스프링클러 켜 줄 수 있어?,ask,,D4,T1,weather,FARM01_Greenhouse_Sprinkler_1 FARM01_Greenhouse_Sprinkler_2 FARM01_Greenhouse_Sprinkler_3,
G03216,농장,FARM03,기기제어,I'd like you to run the field sprinkler for 30 minutes when it gets hot outside.,바깥이 더워지면 밭 스프링클러를 30분 동안 돌려 줬으면 해.,execute,,D4,T1,weather,FARM03_Field_Sprinkler_1 FARM03_Field_Sprinkler_2 FARM03_Field_Sprinkler_3 FARM03_Field_Sprinkler_4,
G03217,농장,FARM01,기기제어,could you start the greenhouse sprinkler if the outside temperature drops below 10?,바깥 온도가 10도 아래로 떨어지면 온실 스프링클러 켜 줄 수 있어?,execute,,D4,T1,weather,FARM01_Greenhouse_Sprinkler_1 FARM01_Greenhouse_Sprinkler_2 FARM01_Greenhouse_Sprinkler_3,
G03218,농장,FARM01,기기제어,could you run the sprinkler for 45 minutes if the forecast says frost?,서리 예보가 있으면 스프링클러를 45분 동안 돌려 줄 수 있어?,ask,,D4,T1,weather,FARM01_Greenhouse_Sprinkler_1 FARM01_Greenhouse_Sprinkler_2 FARM01_Greenhouse_Sprinkler_3,
G03219,농장,FARM01,기기제어,"When it gets hot outside, run the greenhouse sprinkler for 30 minutes.",바깥이 더워지면 온실 스프링클러를 30분 동안 돌려.,execute,,D4,T1,weather,FARM01_Greenhouse_Sprinkler_1 FARM01_Greenhouse_Sprinkler_2 FARM01_Greenhouse_Sprinkler_3,
G03220,농장,FARM01,기기제어,can you close the blinds when the wind picks up past 30?,바람이 30 이상으로 세지면 블라인드 전부 닫아 줄래?,execute,,D4,T1,none,FARM01_Greenhouse_WindowCovering_1 FARM01_Greenhouse_WindowCovering_2 FARM01_Greenhouse_WindowCovering_3,
G03221,농장,FARM01,기기제어,I'd like you to lower the blinds to 50 percent if wind speed goes over 30.,풍속이 30을 넘으면 블라인드 전부 50퍼센트까지 내려 줬으면 해.,execute,,D4,T1,none,FARM01_Greenhouse_WindowCovering_1 FARM01_Greenhouse_WindowCovering_2 FARM01_Greenhouse_WindowCovering_3,
G03222,농장,FARM01,기기제어,could you close the blinds when the wind picks up past 30?,바람이 30 이상으로 세지면 블라인드 전부 닫아 줄 수 있어?,execute,,D4,T1,none,FARM01_Greenhouse_WindowCovering_1 FARM01_Greenhouse_WindowCovering_2 FARM01_Greenhouse_WindowCovering_3,
G03223,농장,FARM01,기기제어,Lower the blinds to 10 percent if wind speed goes over 25,풍속이 25를 넘으면 블라인드 전부 10퍼센트까지 내려,execute,,D4,T1,none,FARM01_Greenhouse_WindowCovering_1 FARM01_Greenhouse_WindowCovering_2 FARM01_Greenhouse_WindowCovering_3,
G03224,농장,FARM01,기기제어,"When the wind picks up past 30, shut out the light from outside.",바람이 30 이상으로 세지면 바깥 빛 좀 차단해 줘.,ask,,D4,T1,none,FARM01_Greenhouse_Valve_1 FARM01_Greenhouse_Valve_2 FARM01_Greenhouse_Valve_3 FARM01_Greenhouse_WindowCovering_1 FARM01_Greenhouse_WindowCovering_2 FARM01_Greenhouse_WindowCovering_3,
G03225,농장,FARM01,기기제어,please lower the blinds to 10 percent if wind speed goes over 20.,풍속이 20을 넘으면 블라인드 전부 10퍼센트까지 좀 내려 줘.,execute,,D4,T1,none,FARM01_Greenhouse_WindowCovering_1 FARM01_Greenhouse_WindowCovering_2 FARM01_Greenhouse_WindowCovering_3,
G03226,농장,FARM01,기기제어,can you close the blinds when the wind picks up past 20?,바람이 20 이상으로 세지면 블라인드 전부 닫아 줄래?,execute,,D4,T1,none,FARM01_Greenhouse_WindowCovering_1 FARM01_Greenhouse_WindowCovering_2 FARM01_Greenhouse_WindowCovering_3,
G03227,농장,FARM01,기기제어,I'd like you to lower the blinds to 70 percent if wind speed goes over 15.,풍속이 15를 넘으면 블라인드 전부 70퍼센트까지 내려 줬으면 해.,execute,,D4,T1,none,FARM01_Greenhouse_WindowCovering_1 FARM01_Greenhouse_WindowCovering_2 FARM01_Greenhouse_WindowCovering_3,
G03228,농장,FARM01,기기제어,could you close the blinds when the wind picks up past 10?,바람이 10 이상으로 세지면 블라인드 전부 닫아 줄 수 있어?,execute,,D4,T1,none,FARM01_Greenhouse_WindowCovering_1 FARM01_Greenhouse_WindowCovering_2 FARM01_Greenhouse_WindowCovering_3,
G03229,농장,FARM01,기기제어,Lower the blinds to 20 percent if wind speed goes over 15,풍속이 15를 넘으면 블라인드 전부 20퍼센트까지 내려,execute,,D4,T1,none,FARM01_Greenhouse_WindowCovering_1 FARM01_Greenhouse_WindowCovering_2 FARM01_Greenhouse_WindowCovering_3,
G03230,농장,FARM01,기기제어,"When the wind picks up past 10, close the blinds",바람이 10 이상으로 세지면 블라인드 전부 닫아,execute,,D4,T1,none,FARM01_Greenhouse_WindowCovering_1 FARM01_Greenhouse_WindowCovering_2 FARM01_Greenhouse_WindowCovering_3,
G03231,농장,FARM01,기기제어,please lower the blinds to 70 percent if wind speed goes over 30.,풍속이 30을 넘으면 블라인드 전부 70퍼센트까지 내려 주세요.,execute,,D4,T1,none,FARM01_Greenhouse_WindowCovering_1 FARM01_Greenhouse_WindowCovering_2 FARM01_Greenhouse_WindowCovering_3,
G03232,농장,FARM01,기기제어,can you close the blinds when the wind picks up past 25?,바람이 25 이상으로 세지면 블라인드 전부 닫아 줄래?,execute,,D4,T1,none,FARM01_Greenhouse_WindowCovering_1 FARM01_Greenhouse_WindowCovering_2 FARM01_Greenhouse_WindowCovering_3,
G03233,농장,FARM01,기기제어,I'd like you to shut out the light from outside if wind speed goes over 15.,풍속이 15를 넘으면 바깥 빛 좀 차단해 줬으면 해.,ask,,D4,T1,none,FARM01_Greenhouse_Valve_1 FARM01_Greenhouse_Valve_2 FARM01_Greenhouse_Valve_3 FARM01_Greenhouse_WindowCovering_1 FARM01_Greenhouse_WindowCovering_2 FARM01_Greenhouse_WindowCovering_3,
G03407,농장,FARM04,기기제어,"When I double-press the button, wait 30 minutes and then put the lights into away mode",버튼이 연속 두 번 눌리면 30분 기다렸다가 조명 외출 모드로 해,refuse,no_device,D2,T2,none,,
G03408,농장,FARM01,기기제어,"When the scene button is pressed, switch the lights to the dinner scene, but only if the room is too warm",씬 버튼이 눌리면 방이 더울 때만 조명 저녁 식사 모드로 바꿔,refuse,no_device,D3,T2,none,,
G03423,농장,FARM02,기기제어,"Around sundown, wait 30 minutes and then switch the barn lights on.",해 질 무렵 30분 기다렸다가 축사 조명 켜.,execute,,D2,T2,sun,FARM02_Barn_Light_1 FARM02_Barn_Light_2 FARM02_Barn_Light_3 FARM02_Barn_Light_4,
G03424,농장,FARM04,알림예약,"Every night at midnight, wait 15 minutes and then give me a heads-up",매일 자정에 15분 기다렸다가 꼭 알려 줘,execute,,D2,T2,none,,Speaker.Speak
G03428,농장,FARM03,알림예약,"On Thursday at 7 am, wait 5 minutes and then I want to know when it changes.",목요일 오전 7시에 5분 기다렸다가 상태가 바뀌면 알려 줘.,execute,,D2,T2,none,,NotificationProvider.SendToast
G03433,농장,FARM01,기기제어,"The moment something moves in the outdoor, brighten this place up, then 20 minutes later turn it back off","실외에서 뭔가 움직이는 순간 여기 좀 밝게 해 주고, 20분 뒤에 다시 꺼",ask,,D2,T2,none,FARM01_Greenhouse_GrowLight_1 FARM01_Greenhouse_GrowLight_2 FARM01_Greenhouse_GrowLight_3 FARM01_Greenhouse_GrowLight_4 FARM01_Greenhouse_WindowCovering_1 FARM01_Greenhouse_WindowCovering_2 FARM01_Greenhouse_WindowCovering_3,
G03439,농장,FARM04,기기제어,please set the fan to high while the temperature stays over 30 degrees.,온도가 30도를 계속 넘고 있으면 선풍기 세게 좀 틀어 줘.,refuse,no_device,D5,T2,none,,
G03441,농장,FARM02,기기제어,Set the fan to high while the temperature stays over 28 degrees,온도가 28도를 계속 넘고 있으면 선풍기 세게 틀어,ask,,D5,T2,none,FARM02_Barn_Fan_1 FARM02_Barn_Fan_2 FARM02_Barn_Fan_3 FARM02_Barn_Fan_4,
G03443,농장,FARM02,기기제어,I'd like you to get some air moving while the temperature stays over 28 degrees.,온도가 28도를 계속 넘고 있으면 바람 좀 통하게 해 줬으면 해.,ask,,D5,T2,none,FARM02_Barn_Fan_1 FARM02_Barn_Fan_2 FARM02_Barn_Fan_3 FARM02_Barn_Fan_4 FARM02_Barn_Ventilator_1 FARM02_Barn_Ventilator_2 FARM02_Barn_Ventilator_3 FARM02_Barn_Ventilator_4,
G03448,농장,FARM02,기기제어,"When the temperature goes above 24 degrees, if the door is open right now, turn on the barn fan",온도가 24도를 넘을 때 문이 열려 있으면 축사 선풍기 켜,execute,,D3,T2,none,FARM02_Barn_Fan_1 FARM02_Barn_Fan_2 FARM02_Barn_Fan_3 FARM02_Barn_Fan_4,
G03457,농장,FARM02,기기제어,Set the barn fan to high while the temperature stays over 32 degrees,온도가 32도를 계속 넘고 있으면 축사 선풍기 세게 틀어,execute,,D5,T2,none,FARM02_Barn_Fan_1 FARM02_Barn_Fan_2 FARM02_Barn_Fan_3 FARM02_Barn_Fan_4,
G03475,농장,FARM01,기기제어,can you set the lights to amber while the temperature stays over 32 degrees?,온도가 32도를 계속 넘고 있으면 조명 호박색으로 바꿔 줄래?,refuse,no_device,D5,T2,none,,
G03476,농장,FARM01,기기제어,Make the lights blue while the temperature stays over 32 degrees,온도가 32도를 계속 넘고 있으면 조명 파란색으로 해,refuse,no_device,D5,T2,none,,
G03477,농장,FARM03,기기제어,can you change the light to green while the temperature stays over 35 degrees?,온도가 35도를 계속 넘고 있으면 조명 초록색으로 바꿔 줄래?,ask,,D5,T2,none,FARM03_Field_Light_1 FARM03_Field_Light_2,
G03486,농장,FARM02,기기제어,Turn the barn 1 light purple while the temperature stays over 32 degrees,온도가 32도를 계속 넘고 있으면 축사 1 조명 보라색으로 켜,execute,,D5,T2,none,FARM02_Barn_Light_1,
G03495,농장,FARM04,기기제어,"At sunrise, keep checking and turn the lights blue for as long as someone is in the room",해 뜰 때 방에 사람이 있는 동안 계속 조명 파란색으로 켜,refuse,no_device,D5,T2,sun,,
G03502,농장,FARM04,알림예약,"If the temperature drops below 5 degrees, wait 5 minutes and then give me a heads-up.",온도가 5도 아래로 떨어지면 5분 기다렸다가 꼭 알려 줘.,execute,,D2,T2,none,,Speaker.Speak
G03520,농장,FARM03,기기제어,could you let me see what is going on when nothing has moved for 10 minutes?,10분 동안 아무 움직임도 없으면 지금 상황 좀 보여 줄 수 있어?,execute,,D5,T2,none,FARM03_Field_Camera_1 FARM03_Field_Camera_2,
G03537,농장,FARM01,기기제어,please start a countdown for 60 minutes once the 5 minute timer runs out.,5분 타이머가 끝나면 60분 카운트다운 좀 시작해 줘.,refuse,no_service,D2,T2,none,,
G03554,농장,FARM02,기기제어,"After 20 minutes, set a 20 minute timer.",20분 뒤에 20분 타이머 맞춰 줘.,refuse,no_service,D2,T2,none,,
G03569,농장,FARM02,알림예약,"If any sensor battery is running low, keep checking and send me a notification for as long as the washing machine is running",센서 배터리가 얼마 안 남으면 세탁기가 도는 동안 계속 알림 보내 줘,execute,,D5,T2,none,,Speaker.Speak
G03578,농장,FARM03,기기제어,"At 6 pm on weekdays, put something on, then 10 minutes later turn it back off.","평일 오후 6시에 뭐라도 틀어 주고, 10분 뒤에 다시 꺼.",refuse,no_device,D2,T2,none,,
G03583,농장,FARM04,알림예약,Keep me posted once the door has been open for 30 minutes.,문이 30분 동안 열려 있으면 계속 알려 줘.,execute,,D5,T2,none,,Speaker.Speak
G03597,농장,FARM03,기기제어,"At 8 pm on weekdays, turn on the camera, then 15 minutes later turn it back off","평일 오후 8시에 카메라 켜 주고, 15분 뒤에 다시 꺼",ask,,D2,T2,none,FARM03_Field_Camera_1 FARM03_Field_Camera_2,
G03600,농장,FARM04,기기제어,can you bring the lights down to 25 percent while the temperature stays over 35 degrees?,온도가 35도를 계속 넘고 있으면 조명 밝기를 25퍼센트까지 낮춰 줄래?,refuse,no_device,D5,T2,none,,
G03619,농장,FARM02,기기제어,Set the fan to high once the 20 minute timer runs out,20분 타이머가 끝나면 선풍기 세게 틀어,ask,,D2,T2,none,FARM02_Barn_Fan_1 FARM02_Barn_Fan_2 FARM02_Barn_Fan_3 FARM02_Barn_Fan_4,
G03631,농장,FARM03,기기제어,please say it out loud on the speaker while someone is in the outdoor.,실외에 사람이 있는 동안 스피커로 소리 내서 좀 알려 줘.,refuse,no_device,D5,T2,none,,
G03636,농장,FARM03,기기제어,"If my phone battery falls under 30 percent, unlock the door lock, but only if the washing machine is running.",내 폰 배터리가 30퍼센트 아래로 떨어지면 세탁기가 돌고 있을 때만 도어락 열어.,refuse,no_device,D3,T2,phone,,
G03645,농장,FARM04,기기제어,I'd like you to put the lights on while someone is in the entrance.,현관에 사람이 있는 동안 조명 켜 줬으면 해.,refuse,no_device,D5,T2,none,,
G03677,농장,FARM03,기기제어,please take a snapshot with the field camera when nothing has moved for 20 minutes.,20분 동안 아무 움직임도 없으면 밭 카메라로 사진 찍어 주세요.,execute,,D5,T2,none,FARM03_Field_Camera_1 FARM03_Field_Camera_2,
G03709,농장,FARM03,기기제어,"If the temperature drops below 18 degrees, set the utility humidifier to 55 percent, but only if the window is open.",온도가 18도 아래로 떨어지면 창문이 열려 있을 때만 다용도실 가습기 55퍼센트로 맞춰.,execute,,D3,T2,none,FARM03_Utility_Humidifier_1,
G03716,농장,FARM02,기기제어,Switch the barn 4 light on once the switch has been on for 45 minutes,스위치가 45분 동안 켜져 있으면 축사 4 조명 켜,execute,,D5,T2,none,FARM02_Barn_Light_4,
G03721,농장,FARM04,알림예약,Give me a heads-up after waiting 5 minutes.,5분 기다렸다가 꼭 알려 줘.,execute,,D2,T2,none,,Speaker.Speak
G03739,농장,FARM01,기기제어,can you start recording on all the cameras after 15 minutes?,15분 뒤에 모든 카메라 녹화 시작해 줄래?,execute,,D2,T2,none,FARM01_Greenhouse_Camera_1,
G03754,농장,FARM03,기기제어,could you turn off the lights after 15 minutes?,15분 뒤에 조명 전부 꺼 줄 수 있어?,execute,,D2,T2,none,FARM03_Field_Light_1 FARM03_Field_Light_2,
G03761,농장,FARM02,기기제어,can you turn the barn siren off while the camera is recording?,카메라가 녹화 중인 동안 축사 사이렌 꺼 줄래?,execute,,D5,T2,none,FARM02_Barn_Siren_1,
G03763,농장,FARM01,기기제어,Switch the switch on once the switch has been on for 2 minutes,스위치가 2분 동안 켜져 있으면 스위치 켜,ask,,D5,T2,none,FARM01_Greenhouse_GrowLight_1 FARM01_Greenhouse_GrowLight_2 FARM01_Greenhouse_GrowLight_3,
G03807,농장,FARM04,알림예약,Tell me about it once the door has been open for 20 minutes,문이 20분 동안 열려 있으면 알려 줘,execute,,D5,T2,none,,Speaker.Speak
G03808,농장,FARM04,알림예약,"When the door sensor says the door is open, wait 30 minutes and then tell me if something is off.",문열림 센서가 문이 열렸다고 알릴 때 30분 기다렸다가 뭔가 이상하면 알려 줘.,execute,,D2,T2,none,,Speaker.Speak
G03809,농장,FARM04,알림예약,"When the door closes, give me a heads-up, but only if the battery is under 20 percent.",문이 닫히면 배터리가 20퍼센트 아래일 때만 꼭 알려 줘.,execute,,D3,T2,none,,Speaker.Speak
G03810,농장,FARM03,기기제어,"When the humidity climbs over 70 percent, turn the utility humidifier off, but only if the door is open",습도가 70퍼센트를 넘으면 문이 열려 있을 때만 다용도실 가습기 꺼,execute,,D3,T2,none,FARM03_Utility_Humidifier_1,
G03811,농장,FARM04,알림예약,Give me a heads-up while the water quality sensor stays above 150.,수질 센서가 150을 계속 넘고 있으면 꼭 알려 줘.,execute,,D5,T2,none,,Speaker.Speak
G03812,농장,FARM04,알림예약,please push me an alert while the water quality sensor stays above 200.,수질 센서가 200을 계속 넘고 있으면 알림 좀 띄워 줘.,execute,,D5,T2,none,,Speaker.Speak
G03813,농장,FARM04,알림예약,Keep me posted while the water quality sensor stays above 200.,수질 센서가 200을 계속 넘고 있으면 알려 줘.,execute,,D5,T2,none,,Speaker.Speak
G03814,농장,FARM04,알림예약,I'd like you to tell me about it while the water quality sensor stays above 200.,수질 센서가 200을 계속 넘고 있으면 알려 줬으면 해.,execute,,D5,T2,none,,Speaker.Speak
G03815,농장,FARM02,기기제어,"Once the water level sensor goes over 300, stop the pump, but only if the window is open.",수위 센서가 300을 넘으면 창문이 열려 있을 때만 펌프 멈춰.,execute,,D3,T2,none,FARM02_Utility_Pump_1,
G03816,농장,FARM01,기기제어,"If the water level sensor reads more than 50, if nobody is around right now, stop the pump",수위 센서 값이 50보다 클 때 아무도 없으면 펌프 멈춰,refuse,no_occupancy,D3,T2,none,,
G03817,농장,FARM04,기기제어,I'd like you to stop the pump while the water level sensor stays above 150.,수위 센서가 150을 계속 넘고 있으면 펌프 멈춰 줬으면 해.,ask,,D5,T2,none,FARM04_Utility_Pump_1 FARM04_Utility_Pump_2 FARM04_Utility_Pump_3,
G03818,농장,FARM04,기기제어,please stop the pump while the water level sensor stays above 800.,수위 센서가 800을 계속 넘고 있으면 펌프 좀 멈춰 줘.,ask,,D5,T2,none,FARM04_Utility_Pump_1 FARM04_Utility_Pump_2 FARM04_Utility_Pump_3,
G03819,농장,FARM04,기기제어,Stop the pump while the water level sensor stays above 200,수위 센서가 200을 계속 넘고 있으면 펌프 멈춰,ask,,D5,T2,none,FARM04_Utility_Pump_1 FARM04_Utility_Pump_2 FARM04_Utility_Pump_3,
G03820,농장,FARM02,기기제어,I'd like you to run the sprinkler for 20 minutes while the soil sensor stays above 500.,토양 센서가 500을 계속 넘고 있으면 스프링클러를 20분 동안 돌려 줬으면 해.,refuse,no_device,D5,T2,none,,
G03821,농장,FARM03,기기제어,please start the sprinkler while the soil sensor stays above 150.,토양 센서가 150을 계속 넘고 있으면 스프링클러 좀 켜 줘.,ask,,D5,T2,none,FARM03_Field_Sprinkler_1 FARM03_Field_Sprinkler_2 FARM03_Field_Sprinkler_3 FARM03_Field_Sprinkler_4,
G03822,농장,FARM03,기기제어,Stop the zone 1 sprinkler while the soil sensor stays above 500,토양 센서가 500을 계속 넘고 있으면 구역 1 스프링클러 멈춰,execute,,D5,T2,none,FARM03_Field_Sprinkler_1,
G03823,농장,FARM01,기기제어,"If the soil sensor reads more than 500, if the battery is under 20 percent right now, get water to the field",토양 센서 값이 500보다 클 때 배터리가 20퍼센트 아래면 밭에 물 좀 줘,ask,,D3,T2,none,FARM01_Greenhouse_Sprinkler_1 FARM01_Greenhouse_Sprinkler_2 FARM01_Greenhouse_Sprinkler_3 FARM01_Greenhouse_Valve_1 FARM01_Greenhouse_Valve_2 FARM01_Greenhouse_Valve_3,
G03824,농장,FARM03,기기제어,please get water to the field while the soil sensor stays above 200.,토양 센서가 200을 계속 넘고 있으면 밭에 물 좀 줘.,ask,,D5,T2,none,FARM03_Field_Sprinkler_1 FARM03_Field_Sprinkler_2 FARM03_Field_Sprinkler_3 FARM03_Field_Sprinkler_4 FARM03_Field_Valve_1 FARM03_Field_Valve_2 FARM03_Field_Valve_3 FARM03_Field_Valve_4,
G03825,농장,FARM03,기기제어,Stop the zone 4 sprinkler while the soil sensor stays above 300,토양 센서가 300을 계속 넘고 있으면 구역 4 스프링클러 멈춰,execute,,D5,T2,none,FARM03_Field_Sprinkler_4,
G03826,농장,FARM03,기기제어,I'd like you to get water to the field while the soil sensor stays above 100.,토양 센서가 100을 계속 넘고 있으면 밭에 물 좀 줬으면 해.,ask,,D5,T2,none,FARM03_Field_Sprinkler_1 FARM03_Field_Sprinkler_2 FARM03_Field_Sprinkler_3 FARM03_Field_Sprinkler_4 FARM03_Field_Valve_1 FARM03_Field_Valve_2 FARM03_Field_Valve_3 FARM03_Field_Valve_4,
G03827,농장,FARM03,기기제어,please start the zone 4 sprinkler while the soil sensor stays above 800.,토양 센서가 800을 계속 넘고 있으면 구역 4 스프링클러 켜 주세요.,execute,,D5,T2,none,FARM03_Field_Sprinkler_4,
G03828,농장,FARM04,기기제어,Shut the valve right away while the flow meter stays above 1000,유량계가 1000을 계속 넘고 있으면 밸브 당장 닫아,ask,,D5,T2,none,FARM04_GrowRoom_Valve_1 FARM04_GrowRoom_Valve_2 FARM04_GrowRoom_Valve_3 FARM04_GrowRoom_Valve_4 FARM04_GrowRoom_Valve_5 FARM04_GrowRoom_Valve_6,
G03829,농장,FARM02,기기제어,I'd like you to close the barn valve while the flow meter stays above 200.,유량계가 200을 계속 넘고 있으면 축사 밸브 닫아 줬으면 해.,execute,,D5,T2,none,FARM02_Barn_Valve_1 FARM02_Barn_Valve_2,
G03830,농장,FARM02,기기제어,"If the flow meter falls under 800, wait 5 minutes and then close the barn valve",유량계가 800 아래로 내려가면 5분 기다렸다가 축사 밸브 닫아,execute,,D2,T2,none,FARM02_Barn_Valve_1 FARM02_Barn_Valve_2,
G03831,농장,FARM03,기기제어,"Once the flow meter goes over 100, open the field valve, but only if it is dark outside",유량계가 100을 넘으면 바깥이 어두울 때만 밭 밸브 열어,execute,,D3,T2,none,FARM03_Field_Valve_1 FARM03_Field_Valve_2 FARM03_Field_Valve_3 FARM03_Field_Valve_4,
G03832,농장,FARM02,기기제어,I'd like you to close the barn valve while the flow meter stays above 800.,유량계가 800을 계속 넘고 있으면 축사 밸브 닫아 줬으면 해.,execute,,D5,T2,none,FARM02_Barn_Valve_1 FARM02_Barn_Valve_2,
G03833,농장,FARM03,기기제어,please air this place out while the temperature stays over 32 degrees.,온도가 32도를 계속 넘고 있으면 여기 환기해 주세요.,refuse,no_device,D5,T2,none,,
G03834,농장,FARM01,기기제어,I'd like you to turn on the ventilation fan while the temperature stays over 28 degrees.,온도가 28도를 계속 넘고 있으면 환풍기 켜 줬으면 해.,ask,,D5,T2,none,FARM01_Greenhouse_Ventilator_1 FARM01_Greenhouse_Ventilator_2 FARM01_Greenhouse_Ventilator_3,
G03835,농장,FARM02,기기제어,please run the ventilation fan for 60 minutes while the temperature stays over 24 degrees.,온도가 24도를 계속 넘고 있으면 환풍기를 60분 동안 좀 돌려 줘.,ask,,D5,T2,none,FARM02_Barn_Ventilator_1 FARM02_Barn_Ventilator_2 FARM02_Barn_Ventilator_3 FARM02_Barn_Ventilator_4,
G03836,농장,FARM01,기기제어,I'd like you to turn on the ventilation fan while the temperature stays over 32 degrees.,온도가 32도를 계속 넘고 있으면 환풍기 켜 줬으면 해.,ask,,D5,T2,none,FARM01_Greenhouse_Ventilator_1 FARM01_Greenhouse_Ventilator_2 FARM01_Greenhouse_Ventilator_3,
G03837,농장,FARM02,기기제어,please run the ventilation fan for 15 minutes while the temperature stays over 26 degrees.,온도가 26도를 계속 넘고 있으면 환풍기를 15분 동안 좀 돌려 줘.,ask,,D5,T2,none,FARM02_Barn_Ventilator_1 FARM02_Barn_Ventilator_2 FARM02_Barn_Ventilator_3 FARM02_Barn_Ventilator_4,
G03838,농장,FARM04,기기제어,Run the ventilation fan for 3 minutes while the temperature stays over 24 degrees,온도가 24도를 계속 넘고 있으면 환풍기를 3분 동안 돌려,ask,,D5,T2,none,FARM04_GrowRoom_Ventilator_1 FARM04_GrowRoom_Ventilator_2 FARM04_GrowRoom_Ventilator_3,
G03839,농장,FARM01,기기제어,I'd like you to turn on the ventilation fan while the temperature stays over 35 degrees.,온도가 35도를 계속 넘고 있으면 환풍기 켜 줬으면 해.,ask,,D5,T2,none,FARM01_Greenhouse_Ventilator_1 FARM01_Greenhouse_Ventilator_2 FARM01_Greenhouse_Ventilator_3,
G03840,농장,FARM04,기기제어,"If the temperature drops below 10 degrees, turn the ventilation fan off, but only if the tank is below half.",온도가 10도 아래로 떨어지면 탱크가 절반 아래일 때만 환풍기 꺼.,ask,,D3,T2,none,FARM04_GrowRoom_Ventilator_1 FARM04_GrowRoom_Ventilator_2 FARM04_GrowRoom_Ventilator_3,
G03841,농장,FARM01,기기제어,"When the temperature goes above 35 degrees, if the battery is under 20 percent right now, turn on the ventilation fan.",온도가 35도를 넘을 때 배터리가 20퍼센트 아래면 환풍기 켜.,ask,,D3,T2,none,FARM01_Greenhouse_Ventilator_1 FARM01_Greenhouse_Ventilator_2 FARM01_Greenhouse_Ventilator_3,
G03842,농장,FARM02,기기제어,please run the ventilation fan for 5 minutes while the temperature stays over 24 degrees.,온도가 24도를 계속 넘고 있으면 환풍기를 5분 동안 돌려 주세요.,ask,,D5,T2,none,FARM02_Barn_Ventilator_1 FARM02_Barn_Ventilator_2 FARM02_Barn_Ventilator_3 FARM02_Barn_Ventilator_4,
G03843,농장,FARM01,기기제어,I'd like you to air this place out while the temperature stays over 28 degrees.,온도가 28도를 계속 넘고 있으면 여기 환기해 줬으면 해.,execute,,D5,T2,none,FARM01_Greenhouse_Ventilator_1 FARM01_Greenhouse_Ventilator_2 FARM01_Greenhouse_Ventilator_3,
G03844,농장,FARM02,기기제어,"On Saturday at 6:30 am, keep checking and skip the next feeding for as long as the tank is below half",토요일 오전 6시 30분에 탱크가 절반 아래인 동안 계속 다음 급여 건너뛰어,refuse,no_service,D5,T2,none,,
G03845,농장,FARM02,기기제어,"Every morning at 6:30 am, wait 5 minutes and then run all the feeders",매일 오전 6시 30분에 5분 기다렸다가 모든 급이기 돌려,execute,,D2,T2,none,FARM02_Barn_FeedDispenser_1 FARM02_Barn_FeedDispenser_2 FARM02_Barn_FeedDispenser_3 FARM02_Barn_FeedDispenser_4 FARM02_Barn_FeedDispenser_5,
G03846,농장,FARM01,기기제어,"At 6:30 am, if the washing machine is running right now, give the plants more light.",오전 6시 30분에 세탁기가 돌고 있으면 작물에 빛 좀 더 줘.,ask,,D3,T2,none,FARM01_Greenhouse_GrowLight_1 FARM01_Greenhouse_GrowLight_2 FARM01_Greenhouse_GrowLight_3 FARM01_Greenhouse_GrowLight_4 FARM01_Greenhouse_WindowCovering_1 FARM01_Greenhouse_WindowCovering_2 FARM01_Greenhouse_WindowCovering_3,
G03847,농장,FARM04,기기제어,"At midnight on weekdays, run the tier 1 grow light 3 for 4 hours, but only if the battery is under 20 percent",평일 자정에 배터리가 20퍼센트 아래일 때만 1단 보광등 3을 4시간 동안 켜 놔,execute,,D3,T2,none,FARM04_GrowRoom_GrowLight_3,
G03848,농장,FARM01,기기제어,"If wind speed goes over 20, lower the blinds to 70 percent, but only if the tank is below half",풍속이 20을 넘으면 탱크가 절반 아래일 때만 블라인드 전부 70퍼센트까지 내려,execute,,D3,T2,none,FARM01_Greenhouse_WindowCovering_1 FARM01_Greenhouse_WindowCovering_2 FARM01_Greenhouse_WindowCovering_3,
G03905,농장,FARM04,기기제어,"If the battery is under 20 percent right now, dim the lights to 20 percent.",배터리가 20퍼센트 아래면 조명 밝기를 20퍼센트로 낮춰.,refuse,no_device,D3,T2,none,,
G03906,농장,FARM04,기기제어,Keep checking and turn the lights up to 70 percent for as long as it is dark outside,바깥이 어두운 동안 계속 조명 밝기를 70퍼센트까지 올려,refuse,no_device,D5,T2,none,,
G03911,농장,FARM02,기기제어,Wait 5 minutes and then switch the barn lights on,5분 기다렸다가 축사 조명 켜,execute,,D2,T2,none,FARM02_Barn_Light_1 FARM02_Barn_Light_2 FARM02_Barn_Light_3 FARM02_Barn_Light_4,
G03948,농장,FARM01,기기제어,Wait 10 minutes and then switch all the switches on.,10분 기다렸다가 모든 스위치 켜.,execute,,D2,T2,none,FARM01_Greenhouse_GrowLight_1 FARM01_Greenhouse_GrowLight_2 FARM01_Greenhouse_GrowLight_3,
G03950,농장,FARM04,기기제어,Wait 10 minutes and then shut everything down in here.,10분 기다렸다가 여기 다 꺼 줘.,ask,,D2,T2,none,FARM04_GrowRoom_AirConditioner_1 FARM04_GrowRoom_AirConditioner_2 FARM04_GrowRoom_Chamber_1 FARM04_GrowRoom_Chamber_2 FARM04_GrowRoom_Dehumidifier_1 FARM04_GrowRoom_GrowLight_1 FARM04_GrowRoom_GrowLight_10 FARM04_GrowRoom_GrowLight_11 FARM04_GrowRoom_GrowLight_12 FARM04_GrowRoom_GrowLight_13 FARM04_GrowRoom_GrowLight_14 FARM04_GrowRoom_GrowLight_15 FARM04_GrowRoom_GrowLight_16 FARM04_GrowRoom_GrowLight_17 FARM04_GrowRoom_GrowLight_18 FARM04_GrowRoom_GrowLight_2 FARM04_GrowRoom_GrowLight_3 FARM04_GrowRoom_GrowLight_4 FARM04_GrowRoom_GrowLight_5 FARM04_GrowRoom_GrowLight_6 FARM04_GrowRoom_GrowLight_7 FARM04_GrowRoom_GrowLight_8 FARM04_GrowRoom_GrowLight_9 FARM04_GrowRoom_Ventilator_1 FARM04_GrowRoom_Ventilator_2 FARM04_GrowRoom_Ventilator_3,
G03978,농장,FARM01,기기제어,"If the battery is under 20 percent right now, set the lights to green.",배터리가 20퍼센트 아래면 조명 초록색으로 바꿔.,refuse,no_device,D3,T2,none,,
G04001,농장,FARM01,기기제어,"Wait up to 20 minutes to see if the washing machine is running; if not, run the away scene on the lights","세탁기가 도는지 최대 20분 기다려 보고, 그래도 아니면 조명 외출 모드 실행해",refuse,no_device,D10,T3,none,,
G04002,농장,FARM01,기기제어,"Wait up to 20 minutes to see if the battery is under 20 percent; if not, run the reading scene on the lights.","배터리가 20퍼센트 아래로 내려가는지 최대 20분 기다려 보고, 그래도 아니면 조명 독서 모드 실행해.",refuse,no_device,D10,T3,none,,
G04003,농장,FARM01,기기제어,"When I double-press the button, check every 20 minutes and run the away scene on the lights if it is dark outside",버튼이 연속 두 번 눌리면 20분마다 확인해서 바깥이 어두울 때 조명 외출 모드 실행해,refuse,no_device,D7,T3,none,,
G04004,농장,FARM01,기기제어,"Wait up to 15 minutes to see if the washing machine is running; if not, set the lights to the focus scene","세탁기가 도는지 최대 15분 기다려 보고, 그래도 아니면 조명 집중 모드로 해",refuse,no_device,D10,T3,none,,
G04005,농장,FARM04,기기제어,"Wait up to 20 minutes to see if the washing machine is running; if not, put the lights into away mode.","세탁기가 도는지 최대 20분 기다려 보고, 그래도 아니면 조명 외출 모드로 해.",refuse,no_device,D10,T3,none,,
G04054,농장,FARM02,기기제어,"At sunset, check every 15 minutes and get the barn 4 light on if the washing machine is running",해 질 때 15분마다 확인해서 세탁기가 돌고 있을 때 축사 4 조명 켜,execute,,D7,T3,sun,FARM02_Barn_Light_4,
G04067,농장,FARM04,기기제어,"With a single press of the button, check every 10 minutes and switch the lights on if someone is in the room",버튼을 한 번 누르면 10분마다 확인해서 방에 사람이 있을 때 조명 켜,refuse,no_device,D7,T3,none,,
G04068,농장,FARM04,기기제어,"With a single press of the button, check every 20 minutes and get the lights on if it is dark outside",버튼을 한 번 누르면 20분마다 확인해서 바깥이 어두울 때 조명 켜,refuse,no_device,D7,T3,none,,
G04069,농장,FARM04,기기제어,"Wait up to 30 minutes to see if the tank is below half; if not, get the lights on","탱크가 절반 아래로 내려가는지 최대 30분 기다려 보고, 그래도 아니면 조명 켜",refuse,no_device,D10,T3,none,,
G04078,농장,FARM01,기기제어,"Wait up to 15 minutes to see if it is dark outside; if not, put the lights on","바깥이 어두워지는지 최대 15분 기다려 보고, 그래도 아니면 조명 켜",refuse,no_device,D10,T3,none,,
G04079,농장,FARM01,기기제어,"When the motion sensor picks something up, check every 15 minutes and turn on the lights if the washing machine is running",동작 감지 센서에 뭔가 잡히면 15분마다 확인해서 세탁기가 돌고 있을 때 조명 켜,refuse,no_device,D7,T3,none,,
G04080,농장,FARM04,기기제어,"Wait up to 5 minutes to see if it is dark outside; if not, get the lights on.","바깥이 어두워지는지 최대 5분 기다려 보고, 그래도 아니면 조명 켜.",refuse,no_device,D10,T3,none,,
G04081,농장,FARM04,기기제어,"When the motion sensor detects movement, check every 15 minutes and switch the lights on if it is dark outside.",동작 감지 센서가 움직임을 감지하면 15분마다 확인해서 바깥이 어두울 때 조명 켜.,refuse,no_device,D7,T3,none,,
G04082,농장,FARM04,기기제어,"When the motion sensor picks something up, check every 5 minutes and put the lights on if the washing machine is running",동작 감지 센서에 뭔가 잡히면 5분마다 확인해서 세탁기가 돌고 있을 때 조명 켜,refuse,no_device,D7,T3,none,,
G04127,농장,FARM01,기기제어,"Wait up to 30 minutes to see if nobody is around; if not, close the greenhouse 2 shade screen.","아무도 없는지 최대 30분 기다려 보고, 그래도 아니면 2번 하우스 차광막 닫아.",refuse,no_occupancy,D10,T3,sun,,
G04130,농장,FARM01,기기제어,"When the sun comes up, check every 30 minutes and open the greenhouse 1 shade screen if the window is open",해가 뜨면 30분마다 확인해서 창문이 열려 있을 때 1번 하우스 차광막 열어,execute,,D7,T3,sun,FARM01_Greenhouse_WindowCovering_1,
G04168,농장,FARM03,기기제어,"After waiting 5 minutes, start a countdown for 5 minutes every 10 minutes for the next 5 hours.",5분 기다렸다가 앞으로 5시간 동안 10분마다 5분 카운트다운 시작해 줘.,refuse,no_service,D8,T3,none,,
G04170,농장,FARM01,기기제어,"Wait up to 20 minutes to see if someone is in the room; if not, set the lights to orange.","방에 사람이 오는지 최대 20분 기다려 보고, 그래도 아니면 조명 주황색으로 바꿔.",refuse,no_device,D10,T3,none,,
G04171,농장,FARM01,기기제어,"Wait up to 10 minutes to see if the washing machine is running; if not, set the lights to purple","세탁기가 도는지 최대 10분 기다려 보고, 그래도 아니면 조명 보라색으로 바꿔",refuse,no_device,D10,T3,none,,
G04172,농장,FARM01,기기제어,"Wait up to 15 minutes to see if the temperature is under 18 degrees; if not, turn the lights daylight white.","온도가 18도 아래로 내려가는지 최대 15분 기다려 보고, 그래도 아니면 조명 주광색으로 켜.",refuse,no_device,D10,T3,none,,
G04176,농장,FARM01,기기제어,"When the door sensor says the door is open, check every 15 minutes and change the lights to daylight white if the humidity is over 60 percent.",문열림 센서가 문이 열렸다고 알리면 15분마다 확인해서 습도가 60퍼센트를 넘을 때 조명 주광색으로 바꿔.,refuse,no_device,D7,T3,none,,
G04177,농장,FARM04,기기제어,"Wait up to 10 minutes to see if someone is in the room; if not, turn the lights pink.","방에 사람이 오는지 최대 10분 기다려 보고, 그래도 아니면 조명 분홍색으로 켜.",refuse,no_device,D10,T3,none,,
G04182,농장,FARM01,기기제어,"Wait up to 5 minutes to see if the temperature is under 18 degrees; if not, turn on the TV.","온도가 18도 아래로 내려가는지 최대 5분 기다려 보고, 그래도 아니면 TV 켜.",refuse,no_device,D10,T3,none,,
G04188,농장,FARM02,알림예약,"Wait up to 5 minutes to see if someone is in the room; if not, push me an alert.","방에 사람이 오는지 최대 5분 기다려 보고, 그래도 아니면 알림 띄워 줘.",refuse,no_occupancy,D10,T3,none,,
G04193,농장,FARM02,알림예약,"If any sensor battery is running low, tell me about it every 10 minutes until the door is open",센서 배터리가 얼마 안 남으면 문이 열릴 때까지 10분마다 알려 줘,execute,,D8,T3,none,,Speaker.Speak
G04206,농장,FARM04,알림예약,"If a window is left open, check every 10 minutes and let me know if the battery is under 20 percent.",창문이 열린 채로 있으면 10분마다 확인해서 배터리가 20퍼센트 아래일 때 알려 줘.,execute,,D7,T3,none,,Speaker.Speak
G04207,농장,FARM04,알림예약,"When the door closes, give me a heads-up every 15 minutes until the humidity is over 60 percent",문이 닫히면 습도가 60퍼센트를 넘을 때까지 15분마다 꼭 알려 줘,execute,,D8,T3,none,,Speaker.Speak
G04213,농장,FARM01,기기제어,"At 9 am, check every 10 minutes and put the lights on if the humidity is over 60 percent",오전 9시에 10분마다 확인해서 습도가 60퍼센트를 넘을 때 조명 켜,refuse,no_device,D7,T3,none,,
G04214,농장,FARM04,기기제어,"Every day at 5 pm, check every 15 minutes and switch the lights on if the humidity is over 60 percent",매일 오후 5시에 15분마다 확인해서 습도가 60퍼센트를 넘을 때 조명 켜,refuse,no_device,D7,T3,none,,
G04237,농장,FARM04,기기제어,"Wait up to 10 minutes to see if the washing machine is running; if not, turn on the lights.","세탁기가 도는지 최대 10분 기다려 보고, 그래도 아니면 조명 켜.",refuse,no_device,D10,T3,none,,
G04238,농장,FARM01,기기제어,"15 minutes from now, check every 30 minutes and turn on the lights if the temperature is under 18 degrees.",지금부터 15분 뒤에 30분마다 확인해서 온도가 18도 아래일 때 조명 켜.,refuse,no_device,D7,T3,none,,
G04282,농장,FARM04,기기제어,"Wait up to 15 minutes to see if the room is too warm; if not, turn the lights pink.","방이 더워지는지 최대 15분 기다려 보고, 그래도 아니면 조명 분홍색으로 켜.",refuse,no_device,D10,T3,none,,
G04288,농장,FARM01,기기제어,"With a single press of the button, take a snapshot with the greenhouse camera every 30 minutes until someone is in the room.",버튼을 한 번 누르면 방에 사람이 올 때까지 30분마다 온실 카메라로 사진 찍어.,refuse,no_occupancy,D8,T3,none,,
G04292,농장,FARM04,기기제어,"Wait up to 5 minutes to see if the room is too warm; if not, set the lights to green.","방이 더워지는지 최대 5분 기다려 보고, 그래도 아니면 조명 초록색으로 바꿔.",refuse,no_device,D10,T3,none,,
G04310,농장,FARM03,기기제어,"When I arrive, check every 30 minutes and set the volume on the TV to 10 if it is dark outside.",내가 도착하면 30분마다 확인해서 바깥이 어두울 때 TV 볼륨 10으로 맞춰.,refuse,no_device,D7,T3,phone,,
G04336,농장,FARM04,기기제어,"When it starts raining, check every 15 minutes and turn the air conditioner off if the temperature is under 18 degrees.",비가 오기 시작하면 15분마다 확인해서 온도가 18도 아래일 때 에어컨 꺼.,ask,,D7,T3,weather,FARM04_GrowRoom_AirConditioner_1 FARM04_GrowRoom_AirConditioner_2,
G04414,농장,FARM03,기기제어,"Once the switch has been on for 10 minutes, check every 5 minutes and turn off the lights if the room is too warm.",스위치가 10분 동안 켜져 있으면 5분마다 확인해서 방이 더울 때 조명 전부 꺼.,execute,,D7,T3,none,FARM03_Field_Light_1 FARM03_Field_Light_2,
G04467,농장,FARM04,알림예약,"When the entrance door opens, check every 5 minutes and send a warning to my phone if the temperature is under 18 degrees",현관 문이 열리면 5분마다 확인해서 온도가 18도 아래일 때 폰으로 경고 보내 줘,refuse,no_channel,D7,T3,none,,
G04468,농장,FARM04,알림예약,"Once someone is in the room, give me a heads-up every 5 minutes",방에 사람이 있으면 5분마다 꼭 알려 줘,refuse,no_occupancy,D9,T3,none,,
G04469,농장,FARM04,알림예약,"If a window is left open, let me know every 30 minutes.",창문이 열린 채로 있으면 30분마다 알려 줘.,execute,,D7,T3,none,,Speaker.Speak
G04470,농장,FARM03,기기제어,"Wait up to 10 minutes to see if nobody is around; if not, turn the humidifier off","아무도 없는지 최대 10분 기다려 보고, 그래도 아니면 가습기 꺼",execute,,D10,T3,none,FARM03_Utility_Humidifier_1,
G04471,농장,FARM03,기기제어,"When the humidity climbs over 30 percent, check every 10 minutes and turn all the humidifiers off if the battery is under 20 percent",습도가 30퍼센트를 넘으면 10분마다 확인해서 배터리가 20퍼센트 아래일 때 모든 가습기 꺼,execute,,D7,T3,none,FARM03_Utility_Humidifier_1,
G04472,농장,FARM02,기기제어,"When the humidity climbs over 40 percent, check every 20 minutes and turn all the humidifiers off if the battery is under 20 percent.",습도가 40퍼센트를 넘으면 20분마다 확인해서 배터리가 20퍼센트 아래일 때 모든 가습기 꺼.,execute,,D7,T3,none,FARM02_Barn_Humidifier_1,
G04473,농장,FARM03,기기제어,"When the humidity climbs over 50 percent, check every 10 minutes and turn all the humidifiers off if nobody is around.",습도가 50퍼센트를 넘으면 10분마다 확인해서 아무도 없을 때 모든 가습기 꺼.,execute,,D7,T3,none,FARM03_Utility_Humidifier_1,
G04474,농장,FARM03,기기제어,"Wait up to 10 minutes to see if the washing machine is running; if not, turn all the humidifiers off","세탁기가 도는지 최대 10분 기다려 보고, 그래도 아니면 모든 가습기 꺼",execute,,D10,T3,none,FARM03_Utility_Humidifier_1,
G04475,농장,FARM04,알림예약,"While the water quality sensor stays above 200, let me know every 30 minutes.",수질 센서가 200을 계속 넘고 있으면 30분마다 알려 줘.,execute,,D7,T3,none,,Speaker.Speak
G04476,농장,FARM04,기기제어,"Wait up to 30 minutes to see if the washing machine is running; if not, stop the pump","세탁기가 도는지 최대 30분 기다려 보고, 그래도 아니면 펌프 멈춰",ask,,D10,T3,none,FARM04_Utility_Pump_1 FARM04_Utility_Pump_2 FARM04_Utility_Pump_3,
G04477,농장,FARM04,기기제어,"Once the water level sensor goes over 500, check every 30 minutes and stop the utility pump if the door is open",수위 센서가 500을 넘으면 30분마다 확인해서 문이 열려 있을 때 다용도실 펌프 멈춰,execute,,D7,T3,none,FARM04_Utility_Pump_1 FARM04_Utility_Pump_2 FARM04_Utility_Pump_3,
G04478,농장,FARM01,기기제어,"Wait up to 20 minutes to see if the door is open; if not, stop the utility pump","문이 열리는지 최대 20분 기다려 보고, 그래도 아니면 다용도실 펌프 멈춰",execute,,D10,T3,none,FARM01_Utility_Pump_1,
G04479,농장,FARM04,기기제어,"While the water level sensor stays above 500, check every 5 minutes and stop the utility pump if the humidity is over 60 percent.",수위 센서가 500을 계속 넘고 있으면 5분마다 확인해서 습도가 60퍼센트를 넘을 때 다용도실 펌프 멈춰.,execute,,D7,T3,none,FARM04_Utility_Pump_1 FARM04_Utility_Pump_2 FARM04_Utility_Pump_3,
G04480,농장,FARM01,기기제어,"If the soil sensor falls under 1000, run the greenhouse sprinkler for 2 minutes every 10 minutes until the window is open.",토양 센서가 1000 아래로 내려가면 창문이 열릴 때까지 10분마다 온실 스프링클러를 2분 동안 돌려.,execute,,D8,T3,none,FARM01_Greenhouse_Sprinkler_1 FARM01_Greenhouse_Sprinkler_2 FARM01_Greenhouse_Sprinkler_3,
G04481,농장,FARM03,기기제어,"While the soil sensor stays above 50, run the field sprinkler for 10 minutes every 20 minutes for the next 2 hours",토양 센서가 50을 계속 넘고 있으면 앞으로 2시간 동안 20분마다 밭 스프링클러를 10분 동안 돌려,execute,,D8,T3,none,FARM03_Field_Sprinkler_1 FARM03_Field_Sprinkler_2 FARM03_Field_Sprinkler_3 FARM03_Field_Sprinkler_4,
G04482,농장,FARM03,기기제어,"While the soil sensor stays above 50, repeat this 5 times: run the zone 3 sprinkler for 45 minutes, then wait 5 minutes.",토양 센서가 50을 계속 넘고 있으면 구역 3 스프링클러를 45분 동안 돌려 주고 5분 쉬는 걸 5번 반복해.,execute,,D8,T3,none,FARM03_Field_Sprinkler_3,
G04483,농장,FARM03,기기제어,"While the soil sensor stays above 800, check every 20 minutes and run the zone 4 sprinkler for 15 minutes if someone is in the room",토양 센서가 800을 계속 넘고 있으면 20분마다 확인해서 방에 사람이 있을 때 구역 4 스프링클러를 15분 동안 돌려,execute,,D7,T3,none,FARM03_Field_Sprinkler_4,
G04484,농장,FARM01,기기제어,"Once the battery is under 20 percent, run the sprinkler for 20 minutes every 30 minutes",배터리가 20퍼센트 아래면 30분마다 스프링클러를 20분 동안 돌려,ask,,D9,T3,none,FARM01_Greenhouse_Sprinkler_1 FARM01_Greenhouse_Sprinkler_2 FARM01_Greenhouse_Sprinkler_3,
G04485,농장,FARM04,기기제어,"Wait up to 20 minutes to see if the humidity is over 60 percent; if not, shut the grow room valve right away.","습도가 60퍼센트를 넘는지 최대 20분 기다려 보고, 그래도 아니면 재배실 밸브 당장 닫아.",execute,,D10,T3,none,FARM04_GrowRoom_Valve_1 FARM04_GrowRoom_Valve_2 FARM04_GrowRoom_Valve_3 FARM04_GrowRoom_Valve_4 FARM04_GrowRoom_Valve_5 FARM04_GrowRoom_Valve_6,
G04486,농장,FARM02,기기제어,"If the flow meter falls under 800, check every 5 minutes and open the barn valve if someone is in the room.",유량계가 800 아래로 내려가면 5분마다 확인해서 방에 사람이 있을 때 축사 밸브 열어.,refuse,no_occupancy,D7,T3,none,,
G04487,농장,FARM02,기기제어,"Wait up to 10 minutes to see if the battery is under 20 percent; if not, shut the barn valve right away.","배터리가 20퍼센트 아래로 내려가는지 최대 10분 기다려 보고, 그래도 아니면 축사 밸브 당장 닫아.",execute,,D10,T3,none,FARM02_Barn_Valve_1 FARM02_Barn_Valve_2,
G04488,농장,FARM04,기기제어,"If the flow meter falls under 300, check every 30 minutes and shut the grow room valve right away if the humidity is over 60 percent.",유량계가 300 아래로 내려가면 30분마다 확인해서 습도가 60퍼센트를 넘을 때 재배실 밸브 당장 닫아.,execute,,D7,T3,none,FARM04_GrowRoom_Valve_1 FARM04_GrowRoom_Valve_2 FARM04_GrowRoom_Valve_3 FARM04_GrowRoom_Valve_4 FARM04_GrowRoom_Valve_5 FARM04_GrowRoom_Valve_6,
G04489,농장,FARM03,기기제어,"Wait up to 15 minutes to see if the window is open; if not, close the zone 3 irrigation valve","창문이 열리는지 최대 15분 기다려 보고, 그래도 아니면 구역 3 관수 밸브 닫아",execute,,D10,T3,none,FARM03_Field_Valve_3,
G04490,농장,FARM04,기기제어,"While the temperature stays over 35 degrees, check every 5 minutes and run the grow room ventilation fan for 3 minutes if someone is in the room.",온도가 35도를 계속 넘고 있으면 5분마다 확인해서 방에 사람이 있을 때 재배실 환풍기를 3분 동안 돌려.,refuse,no_occupancy,D7,T3,none,,
G04491,농장,FARM02,기기제어,"While the temperature stays over 28 degrees, run the ventilation fan for 45 minutes every 75 minutes",온도가 28도를 계속 넘고 있으면 75분마다 환풍기를 45분 동안 돌려,ask,,D7,T3,none,FARM02_Barn_Ventilator_1 FARM02_Barn_Ventilator_2 FARM02_Barn_Ventilator_3 FARM02_Barn_Ventilator_4,
G04492,농장,FARM01,기기제어,"Wait up to 5 minutes to see if nobody is around; if not, run all the ventilation fans for 60 minutes","아무도 없는지 최대 5분 기다려 보고, 그래도 아니면 모든 환풍기를 60분 동안 돌려",refuse,no_occupancy,D10,T3,none,,
G04493,농장,FARM04,기기제어,"While the temperature stays over 32 degrees, run all the ventilation fans for 10 minutes every 15 minutes for the next 4 hours",온도가 32도를 계속 넘고 있으면 앞으로 4시간 동안 15분마다 모든 환풍기를 10분 동안 돌려,execute,,D8,T3,none,FARM04_GrowRoom_Ventilator_1 FARM04_GrowRoom_Ventilator_2 FARM04_GrowRoom_Ventilator_3,
G04494,농장,FARM02,기기제어,"At 6 am, check every 10 minutes and run all the feeders if the door is open",오전 6시에 10분마다 확인해서 문이 열려 있을 때 모든 급이기 돌려,execute,,D7,T3,none,FARM02_Barn_FeedDispenser_1 FARM02_Barn_FeedDispenser_2 FARM02_Barn_FeedDispenser_3 FARM02_Barn_FeedDispenser_4 FARM02_Barn_FeedDispenser_5,
G04495,농장,FARM02,기기제어,"Every 30 minutes, repeat this 5 times: dispense feed with the barn 2 feeder, then wait 15 minutes",30분마다 축사 2 급이기로 사료 주고 15분 쉬는 걸 5번 반복해,execute,,D8,T3,none,FARM02_Barn_FeedDispenser_2,
G04496,농장,FARM02,기기제어,"Every morning at 5:30 am, repeat this 2 times: run all the feeders, then wait 15 minutes.",매일 새벽 5시 30분에 모든 급이기 돌려 주고 15분 쉬는 걸 2번 반복해.,execute,,D8,T3,none,FARM02_Barn_FeedDispenser_1 FARM02_Barn_FeedDispenser_2 FARM02_Barn_FeedDispenser_3 FARM02_Barn_FeedDispenser_4 FARM02_Barn_FeedDispenser_5,
G04497,농장,FARM02,기기제어,"Every night at 11:30 pm, dispense feed with all the feeders every 10 minutes",매일 밤 11시 30분에 10분마다 모든 급이기로 사료 줘,execute,,D7,T3,none,FARM02_Barn_FeedDispenser_1 FARM02_Barn_FeedDispenser_2 FARM02_Barn_FeedDispenser_3 FARM02_Barn_FeedDispenser_4 FARM02_Barn_FeedDispenser_5,
G04498,농장,FARM01,기기제어,"Every morning at 6 am, repeat this 3 times: run the greenhouse grow lights for 3 hours, then wait 10 minutes",매일 오전 6시에 온실 생장등을 3시간 동안 켜 놔 주고 10분 쉬는 걸 3번 반복해,execute,,D8,T3,none,FARM01_Greenhouse_GrowLight_1 FARM01_Greenhouse_GrowLight_2 FARM01_Greenhouse_GrowLight_3 FARM01_Greenhouse_GrowLight_4,
G04499,농장,FARM04,기기제어,"Every day at 10:30 pm, run the tier 3 grow light 4 for 3 hours every 15 minutes until the window is open.",매일 밤 10시 30분에 창문이 열릴 때까지 15분마다 3단 보광등 4를 3시간 동안 켜 놔.,execute,,D8,T3,none,FARM04_GrowRoom_GrowLight_16,
G04500,농장,FARM04,기기제어,"Every morning at 6:30 am, check every 30 minutes and run the grow lights for 10 hours if the door is open.",매일 오전 6시 30분에 30분마다 확인해서 문이 열려 있을 때 생장등 전부를 10시간 동안 켜 놔.,execute,,D7,T3,none,FARM04_GrowRoom_GrowLight_1 FARM04_GrowRoom_GrowLight_2 FARM04_GrowRoom_GrowLight_3 FARM04_GrowRoom_GrowLight_4 FARM04_GrowRoom_GrowLight_5 FARM04_GrowRoom_GrowLight_6 FARM04_GrowRoom_GrowLight_7 FARM04_GrowRoom_GrowLight_8 FARM04_GrowRoom_GrowLight_9 FARM04_GrowRoom_GrowLight_10 FARM04_GrowRoom_GrowLight_11 FARM04_GrowRoom_GrowLight_12 FARM04_GrowRoom_GrowLight_13 FARM04_GrowRoom_GrowLight_14 FARM04_GrowRoom_GrowLight_15 FARM04_GrowRoom_GrowLight_16 FARM04_GrowRoom_GrowLight_17 FARM04_GrowRoom_GrowLight_18,
G04501,농장,FARM01,기기제어,"Wait up to 10 minutes to see if the temperature is under 18 degrees; if not, run all the grow lights for 8 hours","온도가 18도 아래로 내려가는지 최대 10분 기다려 보고, 그래도 아니면 모든 생장등을 8시간 동안 켜 놔",execute,,D10,T3,none,FARM01_Greenhouse_GrowLight_1 FARM01_Greenhouse_GrowLight_2 FARM01_Greenhouse_GrowLight_3 FARM01_Greenhouse_GrowLight_4,
G04502,농장,FARM03,기기제어,"When it gets hot outside, repeat this 2 times: run the sprinkler for 2 minutes, then wait 20 minutes",바깥이 더워지면 스프링클러를 2분 동안 돌려 주고 20분 쉬는 걸 2번 반복해,ask,,D8,T3,weather,FARM03_Field_Sprinkler_1 FARM03_Field_Sprinkler_2 FARM03_Field_Sprinkler_3 FARM03_Field_Sprinkler_4,
G04503,농장,FARM04,기기제어,"If wind speed goes over 20, check every 10 minutes and lower the blinds to 70 percent if the tank is below half",풍속이 20을 넘으면 10분마다 확인해서 탱크가 절반 아래일 때 블라인드 70퍼센트까지 내려,refuse,no_device,D7,T3,none,,
G04504,농장,FARM01,기기제어,"If wind speed goes over 30, check every 30 minutes and close the blind if the window is open.",풍속이 30을 넘으면 30분마다 확인해서 창문이 열려 있을 때 블라인드 닫아.,ask,,D7,T3,none,FARM01_Greenhouse_WindowCovering_1 FARM01_Greenhouse_WindowCovering_2 FARM01_Greenhouse_WindowCovering_3,
G04505,농장,FARM01,기기제어,"When the wind picks up past 20, check every 15 minutes and lower the blind to 80 percent if the tank is below half.",바람이 20 이상으로 세지면 15분마다 확인해서 탱크가 절반 아래일 때 블라인드 80퍼센트까지 내려.,ask,,D7,T3,none,FARM01_Greenhouse_WindowCovering_1 FARM01_Greenhouse_WindowCovering_2 FARM01_Greenhouse_WindowCovering_3,
G04567,농장,FARM02,기기제어,"Wait up to 20 minutes to see if the window is open; if not, get the lights on.","창문이 열리는지 최대 20분 기다려 보고, 그래도 아니면 조명 전부 켜.",execute,,D10,T3,none,FARM02_Barn_Light_1 FARM02_Barn_Light_2 FARM02_Barn_Light_3 FARM02_Barn_Light_4,
G04569,농장,FARM04,기기제어,Check every 15 minutes and dim the lights to 25 percent if the battery is under 20 percent.,15분마다 확인해서 배터리가 20퍼센트 아래면 조명 밝기를 25퍼센트로 낮춰.,refuse,no_device,D7,T3,none,,
G04570,농장,FARM04,기기제어,Check every 10 minutes and bring the lights down to 5 percent if the humidity is over 60 percent,10분마다 확인해서 습도가 60퍼센트를 넘으면 조명 밝기를 5퍼센트까지 낮춰,refuse,no_device,D7,T3,none,,
G04571,농장,FARM04,기기제어,Check every 15 minutes and turn the lights up to 90 percent if the room is too warm,15분마다 확인해서 방이 너무 더우면 조명 밝기를 90퍼센트까지 올려,refuse,no_device,D7,T3,none,,
G04572,농장,FARM04,기기제어,Check every 15 minutes and dim the lights to 20 percent if the humidity is over 60 percent.,15분마다 확인해서 습도가 60퍼센트를 넘으면 조명 밝기를 20퍼센트로 낮춰.,refuse,no_device,D7,T3,none,,
G04573,농장,FARM01,기기제어,"Wait up to 20 minutes to see if the humidity is over 60 percent; if not, turn the lights up to 80 percent","습도가 60퍼센트를 넘는지 최대 20분 기다려 보고, 그래도 아니면 조명 밝기를 80퍼센트까지 올려",refuse,no_device,D10,T3,none,,
G04592,농장,FARM03,기기제어,Check every 5 minutes and bring the field lights down to 5 percent if the battery is under 20 percent,5분마다 확인해서 배터리가 20퍼센트 아래면 밭 조명 밝기를 5퍼센트까지 낮춰,execute,,D7,T3,none,FARM03_Field_Light_1 FARM03_Field_Light_2,
G04614,농장,FARM02,기기제어,Check every 15 minutes and turn on the barn lights if the window is open,15분마다 확인해서 창문이 열려 있으면 축사 조명 켜,execute,,D7,T3,none,FARM02_Barn_Light_1 FARM02_Barn_Light_2 FARM02_Barn_Light_3 FARM02_Barn_Light_4,
G04636,농장,FARM04,기기제어,"Wait up to 30 minutes to see if it is dark outside; if not, put the lights on.","바깥이 어두워지는지 최대 30분 기다려 보고, 그래도 아니면 조명 켜.",refuse,no_device,D10,T3,none,,
G04637,농장,FARM04,기기제어,Check every 30 minutes and switch the lights on if the tank is below half,30분마다 확인해서 탱크가 절반 아래면 조명 켜,refuse,no_device,D7,T3,none,,
G04638,농장,FARM01,기기제어,"Wait up to 10 minutes to see if the door is open; if not, get the lights on.","문이 열리는지 최대 10분 기다려 보고, 그래도 아니면 조명 켜.",refuse,no_device,D10,T3,none,,
G04652,농장,FARM02,알림예약,could you let me know if the fan is still on every 30 minutes?,30분마다 선풍기 아직 켜져 있으면 알려 줄 수 있어?,execute,,D7,T3,none,,Speaker.Speak
G04667,농장,FARM01,기기제어,Check every 15 minutes and close the greenhouse blinds if the door is open.,15분마다 확인해서 문이 열려 있으면 온실 블라인드 닫아.,execute,,D7,T3,none,FARM01_Greenhouse_WindowCovering_1 FARM01_Greenhouse_WindowCovering_2 FARM01_Greenhouse_WindowCovering_3,
G04671,농장,FARM01,기기제어,Check every 5 minutes and raise the greenhouse blinds if the window is open.,5분마다 확인해서 창문이 열려 있으면 온실 블라인드 올려.,execute,,D7,T3,none,FARM01_Greenhouse_WindowCovering_1 FARM01_Greenhouse_WindowCovering_2 FARM01_Greenhouse_WindowCovering_3,
G04674,농장,FARM02,기기제어,Check every 10 minutes and make sure the door lock is locked if the temperature is under 18 degrees.,10분마다 확인해서 온도가 18도 아래면 도어락 잠겼는지 봐 줘.,refuse,no_device,D7,T3,none,,
G04685,농장,FARM04,기기제어,Check every 20 minutes and run the fan for 15 minutes if the humidity is over 60 percent,20분마다 확인해서 습도가 60퍼센트를 넘으면 선풍기를 15분 동안 돌려,refuse,no_device,D7,T3,none,,
G04699,농장,FARM02,상태조회,Check every 10 minutes and what is the temperature in the utility if the humidity is over 60 percent.,10분마다 확인해서 습도가 60퍼센트를 넘으면 다용도실 온도 알려 줘.,execute,,D7,T3,none,FARM02_Barn_TemperatureSensor_1 FARM02_Barn_TemperatureSensor_2 FARM02_Barn_TemperatureSensor_3 FARM02_Barn_TemperatureSensor_4 FARM02_Outdoor_TemperatureSensor_1,Speaker.Speak
G04706,농장,FARM02,기기제어,Check every 20 minutes and toggle the barn 4 light if the window is open.,20분마다 확인해서 창문이 열려 있으면 축사 4 조명 껐다 켜.,execute,,D7,T3,none,FARM02_Barn_Light_4,
G04708,농장,FARM01,기기제어,"Wait up to 20 minutes to see if someone is in the room; if not, toggle the greenhouse 3 grow light.","방에 사람이 오는지 최대 20분 기다려 보고, 그래도 아니면 3번 하우스 보광등 껐다 켜.",refuse,no_occupancy,D10,T3,none,,
G04709,농장,FARM02,기기제어,can you toggle the switch every 10 minutes until it is dark outside?,바깥이 어두워질 때까지 10분마다 스위치 껐다 켜 줄래?,ask,,D8,T3,none,FARM02_Barn_Light_1 FARM02_Barn_Light_2 FARM02_Barn_Light_3 FARM02_Barn_Light_4 FARM02_Barn_Fan_1 FARM02_Barn_Fan_2 FARM02_Barn_Fan_3 FARM02_Barn_Fan_4 FARM02_Barn_Siren_1,
G04723,농장,FARM04,기기제어,Check every 5 minutes and set the thermostat to 20 degrees if it is dark outside,5분마다 확인해서 바깥이 어두우면 온도조절기 20도로 맞춰,refuse,no_device,D7,T3,none,,
G04735,농장,FARM04,기기제어,"Wait up to 5 minutes to see if the humidity is over 60 percent; if not, set a 20 minute timer.","습도가 60퍼센트를 넘는지 최대 5분 기다려 보고, 그래도 아니면 20분 타이머 맞춰 줘.",refuse,no_service,D10,T3,none,,
G04748,농장,FARM03,기기제어,Check every 20 minutes and turn the utility humidifier off if the battery is under 20 percent,20분마다 확인해서 배터리가 20퍼센트 아래면 다용도실 가습기 꺼,execute,,D7,T3,none,FARM03_Utility_Humidifier_1,
G04752,농장,FARM03,기기제어,"Wait up to 5 minutes to see if the window is open; if not, set the utility humidifier to 55 percent.","창문이 열리는지 최대 5분 기다려 보고, 그래도 아니면 다용도실 가습기 55퍼센트로 맞춰.",execute,,D10,T3,none,FARM03_Utility_Humidifier_1,
G04754,농장,FARM02,기기제어,Check every 20 minutes and light up the lights if the humidity is over 60 percent,20분마다 확인해서 습도가 60퍼센트를 넘으면 조명 전부 켜,execute,,D7,T3,none,FARM02_Barn_Light_1 FARM02_Barn_Light_2 FARM02_Barn_Light_3 FARM02_Barn_Light_4,
G04759,농장,FARM02,기기제어,Check every 10 minutes and open the blinds if the tank is below half,10분마다 확인해서 탱크가 절반 아래면 블라인드 열어,refuse,no_device,D7,T3,none,,
G04764,농장,FARM02,기기제어,please take a snapshot with the barn camera every 30 minutes until nobody is around.,아무도 없을 때까지 30분마다 축사 카메라로 사진 좀 찍어 줘.,refuse,no_occupancy,D8,T3,none,,
G04767,농장,FARM02,기기제어,Check every 30 minutes and turn on the lights if the battery is under 20 percent,30분마다 확인해서 배터리가 20퍼센트 아래면 조명 전부 켜,execute,,D7,T3,none,FARM02_Barn_Light_1 FARM02_Barn_Light_2 FARM02_Barn_Light_3 FARM02_Barn_Light_4,
G04816,농장,FARM01,기기제어,Check every 10 minutes and pull the blinds shut if the washing machine is running.,10분마다 확인해서 세탁기가 돌고 있으면 블라인드 전부 닫아.,execute,,D7,T3,none,FARM01_Greenhouse_WindowCovering_1 FARM01_Greenhouse_WindowCovering_2 FARM01_Greenhouse_WindowCovering_3,
G04830,농장,FARM02,기기제어,"Once the battery is under 20 percent, run the barn 3 circulation fan for 10 minutes every 15 minutes.",배터리가 20퍼센트 아래면 15분마다 축사 3 순환팬을 10분 동안 돌려.,execute,,D9,T3,none,FARM02_Barn_Fan_3,
G04844,농장,FARM02,기기제어,Check every 5 minutes and get the barn 1 light on if the battery is under 20 percent,5분마다 확인해서 배터리가 20퍼센트 아래면 축사 1 조명 켜,execute,,D7,T3,none,FARM02_Barn_Light_1,
G04856,농장,FARM02,기기제어,Run the barn 3 circulation fan for 20 minutes every 30 minutes until it is dark outside.,바깥이 어두워질 때까지 30분마다 축사 3 순환팬을 20분 동안 돌려.,execute,,D8,T3,none,FARM02_Barn_Fan_3,
G04862,농장,FARM01,기기제어,"When I press the button, count how many times it happens and put the lights into relax mode once it passes 5",내가 버튼을 누를 때 그 횟수를 세다가 5번을 넘으면 조명 휴식 모드로 해,refuse,no_device,D12,T4,none,,
G04868,농장,FARM01,알림예약,"Wait until it is dark outside, then let me know every 30 minutes for 5 hours.",바깥이 어두워질 때까지 기다렸다가 5시간 동안 30분마다 알려 줘.,execute,,D13,T4,none,,Speaker.Speak
G04891,농장,FARM03,기기제어,"Wait until the temperature is under 18 degrees, then take a snapshot with the field camera every 20 minutes for 4 hours",온도가 18도 아래로 내려갈 때까지 기다렸다가 4시간 동안 20분마다 밭 카메라로 사진 찍어,execute,,D13,T4,none,FARM03_Field_Camera_1 FARM03_Field_Camera_2,
G04892,농장,FARM03,기기제어,"please start a countdown for 45 minutes every 75 minutes while someone is in the room, and stop after 5 hours.","방에 사람이 있는 동안 75분마다 45분 카운트다운 시작해 주고, 5시간 뒤에는 좀 멈춰 줘.",refuse,no_service,D13,T4,none,,
G04894,농장,FARM04,기기제어,"When the door sensor says the door is open, count how many times it happens and close the garage door once it passes 2.",문열림 센서가 문이 열렸다고 알릴 때 그 횟수를 세다가 2번을 넘으면 차고문 닫아.,refuse,no_device,D12,T4,none,,
G04921,농장,FARM02,기기제어,"If the temperature drops below 5 degrees, count how many times it happens and set the barn humidifier to 55 percent once it passes 2",온도가 5도 아래로 떨어질 때 그 횟수를 세다가 2번을 넘으면 축사 가습기 55퍼센트로 맞춰,execute,,D12,T4,none,FARM02_Barn_Humidifier_1,
G04944,농장,FARM04,알림예약,"please push me an alert every 10 minutes while the battery is under 20 percent, and stop after 2 hours.","배터리가 20퍼센트 아래인 동안 10분마다 알림 띄워 주고, 2시간 뒤에는 멈춰 주세요.",execute,,D13,T4,none,,Speaker.Speak
G04945,농장,FARM04,알림예약,"could you announce it every 5 minutes while the room is too warm, and stop after 3 hours?","방이 더운 동안 5분마다 방송해 주고, 3시간 뒤에는 멈춰 줄 수 있어?",execute,,D13,T4,none,,Speaker.Speak
G04946,농장,FARM04,알림예약,"Wait until the washing machine is running, then send me a notification every 5 minutes for 6 hours.",세탁기가 돌기 시작할 때까지 기다렸다가 6시간 동안 5분마다 알림 보내 줘.,execute,,D13,T4,none,,Speaker.Speak
G04947,농장,FARM03,기기제어,"When the humidity climbs over 65 percent, count how many times it happens and turn all the humidifiers off once it passes 4.",습도가 65퍼센트를 넘을 때 그 횟수를 세다가 4번을 넘으면 모든 가습기 꺼.,execute,,D12,T4,none,FARM03_Utility_Humidifier_1,
G04948,농장,FARM04,기기제어,"If the water level sensor falls under 150, count how many times it happens and stop the pump once it passes 4.",수위 센서가 150 아래로 내려갈 때 그 횟수를 세다가 4번을 넘으면 펌프 멈춰.,ask,,D12,T4,none,FARM04_Utility_Pump_1 FARM04_Utility_Pump_2 FARM04_Utility_Pump_3,
G04949,농장,FARM03,기기제어,"I'd like you to run the zone 1 sprinkler for 20 minutes every 30 minutes while nobody is around, and stop after 4 hours.","아무도 없는 동안 30분마다 구역 1 스프링클러를 20분 동안 돌려 주고, 4시간 뒤에는 멈춰 줬으면 해.",execute,,D13,T4,none,FARM03_Field_Sprinkler_1,
G04950,농장,FARM02,기기제어,"Wait until the humidity is over 60 percent, then run all the ventilation fans for 2 minutes every 5 minutes for 2 hours.",습도가 60퍼센트를 넘을 때까지 기다렸다가 2시간 동안 5분마다 모든 환풍기를 2분 동안 돌려.,execute,,D13,T4,none,FARM02_Barn_Ventilator_1 FARM02_Barn_Ventilator_2 FARM02_Barn_Ventilator_3 FARM02_Barn_Ventilator_4,
G04951,농장,FARM02,기기제어,"could you run the ventilation fan for 60 minutes every 90 minutes while it is dark outside, and stop after 3 hours?","바깥이 어두운 동안 90분마다 환풍기를 60분 동안 돌려 주고, 3시간 뒤에는 멈춰 줄 수 있어?",ask,,D13,T4,none,FARM02_Barn_Ventilator_1 FARM02_Barn_Ventilator_2 FARM02_Barn_Ventilator_3 FARM02_Barn_Ventilator_4,
G04952,농장,FARM02,기기제어,"please dispense feed with all the feeders every 30 minutes while nobody is around, and stop after 5 hours.","아무도 없는 동안 30분마다 모든 급이기로 사료 주고, 5시간 뒤에는 멈춰 주세요.",refuse,no_occupancy,D13,T4,none,,
G04953,농장,FARM04,기기제어,"Wait until the humidity is over 60 percent, then run the grow lights for 10 hours every 30 minutes for 4 hours",습도가 60퍼센트를 넘을 때까지 기다렸다가 4시간 동안 30분마다 재배실 생장등을 10시간 동안 켜 놔,execute,,D13,T4,none,FARM04_GrowRoom_GrowLight_1 FARM04_GrowRoom_GrowLight_2 FARM04_GrowRoom_GrowLight_3 FARM04_GrowRoom_GrowLight_4 FARM04_GrowRoom_GrowLight_5 FARM04_GrowRoom_GrowLight_6 FARM04_GrowRoom_GrowLight_7 FARM04_GrowRoom_GrowLight_8 FARM04_GrowRoom_GrowLight_9 FARM04_GrowRoom_GrowLight_10 FARM04_GrowRoom_GrowLight_11 FARM04_GrowRoom_GrowLight_12 FARM04_GrowRoom_GrowLight_13 FARM04_GrowRoom_GrowLight_14 FARM04_GrowRoom_GrowLight_15 FARM04_GrowRoom_GrowLight_16 FARM04_GrowRoom_GrowLight_17 FARM04_GrowRoom_GrowLight_18,
G04954,농장,FARM01,기기제어,"could you run the greenhouse 3 grow light for 10 hours every 20 minutes while the door is open, and stop after 2 hours?","문이 열려 있는 동안 20분마다 3번 하우스 보광등을 10시간 동안 켜 놔 주고, 2시간 뒤에는 멈춰 줄 수 있어?",execute,,D13,T4,none,FARM01_Greenhouse_GrowLight_3,
G04955,농장,FARM01,기기제어,"Wait until the temperature is under 18 degrees, then run the sprinkler for 45 minutes every 75 minutes for 4 hours",온도가 18도 아래로 내려갈 때까지 기다렸다가 4시간 동안 75분마다 스프링클러를 45분 동안 돌려,ask,,D13,T4,weather,FARM01_Greenhouse_Sprinkler_1 FARM01_Greenhouse_Sprinkler_2 FARM01_Greenhouse_Sprinkler_3,
G04956,농장,FARM04,기기제어,"When the wind picks up past 15, compare it with yesterday at the same time and close the blinds if it went up.",바람이 15 이상으로 세질 때 그게 어제 같은 시각보다 올랐으면 블라인드 닫아.,refuse,no_device,D11,T4,none,,
G04987,농장,FARM02,기기제어,"Wait until the door is open, then take a snapshot with the camera every 30 minutes for 4 hours",문이 열릴 때까지 기다렸다가 4시간 동안 30분마다 카메라로 사진 찍어,ask,,D13,T4,none,FARM02_Barn_Camera_1 FARM02_Barn_Camera_2 FARM02_Barn_Camera_3 FARM02_Barn_Camera_4,
U0455,농장,FARM02,기기제어,Turn on the barn lights.,축사 조명 켜 줘.,execute,,D1,T0,none,FARM02_Barn_Light_1 FARM02_Barn_Light_2 FARM02_Barn_Light_3 FARM02_Barn_Light_4,
U0456,농장,FARM03,기기제어,Turn off the field lights.,밭 조명 꺼 줘.,execute,,D1,T0,none,FARM03_Field_Light_1 FARM03_Field_Light_2,
U0457,농장,FARM02,기기제어,Turn off all the lights on the farm.,농장 전체 불 꺼 줘.,execute,,D1,T0,none,FARM02_Barn_Light_1 FARM02_Barn_Light_2 FARM02_Barn_Light_3 FARM02_Barn_Light_4,
U0458,농장,FARM01,기기제어,Turn on the grow lights in greenhouse 1.,1번 하우스 생장등 켜 줘.,execute,,D1,T0,none,FARM01_Greenhouse_GrowLight_1,
U0459,농장,FARM04,기기제어,Turn off all the grow lights in the grow room.,재배실 생장등 다 꺼 줘.,execute,,D1,T0,none,FARM04_GrowRoom_GrowLight_1 FARM04_GrowRoom_GrowLight_10 FARM04_GrowRoom_GrowLight_11 FARM04_GrowRoom_GrowLight_12 FARM04_GrowRoom_GrowLight_13 FARM04_GrowRoom_GrowLight_14 FARM04_GrowRoom_GrowLight_15 FARM04_GrowRoom_GrowLight_16 FARM04_GrowRoom_GrowLight_17 FARM04_GrowRoom_GrowLight_18 FARM04_GrowRoom_GrowLight_2 FARM04_GrowRoom_GrowLight_3 FARM04_GrowRoom_GrowLight_4 FARM04_GrowRoom_GrowLight_5 FARM04_GrowRoom_GrowLight_6 FARM04_GrowRoom_GrowLight_7 FARM04_GrowRoom_GrowLight_8 FARM04_GrowRoom_GrowLight_9,
U0460,농장,FARM01,기기제어,Start the irrigation pump.,관수 펌프 켜 줘.,execute,,D1,T0,none,FARM01_Utility_Pump_1,
U0461,농장,FARM04,기기제어,Stop the pumps in the utility room.,다용도실 펌프 꺼 줘.,execute,,D1,T0,none,FARM04_Utility_Pump_1 FARM04_Utility_Pump_2 FARM04_Utility_Pump_3,
U0462,농장,FARM01,기기제어,Open the irrigation valve for greenhouse 1.,1번 하우스 관수 밸브 열어 줘.,execute,,D1,T0,none,FARM01_Greenhouse_Valve_1,
U0463,농장,FARM01,기기제어,Close all the greenhouse irrigation valves.,온실 관수 밸브 다 닫아 줘.,execute,,D1,T0,none,FARM01_Greenhouse_Valve_1 FARM01_Greenhouse_Valve_2 FARM01_Greenhouse_Valve_3,
U0464,농장,FARM03,기기제어,Start the field sprinklers.,밭 스프링클러 켜 줘.,execute,,D1,T0,none,FARM03_Field_Sprinkler_1 FARM03_Field_Sprinkler_2 FARM03_Field_Sprinkler_3 FARM03_Field_Sprinkler_4,
U0465,농장,FARM03,기기제어,Turn off the zone 2 sprinkler.,2번 구역 스프링클러 꺼 줘.,execute,,D1,T0,none,FARM03_Field_Sprinkler_2,
U0466,농장,FARM01,기기제어,Turn on the greenhouse ventilators.,온실 환풍기 켜 줘.,execute,,D1,T0,none,FARM01_Greenhouse_Ventilator_1 FARM01_Greenhouse_Ventilator_2 FARM01_Greenhouse_Ventilator_3,
U0467,농장,FARM02,기기제어,Turn off the barn ventilators.,축사 환풍기 꺼 줘.,execute,,D1,T0,none,FARM02_Barn_Ventilator_1 FARM02_Barn_Ventilator_2 FARM02_Barn_Ventilator_3 FARM02_Barn_Ventilator_4,
U0468,농장,FARM02,기기제어,Turn on the barn humidifier.,축사 가습기 켜 줘.,execute,,D1,T0,none,FARM02_Barn_Humidifier_1,
U0469,농장,FARM04,기기제어,Turn off the grow room dehumidifier.,재배실 제습기 꺼 줘.,execute,,D1,T0,none,FARM04_GrowRoom_Dehumidifier_1,
U0470,농장,FARM02,기기제어,Run the barn 1 feeder.,축사 1 급이기 돌려 줘.,execute,,D1,T0,none,FARM02_Barn_FeedDispenser_1,
U0471,농장,FARM02,기기제어,Stop the feed supply.,사료 공급 멈춰 줘.,refuse,no_service,D1,T0,none,,
U0472,농장,FARM01,기기제어,Turn on the greenhouse camera.,온실 카메라 켜 줘.,execute,,D1,T0,none,FARM01_Greenhouse_Camera_1,
U0473,농장,FARM01,기기제어,Set the greenhouse grow lights to 70 percent.,온실 생장등 70퍼센트로 해 줘.,execute,,D1,T0,none,FARM01_Greenhouse_GrowLight_1 FARM01_Greenhouse_GrowLight_2 FARM01_Greenhouse_GrowLight_3 FARM01_Greenhouse_GrowLight_4,
U0474,농장,FARM04,기기제어,Brighten the grow room lights to full.,재배실 조명 최대 밝기로 해 줘.,execute,,D1,T0,none,FARM04_GrowRoom_GrowLight_1 FARM04_GrowRoom_GrowLight_10 FARM04_GrowRoom_GrowLight_11 FARM04_GrowRoom_GrowLight_12 FARM04_GrowRoom_GrowLight_13 FARM04_GrowRoom_GrowLight_14 FARM04_GrowRoom_GrowLight_15 FARM04_GrowRoom_GrowLight_16 FARM04_GrowRoom_GrowLight_17 FARM04_GrowRoom_GrowLight_18 FARM04_GrowRoom_GrowLight_2 FARM04_GrowRoom_GrowLight_3 FARM04_GrowRoom_GrowLight_4 FARM04_GrowRoom_GrowLight_5 FARM04_GrowRoom_GrowLight_6 FARM04_GrowRoom_GrowLight_7 FARM04_GrowRoom_GrowLight_8 FARM04_GrowRoom_GrowLight_9,
U0475,농장,FARM04,기기제어,Switch the grow lights to red light.,생장등을 빨간빛으로 바꿔 줘.,execute,,D1,T0,none,FARM04_GrowRoom_GrowLight_1 FARM04_GrowRoom_GrowLight_10 FARM04_GrowRoom_GrowLight_11 FARM04_GrowRoom_GrowLight_12 FARM04_GrowRoom_GrowLight_13 FARM04_GrowRoom_GrowLight_14 FARM04_GrowRoom_GrowLight_15 FARM04_GrowRoom_GrowLight_16 FARM04_GrowRoom_GrowLight_17 FARM04_GrowRoom_GrowLight_18 FARM04_GrowRoom_GrowLight_2 FARM04_GrowRoom_GrowLight_3 FARM04_GrowRoom_GrowLight_4 FARM04_GrowRoom_GrowLight_5 FARM04_GrowRoom_GrowLight_6 FARM04_GrowRoom_GrowLight_7 FARM04_GrowRoom_GrowLight_8 FARM04_GrowRoom_GrowLight_9,
U0476,농장,FARM01,기기제어,Set the greenhouse grow lights to blue light.,온실 생장등 파란빛으로 바꿔 줘.,execute,,D1,T0,none,FARM01_Greenhouse_GrowLight_1 FARM01_Greenhouse_GrowLight_2 FARM01_Greenhouse_GrowLight_3 FARM01_Greenhouse_GrowLight_4,
U0477,농장,FARM01,기기제어,Set the greenhouse to 24 degrees.,온실 온도 24도로 맞춰 줘.,execute,,D1,T0,none,FARM01_Greenhouse_Heater_1,
U0478,농장,FARM04,기기제어,Lower the grow room temperature to 22 degrees.,재배실 온도 22도로 낮춰 줘.,execute,,D1,T0,none,FARM04_GrowRoom_AirConditioner_1 FARM04_GrowRoom_AirConditioner_2,
U0479,농장,FARM02,기기제어,Set the barn humidity to around 60 percent.,축사 습도 60퍼센트 근처로 맞춰 줘.,execute,,D1,T0,none,FARM02_Barn_Humidifier_1,
U0480,농장,FARM04,기기제어,Crank the ventilators up to high.,환풍기 세기를 강으로 바꿔 줘.,execute,,D1,T0,none,FARM04_GrowRoom_Ventilator_1 FARM04_GrowRoom_Ventilator_2 FARM04_GrowRoom_Ventilator_3,
U0481,농장,FARM01,기기제어,Set the watering time to 10 minutes.,관수 시간을 10분으로 설정해 줘.,ask,,D1,T0,none,,
U0482,농장,FARM03,기기제어,Water zone 1 a bit longer.,1번 구역 물 주는 시간을 조금 늘려 줘.,ask,,D1,T0,none,,
U0483,농장,FARM01,상태조회,What is the temperature in the greenhouse right now?,지금 온실 온도 어때?,execute,,D1,T0,none,FARM01_Greenhouse_TemperatureSensor_1 FARM01_Greenhouse_TemperatureSensor_2 FARM01_Greenhouse_TemperatureSensor_3 FARM01_Greenhouse_TemperatureSensor_4,Speaker.Speak
U0484,농장,FARM04,상태조회,What is the humidity in the grow room?,재배실 습도 몇이야?,execute,,D1,T0,none,FARM04_GrowRoom_HumiditySensor_1 FARM04_GrowRoom_HumiditySensor_2 FARM04_GrowRoom_HumiditySensor_3,Speaker.Speak
U0485,농장,FARM01,상태조회,Tell me the CO2 level in the greenhouse.,온실 CO2 농도 알려 줘.,execute,,D1,T0,none,FARM01_Greenhouse_CarbonDioxideSensor_1 FARM01_Greenhouse_CarbonDioxideSensor_2,Speaker.Speak
U0486,농장,FARM01,상태조회,Is the air quality in the greenhouse okay?,온실 공기질 괜찮아?,refuse,no_device,D1,T0,none,,
U0487,농장,FARM01,상태조회,Is the greenhouse bright enough right now?,지금 온실 밝기 충분해?,execute,,D1,T0,none,FARM01_Greenhouse_LightSensor_1,Speaker.Speak
U0489,농장,FARM01,상태조회,Is the soil dry?,토양이 건조해?,execute,,D1,T0,none,FARM01_Greenhouse_SoilMoistureSensor_1 FARM01_Greenhouse_SoilMoistureSensor_2 FARM01_Greenhouse_SoilMoistureSensor_3,Speaker.Speak
U0490,농장,FARM01,상태조회,Tell me the soil moisture for greenhouse 1.,1번 하우스 토양 수분 알려 줘.,execute,,D1,T0,none,FARM01_Greenhouse_SoilMoistureSensor_1,Speaker.Speak
U0491,농장,FARM01,상태조회,How much water is left in the tank?,물탱크 수위 얼마나 남았어?,execute,,D1,T0,none,FARM01_Utility_WaterLevelSensor_1,Speaker.Speak
U0492,농장,FARM01,상태조회,Is the nutrient water quality okay?,양액 수질 괜찮아?,execute,,D1,T0,none,FARM01_Utility_WaterQualitySensor_1,Speaker.Speak
U0493,농장,FARM01,상태조회,Is the irrigation pump running?,관수 펌프 작동 중이야?,execute,,D1,T0,none,FARM01_Utility_Pump_1,Speaker.Speak
U0494,농장,FARM03,상태조회,Are the sprinklers on?,스프링클러 켜져 있어?,execute,,D1,T0,none,FARM03_Field_Sprinkler_1 FARM03_Field_Sprinkler_2 FARM03_Field_Sprinkler_3 FARM03_Field_Sprinkler_4,NotificationProvider.SendToast
U0495,농장,FARM02,상태조회,Are the barn ventilators off?,축사 환풍기 꺼져 있어?,execute,,D1,T0,none,FARM02_Barn_Ventilator_1 FARM02_Barn_Ventilator_2 FARM02_Barn_Ventilator_3 FARM02_Barn_Ventilator_4,Speaker.Speak
U0496,농장,FARM03,상태조회,Any motion out in the field?,밭에 움직임 감지됐어?,execute,,D1,T0,none,FARM03_Field_MotionSensor_1,NotificationProvider.SendToast
U0497,농장,FARM02,상태조회,Is the barn temperature okay?,축사 온도 괜찮아?,execute,,D1,T0,none,FARM02_Barn_TemperatureSensor_1 FARM02_Barn_TemperatureSensor_2 FARM02_Barn_TemperatureSensor_3 FARM02_Barn_TemperatureSensor_4,Speaker.Speak
U0500,농장,FARM01,상태조회,Summarize this week's irrigation records.,이번 주 관수 기록 요약해 줘.,refuse,no_service,D1,T0,none,,
U0534,농장,FARM01,기기제어,Run the growing-start mode.,재배 시작 모드 실행해 줘.,ask,,D1,T0,none,,
U0535,농장,FARM01,기기제어,We're done with farm work for today.,오늘 재배 작업 끝났어.,ask,,D1,T0,none,,
U0536,농장,FARM01,기기제어,Turn on irrigation mode.,관수 모드 켜 줘.,ask,,D1,T0,none,,
U0537,농장,FARM01,기기제어,Run ventilation mode.,환기 모드 실행해 줘.,ask,,D1,T0,none,,
U0538,농장,FARM01,기기제어,Switch the greenhouse to night mode.,온실 야간 모드로 바꿔 줘.,ask,,D1,T0,none,,
U0539,농장,FARM01,기기제어,Run the heat-wave response mode.,폭염 대응 모드 실행해 줘.,ask,,D1,T0,none,,
U0540,농장,FARM01,기기제어,Turn on inspection mode.,점검 모드 켜 줘.,ask,,D1,T0,none,,
U0545,농장,FARM01,알림예약,"If something looks wrong in the greenhouse, text the manager.",온실 이상 감지되면 관리자에게 문자 보내 줘.,ask,,D1,T0,none,,
U0546,농장,FARM01,알림예약,"If the water level gets low, send a KakaoTalk message to the person on duty.",수위가 낮으면 담당자에게 카톡 보내 줘.,ask,,D1,T0,none,,
U0548,농장,FARM01,상태조회,Email me a summary of today's greenhouse conditions.,오늘 온실 환경 요약을 메일로 보내 줘.,refuse,no_service,D1,T0,none,,
U0549,농장,FARM01,기기제어,Send me a camera photo by email.,카메라 사진을 이메일로 보내 줘.,refuse,no_channel,D1,T0,none,,
U0554,농장,FARM04,알림예약,"If there is motion while nobody is at the farm, alert me.",농장에 아무도 없는데 움직임이 있으면 알려 줘.,refuse,no_device,D1,T0,none,,
U0555,농장,FARM02,기기제어,"If smoke is detected, sound the farm-wide alarm.",연기 감지되면 전체 경보 울려 줘.,refuse,no_device,D1,T0,none,,
U0557,농장,FARM01,기기제어,"If a water leak shows up, stop the pumps and tell me.",누수가 생기면 펌프 멈추고 알려 줘.,refuse,no_device,D1,T0,none,,
U0559,농장,FARM02,알림예약,"If the feeder stops working, let me know.",급이기가 멈추면 알려 줘.,refuse,no_service,D1,T0,none,,
U0560,농장,FARM01,기기제어,"If anything odd happens, record 10 seconds of video.",이상 감지되면 10초 녹화해 줘.,ask,,D1,T0,none,FARM01_Greenhouse_Camera_1,
U0561,농장,FARM01,상태조회,How is the greenhouse doing today?,오늘 온실 상태 어때?,ask,,D1,T0,none,,
U0562,농장,FARM01,상태조회,Is any zone having problems right now?,지금 문제 있는 구역 있어?,ask,,D1,T0,none,,
U0564,농장,FARM01,외부정보,Is it okay to ventilate today?,오늘 환기해도 괜찮아?,ask,,D1,T0,weather,,
U0565,농장,FARM01,외부정보,Is it raining out there right now?,지금 밖에 비 와?,execute,,D1,T0,weather,FARM01_Outdoor_WeatherProvider_1,Speaker.Speak
U0566,농장,FARM01,외부정보,Is there a strong wind forecast for today?,오늘 강풍 예보 있어?,refuse,no_service,D1,T0,weather,,
U0567,농장,FARM01,외부정보,Is there an inspection scheduled today?,오늘 점검 일정 있어?,refuse,no_device,D1,T0,calendar,,
U0568,농장,FARM01,상태조회,Give me a rundown of the farm right now.,조이야 지금 농장 상태 요약해 줘.,ask,,D1,T0,none,,
U0569,농장,FARM01,기기제어,Water the plants.,물 줘.,ask,,D1,T0,none,FARM01_Greenhouse_Sprinkler_1 FARM01_Greenhouse_Sprinkler_2 FARM01_Greenhouse_Sprinkler_3 FARM01_Greenhouse_Valve_1 FARM01_Greenhouse_Valve_2 FARM01_Greenhouse_Valve_3,
U0570,농장,FARM01,기기제어,Ventilate this place.,환기해 줘.,ask,,D1,T0,none,FARM01_Greenhouse_Ventilator_1 FARM01_Greenhouse_Ventilator_2 FARM01_Greenhouse_Ventilator_3 FARM01_Greenhouse_WindowCovering_1 FARM01_Greenhouse_WindowCovering_2 FARM01_Greenhouse_WindowCovering_3,
U0571,농장,FARM04,기기제어,Switch off the lights.,조명 꺼 줘.,execute,,D1,T0,none,FARM04_GrowRoom_GrowLight_1 FARM04_GrowRoom_GrowLight_10 FARM04_GrowRoom_GrowLight_11 FARM04_GrowRoom_GrowLight_12 FARM04_GrowRoom_GrowLight_13 FARM04_GrowRoom_GrowLight_14 FARM04_GrowRoom_GrowLight_15 FARM04_GrowRoom_GrowLight_16 FARM04_GrowRoom_GrowLight_17 FARM04_GrowRoom_GrowLight_18 FARM04_GrowRoom_GrowLight_2 FARM04_GrowRoom_GrowLight_3 FARM04_GrowRoom_GrowLight_4 FARM04_GrowRoom_GrowLight_5 FARM04_GrowRoom_GrowLight_6 FARM04_GrowRoom_GrowLight_7 FARM04_GrowRoom_GrowLight_8 FARM04_GrowRoom_GrowLight_9,
U0572,농장,FARM01,상태조회,Get the greenhouse into good shape.,온실 상태 좋게 해 줘.,ask,,D1,T0,none,,
U0573,농장,FARM01,기기제어,Help the crops grow well.,작물이 잘 자라게 해 줘.,ask,,D1,T0,none,,
U0574,농장,FARM01,알림예약,Send the manager a report.,관리자에게 보고해 줘.,ask,,D1,T0,none,,
U0575,농장,FARM01,알림예약,Send an alert.,알림 보내 줘.,ask,,D1,T0,none,,
U0576,농장,FARM03,기기제어,Turn on the zone 6 sprinkler.,6번 구역 스프링클러 켜 줘.,refuse,no_device,D1,T0,none,,
U0577,농장,FARM02,기기제어,Close the nutrient valve.,양액 밸브 닫아 줘.,refuse,no_device,D1,T0,none,,
U0578,농장,FARM02,기기제어,Put the barn lights into grow light mode.,축사 조명을 생장등 모드로 바꿔 줘.,refuse,no_service,D1,T0,none,,
U0502,농장,FARM01,기기제어,"If the soil gets dry, water the plants.",토양이 건조하면 물 줘.,execute,,D4,T1,none,FARM01_Greenhouse_Sprinkler_1 FARM01_Greenhouse_Sprinkler_2 FARM01_Greenhouse_Sprinkler_3,
U0503,농장,FARM01,기기제어,"If the greenhouse 1 soil moisture gets low, start the irrigation pump.",1번 하우스 토양 수분이 낮으면 관수 펌프 켜 줘.,execute,,D4,T1,none,FARM01_Utility_Pump_1,
U0504,농장,FARM01,기기제어,"Once the soil is moist enough, stop the watering.",토양 수분이 충분하면 물 주는 걸 멈춰 줘.,execute,,D4,T1,none,FARM01_Greenhouse_Sprinkler_1 FARM01_Greenhouse_Sprinkler_2 FARM01_Greenhouse_Sprinkler_3,
U0505,농장,FARM01,기기제어,"If the greenhouse goes above 30 degrees, turn on the ventilators.",온실 온도가 30도 넘으면 환풍기 켜 줘.,execute,,D4,T1,none,FARM01_Greenhouse_Ventilator_1 FARM01_Greenhouse_Ventilator_2 FARM01_Greenhouse_Ventilator_3,
U0506,농장,FARM01,기기제어,"If the temperature gets low, turn on the heater.",온도가 낮으면 난방기 켜 줘.,execute,,D4,T1,none,FARM01_Greenhouse_Heater_1,
U0507,농장,FARM02,기기제어,"If the barn gets hot, ventilate it.",축사 온도가 높으면 환기해 줘.,execute,,D4,T1,none,FARM02_Barn_Ventilator_1 FARM02_Barn_Ventilator_2 FARM02_Barn_Ventilator_3 FARM02_Barn_Ventilator_4,
U0508,농장,FARM02,기기제어,"If the barn air gets dry, run the humidifier.",축사 공기가 건조하면 가습기 켜 줘.,execute,,D4,T1,none,FARM02_Barn_Humidifier_1,
U0509,농장,FARM04,기기제어,"If it gets too humid, run the dehumidifier.",습도가 높으면 제습기 켜 줘.,execute,,D4,T1,none,FARM04_GrowRoom_Dehumidifier_1,
U0510,농장,FARM04,알림예약,"If the CO2 drops below 400, send me an alert.",CO2가 400 아래로 떨어지면 알림 보내 줘.,execute,,D4,T1,none,,Speaker.Speak
U0511,농장,FARM02,기기제어,"If the ammonia level gets high, ventilate the barn.",암모니아 농도가 높으면 축사 환기해 줘.,execute,,D4,T1,none,FARM02_Barn_Ventilator_1 FARM02_Barn_Ventilator_2 FARM02_Barn_Ventilator_3 FARM02_Barn_Ventilator_4,
U0512,농장,FARM01,기기제어,"When the sun sets, turn on the grow lights.",해가 지면 생장등 켜 줘.,execute,,D4,T1,sun,FARM01_Greenhouse_GrowLight_1 FARM01_Greenhouse_GrowLight_2 FARM01_Greenhouse_GrowLight_3 FARM01_Greenhouse_GrowLight_4,
U0513,농장,FARM01,기기제어,"If there is not enough light, turn on the greenhouse grow lights.",빛이 부족하면 온실 생장등 켜 줘.,execute,,D4,T1,none,FARM01_Greenhouse_GrowLight_1 FARM01_Greenhouse_GrowLight_2 FARM01_Greenhouse_GrowLight_3 FARM01_Greenhouse_GrowLight_4,
U0514,농장,FARM03,기기제어,"If it starts raining, stop the sprinklers and let me know.",비가 오면 스프링클러 끄고 알려 줘.,execute,,D4,T1,none,FARM03_Field_Sprinkler_1 FARM03_Field_Sprinkler_2 FARM03_Field_Sprinkler_3 FARM03_Field_Sprinkler_4,NotificationProvider.SendToast
U0515,농장,FARM01,기기제어,"If the wind picks up, close the greenhouse screens.",바람이 세지면 온실 차광막 닫아 줘.,execute,,D4,T1,none,FARM01_Greenhouse_WindowCovering_1 FARM01_Greenhouse_WindowCovering_2 FARM01_Greenhouse_WindowCovering_3,
U0516,농장,FARM01,기기제어,"If the tank level gets low, start the refill pump.",물탱크 수위가 낮으면 보충 펌프 켜 줘.,execute,,D4,T1,none,FARM01_Utility_Pump_1,
U0517,농장,FARM01,알림예약,"If the nutrient pH drops below 5.5, let me know.",양액 pH가 5.5 아래로 떨어지면 알려 줘.,execute,,D4,T1,none,,Speaker.Speak
U0519,농장,FARM02,알림예약,"If the feed runs low, send me an alert.",사료가 부족하면 알림 보내 줘.,execute,,D4,T1,none,,Speaker.Speak
U0520,농장,FARM01,기기제어,"If the irrigation pump stops, turn it back on.",관수 펌프가 꺼지면 다시 켜 줘.,execute,,D4,T1,none,FARM01_Utility_Pump_1,
U0521,농장,FARM02,알림예약,"If a barn ventilator stops, let me know.",축사 환풍기가 멈추면 알려 줘.,execute,,D4,T1,none,,Speaker.Speak
U0522,농장,FARM01,기기제어,Turn on the greenhouse grow lights at 7 am.,오전 7시에 온실 생장등 켜 줘.,execute,,D6,T1,none,FARM01_Greenhouse_GrowLight_1 FARM01_Greenhouse_GrowLight_2 FARM01_Greenhouse_GrowLight_3 FARM01_Greenhouse_GrowLight_4,
U0523,농장,FARM04,기기제어,Turn off the grow lights at 6 pm.,저녁 6시에 생장등 꺼 줘.,execute,,D6,T1,none,FARM04_GrowRoom_GrowLight_1 FARM04_GrowRoom_GrowLight_10 FARM04_GrowRoom_GrowLight_11 FARM04_GrowRoom_GrowLight_12 FARM04_GrowRoom_GrowLight_13 FARM04_GrowRoom_GrowLight_14 FARM04_GrowRoom_GrowLight_15 FARM04_GrowRoom_GrowLight_16 FARM04_GrowRoom_GrowLight_17 FARM04_GrowRoom_GrowLight_18 FARM04_GrowRoom_GrowLight_2 FARM04_GrowRoom_GrowLight_3 FARM04_GrowRoom_GrowLight_4 FARM04_GrowRoom_GrowLight_5 FARM04_GrowRoom_GrowLight_6 FARM04_GrowRoom_GrowLight_7 FARM04_GrowRoom_GrowLight_8 FARM04_GrowRoom_GrowLight_9,
U0524,농장,FARM03,기기제어,Water the field at 8 am.,오전 8시에 밭에 물 줘.,execute,,D6,T1,none,FARM03_Field_Sprinkler_1 FARM03_Field_Sprinkler_2 FARM03_Field_Sprinkler_3 FARM03_Field_Sprinkler_4,
U0525,농장,FARM01,기기제어,Ventilate the greenhouse every morning.,매일 아침 온실 환기해 줘.,execute,,D6,T1,none,FARM01_Greenhouse_Ventilator_1 FARM01_Greenhouse_Ventilator_2 FARM01_Greenhouse_Ventilator_3,
U0526,농장,FARM01,알림예약,Send a valve-check reminder every Monday.,매주 월요일에 급수 밸브 점검 알림 보내 줘.,execute,,D6,T1,none,,Speaker.Speak
U0527,농장,FARM02,상태조회,Check the barn temperature every evening.,매일 저녁 축사 온도 확인해 줘.,execute,,D6,T1,none,FARM02_Barn_TemperatureSensor_1 FARM02_Barn_TemperatureSensor_2 FARM02_Barn_TemperatureSensor_3 FARM02_Barn_TemperatureSensor_4,Speaker.Speak
U0541,농장,FARM01,알림예약,"If the soil gets dry, put it up on the dashboard.",토양이 건조하면 대시보드에 알려 줘.,execute,,D4,T1,none,,NotificationProvider.SendToast
U0542,농장,FARM04,알림예약,"If the grow room gets hot, warn me on the screen.",재배실 온도가 높으면 화면에 경고해 줘.,execute,,D4,T1,none,,Display.ShowMessage
U0543,농장,FARM02,기기제어,"Every morning at 8:50, broadcast that work begins in 10 minutes.",매일 아침 8시 50분에 10분 뒤 작업 시작을 알려 줘.,execute,,D6,T1,none,FARM02_Barn_Speaker_1,
U0544,농장,FARM04,기기제어,"If the CO2 gets too high, say that we should ventilate.",온실 CO2 농도가 높으면 환기하라고 말해 줘.,execute,,D4,T1,none,FARM04_GrowRoom_Speaker_1,
U0547,농장,FARM04,알림예약,"If the nutrient readings go off, send a Slack message.",양액 이상이면 슬랙으로 알려 줘.,execute,,D4,T1,none,,MessageSender.SendSlack
U0553,농장,FARM03,기기제어,"If motion is detected outside, check it with the cameras.",외부 움직임이 감지되면 카메라로 확인해 줘.,execute,,D4,T1,none,FARM03_Field_Camera_1 FARM03_Field_Camera_2,
U0556,농장,FARM02,기기제어,"If ammonia is detected, ventilate and announce an evacuation.",암모니아가 감지되면 환기하고 대피 안내해 줘.,execute,,D4,T1,none,FARM02_Barn_Ventilator_1 FARM02_Barn_Ventilator_2 FARM02_Barn_Ventilator_3 FARM02_Barn_Ventilator_4 FARM02_Barn_Speaker_1,
U0558,농장,FARM02,알림예약,"If the barn temperature hits a dangerous level, alert me.",축사 온도가 위험 수준이면 알려 줘.,execute,,D4,T1,none,,Speaker.Speak
U0518,농장,FARM03,알림예약,"If nothing moves in the field for 30 minutes, let me know.",밭에 30분 동안 움직임이 없으면 알려 줘.,execute,,D5,T2,none,,NotificationProvider.SendToast
U0528,농장,FARM01,기기제어,Turn off the irrigation pump in 10 minutes.,10분 뒤에 관수 펌프 꺼 줘.,execute,,D2,T2,none,FARM01_Utility_Pump_1,
U0529,농장,FARM03,기기제어,Stop the sprinklers in 30 minutes.,30분 후에 스프링클러 꺼 줘.,execute,,D2,T2,none,FARM03_Field_Sprinkler_1 FARM03_Field_Sprinkler_2 FARM03_Field_Sprinkler_3 FARM03_Field_Sprinkler_4,
U0530,농장,FARM03,기기제어,Water the field for 20 minutes.,밭에 20분 동안 물 줘.,execute,,D2,T2,none,FARM03_Field_Sprinkler_1 FARM03_Field_Sprinkler_2 FARM03_Field_Sprinkler_3 FARM03_Field_Sprinkler_4,
U0531,농장,FARM02,기기제어,Run the barn ventilators for 2 hours.,축사 환풍기 2시간 동안 켜둬.,execute,,D2,T2,none,FARM02_Barn_Ventilator_1 FARM02_Barn_Ventilator_2 FARM02_Barn_Ventilator_3 FARM02_Barn_Ventilator_4,
U0532,농장,FARM01,기기제어,"At night, if the greenhouse gets cold, turn on the heater.",밤에 온실 온도가 낮으면 난방기 켜 줘.,execute,,D13,T2,sun,FARM01_Greenhouse_Heater_1,
U0533,농장,FARM01,기기제어,"During the day, if there is not enough light, turn on the grow lights.",낮에 빛이 부족하면 생장등 켜 줘.,execute,,D13,T2,sun,FARM01_Greenhouse_GrowLight_1 FARM01_Greenhouse_GrowLight_2 FARM01_Greenhouse_GrowLight_3 FARM01_Greenhouse_GrowLight_4,
U0552,농장,FARM04,알림예약,"If the grow room door opens at night, warn me.",밤에 재배실 문이 열리면 경고해 줘.,execute,,D13,T2,sun,,Speaker.Speak
U0563,농장,FARM01,상태조회,Tell me whether the soil needs watering.,지금 물 줘야 해?,execute,,D3,T2,none,FARM01_Greenhouse_SoilMoistureSensor_1 FARM01_Greenhouse_SoilMoistureSensor_2 FARM01_Greenhouse_SoilMoistureSensor_3,Speaker.Speak
U0550,농장,FARM01,알림예약,"While the soil stays dry, remind me every 10 minutes.",토양이 계속 건조하면 10분마다 알려 줘.,execute,,D9,T3,none,,Speaker.Speak
U0551,농장,FARM04,알림예약,"While the tank level stays low, keep warning me.",수위가 계속 낮으면 반복해서 경고해 줘.,execute,,D9,T3,none,,Speaker.Speak
U0488,농장,FARM03,상태조회,How much sunlight did we get today?,오늘 일조량 어땠어?,execute,,D12,T4,none,FARM03_Field_LightSensor_1,NotificationProvider.SendToast
U0498,농장,FARM01,상태조회,What was the average greenhouse temperature today?,오늘 온실 평균 온도 알려 줘.,execute,,D12,T4,none,FARM01_Greenhouse_TemperatureSensor_1 FARM01_Greenhouse_TemperatureSensor_2 FARM01_Greenhouse_TemperatureSensor_3 FARM01_Greenhouse_TemperatureSensor_4,Speaker.Speak
U0499,농장,FARM01,상태조회,How did the humidity change over the last hour?,지난 1시간 습도 변화 어땠어?,execute,,D11,T4,none,FARM01_Greenhouse_HumiditySensor_1 FARM01_Greenhouse_HumiditySensor_2 FARM01_Greenhouse_HumiditySensor_3,Speaker.Speak
U0501,농장,FARM01,상태조회,Is the soil drier than yesterday?,어제보다 토양이 더 건조해?,execute,,D11,T4,none,FARM01_Greenhouse_SoilMoistureSensor_1 FARM01_Greenhouse_SoilMoistureSensor_2 FARM01_Greenhouse_SoilMoistureSensor_3,Speaker.Speak
