id,domain,space_id,intent,command,command_ko,expect,why,d,tier,context,targets,target_svc
G00016,연구실,LAB04,기기제어,Turn on the light,조명 켜,ask,,D1,T0,none,LAB04_LabRoom_Light_1 LAB04_LabRoom_Light_2 LAB04_LabRoom_Light_3 LAB04_LabRoom_Light_4,
G00021,연구실,LAB01,기기제어,could you turn on the occupancy indicator (zone 6)?,재실 상태 인디케이터 (구역 6) 켜 줄 수 있어?,execute,,D1,T0,none,tc0_05b24023-a435-4e1a-bf7d-680c5a0174ba,
G00027,연구실,LAB05,기기제어,could you put the zone 2 light on?,구역 2 조명 켜 줄 수 있어?,execute,,D1,T0,none,LAB05_TestBed_Light_2,
G00032,연구실,LAB02,기기제어,I'd like you to put the lab lights on.,실험실 조명 켜 줬으면 해.,execute,,D1,T0,none,LAB02_LabRoom_Light_1 LAB02_LabRoom_Light_2 LAB02_LabRoom_Light_3 LAB02_LabRoom_Light_4,
G00047,연구실,LAB04,기기제어,please switch the lab lights on.,실험실 조명 좀 켜 줘.,execute,,D1,T0,none,LAB04_LabRoom_Light_1 LAB04_LabRoom_Light_2 LAB04_LabRoom_Light_3 LAB04_LabRoom_Light_4,
G00052,연구실,LAB01,기기제어,Switch the CO2 level indicator on.,CO2 농도 인디케이터 켜.,execute,,D1,T0,none,tc0_7def1d9d-721c-4e35-b217-51fb8b46ba59,
G00066,연구실,LAB03,기기제어,could you turn on the cold room lights?,저온실 조명 켜 줄 수 있어?,execute,,D1,T0,none,LAB03_ColdRoom_Light_1,
G00081,연구실,LAB05,기기제어,can you light up the zone 3 light?,구역 3 조명 켜 줄래?,execute,,D1,T0,none,LAB05_TestBed_Light_3,
G00086,연구실,LAB02,기기제어,please light up the lab lights.,실험실 조명 좀 켜 줘.,execute,,D1,T0,none,LAB02_LabRoom_Light_1 LAB02_LabRoom_Light_2 LAB02_LabRoom_Light_3 LAB02_LabRoom_Light_4,
G00097,연구실,LAB03,기기제어,Switch the lab lights on.,실험실 조명 켜.,execute,,D1,T0,none,LAB03_LabRoom_Light_1 LAB03_LabRoom_Light_2 LAB03_LabRoom_Light_3,
G00113,연구실,LAB03,기기제어,could you dim the light to 5 percent?,조명 밝기를 5퍼센트로 낮춰 줄 수 있어?,ask,,D1,T0,none,LAB03_LabRoom_Light_1 LAB03_LabRoom_Light_2 LAB03_LabRoom_Light_3 LAB03_ColdRoom_Light_1,
G00118,연구실,LAB03,기기제어,I'd like you to tone it down a bit.,좀 낮춰 줬으면 해.,execute,,D1,T0,none,LAB03_ColdRoom_Light_1 LAB03_LabRoom_Light_1 LAB03_LabRoom_Light_2 LAB03_LabRoom_Light_3,
G00122,연구실,LAB01,기기제어,can you dim the zone 1 lights to 5 percent?,구역 1 조명 밝기를 5퍼센트로 낮춰 줄래?,execute,,D1,T0,none,tc0_d1b5e845-cbe2-42b4-9606-8ad71cb14901,
G00128,연구실,LAB05,기기제어,can you set the mood softer?,분위기 좀 부드럽게 해 줄래?,execute,,D1,T0,none,LAB05_TestBed_Light_1 LAB05_TestBed_Light_2 LAB05_TestBed_Light_3,
G00133,연구실,LAB02,기기제어,please get the lab lights on.,실험실 조명 좀 켜 줘.,execute,,D1,T0,none,LAB02_LabRoom_Light_1 LAB02_LabRoom_Light_2 LAB02_LabRoom_Light_3 LAB02_LabRoom_Light_4,
G00148,연구실,LAB04,기기제어,Put the lab lights on,실험실 조명 켜,execute,,D1,T0,none,LAB04_LabRoom_Light_1 LAB04_LabRoom_Light_2 LAB04_LabRoom_Light_3 LAB04_LabRoom_Light_4,
G00150,연구실,LAB03,기기제어,could you bring the cold room lights down to 25 percent?,저온실 조명 밝기를 25퍼센트까지 낮춰 줄 수 있어?,execute,,D1,T0,none,LAB03_ColdRoom_Light_1,
G00153,연구실,LAB01,기기제어,could you bring the zone 5 lights down to 20 percent?,구역 5 조명 밝기를 20퍼센트까지 낮춰 줄 수 있어?,execute,,D1,T0,none,tc0_5452b6c5-0dee-4cca-ba6f-15582b358305,
G00159,연구실,LAB05,기기제어,could you dim the test bed lights to 5 percent?,테스트베드 조명 밝기를 5퍼센트로 낮춰 줄 수 있어?,execute,,D1,T0,none,LAB05_TestBed_Light_1 LAB05_TestBed_Light_2 LAB05_TestBed_Light_3,
G00167,연구실,LAB03,기기제어,can you dim the lab lights to 20 percent?,실험실 조명 밝기를 20퍼센트로 낮춰 줄래?,execute,,D1,T0,none,LAB03_LabRoom_Light_1 LAB03_LabRoom_Light_2 LAB03_LabRoom_Light_3,
G00187,연구실,LAB02,기기제어,Turn on the storage lights,창고 조명 켜,execute,,D1,T0,none,LAB02_Storage_Light_1,
G00214,연구실,LAB03,기기제어,can you set the lights to green?,조명 전부 초록색으로 바꿔 줄래?,execute,,D1,T0,none,LAB03_LabRoom_Light_1 LAB03_LabRoom_Light_2 LAB03_LabRoom_Light_3 LAB03_ColdRoom_Light_1,
G00225,연구실,LAB04,기기제어,please put the lights on.,조명 전부 좀 켜 줘.,execute,,D1,T0,none,LAB04_LabRoom_Light_1 LAB04_LabRoom_Light_2 LAB04_LabRoom_Light_3 LAB04_LabRoom_Light_4,
G00232,연구실,LAB05,기기제어,I'd like you to set the lights to daylight white.,조명 전부 주광색으로 바꿔 줬으면 해.,execute,,D1,T0,none,LAB05_TestBed_Light_1 LAB05_TestBed_Light_2 LAB05_TestBed_Light_3,
G00246,연구실,LAB01,기기제어,Make the lights purple.,조명 전부 보라색으로 해.,execute,,D1,T0,none,tc0_5452b6c5-0dee-4cca-ba6f-15582b358305 tc0_7def1d9d-721c-4e35-b217-51fb8b46ba59 tc0_081181c1-3210-4ad2-8af1-f262fdc0fc76 tc0_ebfb522a028ef8add497wu tc0_eb8c9cf310d709af51rs9c tc0_57b081e4-f567-4a84-9121-4f0ed61ae733 tc0_d1b5e845-cbe2-42b4-9606-8ad71cb14901 tc0_4e13891d-054f-494a-9517-c56b38632fef tc0_05b24023-a435-4e1a-bf7d-680c5a0174ba tc0_ba52d76e-e6dc-41ff-8207-64c7d9d88b3b,
G00259,연구실,LAB05,기기제어,can you set the lights to red?,조명 전부 빨간색으로 바꿔 줄래?,execute,,D1,T0,none,LAB05_TestBed_Light_1 LAB05_TestBed_Light_2 LAB05_TestBed_Light_3,
G00262,연구실,LAB03,기기제어,Change the lights to orange,조명 전부 주황색으로 바꿔,execute,,D1,T0,none,LAB03_LabRoom_Light_1 LAB03_LabRoom_Light_2 LAB03_LabRoom_Light_3 LAB03_ColdRoom_Light_1,
G00282,연구실,LAB02,기기제어,could you switch the lights on?,조명 전부 켜 줄 수 있어?,execute,,D1,T0,none,LAB02_LabRoom_Light_1 LAB02_LabRoom_Light_2 LAB02_LabRoom_Light_3 LAB02_LabRoom_Light_4 LAB02_Storage_Light_1,
G00289,연구실,LAB01,기기제어,I'd like you to turn the TV off.,TV 꺼 줬으면 해.,refuse,no_device,D1,T0,none,,
G00363,연구실,LAB04,기기제어,please switch the equipment outlet 4 on.,장비 콘센트 4 좀 켜 줘.,execute,,D1,T0,none,LAB04_LabRoom_Plug_4,
G00368,연구실,LAB01,기기제어,please shut everything down in here.,여기 다 꺼 주세요.,ask,,D1,T0,none,tc0_01df2e24-81ac-2056-2edd-c6582bab5d52 tc0_05b24023-a435-4e1a-bf7d-680c5a0174ba tc0_081181c1-3210-4ad2-8af1-f262fdc0fc76 tc0_3c7a4839-c2a6-4731-98f9-03eda6b31608 tc0_4e13891d-054f-494a-9517-c56b38632fef tc0_5452b6c5-0dee-4cca-ba6f-15582b358305 tc0_550713ef-d27f-43f3-9dcf-7b16101c618a tc0_57b081e4-f567-4a84-9121-4f0ed61ae733 tc0_7def1d9d-721c-4e35-b217-51fb8b46ba59 tc0_LG_Temp_and_Humidity_Sensor__30__ep1 tc0_Smart_Wi-Fi_Plug__43 tc0_Smart_Wi-Fi_Plug__44 tc0_Wi-Fi_Plug__46 tc0_ba52d76e-e6dc-41ff-8207-64c7d9d88b3b tc0_d1b5e845-cbe2-42b4-9606-8ad71cb14901 tc0_eb8c9cf310d709af51rs9c tc0_ebfb522a028ef8add497wu tc0_efb00b25-259e-1660-fb7b-9ca9b396b6 tc0_efb00b25-259e-1660-fb7b-9ca9b396b694 tc0_s8e7a31295af78fb09mmpp,
G00383,연구실,LAB03,기기제어,could you put the lab lights on?,실험실 조명 켜 줄 수 있어?,execute,,D1,T0,none,LAB03_LabRoom_Light_1 LAB03_LabRoom_Light_2 LAB03_LabRoom_Light_3,
G00400,연구실,LAB02,상태조회,please send me the lab temperature.,실험실 온도 보내 주세요.,execute,,D1,T0,none,,Speaker.Speak
G00406,연구실,LAB04,상태조회,please send me the entrance temperature.,현관 온도 보내 주세요.,execute,,D1,T0,none,,NotificationProvider.SendPush
G00416,연구실,LAB03,알림예약,Keep me posted.,계속 알려 줘.,execute,,D1,T0,none,,Speaker.Speak
G00422,연구실,LAB05,상태조회,Send me the test bed temperature.,테스트베드 온도 보내 줘.,execute,,D1,T0,none,,Speaker.Speak
G00437,연구실,LAB05,알림예약,Ping me when the chamber finishes.,챔버 끝나면 알려 줘.,execute,,D1,T0,none,,Speaker.Speak
G00449,연구실,LAB04,기기제어,I'd like you to pull the blinds shut.,블라인드 닫아 줬으면 해.,refuse,no_device,D1,T0,none,,
G00452,연구실,LAB03,기기제어,The glare is bad.,눈부심이 심해.,refuse,no_device,D1,T0,none,,
G00500,연구실,LAB05,기기제어,please unlock the door lock.,도어락 좀 열어 줘.,refuse,no_device,D1,T0,none,,
G00511,연구실,LAB03,기기제어,can you unlock the door lock?,도어락 열어 줄래?,execute,,D1,T0,none,LAB03_Entrance_DoorLock_1,
G00588,연구실,LAB05,상태조회,How much power is the camera pulling,카메라 전력 얼마나 쓰고 있어?,execute,,D1,T0,none,LAB05_TestBed_Camera_1,Speaker.Speak
G00596,연구실,LAB05,상태조회,Is the camera on right now.,카메라 지금 켜져 있어?,execute,,D1,T0,none,LAB05_TestBed_Camera_1,Speaker.Speak
G00606,연구실,LAB05,상태조회,Is anyone in the test bed.,테스트베드에 사람 있어?,execute,,D1,T0,none,LAB05_TestBed_PresenceSensor_1 LAB05_TestBed_PresenceSensor_2 LAB05_TestBed_PresenceSensor_3,Speaker.Speak
G00621,연구실,LAB02,상태조회,What is the switch set to.,스위치 몇으로 맞춰져 있어?,ask,,D1,T0,none,LAB02_LabRoom_Light_1 LAB02_LabRoom_Light_2 LAB02_LabRoom_Light_3 LAB02_LabRoom_Light_4 LAB02_Storage_Light_1 LAB02_LabRoom_Siren_1 LAB02_LabRoom_Plug_1 LAB02_LabRoom_Plug_2,Speaker.Speak
G00627,연구실,LAB04,기기제어,I am done for the day,오늘은 여기까지야,ask,,D1,T0,none,LAB04_LabRoom_AirCompressor_1 LAB04_LabRoom_AirConditioner_1 LAB04_LabRoom_Light_1 LAB04_LabRoom_Light_2 LAB04_LabRoom_Light_3 LAB04_LabRoom_Light_4 LAB04_LabRoom_Plug_1 LAB04_LabRoom_Plug_2 LAB04_LabRoom_Plug_3 LAB04_LabRoom_Plug_4 LAB04_LabRoom_Ventilator_1,
G00631,연구실,LAB01,기기제어,can you toggle all the switches?,모든 스위치 껐다 켜 줄래?,execute,,D1,T0,none,tc0_5452b6c5-0dee-4cca-ba6f-15582b358305 tc0_7def1d9d-721c-4e35-b217-51fb8b46ba59 tc0_081181c1-3210-4ad2-8af1-f262fdc0fc76 tc0_01df2e24-81ac-2056-2edd-c6582bab5d52 tc0_3c7a4839-c2a6-4731-98f9-03eda6b31608 tc0_efb00b25-259e-1660-fb7b-9ca9b396b694 tc0_efb00b25-259e-1660-fb7b-9ca9b396b6 tc0_s8e7a31295af78fb09mmpp tc0_ebe47e098219089fc7frjx__ep1 tc0_ebe47e098219089fc7frjx__ep2 tc0_ebe47e098219089fc7frjx__ep3 tc0_ebe47e098219089fc7frjx__ep4 tc0_ebe47e098219089fc7frjx__ep5 tc0_ebe47e098219089fc7frjx__ep6 tc0_ebfb522a028ef8add497wu tc0_eb8c9cf310d709af51rs9c tc0_Smart_Wi-Fi_Plug__43 tc0_Smart_Wi-Fi_Plug__44 tc0_Wi-Fi_Plug__46 tc0_57b081e4-f567-4a84-9121-4f0ed61ae733 tc0_d1b5e845-cbe2-42b4-9606-8ad71cb14901 tc0_4e13891d-054f-494a-9517-c56b38632fef tc0_05b24023-a435-4e1a-bf7d-680c5a0174ba tc0_ba52d76e-e6dc-41ff-8207-64c7d9d88b3b,
G00647,연구실,LAB03,기기제어,can you switch the lab switch on?,실험실 스위치 켜 줄래?,execute,,D1,T0,none,LAB03_LabRoom_Light_1 LAB03_LabRoom_Light_2 LAB03_LabRoom_Light_3 LAB03_LabRoom_AirPurifier_1 LAB03_LabRoom_Siren_1 LAB03_LabRoom_Plug_1 LAB03_LabRoom_Plug_2,
G00652,연구실,LAB04,기기제어,can you toggle the equipment outlet 3?,장비 콘센트 3 껐다 켜 줄래?,execute,,D1,T0,none,LAB04_LabRoom_Plug_3,
G00654,연구실,LAB03,기기제어,Toggle the lab switch.,실험실 스위치 껐다 켜.,execute,,D1,T0,none,LAB03_LabRoom_Light_1 LAB03_LabRoom_Light_2 LAB03_LabRoom_Light_3 LAB03_LabRoom_AirPurifier_1 LAB03_LabRoom_Siren_1 LAB03_LabRoom_Plug_1 LAB03_LabRoom_Plug_2,
G00657,연구실,LAB05,기기제어,please send the vacuum back to its dock.,로봇청소기 충전대로 좀 보내 줘.,refuse,no_device,D1,T0,none,,
G00658,연구실,LAB03,기기제어,can you start the vacuum?,로봇청소기 켜 줄래?,refuse,no_device,D1,T0,none,,
G00667,연구실,LAB01,기기제어,Stop the Samsung robot vacuum,삼성 로봇청소기 멈춰,execute,,D1,T0,none,tc0_481471e8-2319-cbfd-9eb3-714df64ada77,
G00719,연구실,LAB03,기기제어,Set a 15 minute timer.,15분 타이머 맞춰 줘.,refuse,no_service,D1,T0,none,,
G00725,연구실,LAB05,기기제어,Set a 30 minute timer.,30분 타이머 맞춰 줘.,refuse,no_service,D1,T0,none,,
G00734,연구실,LAB01,기기제어,I'd like you to start a countdown for 3 minutes.,3분 카운트다운 시작해 줬으면 해.,refuse,no_service,D1,T0,none,,
G00745,연구실,LAB01,기기제어,could you open the garage door?,차고문 열어 줄 수 있어?,refuse,no_device,D1,T0,none,,
G00776,연구실,LAB03,기기제어,I am going to sleep.,이제 잘 거야.,execute,,D1,T0,none,LAB03_ColdRoom_Light_1 LAB03_LabRoom_Light_1 LAB03_LabRoom_Light_2 LAB03_LabRoom_Light_3,
G00780,연구실,LAB05,기기제어,can you toggle the test bed switch?,테스트베드 스위치 껐다 켜 줄래?,execute,,D1,T0,none,LAB05_TestBed_Light_1 LAB05_TestBed_Light_2 LAB05_TestBed_Light_3 LAB05_TestBed_LevelControl_1 LAB05_TestBed_Plug_1 LAB05_TestBed_Plug_2,
G00785,연구실,LAB03,기기제어,Make it dark.,어둡게 해 줘.,execute,,D1,T0,none,LAB03_ColdRoom_Light_1 LAB03_LabRoom_Light_1 LAB03_LabRoom_Light_2 LAB03_LabRoom_Light_3,
G00794,연구실,LAB01,기기제어,My throat is dry,목이 건조해,ask,,D1,T0,none,tc0_3c7a4839-c2a6-4731-98f9-03eda6b31608 tc0_s8e7a31295af78fb09mmpp,
G00796,연구실,LAB01,기기제어,can you turn on the humidifier?,가습기 켜 줄래?,execute,,D1,T0,none,tc0_3c7a4839-c2a6-4731-98f9-03eda6b31608,
G00797,연구실,LAB01,기기제어,I'd like you to turn on the humidifier.,가습기 켜 줬으면 해.,execute,,D1,T0,none,tc0_3c7a4839-c2a6-4731-98f9-03eda6b31608,
G00800,연구실,LAB01,기기제어,please turn the humidifier off.,가습기 좀 꺼 줘.,execute,,D1,T0,none,tc0_3c7a4839-c2a6-4731-98f9-03eda6b31608,
G00806,연구실,LAB01,기기제어,could you turn on the humidifier?,가습기 켜 줄 수 있어?,execute,,D1,T0,none,tc0_3c7a4839-c2a6-4731-98f9-03eda6b31608,
G00807,연구실,LAB01,기기제어,could you set the humidifier to 40 percent?,가습기 40퍼센트로 맞춰 줄 수 있어?,execute,,D1,T0,none,tc0_3c7a4839-c2a6-4731-98f9-03eda6b31608,
G00810,연구실,LAB03,기기제어,could you raise the blinds?,블라인드 올려 줄 수 있어?,refuse,no_device,D1,T0,none,,
G00812,연구실,LAB01,기기제어,The sun is in my eyes,햇빛이 눈에 들어와,refuse,no_device,D1,T0,none,,
G00827,연구실,LAB04,기기제어,Get all the lights on,모든 조명 켜,execute,,D1,T0,none,LAB04_LabRoom_Light_1 LAB04_LabRoom_Light_2 LAB04_LabRoom_Light_3 LAB04_LabRoom_Light_4,
G00831,연구실,LAB01,기기제어,I need caffeine,카페인이 필요해,refuse,no_device,D1,T0,none,,
G00853,연구실,LAB05,기기제어,can you start recording on the test bed camera?,테스트베드 카메라 녹화 시작해 줄래?,execute,,D1,T0,none,LAB05_TestBed_Camera_1,
G00856,연구실,LAB01,기기제어,Take a snapshot with the camera,카메라로 사진 찍어,execute,,D1,T0,none,tc0_ebbcbc45bf05318db9w0ew,
G00860,연구실,LAB03,기기제어,Keep an eye on the place,집 좀 지켜봐 줘,execute,,D1,T0,none,LAB03_LabRoom_Camera_1,
G00900,연구실,LAB05,기기제어,can you cut power to the plug?,플러그 전원 차단해 줄래?,ask,,D1,T0,none,LAB05_TestBed_Plug_1 LAB05_TestBed_Plug_2,
G00902,연구실,LAB05,기기제어,please turn on the plug.,플러그 켜 주세요.,ask,,D1,T0,none,LAB05_TestBed_Plug_1 LAB05_TestBed_Plug_2,
G00923,연구실,LAB02,기기제어,Remind me in a bit.,조금 있다 알려 줘.,refuse,no_service,D1,T0,none,,
G00932,연구실,LAB01,기기제어,can you bring the lights down to 25 percent?,조명 전부 밝기를 25퍼센트까지 낮춰 줄래?,execute,,D1,T0,none,tc0_5452b6c5-0dee-4cca-ba6f-15582b358305 tc0_7def1d9d-721c-4e35-b217-51fb8b46ba59 tc0_081181c1-3210-4ad2-8af1-f262fdc0fc76 tc0_ebfb522a028ef8add497wu tc0_eb8c9cf310d709af51rs9c tc0_57b081e4-f567-4a84-9121-4f0ed61ae733 tc0_d1b5e845-cbe2-42b4-9606-8ad71cb14901 tc0_4e13891d-054f-494a-9517-c56b38632fef tc0_05b24023-a435-4e1a-bf7d-680c5a0174ba tc0_ba52d76e-e6dc-41ff-8207-64c7d9d88b3b,
G00959,연구실,LAB01,기기제어,could you set all the lights to blue?,모든 조명 파란색으로 바꿔 줄 수 있어?,execute,,D1,T0,none,tc0_5452b6c5-0dee-4cca-ba6f-15582b358305 tc0_7def1d9d-721c-4e35-b217-51fb8b46ba59 tc0_081181c1-3210-4ad2-8af1-f262fdc0fc76 tc0_ebfb522a028ef8add497wu tc0_eb8c9cf310d709af51rs9c tc0_57b081e4-f567-4a84-9121-4f0ed61ae733 tc0_d1b5e845-cbe2-42b4-9606-8ad71cb14901 tc0_4e13891d-054f-494a-9517-c56b38632fef tc0_05b24023-a435-4e1a-bf7d-680c5a0174ba tc0_ba52d76e-e6dc-41ff-8207-64c7d9d88b3b,
G00965,연구실,LAB05,기기제어,could you change all the lights to warm white?,모든 조명 전구색으로 바꿔 줄 수 있어?,execute,,D1,T0,none,LAB05_TestBed_Light_1 LAB05_TestBed_Light_2 LAB05_TestBed_Light_3,
G00966,연구실,LAB02,기기제어,I'd like you to turn on the lab plug.,실험실 플러그 켜 줬으면 해.,execute,,D1,T0,none,LAB02_LabRoom_Plug_1 LAB02_LabRoom_Plug_2,
G00968,연구실,LAB05,기기제어,Switch the test bed plug off,테스트베드 플러그 꺼,execute,,D1,T0,none,LAB05_TestBed_Plug_1 LAB05_TestBed_Plug_2,
G00969,연구실,LAB02,기기제어,Open the blinds.,블라인드 열어.,refuse,no_device,D1,T0,none,,
G00974,연구실,LAB04,기기제어,I'd like you to set the lights to the relax scene.,조명 휴식 모드로 해 줬으면 해.,execute,,D1,T0,none,LAB04_LabRoom_Light_1 LAB04_LabRoom_Light_2 LAB04_LabRoom_Light_3 LAB04_LabRoom_Light_4,
G00980,연구실,LAB01,기기제어,I'd like you to get the zone 5 lights on.,구역 5 조명 켜 줬으면 해.,execute,,D1,T0,none,tc0_5452b6c5-0dee-4cca-ba6f-15582b358305,
G00981,연구실,LAB02,기기제어,please play some music on the TV.,TV로 음악 좀 틀어 줘.,refuse,no_device,D1,T0,none,,
G00982,연구실,LAB02,기기제어,could you get the lab lights on?,실험실 조명 켜 줄 수 있어?,execute,,D1,T0,none,LAB02_LabRoom_Light_1 LAB02_LabRoom_Light_2 LAB02_LabRoom_Light_3 LAB02_LabRoom_Light_4,
G00991,연구실,LAB04,기기제어,Play some music on the TV,TV로 음악 좀 틀어,refuse,no_device,D1,T0,none,,
G01002,연구실,LAB02,기기제어,I'd like you to make the light purple.,조명 보라색으로 해 줬으면 해.,ask,,D1,T0,none,LAB02_LabRoom_Light_1 LAB02_LabRoom_Light_2 LAB02_LabRoom_Light_3 LAB02_LabRoom_Light_4 LAB02_Storage_Light_1,
G01006,연구실,LAB03,기기제어,could you set a calmer tone?,차분한 톤으로 맞춰 줄 수 있어?,execute,,D1,T0,none,LAB03_ColdRoom_Light_1 LAB03_LabRoom_Light_1 LAB03_LabRoom_Light_2 LAB03_LabRoom_Light_3,
G01011,연구실,LAB04,기기제어,Set the air conditioner to 23 degrees.,에어컨 23도로 맞춰.,execute,,D1,T0,none,LAB04_LabRoom_AirConditioner_1,
G01013,연구실,LAB01,기기제어,can you set the air conditioner to 26 degrees?,에어컨 26도로 맞춰 줄래?,execute,,D1,T0,none,tc0_s8e7a31295af78fb09mmpp,
G01015,연구실,LAB03,기기제어,Dim the lights to 10 percent.,조명 전부 밝기를 10퍼센트로 낮춰.,execute,,D1,T0,none,LAB03_LabRoom_Light_1 LAB03_LabRoom_Light_2 LAB03_LabRoom_Light_3 LAB03_ColdRoom_Light_1,
G01020,연구실,LAB04,기기제어,please make the light red.,조명 빨간색으로 해 주세요.,ask,,D1,T0,none,LAB04_LabRoom_Light_1 LAB04_LabRoom_Light_2 LAB04_LabRoom_Light_3 LAB04_LabRoom_Light_4,
G01029,연구실,LAB01,기기제어,Stop the vacuum,로봇청소기 멈춰,execute,,D1,T0,none,tc0_481471e8-2319-cbfd-9eb3-714df64ada77,
G01041,연구실,LAB05,기기제어,Put the test bed lights on.,테스트베드 조명 켜.,execute,,D1,T0,none,LAB05_TestBed_Light_1 LAB05_TestBed_Light_2 LAB05_TestBed_Light_3,
G01048,연구실,LAB03,기기제어,Turn on the lab switch.,실험실 스위치 켜.,execute,,D1,T0,none,LAB03_LabRoom_Light_1 LAB03_LabRoom_Light_2 LAB03_LabRoom_Light_3 LAB03_LabRoom_AirPurifier_1 LAB03_LabRoom_Siren_1 LAB03_LabRoom_Plug_1 LAB03_LabRoom_Plug_2,
G01058,연구실,LAB01,기기제어,Bring all the lights down to 25 percent.,모든 조명 밝기를 25퍼센트까지 낮춰.,execute,,D1,T0,none,tc0_5452b6c5-0dee-4cca-ba6f-15582b358305 tc0_7def1d9d-721c-4e35-b217-51fb8b46ba59 tc0_081181c1-3210-4ad2-8af1-f262fdc0fc76 tc0_ebfb522a028ef8add497wu tc0_eb8c9cf310d709af51rs9c tc0_57b081e4-f567-4a84-9121-4f0ed61ae733 tc0_d1b5e845-cbe2-42b4-9606-8ad71cb14901 tc0_4e13891d-054f-494a-9517-c56b38632fef tc0_05b24023-a435-4e1a-bf7d-680c5a0174ba tc0_ba52d76e-e6dc-41ff-8207-64c7d9d88b3b,
G01069,연구실,LAB03,기기제어,could you change the cold room lights to amber?,저온실 조명 호박색으로 바꿔 줄 수 있어?,execute,,D1,T0,none,LAB03_ColdRoom_Light_1,
G01079,연구실,LAB03,기기제어,Set the fan to high.,선풍기 세게 틀어.,refuse,no_device,D1,T0,none,,
G01081,연구실,LAB03,기기제어,can you close things up out front?,바깥쪽 다 닫아 줄래?,refuse,no_device,D1,T0,none,,
G01100,연구실,LAB03,기기제어,Turn off the lab lights.,실험실 조명 꺼.,execute,,D1,T0,none,LAB03_LabRoom_Light_1 LAB03_LabRoom_Light_2 LAB03_LabRoom_Light_3,
G01117,연구실,LAB03,기기제어,I'd like you to set a 15 minute timer.,15분 타이머 맞춰 줬으면 해.,refuse,no_service,D1,T0,none,,
G01142,연구실,LAB05,기기제어,can you set the lights to the party scene?,조명 파티 모드로 해 줄래?,execute,,D1,T0,none,LAB05_TestBed_Light_1 LAB05_TestBed_Light_2 LAB05_TestBed_Light_3,
G01169,연구실,LAB04,기기제어,I'd like you to turn on the switch.,스위치 켜 줬으면 해.,ask,,D1,T0,none,LAB04_LabRoom_Light_1 LAB04_LabRoom_Light_2 LAB04_LabRoom_Light_3 LAB04_LabRoom_Light_4 LAB04_LabRoom_Plug_1 LAB04_LabRoom_Plug_2 LAB04_LabRoom_Plug_3 LAB04_LabRoom_Plug_4 LAB04_LabRoom_AirConditioner_1,
G01186,연구실,LAB01,기기제어,Shut the Skylight YUER off,스카이라이트 YUER 꺼,execute,,D1,T0,none,tc0_eb8c9cf310d709af51rs9c,
G01187,연구실,LAB01,기기제어,can you get the zone 4 lights on?,구역 4 조명 켜 줄래?,execute,,D1,T0,none,tc0_ba52d76e-e6dc-41ff-8207-64c7d9d88b3b,
G01210,연구실,LAB04,기기제어,I'd like you to make it dimmer.,좀 더 어둡게 해 줬으면 해.,execute,,D1,T0,none,LAB04_LabRoom_Light_1 LAB04_LabRoom_Light_2 LAB04_LabRoom_Light_3 LAB04_LabRoom_Light_4,
G01212,연구실,LAB05,기기제어,Turn on the test bed switch.,테스트베드 스위치 켜.,execute,,D1,T0,none,LAB05_TestBed_Light_1 LAB05_TestBed_Light_2 LAB05_TestBed_Light_3 LAB05_TestBed_LevelControl_1 LAB05_TestBed_Plug_1 LAB05_TestBed_Plug_2,
G01227,연구실,LAB05,기기제어,could you put the zone 3 light into morning mode?,구역 3 조명 아침 모드로 해 줄 수 있어?,execute,,D1,T0,none,LAB05_TestBed_Light_3,
G01245,연구실,LAB01,기기제어,Set the lights to pink.,조명 전부 분홍색으로 바꿔.,execute,,D1,T0,none,tc0_5452b6c5-0dee-4cca-ba6f-15582b358305 tc0_7def1d9d-721c-4e35-b217-51fb8b46ba59 tc0_081181c1-3210-4ad2-8af1-f262fdc0fc76 tc0_ebfb522a028ef8add497wu tc0_eb8c9cf310d709af51rs9c tc0_57b081e4-f567-4a84-9121-4f0ed61ae733 tc0_d1b5e845-cbe2-42b4-9606-8ad71cb14901 tc0_4e13891d-054f-494a-9517-c56b38632fef tc0_05b24023-a435-4e1a-bf7d-680c5a0174ba tc0_ba52d76e-e6dc-41ff-8207-64c7d9d88b3b,
G01266,연구실,LAB01,기기제어,It smells in this room.,방에서 냄새 나.,execute,,D1,T0,none,tc0_01df2e24-81ac-2056-2edd-c6582bab5d52 tc0_efb00b25-259e-1660-fb7b-9ca9b396b6 tc0_efb00b25-259e-1660-fb7b-9ca9b396b694,
G01290,연구실,LAB01,기기제어,I'd like you to switch the light to the dinner scene when I press the button.,내가 버튼을 누르면 조명 저녁 식사 모드로 바꿔 줬으면 해.,ask,,D4,T1,none,tc0_5452b6c5-0dee-4cca-ba6f-15582b358305 tc0_7def1d9d-721c-4e35-b217-51fb8b46ba59 tc0_081181c1-3210-4ad2-8af1-f262fdc0fc76 tc0_ebfb522a028ef8add497wu tc0_eb8c9cf310d709af51rs9c tc0_57b081e4-f567-4a84-9121-4f0ed61ae733 tc0_d1b5e845-cbe2-42b4-9606-8ad71cb14901 tc0_4e13891d-054f-494a-9517-c56b38632fef tc0_05b24023-a435-4e1a-bf7d-680c5a0174ba tc0_ba52d76e-e6dc-41ff-8207-64c7d9d88b3b,
G01294,연구실,LAB01,기기제어,please switch the light to the reading scene with one tap on the wall switch.,벽 스위치를 한 번 누르면 조명 독서 모드로 좀 바꿔 줘.,ask,,D4,T1,none,tc0_5452b6c5-0dee-4cca-ba6f-15582b358305 tc0_7def1d9d-721c-4e35-b217-51fb8b46ba59 tc0_081181c1-3210-4ad2-8af1-f262fdc0fc76 tc0_ebfb522a028ef8add497wu tc0_eb8c9cf310d709af51rs9c tc0_57b081e4-f567-4a84-9121-4f0ed61ae733 tc0_d1b5e845-cbe2-42b4-9606-8ad71cb14901 tc0_4e13891d-054f-494a-9517-c56b38632fef tc0_05b24023-a435-4e1a-bf7d-680c5a0174ba tc0_ba52d76e-e6dc-41ff-8207-64c7d9d88b3b,
G01298,연구실,LAB01,기기제어,Switch the light to the focus scene with a single press of the button,버튼을 한 번 누르면 조명 집중 모드로 바꿔,ask,,D4,T1,none,tc0_5452b6c5-0dee-4cca-ba6f-15582b358305 tc0_7def1d9d-721c-4e35-b217-51fb8b46ba59 tc0_081181c1-3210-4ad2-8af1-f262fdc0fc76 tc0_ebfb522a028ef8add497wu tc0_eb8c9cf310d709af51rs9c tc0_57b081e4-f567-4a84-9121-4f0ed61ae733 tc0_d1b5e845-cbe2-42b4-9606-8ad71cb14901 tc0_4e13891d-054f-494a-9517-c56b38632fef tc0_05b24023-a435-4e1a-bf7d-680c5a0174ba tc0_ba52d76e-e6dc-41ff-8207-64c7d9d88b3b,
G01302,연구실,LAB01,기기제어,I'd like you to set the mood for a movie when the scene button is pressed.,씬 버튼이 눌리면 영화 볼 분위기로 맞춰 줬으면 해.,execute,,D4,T1,none,tc0_05b24023-a435-4e1a-bf7d-680c5a0174ba tc0_081181c1-3210-4ad2-8af1-f262fdc0fc76 tc0_4e13891d-054f-494a-9517-c56b38632fef tc0_5452b6c5-0dee-4cca-ba6f-15582b358305 tc0_57b081e4-f567-4a84-9121-4f0ed61ae733 tc0_7def1d9d-721c-4e35-b217-51fb8b46ba59 tc0_ba52d76e-e6dc-41ff-8207-64c7d9d88b3b tc0_d1b5e845-cbe2-42b4-9606-8ad71cb14901 tc0_eb8c9cf310d709af51rs9c tc0_ebfb522a028ef8add497wu,
G01307,연구실,LAB01,기기제어,I'd like you to switch the lights to the party scene with one tap on the wall switch.,벽 스위치를 한 번 누르면 조명 전부 파티 모드로 바꿔 줬으면 해.,execute,,D4,T1,none,tc0_5452b6c5-0dee-4cca-ba6f-15582b358305 tc0_7def1d9d-721c-4e35-b217-51fb8b46ba59 tc0_081181c1-3210-4ad2-8af1-f262fdc0fc76 tc0_ebfb522a028ef8add497wu tc0_eb8c9cf310d709af51rs9c tc0_57b081e4-f567-4a84-9121-4f0ed61ae733 tc0_d1b5e845-cbe2-42b4-9606-8ad71cb14901 tc0_4e13891d-054f-494a-9517-c56b38632fef tc0_05b24023-a435-4e1a-bf7d-680c5a0174ba tc0_ba52d76e-e6dc-41ff-8207-64c7d9d88b3b,
G01311,연구실,LAB01,기기제어,please switch the lights to the focus scene with a single press of the button.,버튼을 한 번 누르면 조명 전부 집중 모드로 좀 바꿔 줘.,execute,,D4,T1,none,tc0_5452b6c5-0dee-4cca-ba6f-15582b358305 tc0_7def1d9d-721c-4e35-b217-51fb8b46ba59 tc0_081181c1-3210-4ad2-8af1-f262fdc0fc76 tc0_ebfb522a028ef8add497wu tc0_eb8c9cf310d709af51rs9c tc0_57b081e4-f567-4a84-9121-4f0ed61ae733 tc0_d1b5e845-cbe2-42b4-9606-8ad71cb14901 tc0_4e13891d-054f-494a-9517-c56b38632fef tc0_05b24023-a435-4e1a-bf7d-680c5a0174ba tc0_ba52d76e-e6dc-41ff-8207-64c7d9d88b3b,
G01315,연구실,LAB01,기기제어,Switch the lights to the movie scene when the scene button is pressed,씬 버튼이 눌리면 조명 전부 영화 모드로 바꿔,execute,,D4,T1,none,tc0_5452b6c5-0dee-4cca-ba6f-15582b358305 tc0_7def1d9d-721c-4e35-b217-51fb8b46ba59 tc0_081181c1-3210-4ad2-8af1-f262fdc0fc76 tc0_ebfb522a028ef8add497wu tc0_eb8c9cf310d709af51rs9c tc0_57b081e4-f567-4a84-9121-4f0ed61ae733 tc0_d1b5e845-cbe2-42b4-9606-8ad71cb14901 tc0_4e13891d-054f-494a-9517-c56b38632fef tc0_05b24023-a435-4e1a-bf7d-680c5a0174ba tc0_ba52d76e-e6dc-41ff-8207-64c7d9d88b3b,
G01319,연구실,LAB01,기기제어,I'd like you to switch the lights to the movie scene when I double-press the button.,버튼이 연속 두 번 눌리면 조명 전부 영화 모드로 바꿔 줬으면 해.,execute,,D4,T1,none,tc0_5452b6c5-0dee-4cca-ba6f-15582b358305 tc0_7def1d9d-721c-4e35-b217-51fb8b46ba59 tc0_081181c1-3210-4ad2-8af1-f262fdc0fc76 tc0_ebfb522a028ef8add497wu tc0_eb8c9cf310d709af51rs9c tc0_57b081e4-f567-4a84-9121-4f0ed61ae733 tc0_d1b5e845-cbe2-42b4-9606-8ad71cb14901 tc0_4e13891d-054f-494a-9517-c56b38632fef tc0_05b24023-a435-4e1a-bf7d-680c5a0174ba tc0_ba52d76e-e6dc-41ff-8207-64c7d9d88b3b,
G01323,연구실,LAB01,기기제어,please switch the lights to the away scene when I press the button.,내가 버튼을 누르면 조명 전부 외출 모드로 좀 바꿔 줘.,execute,,D4,T1,none,tc0_5452b6c5-0dee-4cca-ba6f-15582b358305 tc0_7def1d9d-721c-4e35-b217-51fb8b46ba59 tc0_081181c1-3210-4ad2-8af1-f262fdc0fc76 tc0_ebfb522a028ef8add497wu tc0_eb8c9cf310d709af51rs9c tc0_57b081e4-f567-4a84-9121-4f0ed61ae733 tc0_d1b5e845-cbe2-42b4-9606-8ad71cb14901 tc0_4e13891d-054f-494a-9517-c56b38632fef tc0_05b24023-a435-4e1a-bf7d-680c5a0174ba tc0_ba52d76e-e6dc-41ff-8207-64c7d9d88b3b,
G01328,연구실,LAB01,기기제어,please switch the lights to the party scene when the scene button is pressed.,씬 버튼이 눌리면 조명 전부 파티 모드로 좀 바꿔 줘.,execute,,D4,T1,none,tc0_5452b6c5-0dee-4cca-ba6f-15582b358305 tc0_7def1d9d-721c-4e35-b217-51fb8b46ba59 tc0_081181c1-3210-4ad2-8af1-f262fdc0fc76 tc0_ebfb522a028ef8add497wu tc0_eb8c9cf310d709af51rs9c tc0_57b081e4-f567-4a84-9121-4f0ed61ae733 tc0_d1b5e845-cbe2-42b4-9606-8ad71cb14901 tc0_4e13891d-054f-494a-9517-c56b38632fef tc0_05b24023-a435-4e1a-bf7d-680c5a0174ba tc0_ba52d76e-e6dc-41ff-8207-64c7d9d88b3b,
G01332,연구실,LAB01,기기제어,Switch the lights to the focus scene when I double-press the button,버튼이 연속 두 번 눌리면 조명 전부 집중 모드로 바꿔,execute,,D4,T1,none,tc0_5452b6c5-0dee-4cca-ba6f-15582b358305 tc0_7def1d9d-721c-4e35-b217-51fb8b46ba59 tc0_081181c1-3210-4ad2-8af1-f262fdc0fc76 tc0_ebfb522a028ef8add497wu tc0_eb8c9cf310d709af51rs9c tc0_57b081e4-f567-4a84-9121-4f0ed61ae733 tc0_d1b5e845-cbe2-42b4-9606-8ad71cb14901 tc0_4e13891d-054f-494a-9517-c56b38632fef tc0_05b24023-a435-4e1a-bf7d-680c5a0174ba tc0_ba52d76e-e6dc-41ff-8207-64c7d9d88b3b,
G01333,연구실,LAB01,기기제어,Run the night scene on the lights when I double-press the button,버튼이 연속 두 번 눌리면 조명 취침 모드 실행해,execute,,D4,T1,none,tc0_5452b6c5-0dee-4cca-ba6f-15582b358305 tc0_7def1d9d-721c-4e35-b217-51fb8b46ba59 tc0_081181c1-3210-4ad2-8af1-f262fdc0fc76 tc0_ebfb522a028ef8add497wu tc0_eb8c9cf310d709af51rs9c tc0_57b081e4-f567-4a84-9121-4f0ed61ae733 tc0_d1b5e845-cbe2-42b4-9606-8ad71cb14901 tc0_4e13891d-054f-494a-9517-c56b38632fef tc0_05b24023-a435-4e1a-bf7d-680c5a0174ba tc0_ba52d76e-e6dc-41ff-8207-64c7d9d88b3b,
G01336,연구실,LAB01,기기제어,I'd like you to switch the lights to the morning scene when I press the button.,내가 버튼을 누르면 조명 전부 아침 모드로 바꿔 줬으면 해.,execute,,D4,T1,none,tc0_5452b6c5-0dee-4cca-ba6f-15582b358305 tc0_7def1d9d-721c-4e35-b217-51fb8b46ba59 tc0_081181c1-3210-4ad2-8af1-f262fdc0fc76 tc0_ebfb522a028ef8add497wu tc0_eb8c9cf310d709af51rs9c tc0_57b081e4-f567-4a84-9121-4f0ed61ae733 tc0_d1b5e845-cbe2-42b4-9606-8ad71cb14901 tc0_4e13891d-054f-494a-9517-c56b38632fef tc0_05b24023-a435-4e1a-bf7d-680c5a0174ba tc0_ba52d76e-e6dc-41ff-8207-64c7d9d88b3b,
G01340,연구실,LAB01,기기제어,please set the mood for a movie with one tap on the wall switch.,벽 스위치를 한 번 누르면 영화 볼 분위기로 맞춰 주세요.,execute,,D4,T1,none,tc0_05b24023-a435-4e1a-bf7d-680c5a0174ba tc0_081181c1-3210-4ad2-8af1-f262fdc0fc76 tc0_4e13891d-054f-494a-9517-c56b38632fef tc0_5452b6c5-0dee-4cca-ba6f-15582b358305 tc0_57b081e4-f567-4a84-9121-4f0ed61ae733 tc0_7def1d9d-721c-4e35-b217-51fb8b46ba59 tc0_ba52d76e-e6dc-41ff-8207-64c7d9d88b3b tc0_d1b5e845-cbe2-42b4-9606-8ad71cb14901 tc0_eb8c9cf310d709af51rs9c tc0_ebfb522a028ef8add497wu,
G01344,연구실,LAB01,기기제어,Switch the lights to the relax scene with a single press of the button,버튼을 한 번 누르면 조명 전부 휴식 모드로 바꿔,execute,,D4,T1,none,tc0_5452b6c5-0dee-4cca-ba6f-15582b358305 tc0_7def1d9d-721c-4e35-b217-51fb8b46ba59 tc0_081181c1-3210-4ad2-8af1-f262fdc0fc76 tc0_ebfb522a028ef8add497wu tc0_eb8c9cf310d709af51rs9c tc0_57b081e4-f567-4a84-9121-4f0ed61ae733 tc0_d1b5e845-cbe2-42b4-9606-8ad71cb14901 tc0_4e13891d-054f-494a-9517-c56b38632fef tc0_05b24023-a435-4e1a-bf7d-680c5a0174ba tc0_ba52d76e-e6dc-41ff-8207-64c7d9d88b3b,
G01348,연구실,LAB01,기기제어,Switch the lights to the dinner scene when I press the button,내가 버튼을 누르면 조명 전부 저녁 식사 모드로 바꿔,execute,,D4,T1,none,tc0_5452b6c5-0dee-4cca-ba6f-15582b358305 tc0_7def1d9d-721c-4e35-b217-51fb8b46ba59 tc0_081181c1-3210-4ad2-8af1-f262fdc0fc76 tc0_ebfb522a028ef8add497wu tc0_eb8c9cf310d709af51rs9c tc0_57b081e4-f567-4a84-9121-4f0ed61ae733 tc0_d1b5e845-cbe2-42b4-9606-8ad71cb14901 tc0_4e13891d-054f-494a-9517-c56b38632fef tc0_05b24023-a435-4e1a-bf7d-680c5a0174ba tc0_ba52d76e-e6dc-41ff-8207-64c7d9d88b3b,
G01352,연구실,LAB01,기기제어,I'd like you to switch the lights to the away scene with one tap on the wall switch.,벽 스위치를 한 번 누르면 조명 전부 외출 모드로 바꿔 줬으면 해.,execute,,D4,T1,none,tc0_5452b6c5-0dee-4cca-ba6f-15582b358305 tc0_7def1d9d-721c-4e35-b217-51fb8b46ba59 tc0_081181c1-3210-4ad2-8af1-f262fdc0fc76 tc0_ebfb522a028ef8add497wu tc0_eb8c9cf310d709af51rs9c tc0_57b081e4-f567-4a84-9121-4f0ed61ae733 tc0_d1b5e845-cbe2-42b4-9606-8ad71cb14901 tc0_4e13891d-054f-494a-9517-c56b38632fef tc0_05b24023-a435-4e1a-bf7d-680c5a0174ba tc0_ba52d76e-e6dc-41ff-8207-64c7d9d88b3b,
G01356,연구실,LAB01,기기제어,please switch the lights to the away scene with a single press of the button.,버튼을 한 번 누르면 조명 전부 외출 모드로 좀 바꿔 줘.,execute,,D4,T1,none,tc0_5452b6c5-0dee-4cca-ba6f-15582b358305 tc0_7def1d9d-721c-4e35-b217-51fb8b46ba59 tc0_081181c1-3210-4ad2-8af1-f262fdc0fc76 tc0_ebfb522a028ef8add497wu tc0_eb8c9cf310d709af51rs9c tc0_57b081e4-f567-4a84-9121-4f0ed61ae733 tc0_d1b5e845-cbe2-42b4-9606-8ad71cb14901 tc0_4e13891d-054f-494a-9517-c56b38632fef tc0_05b24023-a435-4e1a-bf7d-680c5a0174ba tc0_ba52d76e-e6dc-41ff-8207-64c7d9d88b3b,
G01360,연구실,LAB01,기기제어,Switch the lights to the dinner scene when the scene button is pressed,씬 버튼이 눌리면 조명 전부 저녁 식사 모드로 바꿔,execute,,D4,T1,none,tc0_5452b6c5-0dee-4cca-ba6f-15582b358305 tc0_7def1d9d-721c-4e35-b217-51fb8b46ba59 tc0_081181c1-3210-4ad2-8af1-f262fdc0fc76 tc0_ebfb522a028ef8add497wu tc0_eb8c9cf310d709af51rs9c tc0_57b081e4-f567-4a84-9121-4f0ed61ae733 tc0_d1b5e845-cbe2-42b4-9606-8ad71cb14901 tc0_4e13891d-054f-494a-9517-c56b38632fef tc0_05b24023-a435-4e1a-bf7d-680c5a0174ba tc0_ba52d76e-e6dc-41ff-8207-64c7d9d88b3b,
G01364,연구실,LAB01,기기제어,I'd like you to switch the lights to the away scene when I double-press the button.,버튼이 연속 두 번 눌리면 조명 전부 외출 모드로 바꿔 줬으면 해.,execute,,D4,T1,none,tc0_5452b6c5-0dee-4cca-ba6f-15582b358305 tc0_7def1d9d-721c-4e35-b217-51fb8b46ba59 tc0_081181c1-3210-4ad2-8af1-f262fdc0fc76 tc0_ebfb522a028ef8add497wu tc0_eb8c9cf310d709af51rs9c tc0_57b081e4-f567-4a84-9121-4f0ed61ae733 tc0_d1b5e845-cbe2-42b4-9606-8ad71cb14901 tc0_4e13891d-054f-494a-9517-c56b38632fef tc0_05b24023-a435-4e1a-bf7d-680c5a0174ba tc0_ba52d76e-e6dc-41ff-8207-64c7d9d88b3b,
G01369,연구실,LAB01,기기제어,I'd like you to switch the lights to the relax scene with a single press of the button.,버튼을 한 번 누르면 조명 전부 휴식 모드로 바꿔 줬으면 해.,execute,,D4,T1,none,tc0_5452b6c5-0dee-4cca-ba6f-15582b358305 tc0_7def1d9d-721c-4e35-b217-51fb8b46ba59 tc0_081181c1-3210-4ad2-8af1-f262fdc0fc76 tc0_ebfb522a028ef8add497wu tc0_eb8c9cf310d709af51rs9c tc0_57b081e4-f567-4a84-9121-4f0ed61ae733 tc0_d1b5e845-cbe2-42b4-9606-8ad71cb14901 tc0_4e13891d-054f-494a-9517-c56b38632fef tc0_05b24023-a435-4e1a-bf7d-680c5a0174ba tc0_ba52d76e-e6dc-41ff-8207-64c7d9d88b3b,
G01443,연구실,LAB02,기기제어,please get the light on around sundown.,해 질 무렵 조명 켜 주세요.,ask,,D4,T1,sun,LAB02_LabRoom_Light_1 LAB02_LabRoom_Light_2 LAB02_LabRoom_Light_3 LAB02_LabRoom_Light_4 LAB02_Storage_Light_1,
G01458,연구실,LAB04,기기제어,Put the lab lights on around sundown,해 질 무렵 실험실 조명 켜,execute,,D4,T1,sun,LAB04_LabRoom_Light_1 LAB04_LabRoom_Light_2 LAB04_LabRoom_Light_3 LAB04_LabRoom_Light_4,
G01460,연구실,LAB03,기기제어,Brighten this place up when the sun comes up.,해가 뜨면 여기 좀 밝게 해 줘.,execute,,D4,T1,sun,LAB03_ColdRoom_Light_1 LAB03_LabRoom_Light_1 LAB03_LabRoom_Light_2 LAB03_LabRoom_Light_3,
G01463,연구실,LAB01,기기제어,could you put the zone 3 lights on around sundown?,해 질 무렵 구역 3 조명 켜 줄 수 있어?,execute,,D4,T1,sun,tc0_57b081e4-f567-4a84-9121-4f0ed61ae733,
G01478,연구실,LAB03,기기제어,can you switch the lab lights on around sundown?,해 질 무렵 실험실 조명 켜 줄래?,execute,,D4,T1,sun,LAB03_LabRoom_Light_1 LAB03_LabRoom_Light_2 LAB03_LabRoom_Light_3,
G01489,연구실,LAB04,기기제어,please get the lab lights on around sundown.,해 질 무렵 실험실 조명 켜 주세요.,execute,,D4,T1,sun,LAB04_LabRoom_Light_1 LAB04_LabRoom_Light_2 LAB04_LabRoom_Light_3 LAB04_LabRoom_Light_4,
G01494,연구실,LAB01,기기제어,"Around sundown, get the zone 5 lights on.",해 질 무렵 구역 5 조명 켜.,execute,,D4,T1,sun,tc0_5452b6c5-0dee-4cca-ba6f-15582b358305,
G01498,연구실,LAB04,알림예약,Give me a heads-up every night at 10:30 pm,매일 밤 10시 30분에 꼭 알려 줘,execute,,D6,T1,none,,NotificationProvider.SendPush
G01509,연구실,LAB01,알림예약,"Every night at 10:30 pm, let me know",매일 밤 10시 30분에 알려 줘,execute,,D6,T1,none,,NotificationProvider.SendPush
G01515,연구실,LAB03,알림예약,"At 6 pm, keep me posted.",오후 6시에 계속 알려 줘.,execute,,D6,T1,none,,Speaker.Speak
G01525,연구실,LAB02,알림예약,Tell me if something is off on Monday at 6:30 am,월요일 오전 6시 30분에 뭔가 이상하면 알려 줘,execute,,D6,T1,none,,Speaker.Speak
G01536,연구실,LAB04,알림예약,Send me a notification at 6 am on weekdays,평일 오전 6시에 알림 보내 줘,execute,,D6,T1,none,,NotificationProvider.SendPush
G01546,연구실,LAB05,알림예약,could you send me a notification every night at 11:30 pm?,매일 밤 11시 30분에 알림 보내 줄 수 있어?,execute,,D6,T1,none,,Speaker.Speak
G01560,연구실,LAB04,기기제어,could you switch all the lights on with a single press of the button?,버튼을 한 번 누르면 모든 조명 켜 줄 수 있어?,execute,,D4,T1,none,LAB04_LabRoom_Light_1 LAB04_LabRoom_Light_2 LAB04_LabRoom_Light_3 LAB04_LabRoom_Light_4,
G01564,연구실,LAB04,기기제어,can you light up all the lights when the scene button is pressed?,씬 버튼이 눌리면 모든 조명 켜 줄래?,execute,,D4,T1,none,LAB04_LabRoom_Light_1 LAB04_LabRoom_Light_2 LAB04_LabRoom_Light_3 LAB04_LabRoom_Light_4,
G01568,연구실,LAB04,기기제어,"When I double-press the button, put all the lights on",버튼이 연속 두 번 눌리면 모든 조명 켜,execute,,D4,T1,none,LAB04_LabRoom_Light_1 LAB04_LabRoom_Light_2 LAB04_LabRoom_Light_3 LAB04_LabRoom_Light_4,
G01572,연구실,LAB04,기기제어,could you turn on all the lights when I press the button?,내가 버튼을 누르면 모든 조명 켜 줄 수 있어?,execute,,D4,T1,none,LAB04_LabRoom_Light_1 LAB04_LabRoom_Light_2 LAB04_LabRoom_Light_3 LAB04_LabRoom_Light_4,
G01576,연구실,LAB04,기기제어,can you get all the lights on with one tap on the wall switch?,벽 스위치를 한 번 누르면 모든 조명 켜 줄래?,execute,,D4,T1,none,LAB04_LabRoom_Light_1 LAB04_LabRoom_Light_2 LAB04_LabRoom_Light_3 LAB04_LabRoom_Light_4,
G01580,연구실,LAB04,기기제어,can you brighten this place up when I double-press the button?,버튼이 연속 두 번 눌리면 여기 좀 밝게 해 줄래?,execute,,D4,T1,none,LAB04_LabRoom_Light_1 LAB04_LabRoom_Light_2 LAB04_LabRoom_Light_3 LAB04_LabRoom_Light_4,
G01583,연구실,LAB03,기기제어,please light up the cold room lights when the scene button is pressed.,씬 버튼이 눌리면 저온실 조명 좀 켜 줘.,execute,,D4,T1,none,LAB03_ColdRoom_Light_1,
G01584,연구실,LAB04,기기제어,"When I press the button, turn on all the lights",내가 버튼을 누르면 모든 조명 켜,execute,,D4,T1,none,LAB04_LabRoom_Light_1 LAB04_LabRoom_Light_2 LAB04_LabRoom_Light_3 LAB04_LabRoom_Light_4,
G01591,연구실,LAB02,기기제어,"With a single press of the button, light up the lab lights",버튼을 한 번 누르면 실험실 조명 켜,execute,,D4,T1,none,LAB02_LabRoom_Light_1 LAB02_LabRoom_Light_2 LAB02_LabRoom_Light_3 LAB02_LabRoom_Light_4,
G01674,연구실,LAB05,알림예약,can you tell me about it when it gets hot outside?,바깥이 더워지면 알려 줄래?,execute,,D4,T1,weather,,Speaker.Speak
G01675,연구실,LAB05,알림예약,I'd like you to send me a notification if the outside temperature drops below 12.,바깥 온도가 12도 아래로 떨어지면 알림 보내 줬으면 해.,execute,,D4,T1,weather,,Speaker.Speak
G01680,연구실,LAB03,알림예약,Give me a heads-up if the outside temperature drops below 15.,바깥 온도가 15도 아래로 떨어지면 꼭 알려 줘.,execute,,D4,T1,weather,,Speaker.Speak
G01684,연구실,LAB03,알림예약,please push me an alert if rain is in the forecast.,비 예보가 있으면 알림 띄워 주세요.,execute,,D4,T1,weather,,Speaker.Speak
G01688,연구실,LAB03,알림예약,Send me a notification if the forecast says frost,서리 예보가 있으면 알림 보내 줘,execute,,D4,T1,weather,,Speaker.Speak
G01692,연구실,LAB03,알림예약,I'd like you to tell me about it if the outside temperature drops below 5.,바깥 온도가 5도 아래로 떨어지면 알려 줬으면 해.,execute,,D4,T1,weather,,Speaker.Speak
G01708,연구실,LAB03,알림예약,"If the outside temperature drops below 12, I want to know when it changes.",바깥 온도가 12도 아래로 떨어질 때 상태가 바뀌면 알려 줘.,execute,,D4,T1,weather,,Speaker.Speak
G01712,연구실,LAB03,알림예약,Give me a heads-up if rain is in the forecast.,비 예보가 있으면 꼭 알려 줘.,execute,,D4,T1,weather,,Speaker.Speak
G01718,연구실,LAB01,알림예약,Ping my phone if rain is in the forecast.,비 예보가 있으면 폰으로 알림 보내 줘.,execute,,D4,T1,weather,,NotificationProvider.SendPush
G01735,연구실,LAB04,기기제어,please make the lab lights orange if the temperature drops below 5 degrees.,온도가 5도 아래로 떨어지면 실험실 조명 주황색으로 해 주세요.,execute,,D4,T1,none,LAB04_LabRoom_Light_1 LAB04_LabRoom_Light_2 LAB04_LabRoom_Light_3 LAB04_LabRoom_Light_4,
G01737,연구실,LAB05,기기제어,"When the temperature goes above 24 degrees, change the zone 2 light to red.",온도가 24도를 넘으면 구역 2 조명 빨간색으로 바꿔.,execute,,D4,T1,none,LAB05_TestBed_Light_2,
G01748,연구실,LAB03,기기제어,could you change the lab lights to pink if the temperature drops below 5 degrees?,온도가 5도 아래로 떨어지면 실험실 조명 분홍색으로 바꿔 줄 수 있어?,execute,,D4,T1,none,LAB03_LabRoom_Light_1 LAB03_LabRoom_Light_2 LAB03_LabRoom_Light_3,
G01751,연구실,LAB04,기기제어,"At sunrise, pull the blinds shut",해 뜰 때 블라인드 닫아,refuse,no_device,D4,T1,sun,,
G01785,연구실,LAB05,알림예약,could you send me a notification if my calendar says I am busy?,일정상 내가 바쁘면 알림 보내 줄 수 있어?,execute,,D4,T1,calendar,,Speaker.Speak
G01790,연구실,LAB03,알림예약,I'd like you to send me a notification at the start of my next event.,다음 일정이 시작되면 알림 보내 줬으면 해.,execute,,D4,T1,calendar,,Speaker.Speak
G01794,연구실,LAB03,알림예약,Give me a heads-up at the start of my next event.,다음 일정이 시작되면 꼭 알려 줘.,execute,,D4,T1,calendar,,Speaker.Speak
G01799,연구실,LAB01,알림예약,can you show it on the screen when a meeting is about to start?,회의가 곧 시작되면 화면에 띄워 줄래?,refuse,no_channel,D4,T1,calendar,,
G01801,연구실,LAB04,알림예약,could you tell me about it if my calendar says I am busy?,일정상 내가 바쁘면 알려 줄 수 있어?,execute,,D4,T1,calendar,,NotificationProvider.SendPush
G01806,연구실,LAB03,알림예약,I'd like you to tell me about it at the start of my next event.,다음 일정이 시작되면 알려 줬으면 해.,execute,,D4,T1,calendar,,Speaker.Speak
G01811,연구실,LAB03,알림예약,Give me a heads-up if my calendar says I am busy.,일정상 내가 바쁘면 꼭 알려 줘.,execute,,D4,T1,calendar,,Speaker.Speak
G01817,연구실,LAB01,기기제어,Give this room some color at sunrise.,해 뜰 때 방에 색 좀 넣어 줘.,execute,,D4,T1,sun,tc0_05b24023-a435-4e1a-bf7d-680c5a0174ba tc0_081181c1-3210-4ad2-8af1-f262fdc0fc76 tc0_4e13891d-054f-494a-9517-c56b38632fef tc0_5452b6c5-0dee-4cca-ba6f-15582b358305 tc0_57b081e4-f567-4a84-9121-4f0ed61ae733 tc0_7def1d9d-721c-4e35-b217-51fb8b46ba59 tc0_ba52d76e-e6dc-41ff-8207-64c7d9d88b3b tc0_d1b5e845-cbe2-42b4-9606-8ad71cb14901 tc0_eb8c9cf310d709af51rs9c tc0_ebfb522a028ef8add497wu,
G01823,연구실,LAB05,기기제어,could you set all the lights to warm white at sunrise?,해 뜰 때 모든 조명 전구색으로 바꿔 줄 수 있어?,execute,,D4,T1,sun,LAB05_TestBed_Light_1 LAB05_TestBed_Light_2 LAB05_TestBed_Light_3,
G01828,연구실,LAB02,기기제어,I'd like you to turn all the lights amber at sunrise.,해 뜰 때 모든 조명 호박색으로 켜 줬으면 해.,execute,,D4,T1,sun,LAB02_LabRoom_Light_1 LAB02_LabRoom_Light_2 LAB02_LabRoom_Light_3 LAB02_LabRoom_Light_4 LAB02_Storage_Light_1,
G01869,연구실,LAB05,알림예약,could you send me a notification if the temperature drops below 0 degrees?,온도가 0도 아래로 떨어지면 알림 보내 줄 수 있어?,execute,,D4,T1,none,,Speaker.Speak
G01876,연구실,LAB04,알림예약,Give me a heads-up when the temperature goes above 30 degrees,온도가 30도를 넘으면 꼭 알려 줘,execute,,D4,T1,none,,NotificationProvider.SendPush
G01914,연구실,LAB01,기기제어,"The moment something moves in the entrance, turn on the Tuya security camera",현관에서 뭔가 움직이는 순간 투야 보안 카메라 켜,execute,,D4,T1,none,tc0_ebbcbc45bf05318db9w0ew,
G01921,연구실,LAB01,기기제어,I'd like you to take a snapshot with the Tuya security camera when the motion sensor detects movement.,동작 감지 센서가 움직임을 감지하면 투야 보안 카메라로 사진 찍어 줬으면 해.,execute,,D4,T1,none,tc0_ebbcbc45bf05318db9w0ew,
G01929,연구실,LAB01,기기제어,I'd like you to stop recording on the Tuya security camera if motion is detected in the entrance.,현관에서 움직임이 감지되면 투야 보안 카메라 녹화 멈춰 줬으면 해.,execute,,D4,T1,none,tc0_ebbcbc45bf05318db9w0ew,
G01938,연구실,LAB04,기기제어,I'd like you to make the lights pink every morning at 7:30 am.,매일 오전 7시 30분에 조명 전부 분홍색으로 해 줬으면 해.,execute,,D6,T1,none,LAB04_LabRoom_Light_1 LAB04_LabRoom_Light_2 LAB04_LabRoom_Light_3 LAB04_LabRoom_Light_4,
G01943,연구실,LAB01,기기제어,can you set the lights to pink at 6 pm on weekdays?,평일 오후 6시에 조명 전부 분홍색으로 바꿔 줄래?,execute,,D6,T1,none,tc0_5452b6c5-0dee-4cca-ba6f-15582b358305 tc0_7def1d9d-721c-4e35-b217-51fb8b46ba59 tc0_081181c1-3210-4ad2-8af1-f262fdc0fc76 tc0_ebfb522a028ef8add497wu tc0_eb8c9cf310d709af51rs9c tc0_57b081e4-f567-4a84-9121-4f0ed61ae733 tc0_d1b5e845-cbe2-42b4-9606-8ad71cb14901 tc0_4e13891d-054f-494a-9517-c56b38632fef tc0_05b24023-a435-4e1a-bf7d-680c5a0174ba tc0_ba52d76e-e6dc-41ff-8207-64c7d9d88b3b,
G01949,연구실,LAB05,기기제어,Give this room some color at 11 pm on weekdays,평일 밤 11시에 방에 색 좀 넣어 줘,execute,,D6,T1,none,LAB05_TestBed_Light_1 LAB05_TestBed_Light_2 LAB05_TestBed_Light_3,
G01961,연구실,LAB01,기기제어,can you change all the lights to purple when the door closes?,문이 닫히면 모든 조명 보라색으로 바꿔 줄래?,execute,,D4,T1,none,tc0_5452b6c5-0dee-4cca-ba6f-15582b358305 tc0_7def1d9d-721c-4e35-b217-51fb8b46ba59 tc0_081181c1-3210-4ad2-8af1-f262fdc0fc76 tc0_ebfb522a028ef8add497wu tc0_eb8c9cf310d709af51rs9c tc0_57b081e4-f567-4a84-9121-4f0ed61ae733 tc0_d1b5e845-cbe2-42b4-9606-8ad71cb14901 tc0_4e13891d-054f-494a-9517-c56b38632fef tc0_05b24023-a435-4e1a-bf7d-680c5a0174ba tc0_ba52d76e-e6dc-41ff-8207-64c7d9d88b3b,
G01964,연구실,LAB02,기기제어,"When the door sensor says the door is open, change all the lights to orange.",문열림 센서가 문이 열렸다고 알리면 모든 조명 주황색으로 바꿔.,execute,,D4,T1,none,LAB02_LabRoom_Light_1 LAB02_LabRoom_Light_2 LAB02_LabRoom_Light_3 LAB02_LabRoom_Light_4 LAB02_Storage_Light_1,
G01993,연구실,LAB01,알림예약,"When the battery drops below 80 percent, send me a notification.",배터리가 80퍼센트 아래로 떨어지면 알림 보내 줘.,execute,,D4,T1,none,,NotificationProvider.SendPush
G01997,연구실,LAB01,알림예약,could you tell me about it if any sensor battery is running low?,센서 배터리가 얼마 안 남으면 알려 줄 수 있어?,execute,,D4,T1,none,,NotificationProvider.SendPush
G02001,연구실,LAB01,알림예약,can you tell me if something is off once the battery is full?,배터리가 다 찰 때 뭔가 이상하면 알려 줄래?,execute,,D4,T1,none,,NotificationProvider.SendPush
G02005,연구실,LAB01,알림예약,"When the battery drops below 70 percent, give me a heads-up.",배터리가 70퍼센트 아래로 떨어지면 꼭 알려 줘.,execute,,D4,T1,none,,NotificationProvider.SendPush
G02009,연구실,LAB01,알림예약,could you push me an alert if any sensor battery is running low?,센서 배터리가 얼마 안 남으면 알림 띄워 줄 수 있어?,execute,,D4,T1,none,,NotificationProvider.SendPush
G02065,연구실,LAB01,알림예약,Push me an alert if motion is detected in zone 6,구역 6에서 움직임이 감지되면 알림 띄워 줘,execute,,D4,T1,none,,NotificationProvider.SendPush
G02066,연구실,LAB01,알림예약,please let me know when the motion sensor detects movement.,동작 감지 센서가 움직임을 감지하면 좀 알려 줘.,execute,,D4,T1,none,,NotificationProvider.SendPush
G02068,연구실,LAB01,알림예약,I'd like you to send me a notification when the motion sensor picks something up.,동작 감지 센서에 뭔가 잡히면 알림 보내 줬으면 해.,execute,,D4,T1,none,,NotificationProvider.SendPush
G02071,연구실,LAB01,알림예약,please tell me about it the moment something moves in zone 2.,구역 2에서 뭔가 움직이는 순간 알려 주세요.,execute,,D4,T1,none,,NotificationProvider.SendPush
G02073,연구실,LAB01,알림예약,"If motion is detected in zone 5, I want to know when it changes.",구역 5에서 움직임이 감지될 때 상태가 바뀌면 알려 줘.,execute,,D4,T1,none,,NotificationProvider.SendPush
G02074,연구실,LAB01,알림예약,Let me know when the motion sensor detects movement,동작 감지 센서가 움직임을 감지하면 알려 줘,execute,,D4,T1,none,,NotificationProvider.SendPush
G02076,연구실,LAB01,알림예약,please send me a notification when the motion sensor picks something up.,동작 감지 센서에 뭔가 잡히면 알림 좀 보내 줘.,execute,,D4,T1,none,,NotificationProvider.SendPush
G02079,연구실,LAB01,알림예약,Tell me about it the moment something moves in zone 6,구역 6에서 뭔가 움직이는 순간 알려 줘,execute,,D4,T1,none,,NotificationProvider.SendPush
G02081,연구실,LAB01,알림예약,please push me an alert if motion is detected in zone 1.,구역 1에서 움직임이 감지되면 알림 좀 띄워 줘.,execute,,D4,T1,none,,NotificationProvider.SendPush
G02088,연구실,LAB04,기기제어,please light up all the lights every day at 6:30 am.,매일 오전 6시 30분에 모든 조명 켜 주세요.,execute,,D6,T1,none,LAB04_LabRoom_Light_1 LAB04_LabRoom_Light_2 LAB04_LabRoom_Light_3 LAB04_LabRoom_Light_4,
G02093,연구실,LAB01,기기제어,"At 9 am, light up all the lights.",오전 9시에 모든 조명 켜.,execute,,D6,T1,none,tc0_5452b6c5-0dee-4cca-ba6f-15582b358305 tc0_7def1d9d-721c-4e35-b217-51fb8b46ba59 tc0_081181c1-3210-4ad2-8af1-f262fdc0fc76 tc0_ebfb522a028ef8add497wu tc0_eb8c9cf310d709af51rs9c tc0_57b081e4-f567-4a84-9121-4f0ed61ae733 tc0_d1b5e845-cbe2-42b4-9606-8ad71cb14901 tc0_4e13891d-054f-494a-9517-c56b38632fef tc0_05b24023-a435-4e1a-bf7d-680c5a0174ba tc0_ba52d76e-e6dc-41ff-8207-64c7d9d88b3b,
G02100,연구실,LAB02,알림예약,"When energy use spikes, let me know.",전력 사용이 급증하면 알려 줘.,execute,,D4,T1,none,,Speaker.Speak
G02102,연구실,LAB05,알림예약,can you show it on the screen when power draw goes over 2000 watts?,전력 사용이 2000와트를 넘으면 화면에 띄워 줄래?,refuse,no_channel,D4,T1,none,,
G02105,연구실,LAB02,알림예약,"When energy use spikes, send me a notification",전력 사용이 급증하면 알림 보내 줘,execute,,D4,T1,none,,Speaker.Speak
G02110,연구실,LAB01,알림예약,Send me a notification if the meter reads above 800,계량기가 800을 넘으면 알림 보내 줘,execute,,D4,T1,none,,NotificationProvider.SendPush
G02112,연구실,LAB04,알림예약,Give me a heads-up if power draw stays above 3000 watts.,전력 사용이 3000와트를 계속 넘고 있으면 꼭 알려 줘.,execute,,D4,T1,none,,NotificationProvider.SendPush
G02114,연구실,LAB04,기기제어,I'd like you to close the garage door with a single press of the button.,버튼을 한 번 누르면 차고문 닫아 줬으면 해.,refuse,no_device,D4,T1,none,,
G02137,연구실,LAB03,기기제어,Take a snapshot with the camera at noon,정오에 카메라로 사진 찍어,execute,,D6,T1,none,LAB03_LabRoom_Camera_1,
G02144,연구실,LAB02,기기제어,"At 7 am, turn on the camera",오전 7시에 카메라 켜,execute,,D6,T1,none,LAB02_LabRoom_Camera_1,
G02150,연구실,LAB01,기기제어,can you get the light on once I am back?,내가 돌아오면 조명 켜 줄래?,ask,,D4,T1,phone,tc0_5452b6c5-0dee-4cca-ba6f-15582b358305 tc0_7def1d9d-721c-4e35-b217-51fb8b46ba59 tc0_081181c1-3210-4ad2-8af1-f262fdc0fc76 tc0_ebfb522a028ef8add497wu tc0_eb8c9cf310d709af51rs9c tc0_57b081e4-f567-4a84-9121-4f0ed61ae733 tc0_d1b5e845-cbe2-42b4-9606-8ad71cb14901 tc0_4e13891d-054f-494a-9517-c56b38632fef tc0_05b24023-a435-4e1a-bf7d-680c5a0174ba tc0_ba52d76e-e6dc-41ff-8207-64c7d9d88b3b,
G02153,연구실,LAB04,기기제어,Light up the lab lights when I am close by,내가 근처에 오면 실험실 조명 켜,execute,,D4,T1,phone,LAB04_LabRoom_Light_1 LAB04_LabRoom_Light_2 LAB04_LabRoom_Light_3 LAB04_LabRoom_Light_4,
G02181,연구실,LAB02,기기제어,please set the lights brightness to 40 percent if the temperature drops below 0 degrees.,온도가 0도 아래로 떨어지면 조명 전부 밝기를 40퍼센트로 맞춰 주세요.,execute,,D4,T1,none,LAB02_LabRoom_Light_1 LAB02_LabRoom_Light_2 LAB02_LabRoom_Light_3 LAB02_LabRoom_Light_4 LAB02_Storage_Light_1,
G02204,연구실,LAB01,알림예약,can you tell me if something is off once I am back?,내가 돌아올 때 뭔가 이상하면 알려 줄래?,execute,,D4,T1,phone,,NotificationProvider.SendPush
G02207,연구실,LAB04,알림예약,Give me a heads-up when I am close by.,내가 근처에 오면 꼭 알려 줘.,execute,,D4,T1,phone,,NotificationProvider.SendPush
G02216,연구실,LAB01,기기제어,please say it out loud on the JOI speaker once zone 3 is empty.,구역 3이 비면 JOI 스피커로 소리 내서 알려 주세요.,execute,,D4,T1,none,tc0_Speaker_D83ADDD14F4B,
G02218,연구실,LAB04,기기제어,I'd like you to announce it on the lab speaker when the entrance is occupied.,현관에 사람이 있으면 실험실 스피커로 알려 줬으면 해.,execute,,D4,T1,none,LAB04_LabRoom_Speaker_1,
G02230,연구실,LAB04,기기제어,Lock things up if my phone battery falls under 55 percent,내 폰 배터리가 55퍼센트 아래로 떨어지면 다 잠가 줘,execute,,D4,T1,phone,LAB04_Entrance_DoorLock_1,
G02244,연구실,LAB01,기기제어,Give me some light to read by when zone 6 is occupied,구역 6에 사람이 있으면 책 읽을 만큼 불 좀 줘,execute,,D4,T1,none,tc0_05b24023-a435-4e1a-bf7d-680c5a0174ba tc0_081181c1-3210-4ad2-8af1-f262fdc0fc76 tc0_4e13891d-054f-494a-9517-c56b38632fef tc0_5452b6c5-0dee-4cca-ba6f-15582b358305 tc0_57b081e4-f567-4a84-9121-4f0ed61ae733 tc0_7def1d9d-721c-4e35-b217-51fb8b46ba59 tc0_ba52d76e-e6dc-41ff-8207-64c7d9d88b3b tc0_d1b5e845-cbe2-42b4-9606-8ad71cb14901 tc0_eb8c9cf310d709af51rs9c tc0_ebfb522a028ef8add497wu,
G02247,연구실,LAB05,기기제어,can you light up all the lights when someone shows up in the test bed?,테스트베드에 누가 나타나면 모든 조명 켜 줄래?,execute,,D4,T1,none,LAB05_TestBed_Light_1 LAB05_TestBed_Light_2 LAB05_TestBed_Light_3,
G02255,연구실,LAB01,기기제어,Stop the Samsung robot vacuum on Sunday at 8 am,일요일 오전 8시에 삼성 로봇청소기 멈춰,execute,,D6,T1,none,tc0_481471e8-2319-cbfd-9eb3-714df64ada77,
G02259,연구실,LAB03,기기제어,Turn off the switch with one tap on the wall switch,벽 스위치를 한 번 누르면 스위치 꺼,ask,,D4,T1,none,LAB03_LabRoom_Light_1 LAB03_LabRoom_Light_2 LAB03_LabRoom_Light_3 LAB03_ColdRoom_Light_1 LAB03_LabRoom_AirPurifier_1 LAB03_LabRoom_Siren_1 LAB03_LabRoom_Plug_1 LAB03_LabRoom_Plug_2,
G02263,연구실,LAB01,기기제어,I'd like you to turn off the zone 6 switch with a single press of the button.,버튼을 한 번 누르면 구역 6 스위치 꺼 줬으면 해.,execute,,D4,T1,none,tc0_05b24023-a435-4e1a-bf7d-680c5a0174ba,
G02272,연구실,LAB04,기기제어,"When the scene button is pressed, turn on the lab switch",씬 버튼이 눌리면 실험실 스위치 켜,execute,,D4,T1,none,LAB04_LabRoom_Light_1 LAB04_LabRoom_Light_2 LAB04_LabRoom_Light_3 LAB04_LabRoom_Light_4 LAB04_LabRoom_Plug_1 LAB04_LabRoom_Plug_2 LAB04_LabRoom_Plug_3 LAB04_LabRoom_Plug_4 LAB04_LabRoom_AirConditioner_1,
G02302,연구실,LAB05,기기제어,I'd like you to run the fan for 5 minutes when I press the button.,내가 버튼을 누르면 선풍기를 5분 동안 돌려 줬으면 해.,refuse,no_device,D4,T1,none,,
G02345,연구실,LAB01,기기제어,"At 7 am, turn off the lights.",오전 7시에 조명 전부 꺼.,execute,,D6,T1,none,tc0_5452b6c5-0dee-4cca-ba6f-15582b358305 tc0_7def1d9d-721c-4e35-b217-51fb8b46ba59 tc0_081181c1-3210-4ad2-8af1-f262fdc0fc76 tc0_ebfb522a028ef8add497wu tc0_eb8c9cf310d709af51rs9c tc0_57b081e4-f567-4a84-9121-4f0ed61ae733 tc0_d1b5e845-cbe2-42b4-9606-8ad71cb14901 tc0_4e13891d-054f-494a-9517-c56b38632fef tc0_05b24023-a435-4e1a-bf7d-680c5a0174ba tc0_ba52d76e-e6dc-41ff-8207-64c7d9d88b3b,
G02356,연구실,LAB03,기기제어,can you turn on the lab camera when the scene button is pressed?,씬 버튼이 눌리면 실험실 카메라 켜 줄래?,execute,,D4,T1,none,LAB03_LabRoom_Camera_1,
G02372,연구실,LAB04,기기제어,can you set the lights to blue when the camera starts recording?,카메라가 녹화를 시작하면 조명 전부 파란색으로 바꿔 줄래?,execute,,D4,T1,none,LAB04_LabRoom_Light_1 LAB04_LabRoom_Light_2 LAB04_LabRoom_Light_3 LAB04_LabRoom_Light_4,
G02379,연구실,LAB02,알림예약,Let me know if the camera comes on,카메라가 켜지면 알려 줘,execute,,D4,T1,none,,Speaker.Speak
G02382,연구실,LAB05,알림예약,Keep me posted if the camera comes on.,카메라가 켜지면 계속 알려 줘.,execute,,D4,T1,none,,Speaker.Speak
G02384,연구실,LAB05,알림예약,please send me a notification when I press the button.,내가 버튼을 누르면 알림 보내 주세요.,execute,,D4,T1,none,,Speaker.Speak
G02388,연구실,LAB03,알림예약,Tell me about it with one tap on the wall switch,벽 스위치를 한 번 누르면 알려 줘,execute,,D4,T1,none,,Speaker.Speak
G02397,연구실,LAB03,기기제어,I'd like you to switch the lab lights to the movie scene as soon as I arrive.,내가 도착하자마자 실험실 조명 영화 모드로 바꿔 줬으면 해.,refuse,no_context,D4,T1,phone,,
G02415,연구실,LAB02,기기제어,please switch all the switches on every day at 5 pm.,매일 오후 5시에 모든 스위치 좀 켜 줘.,execute,,D6,T1,none,LAB02_LabRoom_Light_1 LAB02_LabRoom_Light_2 LAB02_LabRoom_Light_3 LAB02_LabRoom_Light_4 LAB02_Storage_Light_1 LAB02_LabRoom_Siren_1 LAB02_LabRoom_Plug_1 LAB02_LabRoom_Plug_2,
G02421,연구실,LAB04,기기제어,please turn off all the switches every day at 8 pm.,매일 오후 8시에 모든 스위치 꺼 주세요.,execute,,D6,T1,none,LAB04_LabRoom_Light_1 LAB04_LabRoom_Light_2 LAB04_LabRoom_Light_3 LAB04_LabRoom_Light_4 LAB04_LabRoom_Plug_1 LAB04_LabRoom_Plug_2 LAB04_LabRoom_Plug_3 LAB04_LabRoom_Plug_4 LAB04_LabRoom_AirConditioner_1,
G02433,연구실,LAB03,기기제어,could you switch the light on if the temperature drops below 5 degrees?,온도가 5도 아래로 떨어지면 조명 켜 줄 수 있어?,ask,,D4,T1,none,LAB03_LabRoom_Light_1 LAB03_LabRoom_Light_2 LAB03_LabRoom_Light_3 LAB03_ColdRoom_Light_1,
G02459,연구실,LAB01,기기제어,I'd like you to turn on the Tuya security camera when I pull into the parking lot.,주차장에 차를 대면 투야 보안 카메라 켜 줬으면 해.,execute,,D4,T1,phone,tc0_ebbcbc45bf05318db9w0ew,
G02471,연구실,LAB01,기기제어,can you change the lights to purple once I am back?,내가 돌아오면 조명 전부 보라색으로 바꿔 줄래?,execute,,D4,T1,phone,tc0_5452b6c5-0dee-4cca-ba6f-15582b358305 tc0_7def1d9d-721c-4e35-b217-51fb8b46ba59 tc0_081181c1-3210-4ad2-8af1-f262fdc0fc76 tc0_ebfb522a028ef8add497wu tc0_eb8c9cf310d709af51rs9c tc0_57b081e4-f567-4a84-9121-4f0ed61ae733 tc0_d1b5e845-cbe2-42b4-9606-8ad71cb14901 tc0_4e13891d-054f-494a-9517-c56b38632fef tc0_05b24023-a435-4e1a-bf7d-680c5a0174ba tc0_ba52d76e-e6dc-41ff-8207-64c7d9d88b3b,
G02473,연구실,LAB05,기기제어,Make sure the door lock is locked when the door closes,문이 닫히면 도어락 잠겼는지 봐 줘,refuse,no_device,D4,T1,none,,
G02485,연구실,LAB01,기기제어,could you cut power to the plug when I am close by?,내가 근처에 오면 플러그 전원 차단해 줄 수 있어?,ask,,D4,T1,phone,tc0_Smart_Wi-Fi_Plug__43 tc0_Smart_Wi-Fi_Plug__44 tc0_Wi-Fi_Plug__46,
G02486,연구실,LAB04,기기제어,Cut the standby draw as soon as I arrive,내가 도착하자마자 대기전력 좀 줄여 줘,ask,,D4,T1,phone,LAB04_LabRoom_AirCompressor_1 LAB04_LabRoom_AirConditioner_1 LAB04_LabRoom_Light_1 LAB04_LabRoom_Light_2 LAB04_LabRoom_Light_3 LAB04_LabRoom_Light_4 LAB04_LabRoom_Plug_1 LAB04_LabRoom_Plug_2 LAB04_LabRoom_Plug_3 LAB04_LabRoom_Plug_4 LAB04_LabRoom_Ventilator_1,
G02490,연구실,LAB02,기기제어,can you switch the plug off with a single press of the button?,버튼을 한 번 누르면 플러그 꺼 줄래?,ask,,D4,T1,none,LAB02_LabRoom_Plug_1 LAB02_LabRoom_Plug_2,
G02495,연구실,LAB05,기기제어,Switch the test bed plug off if the meter reads above 2000,계량기가 2000을 넘으면 테스트베드 플러그 꺼,execute,,D4,T1,none,LAB05_TestBed_Plug_1 LAB05_TestBed_Plug_2,
G02496,연구실,LAB02,기기제어,"When power draw goes over 500 watts, cut the standby draw",전력 사용이 500와트를 넘으면 대기전력 좀 줄여 줘,ask,,D4,T1,none,LAB02_LabRoom_Chamber_1 LAB02_LabRoom_Chamber_2 LAB02_LabRoom_Light_1 LAB02_LabRoom_Light_2 LAB02_LabRoom_Light_3 LAB02_LabRoom_Light_4 LAB02_LabRoom_Plug_1 LAB02_LabRoom_Plug_2 LAB02_LabRoom_Siren_1 LAB02_LabRoom_Ventilator_1 LAB02_LabRoom_Ventilator_2 LAB02_LabRoom_Ventilator_3 LAB02_Storage_Light_1,
G02502,연구실,LAB03,기기제어,please cut power to the lab plug every day at 11 pm.,매일 밤 11시에 실험실 플러그 전원 차단해 주세요.,execute,,D6,T1,none,LAB03_LabRoom_Plug_1 LAB03_LabRoom_Plug_2,
G02510,연구실,LAB01,기기제어,"At 8 pm, put the occupancy indicator (zone 6) into relax mode.",오후 8시에 재실 상태 인디케이터 (구역 6) 휴식 모드로 해.,execute,,D6,T1,none,tc0_05b24023-a435-4e1a-bf7d-680c5a0174ba,
G02520,연구실,LAB02,알림예약,Push me an alert at sunrise,해 뜰 때 알림 띄워 줘,execute,,D4,T1,sun,,Speaker.Speak
G02531,연구실,LAB03,기기제어,"When the sun goes down, cut the standby draw.",해가 지면 대기전력 좀 줄여 줘.,ask,,D4,T1,sun,LAB03_ColdRoom_Light_1 LAB03_LabRoom_AirPurifier_1 LAB03_LabRoom_Chamber_1 LAB03_LabRoom_Chamber_2 LAB03_LabRoom_Chamber_3 LAB03_LabRoom_Light_1 LAB03_LabRoom_Light_2 LAB03_LabRoom_Light_3 LAB03_LabRoom_Plug_1 LAB03_LabRoom_Plug_2 LAB03_LabRoom_Siren_1 LAB03_LabRoom_Ventilator_1 LAB03_LabRoom_Ventilator_2,
G02543,연구실,LAB04,기기제어,Switch the lab switch on when I am away,내가 자리에 없으면 실험실 스위치 켜,execute,,D4,T1,phone,LAB04_LabRoom_Light_1 LAB04_LabRoom_Light_2 LAB04_LabRoom_Light_3 LAB04_LabRoom_Light_4 LAB04_LabRoom_Plug_1 LAB04_LabRoom_Plug_2 LAB04_LabRoom_Plug_3 LAB04_LabRoom_Plug_4 LAB04_LabRoom_AirConditioner_1,
G02548,연구실,LAB05,기기제어,Switch the lights off when I press the button,내가 버튼을 누르면 조명 전부 꺼,execute,,D4,T1,none,LAB05_TestBed_Light_1 LAB05_TestBed_Light_2 LAB05_TestBed_Light_3,
G02551,연구실,LAB05,기기제어,could you turn on the air conditioner when it starts raining?,비가 오기 시작하면 에어컨 켜 줄 수 있어?,refuse,no_device,D4,T1,weather,,
G02561,연구실,LAB01,기기제어,I'd like you to take a snapshot with the camera once everyone has left.,다들 나가고 나면 카메라로 사진 찍어 줬으면 해.,execute,,D4,T1,phone,tc0_ebbcbc45bf05318db9w0ew,
G02564,연구실,LAB03,기기제어,can you lock the entrance door lock when the camera starts recording?,카메라가 녹화를 시작하면 현관 도어락 잠가 줄래?,execute,,D4,T1,none,LAB03_Entrance_DoorLock_1,
G02569,연구실,LAB01,기기제어,Light up the zone 3 lights once everyone has left,다들 나가고 나면 구역 3 조명 켜,execute,,D4,T1,phone,tc0_57b081e4-f567-4a84-9121-4f0ed61ae733,
G02579,연구실,LAB01,기기제어,can you set the lights to the morning scene when it gets hot outside?,바깥이 더워지면 조명 아침 모드로 해 줄래?,execute,,D4,T1,weather,tc0_5452b6c5-0dee-4cca-ba6f-15582b358305 tc0_7def1d9d-721c-4e35-b217-51fb8b46ba59 tc0_081181c1-3210-4ad2-8af1-f262fdc0fc76 tc0_ebfb522a028ef8add497wu tc0_eb8c9cf310d709af51rs9c tc0_57b081e4-f567-4a84-9121-4f0ed61ae733 tc0_d1b5e845-cbe2-42b4-9606-8ad71cb14901 tc0_4e13891d-054f-494a-9517-c56b38632fef tc0_05b24023-a435-4e1a-bf7d-680c5a0174ba tc0_ba52d76e-e6dc-41ff-8207-64c7d9d88b3b,
G02582,연구실,LAB04,기기제어,can you put the air conditioner on cool when the scene button is pressed?,씬 버튼이 눌리면 에어컨 냉방으로 해 줄래?,execute,,D4,T1,none,LAB04_LabRoom_AirConditioner_1,
G02585,연구실,LAB01,기기제어,Turn the air conditioner off when I press the button,내가 버튼을 누르면 에어컨 꺼,execute,,D4,T1,none,tc0_s8e7a31295af78fb09mmpp,
G02587,연구실,LAB02,기기제어,I'd like you to stop recording on the lab camera when the temperature goes above 35 degrees.,온도가 35도를 넘으면 실험실 카메라 녹화 멈춰 줬으면 해.,execute,,D4,T1,none,LAB02_LabRoom_Camera_1,
G02590,연구실,LAB05,기기제어,please stop recording on the test bed camera if the temperature drops below 18 degrees.,온도가 18도 아래로 떨어지면 테스트베드 카메라 녹화 멈춰 주세요.,execute,,D4,T1,none,LAB05_TestBed_Camera_1,
G02619,연구실,LAB01,기기제어,could you bring the zone 3 lights down to 30 percent when snow is expected?,눈이 올 것 같으면 구역 3 조명 밝기를 30퍼센트까지 낮춰 줄 수 있어?,execute,,D4,T1,weather,tc0_57b081e4-f567-4a84-9121-4f0ed61ae733,
G02624,연구실,LAB01,상태조회,"When it starts raining, what is the smart plug 3 doing",비가 오기 시작하면 스마트 Wi-Fi 플러그 3 지금 뭐 하고 있어,execute,,D4,T1,weather,tc0_Wi-Fi_Plug__46,NotificationProvider.SendPush
G02627,연구실,LAB02,기기제어,"When the door sensor says the door is open, brighten this place up",문열림 센서가 문이 열렸다고 알리면 여기 좀 밝게 해 줘,execute,,D4,T1,none,LAB02_LabRoom_Light_1 LAB02_LabRoom_Light_2 LAB02_LabRoom_Light_3 LAB02_LabRoom_Light_4 LAB02_Storage_Light_1,
G02637,연구실,LAB01,기기제어,please send the vacuum back to its dock as soon as I arrive.,내가 도착하자마자 로봇청소기 충전대로 보내 주세요.,execute,,D4,T1,phone,tc0_481471e8-2319-cbfd-9eb3-714df64ada77,
G02644,연구실,LAB04,기기제어,I'd like you to run the party scene on the lights when the temperature goes above 28 degrees.,온도가 28도를 넘으면 조명 파티 모드 실행해 줬으면 해.,execute,,D4,T1,none,LAB04_LabRoom_Light_1 LAB04_LabRoom_Light_2 LAB04_LabRoom_Light_3 LAB04_LabRoom_Light_4,
G02655,연구실,LAB01,기기제어,I'd like you to turn on the plug when the motion sensor detects movement.,동작 감지 센서가 움직임을 감지하면 플러그 켜 줬으면 해.,ask,,D4,T1,none,tc0_Smart_Wi-Fi_Plug__43 tc0_Smart_Wi-Fi_Plug__44 tc0_Wi-Fi_Plug__46,
G02714,연구실,LAB01,기기제어,please stop recording on the camera when zone 1 door opens.,구역 1 문이 열리면 카메라 녹화 좀 멈춰 줘.,execute,,D4,T1,none,tc0_ebbcbc45bf05318db9w0ew,
G02724,연구실,LAB01,기기제어,"When the battery drops below 55 percent, toggle the zone 4 switch",배터리가 55퍼센트 아래로 떨어지면 구역 4 스위치 껐다 켜,execute,,D4,T1,none,tc0_ba52d76e-e6dc-41ff-8207-64c7d9d88b3b,
G02731,연구실,LAB01,상태조회,could you read out the humidity once I am back?,내가 돌아오면 습도 읽어 줄 수 있어?,execute,,D4,T1,phone,tc0_LG_Temp_and_Humidity_Sensor__30__ep2,NotificationProvider.SendPush
G02738,연구실,LAB01,기기제어,please say it out loud on the speaker at 8 pm.,오후 8시에 스피커로 소리 내서 알려 주세요.,execute,,D6,T1,none,tc0_Speaker_D83ADDD14F4B,
G02752,연구실,LAB01,기기제어,I'd like you to put the air purifier on auto when I am close by.,내가 근처에 오면 공기청정기 자동 모드로 해 줬으면 해.,ask,,D4,T1,phone,tc0_01df2e24-81ac-2056-2edd-c6582bab5d52 tc0_efb00b25-259e-1660-fb7b-9ca9b396b694 tc0_efb00b25-259e-1660-fb7b-9ca9b396b6,
G02776,연구실,LAB03,기기제어,I'd like you to make the lab lights purple at the start of my next event.,다음 일정이 시작되면 실험실 조명 보라색으로 해 줬으면 해.,execute,,D4,T1,calendar,LAB03_LabRoom_Light_1 LAB03_LabRoom_Light_2 LAB03_LabRoom_Light_3,
G02801,연구실,LAB04,기기제어,please kill the lab lights if power draw stays above 1500 watts.,전력 사용이 1500와트를 계속 넘고 있으면 실험실 조명 꺼 주세요.,execute,,D4,T1,none,LAB04_LabRoom_Light_1 LAB04_LabRoom_Light_2 LAB04_LabRoom_Light_3 LAB04_LabRoom_Light_4,
G02805,연구실,LAB01,기기제어,Turn on all the lights if the meter reads above 1000,계량기가 1000을 넘으면 모든 조명 켜,execute,,D4,T1,none,tc0_5452b6c5-0dee-4cca-ba6f-15582b358305 tc0_7def1d9d-721c-4e35-b217-51fb8b46ba59 tc0_081181c1-3210-4ad2-8af1-f262fdc0fc76 tc0_ebfb522a028ef8add497wu tc0_eb8c9cf310d709af51rs9c tc0_57b081e4-f567-4a84-9121-4f0ed61ae733 tc0_d1b5e845-cbe2-42b4-9606-8ad71cb14901 tc0_4e13891d-054f-494a-9517-c56b38632fef tc0_05b24023-a435-4e1a-bf7d-680c5a0174ba tc0_ba52d76e-e6dc-41ff-8207-64c7d9d88b3b,
G02810,연구실,LAB01,기기제어,I'd like you to turn on the plug when the battery drops below 80 percent.,배터리가 80퍼센트 아래로 떨어지면 플러그 켜 줬으면 해.,ask,,D4,T1,none,tc0_Smart_Wi-Fi_Plug__43 tc0_Smart_Wi-Fi_Plug__44 tc0_Wi-Fi_Plug__46,
G02814,연구실,LAB03,상태조회,Read out the humidity with one tap on the wall switch,벽 스위치를 한 번 누르면 습도 읽어 줘,execute,,D4,T1,none,LAB03_LabRoom_HumiditySensor_1 LAB03_LabRoom_HumiditySensor_2,Speaker.Speak
G02816,연구실,LAB04,기기제어,Take a snapshot with all the cameras at sunrise,해 뜰 때 모든 카메라로 사진 찍어,execute,,D4,T1,sun,LAB04_LabRoom_Camera_1 LAB04_LabRoom_Camera_2,
G02835,연구실,LAB01,상태조회,Check whether the switch is on when a meeting is about to start,회의가 곧 시작되면 스위치 켜져 있는지 확인해 줘,ask,,D4,T1,calendar,tc0_5452b6c5-0dee-4cca-ba6f-15582b358305 tc0_7def1d9d-721c-4e35-b217-51fb8b46ba59 tc0_081181c1-3210-4ad2-8af1-f262fdc0fc76 tc0_01df2e24-81ac-2056-2edd-c6582bab5d52 tc0_3c7a4839-c2a6-4731-98f9-03eda6b31608 tc0_efb00b25-259e-1660-fb7b-9ca9b396b694 tc0_efb00b25-259e-1660-fb7b-9ca9b396b6 tc0_s8e7a31295af78fb09mmpp tc0_ebe47e098219089fc7frjx__ep1 tc0_ebe47e098219089fc7frjx__ep2 tc0_ebe47e098219089fc7frjx__ep3 tc0_ebe47e098219089fc7frjx__ep4 tc0_ebe47e098219089fc7frjx__ep5 tc0_ebe47e098219089fc7frjx__ep6 tc0_ebfb522a028ef8add497wu tc0_eb8c9cf310d709af51rs9c tc0_Smart_Wi-Fi_Plug__43 tc0_Smart_Wi-Fi_Plug__44 tc0_Wi-Fi_Plug__46 tc0_57b081e4-f567-4a84-9121-4f0ed61ae733 tc0_d1b5e845-cbe2-42b4-9606-8ad71cb14901 tc0_4e13891d-054f-494a-9517-c56b38632fef tc0_05b24023-a435-4e1a-bf7d-680c5a0174ba tc0_ba52d76e-e6dc-41ff-8207-64c7d9d88b3b,NotificationProvider.SendPush
G02837,연구실,LAB04,상태조회,What is the camera doing if my calendar says I am busy,일정상 내가 바쁘면 카메라 지금 뭐 하고 있어,ask,,D4,T1,calendar,LAB04_LabRoom_Camera_1 LAB04_LabRoom_Camera_2,NotificationProvider.SendPush
G02876,연구실,LAB03,기기제어,"When a meeting is about to start, start recording on the camera.",회의가 곧 시작되면 카메라 녹화 시작해.,execute,,D4,T1,calendar,LAB03_LabRoom_Camera_1,
G03234,연구실,LAB02,알림예약,could you push me an alert when the door sensor says the door is open?,문열림 센서가 문이 열렸다고 알리면 알림 띄워 줄 수 있어?,execute,,D4,T1,none,,Speaker.Speak
G03235,연구실,LAB01,알림예약,"If a window is left open, send a warning to my phone",창문이 열린 채로 있으면 폰으로 경고 보내 줘,execute,,D4,T1,none,,NotificationProvider.SendPush
G03236,연구실,LAB03,알림예약,can you send me a notification when the entrance door opens?,현관 문이 열리면 알림 보내 줄래?,execute,,D4,T1,none,,Speaker.Speak
G03237,연구실,LAB01,알림예약,please let me know if a window is left open.,창문이 열린 채로 있으면 좀 알려 줘.,execute,,D4,T1,none,,NotificationProvider.SendPush
G03238,연구실,LAB02,알림예약,could you announce it when the door closes?,문이 닫히면 방송해 줄 수 있어?,execute,,D4,T1,none,,Speaker.Speak
G03239,연구실,LAB02,알림예약,I'd like you to send a warning to my phone when the lab door opens.,실험실 문이 열리면 폰으로 경고 보내 줬으면 해.,refuse,no_channel,D4,T1,none,,
G03240,연구실,LAB03,알림예약,"When the door closes, I want to know when it changes",문이 닫힐 때 상태가 바뀌면 알려 줘,execute,,D4,T1,none,,Speaker.Speak
G03241,연구실,LAB03,알림예약,Send me a notification when the lab door opens.,실험실 문이 열리면 알림 보내 줘.,execute,,D4,T1,none,,Speaker.Speak
G03242,연구실,LAB01,알림예약,can you say it out loud on the speaker when the door closes?,문이 닫히면 스피커로 소리 내서 알려 줄래?,execute,,D4,T1,none,,Speaker.Speak
G03243,연구실,LAB01,알림예약,"When the door sensor says the door is open, push me an alert.",문열림 센서가 문이 열렸다고 알리면 알림 띄워 줘.,execute,,D4,T1,none,,NotificationProvider.SendPush
G03244,연구실,LAB04,기기제어,"When the switch turns on, park the robot arm",스위치가 켜지면 로봇팔 정위치로 보내,ask,,D4,T1,none,LAB04_LabRoom_ArmRobot_1 LAB04_LabRoom_ArmRobot_2,
G03245,연구실,LAB04,기기제어,please start the lab robot arm if the switch is switched off.,스위치가 꺼지면 실험실 로봇팔 좀 켜 줘.,execute,,D4,T1,none,LAB04_LabRoom_ArmRobot_1 LAB04_LabRoom_ArmRobot_2,
G03246,연구실,LAB04,기기제어,I'd like you to park the arm when the switch turns on.,스위치가 켜지면 로봇팔 정위치로 보내 줬으면 해.,execute,,D4,T1,none,LAB04_LabRoom_ArmRobot_1 LAB04_LabRoom_ArmRobot_2,
G03247,연구실,LAB04,기기제어,could you start the lab robot arm if the switch is switched off?,스위치가 꺼지면 실험실 로봇팔 켜 줄 수 있어?,execute,,D4,T1,none,LAB04_LabRoom_ArmRobot_1 LAB04_LabRoom_ArmRobot_2,
G03248,연구실,LAB04,기기제어,"When the switch turns on, park the lab robot arm",스위치가 켜지면 실험실 로봇팔 정위치로 보내,execute,,D4,T1,none,LAB04_LabRoom_ArmRobot_1 LAB04_LabRoom_ArmRobot_2,
G03249,연구실,LAB04,기기제어,Stop the lab robot arm when the switch turns on.,스위치가 켜지면 실험실 로봇팔 멈춰.,execute,,D4,T1,none,LAB04_LabRoom_ArmRobot_1 LAB04_LabRoom_ArmRobot_2,
G03250,연구실,LAB04,기기제어,I'd like you to park the lab robot arm when the switch turns on.,스위치가 켜지면 실험실 로봇팔 정위치로 보내 줬으면 해.,execute,,D4,T1,none,LAB04_LabRoom_ArmRobot_1 LAB04_LabRoom_ArmRobot_2,
G03251,연구실,LAB02,알림예약,"When the machine finishes its cycle, send a warning to my phone",설비가 한 사이클을 마치면 폰으로 경고 보내 줘,refuse,no_channel,D4,T1,none,,
G03252,연구실,LAB04,알림예약,please send me a notification once the line run is done.,라인 가동이 끝나면 알림 보내 주세요.,execute,,D4,T1,none,,NotificationProvider.SendPush
G03253,연구실,LAB02,알림예약,"When the machine reports it is done, I want to know when it changes",설비가 끝났다고 알릴 때 상태가 바뀌면 알려 줘,execute,,D4,T1,none,,Speaker.Speak
G03254,연구실,LAB04,알림예약,Give me a heads-up when the machine finishes its cycle,설비가 한 사이클을 마치면 꼭 알려 줘,execute,,D4,T1,none,,NotificationProvider.SendPush
G03255,연구실,LAB04,알림예약,Keep me posted when the machine reports it is done.,설비가 끝났다고 알리면 계속 알려 줘.,execute,,D4,T1,none,,NotificationProvider.SendPush
G03256,연구실,LAB02,알림예약,please push me an alert once the line run is done.,라인 가동이 끝나면 알림 띄워 주세요.,execute,,D4,T1,none,,Speaker.Speak
G03257,연구실,LAB04,알림예약,Give me a heads-up once the line run is done.,라인 가동이 끝나면 꼭 알려 줘.,execute,,D4,T1,none,,NotificationProvider.SendPush
G03258,연구실,LAB02,알림예약,can you let me know when the machine reports it is done?,설비가 끝났다고 알리면 알려 줄래?,execute,,D4,T1,none,,Speaker.Speak
G03259,연구실,LAB04,알림예약,I'd like you to tell me about it when the machine finishes its cycle.,설비가 한 사이클을 마치면 알려 줬으면 해.,execute,,D4,T1,none,,NotificationProvider.SendPush
G03260,연구실,LAB02,알림예약,could you announce it once the line run is done?,라인 가동이 끝나면 방송해 줄 수 있어?,execute,,D4,T1,none,,Speaker.Speak
G03261,연구실,LAB04,알림예약,Push me an alert when the machine reports it is done,설비가 끝났다고 알리면 알림 띄워 줘,execute,,D4,T1,none,,NotificationProvider.SendPush
G03262,연구실,LAB02,알림예약,"When the machine finishes its cycle, give me a heads-up.",설비가 한 사이클을 마치면 꼭 알려 줘.,execute,,D4,T1,none,,Speaker.Speak
G03263,연구실,LAB05,기기제어,Raise the alarm when the gas sensor goes over 50.,가스 센서가 50을 넘으면 경보 울려 줘.,execute,,D4,T1,none,LAB05_TestBed_Speaker_1,
G03264,연구실,LAB01,기기제어,can you set off the siren when the gas sensor reads a dangerous level?,가스 센서가 위험 수준을 가리키면 사이렌 울려 줄래?,refuse,no_device,D4,T1,none,,
G03265,연구실,LAB01,기기제어,I'd like you to sound the siren when the gas sensor goes over 800.,가스 센서가 800을 넘으면 사이렌 울려 줬으면 해.,refuse,no_device,D4,T1,none,,
G03266,연구실,LAB02,기기제어,could you set off the siren if a gas leak is detected?,가스 누출이 감지되면 사이렌 울려 줄 수 있어?,execute,,D4,T1,none,LAB02_LabRoom_Siren_1,
G03267,연구실,LAB03,기기제어,Sound the siren when the gas sensor reads a dangerous level,가스 센서가 위험 수준을 가리키면 사이렌 울려,execute,,D4,T1,none,LAB03_LabRoom_Siren_1,
G03268,연구실,LAB02,기기제어,"When the gas sensor goes over 500, set off the siren.",가스 센서가 500을 넘으면 사이렌 울려.,execute,,D4,T1,none,LAB02_LabRoom_Siren_1,
G03269,연구실,LAB03,기기제어,please sound all the sirens if a gas leak is detected.,가스 누출이 감지되면 모든 사이렌 울려 주세요.,execute,,D4,T1,none,LAB03_LabRoom_Siren_1,
G03270,연구실,LAB02,기기제어,can you set off all the sirens when the gas sensor reads a dangerous level?,가스 센서가 위험 수준을 가리키면 모든 사이렌 울려 줄래?,execute,,D4,T1,none,LAB02_LabRoom_Siren_1,
G03271,연구실,LAB03,기기제어,I'd like you to sound all the sirens when the gas sensor goes over 300.,가스 센서가 300을 넘으면 모든 사이렌 울려 줬으면 해.,execute,,D4,T1,none,LAB03_LabRoom_Siren_1,
G03272,연구실,LAB02,기기제어,could you make some noise if a gas leak is detected?,가스 누출이 감지되면 소리 좀 내 줄 수 있어?,ask,,D4,T1,none,LAB02_LabRoom_Siren_1 LAB02_LabRoom_Speaker_1,
G03273,연구실,LAB03,기기제어,Sound all the sirens when the gas sensor reads a dangerous level,가스 센서가 위험 수준을 가리키면 모든 사이렌 울려,execute,,D4,T1,none,LAB03_LabRoom_Siren_1,
G03274,연구실,LAB02,기기제어,"When the gas sensor goes over 50, set off all the sirens.",가스 센서가 50을 넘으면 모든 사이렌 울려.,execute,,D4,T1,none,LAB02_LabRoom_Siren_1,
G03275,연구실,LAB03,기기제어,can you sound the lab siren if a gas leak is detected?,가스 누출이 감지되면 실험실 사이렌 울려 줄래?,execute,,D4,T1,none,LAB03_LabRoom_Siren_1,
G03276,연구실,LAB02,기기제어,could you set off the lab siren when the gas sensor reads a dangerous level?,가스 센서가 위험 수준을 가리키면 실험실 사이렌 울려 줄 수 있어?,execute,,D4,T1,none,LAB02_LabRoom_Siren_1,
G03277,연구실,LAB02,기기제어,could you set off all the sirens if a gas leak is detected?,가스 누출이 감지되면 모든 사이렌 울려 줄 수 있어?,execute,,D4,T1,none,LAB02_LabRoom_Siren_1,
G03278,연구실,LAB03,기기제어,I'd like you to sound the lab siren when the gas sensor reads a dangerous level.,가스 센서가 위험 수준을 가리키면 실험실 사이렌 울려 줬으면 해.,execute,,D4,T1,none,LAB03_LabRoom_Siren_1,
G03279,연구실,LAB02,기기제어,"When the gas sensor goes over 50, set off all the sirens",가스 센서가 50을 넘으면 모든 사이렌 울려,execute,,D4,T1,none,LAB02_LabRoom_Siren_1,
G03280,연구실,LAB02,기기제어,please sound the lab siren when the gas sensor reads a dangerous level.,가스 센서가 위험 수준을 가리키면 실험실 사이렌 울려 주세요.,execute,,D4,T1,none,LAB02_LabRoom_Siren_1,
G03281,연구실,LAB03,기기제어,Sound the lab siren if a gas leak is detected,가스 누출이 감지되면 실험실 사이렌 울려,execute,,D4,T1,none,LAB03_LabRoom_Siren_1,
G03282,연구실,LAB03,기기제어,I'd like you to raise the alarm when the gas sensor goes over 500.,가스 센서가 500을 넘으면 경보 울려 줬으면 해.,ask,,D4,T1,none,LAB03_LabRoom_Siren_1 LAB03_LabRoom_Speaker_1,
G03283,연구실,LAB03,기기제어,Set off the lab siren when the gas sensor reads a dangerous level.,가스 센서가 위험 수준을 가리키면 실험실 사이렌 울려.,execute,,D4,T1,none,LAB03_LabRoom_Siren_1,
G03284,연구실,LAB03,기기제어,I'd like you to sound the lab siren if a gas leak is detected.,가스 누출이 감지되면 실험실 사이렌 울려 줬으면 해.,execute,,D4,T1,none,LAB03_LabRoom_Siren_1,
G03285,연구실,LAB01,기기제어,can you turn on the ventilation fan when the gas sensor reads a dangerous level?,가스 센서가 위험 수준을 가리키면 환풍기 켜 줄래?,refuse,no_device,D4,T1,none,,
G03286,연구실,LAB05,기기제어,I'd like you to run the ventilation fan for 3 minutes when the gas sensor goes over 200.,가스 센서가 200을 넘으면 환풍기를 3분 동안 돌려 줬으면 해.,refuse,no_device,D4,T1,none,,
G03287,연구실,LAB02,기기제어,could you turn on the ventilation fan if a gas leak is detected?,가스 누출이 감지되면 환풍기 켜 줄 수 있어?,ask,,D4,T1,none,LAB02_LabRoom_Ventilator_1 LAB02_LabRoom_Ventilator_2 LAB02_LabRoom_Ventilator_3,
G03288,연구실,LAB03,기기제어,Run the ventilation fan for 20 minutes when the gas sensor reads a dangerous level,가스 센서가 위험 수준을 가리키면 환풍기를 20분 동안 돌려,ask,,D4,T1,none,LAB03_LabRoom_Ventilator_1 LAB03_LabRoom_Ventilator_2,
G03289,연구실,LAB02,기기제어,"When the gas sensor goes over 500, turn on the fume hood 1",가스 센서가 500을 넘으면 흄후드 1 켜,execute,,D4,T1,none,LAB02_LabRoom_Ventilator_1,
G03290,연구실,LAB03,기기제어,please run the lab ventilation fan for 15 minutes if a gas leak is detected.,가스 누출이 감지되면 실험실 환풍기를 15분 동안 돌려 주세요.,execute,,D4,T1,none,LAB03_LabRoom_Ventilator_1 LAB03_LabRoom_Ventilator_2,
G03291,연구실,LAB02,기기제어,can you get fresh air in here when the gas sensor reads a dangerous level?,가스 센서가 위험 수준을 가리키면 바깥 공기 좀 넣어 줄래?,execute,,D4,T1,none,LAB02_LabRoom_Ventilator_1 LAB02_LabRoom_Ventilator_2 LAB02_LabRoom_Ventilator_3,
G03292,연구실,LAB03,기기제어,I'd like you to run the lab ventilation fan for 20 minutes when the gas sensor goes over 300.,가스 센서가 300을 넘으면 실험실 환풍기를 20분 동안 돌려 줬으면 해.,execute,,D4,T1,none,LAB03_LabRoom_Ventilator_1 LAB03_LabRoom_Ventilator_2,
G03293,연구실,LAB02,기기제어,could you turn on the fume hood 2 if a gas leak is detected?,가스 누출이 감지되면 흄후드 2 켜 줄 수 있어?,execute,,D4,T1,none,LAB02_LabRoom_Ventilator_2,
G03294,연구실,LAB03,기기제어,Run the lab ventilation fan for 15 minutes when the gas sensor reads a dangerous level,가스 센서가 위험 수준을 가리키면 실험실 환풍기를 15분 동안 돌려,execute,,D4,T1,none,LAB03_LabRoom_Ventilator_1 LAB03_LabRoom_Ventilator_2,
G03295,연구실,LAB02,기기제어,"When the gas sensor goes over 200, turn on the fume hood 3.",가스 센서가 200을 넘으면 흄후드 3 켜.,execute,,D4,T1,none,LAB02_LabRoom_Ventilator_3,
G03296,연구실,LAB03,기기제어,please run the lab ventilation fan for 30 minutes if a gas leak is detected.,가스 누출이 감지되면 실험실 환풍기를 30분 동안 좀 돌려 줘.,execute,,D4,T1,none,LAB03_LabRoom_Ventilator_1 LAB03_LabRoom_Ventilator_2,
G03297,연구실,LAB02,기기제어,can you turn on the fume hood 2 when the gas sensor reads a dangerous level?,가스 센서가 위험 수준을 가리키면 흄후드 2 켜 줄래?,execute,,D4,T1,none,LAB02_LabRoom_Ventilator_2,
G03298,연구실,LAB05,기기제어,I'd like you to close the valve when the leak sensor trips.,누수 센서가 작동하면 밸브 닫아 줬으면 해.,refuse,no_device,D4,T1,none,,
G03299,연구실,LAB03,기기제어,Close the valve if the leak sensor finds water on the floor,누수 센서가 바닥의 물을 감지하면 밸브 닫아,refuse,no_device,D4,T1,none,,
G03300,연구실,LAB02,기기제어,Stop the flow when the leak sensor trips,누수 센서가 작동하면 흐름 막아 줘,execute,,D4,T1,none,LAB02_LabRoom_Valve_1 LAB02_LabRoom_Valve_2,
G03301,연구실,LAB02,기기제어,Close the valve if the leak sensor finds water on the floor.,누수 센서가 바닥의 물을 감지하면 밸브 닫아.,ask,,D4,T1,none,LAB02_LabRoom_Valve_1 LAB02_LabRoom_Valve_2,
G03302,연구실,LAB02,기기제어,please shut the lab valve right away if the leak sensor finds water on the floor.,누수 센서가 바닥의 물을 감지하면 실험실 밸브 당장 닫아 주세요.,execute,,D4,T1,none,LAB02_LabRoom_Valve_1 LAB02_LabRoom_Valve_2,
G03303,연구실,LAB02,기기제어,can you close the lab valve when the leak sensor trips?,누수 센서가 작동하면 실험실 밸브 닫아 줄래?,execute,,D4,T1,none,LAB02_LabRoom_Valve_1 LAB02_LabRoom_Valve_2,
G03304,연구실,LAB02,기기제어,I'd like you to shut the lab valve right away when a water leak is detected.,누수가 감지되면 실험실 밸브 당장 닫아 줬으면 해.,execute,,D4,T1,none,LAB02_LabRoom_Valve_1 LAB02_LabRoom_Valve_2,
G03305,연구실,LAB02,기기제어,could you close the lab valve if the leak sensor finds water on the floor?,누수 센서가 바닥의 물을 감지하면 실험실 밸브 닫아 줄 수 있어?,execute,,D4,T1,none,LAB02_LabRoom_Valve_1 LAB02_LabRoom_Valve_2,
G03306,연구실,LAB02,기기제어,Shut the lab valve right away when the leak sensor trips,누수 센서가 작동하면 실험실 밸브 당장 닫아,execute,,D4,T1,none,LAB02_LabRoom_Valve_1 LAB02_LabRoom_Valve_2,
G03307,연구실,LAB02,기기제어,"When a water leak is detected, close the lab valve",누수가 감지되면 실험실 밸브 닫아,execute,,D4,T1,none,LAB02_LabRoom_Valve_1 LAB02_LabRoom_Valve_2,
G03308,연구실,LAB02,기기제어,Close the valve when a water leak is detected.,누수가 감지되면 밸브 닫아.,ask,,D4,T1,none,LAB02_LabRoom_Valve_1 LAB02_LabRoom_Valve_2,
G03309,연구실,LAB02,기기제어,can you stop the flow when the leak sensor trips?,누수 센서가 작동하면 흐름 막아 줄래?,execute,,D4,T1,none,LAB02_LabRoom_Valve_1 LAB02_LabRoom_Valve_2,
G03310,연구실,LAB02,기기제어,can you close the valve if the leak sensor finds water on the floor?,누수 센서가 바닥의 물을 감지하면 밸브 닫아 줄래?,ask,,D4,T1,none,LAB02_LabRoom_Valve_1 LAB02_LabRoom_Valve_2,
G03311,연구실,LAB02,기기제어,Close the valve when the leak sensor trips.,누수 센서가 작동하면 밸브 닫아.,ask,,D4,T1,none,LAB02_LabRoom_Valve_1 LAB02_LabRoom_Valve_2,
G03312,연구실,LAB02,기기제어,Shut the valve right away when a water leak is detected,누수가 감지되면 밸브 당장 닫아,ask,,D4,T1,none,LAB02_LabRoom_Valve_1 LAB02_LabRoom_Valve_2,
G03313,연구실,LAB02,기기제어,"When a water leak is detected, close the lab valve.",누수가 감지되면 실험실 밸브 닫아.,execute,,D4,T1,none,LAB02_LabRoom_Valve_1 LAB02_LabRoom_Valve_2,
G03314,연구실,LAB02,기기제어,Shut the valve right away when a water leak is detected.,누수가 감지되면 밸브 당장 닫아.,ask,,D4,T1,none,LAB02_LabRoom_Valve_1 LAB02_LabRoom_Valve_2,
G03315,연구실,LAB02,기기제어,I'd like you to shut the valve right away when the leak sensor trips.,누수 센서가 작동하면 밸브 당장 닫아 줬으면 해.,ask,,D4,T1,none,LAB02_LabRoom_Valve_1 LAB02_LabRoom_Valve_2,
G03316,연구실,LAB02,기기제어,can you shut the valve right away if the leak sensor finds water on the floor?,누수 센서가 바닥의 물을 감지하면 밸브 당장 닫아 줄래?,ask,,D4,T1,none,LAB02_LabRoom_Valve_1 LAB02_LabRoom_Valve_2,
G03317,연구실,LAB02,기기제어,"When a water leak is detected, shut the valve right away",누수가 감지되면 밸브 당장 닫아,ask,,D4,T1,none,LAB02_LabRoom_Valve_1 LAB02_LabRoom_Valve_2,
G03318,연구실,LAB02,기기제어,Shut the water off when the leak sensor trips,누수 센서가 작동하면 물 잠가 줘,execute,,D4,T1,none,LAB02_LabRoom_Valve_1 LAB02_LabRoom_Valve_2,
G03319,연구실,LAB01,기기제어,please brighten this place up the moment something moves in zone 5.,구역 5에서 뭔가 움직이는 순간 여기 좀 밝게 해 주세요.,execute,,D4,T1,none,tc0_05b24023-a435-4e1a-bf7d-680c5a0174ba tc0_081181c1-3210-4ad2-8af1-f262fdc0fc76 tc0_4e13891d-054f-494a-9517-c56b38632fef tc0_5452b6c5-0dee-4cca-ba6f-15582b358305 tc0_57b081e4-f567-4a84-9121-4f0ed61ae733 tc0_7def1d9d-721c-4e35-b217-51fb8b46ba59 tc0_ba52d76e-e6dc-41ff-8207-64c7d9d88b3b tc0_d1b5e845-cbe2-42b4-9606-8ad71cb14901 tc0_eb8c9cf310d709af51rs9c tc0_ebfb522a028ef8add497wu,
G03320,연구실,LAB01,기기제어,"When the motion sensor picks something up, switch the lights on",동작 감지 센서에 뭔가 잡히면 조명 전부 켜,execute,,D4,T1,none,tc0_5452b6c5-0dee-4cca-ba6f-15582b358305 tc0_7def1d9d-721c-4e35-b217-51fb8b46ba59 tc0_081181c1-3210-4ad2-8af1-f262fdc0fc76 tc0_ebfb522a028ef8add497wu tc0_eb8c9cf310d709af51rs9c tc0_57b081e4-f567-4a84-9121-4f0ed61ae733 tc0_d1b5e845-cbe2-42b4-9606-8ad71cb14901 tc0_4e13891d-054f-494a-9517-c56b38632fef tc0_05b24023-a435-4e1a-bf7d-680c5a0174ba tc0_ba52d76e-e6dc-41ff-8207-64c7d9d88b3b,
G03321,연구실,LAB01,기기제어,please get the lights on the moment something moves in zone 4.,구역 4에서 뭔가 움직이는 순간 조명 전부 좀 켜 줘.,execute,,D4,T1,none,tc0_5452b6c5-0dee-4cca-ba6f-15582b358305 tc0_7def1d9d-721c-4e35-b217-51fb8b46ba59 tc0_081181c1-3210-4ad2-8af1-f262fdc0fc76 tc0_ebfb522a028ef8add497wu tc0_eb8c9cf310d709af51rs9c tc0_57b081e4-f567-4a84-9121-4f0ed61ae733 tc0_d1b5e845-cbe2-42b4-9606-8ad71cb14901 tc0_4e13891d-054f-494a-9517-c56b38632fef tc0_05b24023-a435-4e1a-bf7d-680c5a0174ba tc0_ba52d76e-e6dc-41ff-8207-64c7d9d88b3b,
G03322,연구실,LAB01,기기제어,can you turn on the lights if motion is detected in zone 3?,구역 3에서 움직임이 감지되면 조명 전부 켜 줄래?,execute,,D4,T1,none,tc0_5452b6c5-0dee-4cca-ba6f-15582b358305 tc0_7def1d9d-721c-4e35-b217-51fb8b46ba59 tc0_081181c1-3210-4ad2-8af1-f262fdc0fc76 tc0_ebfb522a028ef8add497wu tc0_eb8c9cf310d709af51rs9c tc0_57b081e4-f567-4a84-9121-4f0ed61ae733 tc0_d1b5e845-cbe2-42b4-9606-8ad71cb14901 tc0_4e13891d-054f-494a-9517-c56b38632fef tc0_05b24023-a435-4e1a-bf7d-680c5a0174ba tc0_ba52d76e-e6dc-41ff-8207-64c7d9d88b3b,
G03323,연구실,LAB01,기기제어,I'd like you to put the lights on when the motion sensor detects movement.,동작 감지 센서가 움직임을 감지하면 조명 전부 켜 줬으면 해.,execute,,D4,T1,none,tc0_5452b6c5-0dee-4cca-ba6f-15582b358305 tc0_7def1d9d-721c-4e35-b217-51fb8b46ba59 tc0_081181c1-3210-4ad2-8af1-f262fdc0fc76 tc0_ebfb522a028ef8add497wu tc0_eb8c9cf310d709af51rs9c tc0_57b081e4-f567-4a84-9121-4f0ed61ae733 tc0_d1b5e845-cbe2-42b4-9606-8ad71cb14901 tc0_4e13891d-054f-494a-9517-c56b38632fef tc0_05b24023-a435-4e1a-bf7d-680c5a0174ba tc0_ba52d76e-e6dc-41ff-8207-64c7d9d88b3b,
G03324,연구실,LAB01,기기제어,could you light up the lights when the motion sensor picks something up?,동작 감지 센서에 뭔가 잡히면 조명 전부 켜 줄 수 있어?,execute,,D4,T1,none,tc0_5452b6c5-0dee-4cca-ba6f-15582b358305 tc0_7def1d9d-721c-4e35-b217-51fb8b46ba59 tc0_081181c1-3210-4ad2-8af1-f262fdc0fc76 tc0_ebfb522a028ef8add497wu tc0_eb8c9cf310d709af51rs9c tc0_57b081e4-f567-4a84-9121-4f0ed61ae733 tc0_d1b5e845-cbe2-42b4-9606-8ad71cb14901 tc0_4e13891d-054f-494a-9517-c56b38632fef tc0_05b24023-a435-4e1a-bf7d-680c5a0174ba tc0_ba52d76e-e6dc-41ff-8207-64c7d9d88b3b,
G03325,연구실,LAB01,기기제어,Switch the lights on the moment something moves in zone 2,구역 2에서 뭔가 움직이는 순간 조명 전부 켜,execute,,D4,T1,none,tc0_5452b6c5-0dee-4cca-ba6f-15582b358305 tc0_7def1d9d-721c-4e35-b217-51fb8b46ba59 tc0_081181c1-3210-4ad2-8af1-f262fdc0fc76 tc0_ebfb522a028ef8add497wu tc0_eb8c9cf310d709af51rs9c tc0_57b081e4-f567-4a84-9121-4f0ed61ae733 tc0_d1b5e845-cbe2-42b4-9606-8ad71cb14901 tc0_4e13891d-054f-494a-9517-c56b38632fef tc0_05b24023-a435-4e1a-bf7d-680c5a0174ba tc0_ba52d76e-e6dc-41ff-8207-64c7d9d88b3b,
G03326,연구실,LAB01,기기제어,"If motion is detected in the entrance, get the lights on",현관에서 움직임이 감지되면 조명 전부 켜,execute,,D4,T1,none,tc0_5452b6c5-0dee-4cca-ba6f-15582b358305 tc0_7def1d9d-721c-4e35-b217-51fb8b46ba59 tc0_081181c1-3210-4ad2-8af1-f262fdc0fc76 tc0_ebfb522a028ef8add497wu tc0_eb8c9cf310d709af51rs9c tc0_57b081e4-f567-4a84-9121-4f0ed61ae733 tc0_d1b5e845-cbe2-42b4-9606-8ad71cb14901 tc0_4e13891d-054f-494a-9517-c56b38632fef tc0_05b24023-a435-4e1a-bf7d-680c5a0174ba tc0_ba52d76e-e6dc-41ff-8207-64c7d9d88b3b,
G03327,연구실,LAB01,기기제어,please turn on the lights when the motion sensor detects movement.,동작 감지 센서가 움직임을 감지하면 조명 전부 켜 주세요.,execute,,D4,T1,none,tc0_5452b6c5-0dee-4cca-ba6f-15582b358305 tc0_7def1d9d-721c-4e35-b217-51fb8b46ba59 tc0_081181c1-3210-4ad2-8af1-f262fdc0fc76 tc0_ebfb522a028ef8add497wu tc0_eb8c9cf310d709af51rs9c tc0_57b081e4-f567-4a84-9121-4f0ed61ae733 tc0_d1b5e845-cbe2-42b4-9606-8ad71cb14901 tc0_4e13891d-054f-494a-9517-c56b38632fef tc0_05b24023-a435-4e1a-bf7d-680c5a0174ba tc0_ba52d76e-e6dc-41ff-8207-64c7d9d88b3b,
G03328,연구실,LAB02,알림예약,Keep me posted if the meter reads above 1000,계량기가 1000을 넘으면 계속 알려 줘,execute,,D4,T1,none,,Speaker.Speak
G03329,연구실,LAB01,알림예약,"When power draw goes over 800 watts, send a warning to my phone",전력 사용이 800와트를 넘으면 폰으로 경고 보내 줘,execute,,D4,T1,none,,NotificationProvider.SendPush
G03330,연구실,LAB05,알림예약,please push me an alert if power draw stays above 1000 watts.,전력 사용이 1000와트를 계속 넘고 있으면 알림 띄워 주세요.,execute,,D4,T1,none,,Speaker.Speak
G03331,연구실,LAB05,알림예약,I'd like you to push me an alert when power draw goes over 1500 watts.,전력 사용이 1500와트를 넘으면 알림 띄워 줬으면 해.,execute,,D4,T1,none,,Speaker.Speak
G03332,연구실,LAB02,알림예약,I'd like you to let me know if the meter reads above 2000.,계량기가 2000을 넘으면 알려 줬으면 해.,execute,,D4,T1,none,,Speaker.Speak
G03333,연구실,LAB01,알림예약,could you announce it when power draw goes over 500 watts?,전력 사용이 500와트를 넘으면 방송해 줄 수 있어?,execute,,D4,T1,none,,Speaker.Speak
G03334,연구실,LAB05,알림예약,Send me a notification if power draw stays above 500 watts,전력 사용이 500와트를 계속 넘고 있으면 알림 보내 줘,execute,,D4,T1,none,,Speaker.Speak
G03335,연구실,LAB04,알림예약,"When energy use spikes, push me an alert",전력 사용이 급증하면 알림 띄워 줘,execute,,D4,T1,none,,NotificationProvider.SendPush
G03336,연구실,LAB02,알림예약,Give me a heads-up if the meter reads above 2000.,계량기가 2000을 넘으면 꼭 알려 줘.,execute,,D4,T1,none,,Speaker.Speak
G03337,연구실,LAB01,알림예약,Keep me posted when power draw goes over 1000 watts.,전력 사용이 1000와트를 넘으면 계속 알려 줘.,execute,,D4,T1,none,,NotificationProvider.SendPush
G03338,연구실,LAB05,알림예약,I'd like you to tell me about it if power draw stays above 800 watts.,전력 사용이 800와트를 계속 넘고 있으면 알려 줬으면 해.,execute,,D4,T1,none,,Speaker.Speak
G03339,연구실,LAB02,알림예약,Give me a heads-up if the meter reads above 1000.,계량기가 1000을 넘으면 꼭 알려 줘.,execute,,D4,T1,none,,Speaker.Speak
G03340,연구실,LAB02,알림예약,please tell me about it if the meter reads above 800.,계량기가 800을 넘으면 좀 알려 줘.,execute,,D4,T1,none,,Speaker.Speak
G03341,연구실,LAB04,기기제어,"When the temperature goes above 28 degrees, set the chamber to 30 degrees.",온도가 28도를 넘으면 챔버 30도로 맞춰.,refuse,no_device,D4,T1,none,,
G03342,연구실,LAB04,기기제어,please start the chamber if the temperature drops below 18 degrees.,온도가 18도 아래로 떨어지면 챔버 좀 켜 줘.,refuse,no_device,D4,T1,none,,
G03343,연구실,LAB03,기기제어,I'd like you to set the chamber to 20 degrees when the temperature goes above 32 degrees.,온도가 32도를 넘으면 챔버 20도로 맞춰 줬으면 해.,ask,,D4,T1,none,LAB03_LabRoom_Chamber_1 LAB03_LabRoom_Chamber_2 LAB03_LabRoom_Chamber_3,
G03344,연구실,LAB02,기기제어,could you start the chamber if the temperature drops below 10 degrees?,온도가 10도 아래로 떨어지면 챔버 켜 줄 수 있어?,ask,,D4,T1,none,LAB02_LabRoom_Chamber_1 LAB02_LabRoom_Chamber_2,
G03345,연구실,LAB02,기기제어,"When the temperature goes above 32 degrees, set the lab chamber to 4 degrees",온도가 32도를 넘으면 실험실 챔버 4도로 맞춰,execute,,D4,T1,none,LAB02_LabRoom_Chamber_1 LAB02_LabRoom_Chamber_2,
G03346,연구실,LAB03,기기제어,please start the lab chamber if the temperature drops below 0 degrees.,온도가 0도 아래로 떨어지면 실험실 챔버 켜 주세요.,execute,,D4,T1,none,LAB03_LabRoom_Chamber_1 LAB03_LabRoom_Chamber_2 LAB03_LabRoom_Chamber_3,
G03347,연구실,LAB02,기기제어,I'd like you to set the lab chamber to 25 degrees when the temperature goes above 26 degrees.,온도가 26도를 넘으면 실험실 챔버 25도로 맞춰 줬으면 해.,execute,,D4,T1,none,LAB02_LabRoom_Chamber_1 LAB02_LabRoom_Chamber_2,
G03348,연구실,LAB03,기기제어,could you start the lab chamber if the temperature drops below 12 degrees?,온도가 12도 아래로 떨어지면 실험실 챔버 켜 줄 수 있어?,execute,,D4,T1,none,LAB03_LabRoom_Chamber_1 LAB03_LabRoom_Chamber_2 LAB03_LabRoom_Chamber_3,
G03349,연구실,LAB02,기기제어,"When the temperature goes above 32 degrees, set the lab chamber to 25 degrees.",온도가 32도를 넘으면 실험실 챔버 25도로 맞춰.,execute,,D4,T1,none,LAB02_LabRoom_Chamber_1 LAB02_LabRoom_Chamber_2,
G03350,연구실,LAB03,기기제어,please start the lab chamber if the temperature drops below 15 degrees.,온도가 15도 아래로 떨어지면 실험실 챔버 켜 주세요.,execute,,D4,T1,none,LAB03_LabRoom_Chamber_1 LAB03_LabRoom_Chamber_2 LAB03_LabRoom_Chamber_3,
G03351,연구실,LAB02,기기제어,I'd like you to set the lab chamber to 30 degrees when the temperature goes above 28 degrees.,온도가 28도를 넘으면 실험실 챔버 30도로 맞춰 줬으면 해.,execute,,D4,T1,none,LAB02_LabRoom_Chamber_1 LAB02_LabRoom_Chamber_2,
G03352,연구실,LAB03,기기제어,could you start the lab chamber if the temperature drops below 0 degrees?,온도가 0도 아래로 떨어지면 실험실 챔버 켜 줄 수 있어?,execute,,D4,T1,none,LAB03_LabRoom_Chamber_1 LAB03_LabRoom_Chamber_2 LAB03_LabRoom_Chamber_3,
G03353,연구실,LAB02,기기제어,"When the temperature goes above 30 degrees, set the lab chamber to 37 degrees",온도가 30도를 넘으면 실험실 챔버 37도로 맞춰,execute,,D4,T1,none,LAB02_LabRoom_Chamber_1 LAB02_LabRoom_Chamber_2,
G03354,연구실,LAB03,기기제어,please start the lab chamber if the temperature drops below 5 degrees.,온도가 5도 아래로 떨어지면 실험실 챔버 좀 켜 줘.,execute,,D4,T1,none,LAB03_LabRoom_Chamber_1 LAB03_LabRoom_Chamber_2 LAB03_LabRoom_Chamber_3,
G03355,연구실,LAB02,기기제어,I'd like you to set the lab chamber to 4 degrees when the temperature goes above 30 degrees.,온도가 30도를 넘으면 실험실 챔버 4도로 맞춰 줬으면 해.,execute,,D4,T1,none,LAB02_LabRoom_Chamber_1 LAB02_LabRoom_Chamber_2,
G03356,연구실,LAB03,기기제어,could you start the lab chamber if the temperature drops below 5 degrees?,온도가 5도 아래로 떨어지면 실험실 챔버 켜 줄 수 있어?,execute,,D4,T1,none,LAB03_LabRoom_Chamber_1 LAB03_LabRoom_Chamber_2 LAB03_LabRoom_Chamber_3,
G03357,연구실,LAB05,알림예약,Give me a heads-up if the temperature drops below 12 degrees.,온도가 12도 아래로 떨어지면 꼭 알려 줘.,execute,,D4,T1,none,,Speaker.Speak
G03358,연구실,LAB04,알림예약,"When the temperature goes above 32 degrees, I want to know when it changes.",온도가 32도를 넘을 때 상태가 바뀌면 알려 줘.,execute,,D4,T1,none,,NotificationProvider.SendPush
G03359,연구실,LAB04,알림예약,"When the temperature goes above 35 degrees, send me a notification.",온도가 35도를 넘으면 알림 보내 줘.,execute,,D4,T1,none,,NotificationProvider.SendPush
G03360,연구실,LAB05,알림예약,"When the temperature goes above 35 degrees, give me a heads-up",온도가 35도를 넘으면 꼭 알려 줘,execute,,D4,T1,none,,Speaker.Speak
G03361,연구실,LAB01,알림예약,I'd like you to send me a notification if the temperature drops below 10 degrees.,온도가 10도 아래로 떨어지면 알림 보내 줬으면 해.,execute,,D4,T1,none,,NotificationProvider.SendPush
G03362,연구실,LAB02,알림예약,could you let me know if the temperature drops below 18 degrees?,온도가 18도 아래로 떨어지면 알려 줄 수 있어?,execute,,D4,T1,none,,Speaker.Speak
G03363,연구실,LAB01,알림예약,Pop it up on the display if the temperature drops below 12 degrees.,온도가 12도 아래로 떨어지면 디스플레이에 띄워 줘.,refuse,no_channel,D4,T1,none,,
G03364,연구실,LAB03,알림예약,could you push me an alert if the temperature drops below 5 degrees?,온도가 5도 아래로 떨어지면 알림 띄워 줄 수 있어?,execute,,D4,T1,none,,Speaker.Speak
G03365,연구실,LAB02,알림예약,"When the temperature goes above 35 degrees, tell me if something is off.",온도가 35도를 넘을 때 뭔가 이상하면 알려 줘.,execute,,D4,T1,none,,Speaker.Speak
G03366,연구실,LAB04,알림예약,please tell me about it if the temperature drops below 18 degrees.,온도가 18도 아래로 떨어지면 좀 알려 줘.,execute,,D4,T1,none,,NotificationProvider.SendPush
G03367,연구실,LAB03,알림예약,I'd like you to push me an alert when the temperature goes above 26 degrees.,온도가 26도를 넘으면 알림 띄워 줬으면 해.,execute,,D4,T1,none,,Speaker.Speak
G03368,연구실,LAB05,알림예약,could you announce it if the temperature drops below 18 degrees?,온도가 18도 아래로 떨어지면 방송해 줄 수 있어?,execute,,D4,T1,none,,Speaker.Speak
G03369,연구실,LAB04,알림예약,"When the temperature goes above 30 degrees, tell me about it",온도가 30도를 넘으면 알려 줘,execute,,D4,T1,none,,NotificationProvider.SendPush
G03370,연구실,LAB01,알림예약,please send me a notification if the temperature drops below 5 degrees.,온도가 5도 아래로 떨어지면 알림 좀 보내 줘.,execute,,D4,T1,none,,NotificationProvider.SendPush
G03371,연구실,LAB04,알림예약,could you announce it if the temperature drops below 10 degrees?,온도가 10도 아래로 떨어지면 방송해 줄 수 있어?,execute,,D4,T1,none,,Speaker.Speak
G03372,연구실,LAB04,기기제어,can you stop the pump if the pressure sensor reads more than 300?,압력계 값이 300보다 크면 펌프 멈춰 줄래?,refuse,no_device,D4,T1,none,,
G03373,연구실,LAB02,기기제어,could you stop all the pumps if the pressure sensor falls under 200?,압력계가 200 아래로 내려가면 모든 펌프 멈춰 줄 수 있어?,execute,,D4,T1,none,LAB02_LabRoom_Pump_1,
G03374,연구실,LAB02,기기제어,Stop all the pumps once the pressure sensor goes over 500,압력계가 500을 넘으면 모든 펌프 멈춰,execute,,D4,T1,none,LAB02_LabRoom_Pump_1,
G03375,연구실,LAB02,기기제어,"If the pressure sensor reads more than 50, stop all the pumps",압력계 값이 50보다 크면 모든 펌프 멈춰,execute,,D4,T1,none,LAB02_LabRoom_Pump_1,
G03376,연구실,LAB02,기기제어,can you stop all the pumps if the pressure sensor falls under 200?,압력계가 200 아래로 내려가면 모든 펌프 멈춰 줄래?,execute,,D4,T1,none,LAB02_LabRoom_Pump_1,
G03377,연구실,LAB02,기기제어,I'd like you to stop all the pumps once the pressure sensor goes over 800.,압력계가 800을 넘으면 모든 펌프 멈춰 줬으면 해.,execute,,D4,T1,none,LAB02_LabRoom_Pump_1,
G03378,연구실,LAB02,기기제어,can you get the water moving if the pressure sensor falls under 1000?,압력계가 1000 아래로 내려가면 물 좀 돌려 줄래?,execute,,D4,T1,none,LAB02_LabRoom_Valve_1 LAB02_LabRoom_Valve_2,
G03379,연구실,LAB02,기기제어,"If the pressure sensor falls under 500, stop all the pumps",압력계가 500 아래로 내려가면 모든 펌프 멈춰,execute,,D4,T1,none,LAB02_LabRoom_Pump_1,
G03380,연구실,LAB01,기기제어,I'd like you to run the ventilation fan for 30 minutes once the air quality gets worse than 500.,공기질이 500보다 나빠지면 환풍기를 30분 동안 돌려 줬으면 해.,refuse,no_device,D4,T1,none,,
G03381,연구실,LAB01,기기제어,could you turn on the ventilation fan once the air quality sensor goes over 800?,공기질 센서가 800을 넘으면 환풍기 켜 줄 수 있어?,refuse,no_device,D4,T1,none,,
G03382,연구실,LAB02,기기제어,"If the air quality sensor reads more than 200, turn on the ventilation fan.",공기질 센서 값이 200보다 크면 환풍기 켜.,ask,,D4,T1,none,LAB02_LabRoom_Ventilator_1 LAB02_LabRoom_Ventilator_2 LAB02_LabRoom_Ventilator_3,
G03383,연구실,LAB02,기기제어,please run the fume hood 1 for 45 minutes if the air quality sensor falls under 150.,공기질 센서가 150 아래로 내려가면 흄후드 1을 45분 동안 돌려 주세요.,execute,,D4,T1,none,LAB02_LabRoom_Ventilator_1,
G03384,연구실,LAB02,기기제어,can you turn on the fume hood 3 once the air quality gets worse than 800?,공기질이 800보다 나빠지면 흄후드 3 켜 줄래?,execute,,D4,T1,none,LAB02_LabRoom_Ventilator_3,
G03385,연구실,LAB02,기기제어,I'd like you to get fresh air in here once the air quality sensor goes over 500.,공기질 센서가 500을 넘으면 바깥 공기 좀 넣어 줬으면 해.,execute,,D4,T1,none,LAB02_LabRoom_Ventilator_1 LAB02_LabRoom_Ventilator_2 LAB02_LabRoom_Ventilator_3,
G03386,연구실,LAB02,기기제어,"Once the air quality gets worse than 150, get fresh air in here.",공기질이 150보다 나빠지면 바깥 공기 좀 넣어 줘.,execute,,D4,T1,none,LAB02_LabRoom_Ventilator_1 LAB02_LabRoom_Ventilator_2 LAB02_LabRoom_Ventilator_3,
G03387,연구실,LAB02,기기제어,please run the fume hood 3 for 45 minutes once the air quality sensor goes over 1000.,공기질 센서가 1000을 넘으면 흄후드 3을 45분 동안 좀 돌려 줘.,execute,,D4,T1,none,LAB02_LabRoom_Ventilator_3,
G03388,연구실,LAB02,기기제어,I'd like you to run the fume hood 2 for 20 minutes if the air quality sensor reads more than 300.,공기질 센서 값이 300보다 크면 흄후드 2를 20분 동안 돌려 줬으면 해.,execute,,D4,T1,none,LAB02_LabRoom_Ventilator_2,
G03389,연구실,LAB01,기기제어,could you start the chamber every night at 10 pm?,매일 밤 10시에 챔버 켜 줄 수 있어?,refuse,no_device,D6,T1,none,,
G03390,연구실,LAB01,기기제어,Stop the chamber on Monday at 6:30 am,월요일 오전 6시 30분에 챔버 멈춰,refuse,no_device,D6,T1,none,,
G03391,연구실,LAB02,기기제어,"At 7 am, set the chamber to 4 degrees",오전 7시에 챔버 4도로 맞춰,ask,,D6,T1,none,LAB02_LabRoom_Chamber_1 LAB02_LabRoom_Chamber_2,
G03392,연구실,LAB03,기기제어,please start the chamber every day at 6 am.,매일 오전 6시에 챔버 켜 주세요.,ask,,D6,T1,none,LAB03_LabRoom_Chamber_1 LAB03_LabRoom_Chamber_2 LAB03_LabRoom_Chamber_3,
G03393,연구실,LAB05,기기제어,can you get the samples back on temperature at 5 pm on weekdays?,평일 오후 5시에 시료 온도 다시 맞춰 줄래?,execute,,D6,T1,none,LAB05_TestBed_Chamber_1,
G03394,연구실,LAB02,기기제어,I'd like you to set the lab chamber to 37 degrees every morning at 7 am.,매일 오전 7시에 실험실 챔버 37도로 맞춰 줬으면 해.,execute,,D6,T1,none,LAB02_LabRoom_Chamber_1 LAB02_LabRoom_Chamber_2,
G03395,연구실,LAB03,기기제어,could you start the lab chamber every night at midnight?,매일 자정에 실험실 챔버 켜 줄 수 있어?,execute,,D6,T1,none,LAB03_LabRoom_Chamber_1 LAB03_LabRoom_Chamber_2 LAB03_LabRoom_Chamber_3,
G03396,연구실,LAB05,기기제어,Stop the test bed chamber on Friday at 5 pm,금요일 오후 5시에 테스트베드 챔버 멈춰,execute,,D6,T1,none,LAB05_TestBed_Chamber_1,
G03397,연구실,LAB02,기기제어,"At 10:30 pm, set the lab chamber to 20 degrees",밤 10시 30분에 실험실 챔버 20도로 맞춰,execute,,D6,T1,none,LAB02_LabRoom_Chamber_1 LAB02_LabRoom_Chamber_2,
G03398,연구실,LAB03,기기제어,please start the lab chamber every day at 5 pm.,매일 오후 5시에 실험실 챔버 좀 켜 줘.,execute,,D6,T1,none,LAB03_LabRoom_Chamber_1 LAB03_LabRoom_Chamber_2 LAB03_LabRoom_Chamber_3,
G03399,연구실,LAB05,기기제어,can you stop the test bed chamber at 10:30 pm on weekdays?,평일 밤 10시 30분에 테스트베드 챔버 멈춰 줄래?,execute,,D6,T1,none,LAB05_TestBed_Chamber_1,
G03400,연구실,LAB02,기기제어,I'd like you to set the lab chamber to 30 degrees every morning at 7 am.,매일 오전 7시에 실험실 챔버 30도로 맞춰 줬으면 해.,execute,,D6,T1,none,LAB02_LabRoom_Chamber_1 LAB02_LabRoom_Chamber_2,
G03401,연구실,LAB03,기기제어,could you start the lab chamber every night at 9 pm?,매일 밤 9시에 실험실 챔버 켜 줄 수 있어?,execute,,D6,T1,none,LAB03_LabRoom_Chamber_1 LAB03_LabRoom_Chamber_2 LAB03_LabRoom_Chamber_3,
G03402,연구실,LAB05,기기제어,Get the samples back on temperature on Sunday at 8 pm,일요일 오후 8시에 시료 온도 다시 맞춰 줘,execute,,D6,T1,none,LAB05_TestBed_Chamber_1,
G03403,연구실,LAB02,기기제어,"At 6 pm, set the lab chamber to 20 degrees.",오후 6시에 실험실 챔버 20도로 맞춰.,execute,,D6,T1,none,LAB02_LabRoom_Chamber_1 LAB02_LabRoom_Chamber_2,
G03404,연구실,LAB03,기기제어,please start the lab chamber every day at 8 am.,매일 오전 8시에 실험실 챔버 켜 주세요.,execute,,D6,T1,none,LAB03_LabRoom_Chamber_1 LAB03_LabRoom_Chamber_2 LAB03_LabRoom_Chamber_3,
G03405,연구실,LAB05,기기제어,can you stop the test bed chamber at 6 pm on weekdays?,평일 오후 6시에 테스트베드 챔버 멈춰 줄래?,execute,,D6,T1,none,LAB05_TestBed_Chamber_1,
G03406,연구실,LAB02,기기제어,I'd like you to set the lab chamber to 25 degrees every morning at 9 am.,매일 오전 9시에 실험실 챔버 25도로 맞춰 줬으면 해.,execute,,D6,T1,none,LAB02_LabRoom_Chamber_1 LAB02_LabRoom_Chamber_2,
G03409,연구실,LAB01,기기제어,"When I press the button, make it cozy in here, but only if the window is open.",내가 버튼을 누르면 창문이 열려 있을 때만 여기 아늑하게 해 줘.,execute,,D3,T2,none,tc0_05b24023-a435-4e1a-bf7d-680c5a0174ba tc0_081181c1-3210-4ad2-8af1-f262fdc0fc76 tc0_4e13891d-054f-494a-9517-c56b38632fef tc0_5452b6c5-0dee-4cca-ba6f-15582b358305 tc0_57b081e4-f567-4a84-9121-4f0ed61ae733 tc0_7def1d9d-721c-4e35-b217-51fb8b46ba59 tc0_ba52d76e-e6dc-41ff-8207-64c7d9d88b3b tc0_d1b5e845-cbe2-42b4-9606-8ad71cb14901 tc0_eb8c9cf310d709af51rs9c tc0_ebfb522a028ef8add497wu,
G03410,연구실,LAB01,기기제어,"With a single press of the button, switch the lights to the morning scene, but only if the temperature is under 18 degrees.",버튼을 한 번 누르면 온도가 18도 아래일 때만 조명 전부 아침 모드로 바꿔.,execute,,D3,T2,none,tc0_5452b6c5-0dee-4cca-ba6f-15582b358305 tc0_7def1d9d-721c-4e35-b217-51fb8b46ba59 tc0_081181c1-3210-4ad2-8af1-f262fdc0fc76 tc0_ebfb522a028ef8add497wu tc0_eb8c9cf310d709af51rs9c tc0_57b081e4-f567-4a84-9121-4f0ed61ae733 tc0_d1b5e845-cbe2-42b4-9606-8ad71cb14901 tc0_4e13891d-054f-494a-9517-c56b38632fef tc0_05b24023-a435-4e1a-bf7d-680c5a0174ba tc0_ba52d76e-e6dc-41ff-8207-64c7d9d88b3b,
G03426,연구실,LAB05,알림예약,"Every night at 9 pm, wait 30 minutes and then send me a notification",매일 밤 9시에 30분 기다렸다가 알림 보내 줘,execute,,D2,T2,none,,Speaker.Speak
G03437,연구실,LAB02,기기제어,"While the temperature stays over 28 degrees, wait 20 minutes and then set the fan to high.",온도가 28도를 계속 넘고 있으면 20분 기다렸다가 선풍기 세게 틀어.,refuse,no_device,D2,T2,none,,
G03471,연구실,LAB03,알림예약,"If the forecast says frost, let me know, but only if the tank is below half.",서리 예보가 있으면 탱크가 절반 아래일 때만 알려 줘.,execute,,D3,T2,weather,,Speaker.Speak
G03472,연구실,LAB03,알림예약,"If the outside temperature drops below 18, push me an alert, but only if the door is open.",바깥 온도가 18도 아래로 떨어지면 문이 열려 있을 때만 알림 띄워 줘.,execute,,D3,T2,weather,,Speaker.Speak
G03484,연구실,LAB02,기기제어,Make the lab lights amber while the temperature stays over 32 degrees,온도가 32도를 계속 넘고 있으면 실험실 조명 호박색으로 해,execute,,D5,T2,none,LAB02_LabRoom_Light_1 LAB02_LabRoom_Light_2 LAB02_LabRoom_Light_3 LAB02_LabRoom_Light_4,
G03507,연구실,LAB01,알림예약,"While the temperature stays over 35 degrees, I want to know when it changes.",온도가 35도를 계속 넘고 있을 때 상태가 바뀌면 알려 줘.,execute,,D5,T2,none,,NotificationProvider.SendPush
G03509,연구실,LAB03,알림예약,can you show it on the screen while the temperature stays over 32 degrees?,온도가 32도를 계속 넘고 있으면 화면에 띄워 줄래?,refuse,no_channel,D5,T2,none,,
G03525,연구실,LAB01,기기제어,"When nothing has moved for 60 minutes, start recording on the Tuya security camera.",60분 동안 아무 움직임도 없으면 투야 보안 카메라 녹화 시작해.,execute,,D5,T2,none,tc0_ebbcbc45bf05318db9w0ew,
G03531,연구실,LAB04,기기제어,please start a countdown for 30 minutes 15 minutes from now.,지금부터 15분 뒤에 30분 카운트다운 시작해 주세요.,refuse,no_service,D2,T2,none,,
G03542,연구실,LAB03,기기제어,"After 5 minutes, set a 20 minute timer",5분 뒤에 20분 타이머 맞춰 줘,refuse,no_service,D2,T2,none,,
G03548,연구실,LAB05,기기제어,"After waiting 2 minutes, set a 10 minute timer.",2분 기다렸다가 10분 타이머 맞춰 줘.,refuse,no_service,D2,T2,none,,
G03559,연구실,LAB02,기기제어,Cancel the timer once the 5 minute timer runs out,5분 타이머가 끝나면 타이머 취소해 줘,refuse,no_service,D2,T2,none,,
G03570,연구실,LAB01,알림예약,"Once the battery is full, wait 30 minutes and then push me an alert",배터리가 다 차면 30분 기다렸다가 알림 띄워 줘,execute,,D2,T2,none,,NotificationProvider.SendPush
G03585,연구실,LAB01,알림예약,"The moment something moves in zone 5, tell me about it, but only if the room is too warm",구역 5에서 뭔가 움직이는 순간 방이 더울 때만 알려 줘,execute,,D3,T2,none,,NotificationProvider.SendPush
G03588,연구실,LAB01,알림예약,Give me a heads-up when nothing has moved for 15 minutes,15분 동안 아무 움직임도 없으면 꼭 알려 줘,execute,,D5,T2,none,,NotificationProvider.SendPush
G03590,연구실,LAB01,알림예약,Give me a heads-up when nothing has moved for 20 minutes,20분 동안 아무 움직임도 없으면 꼭 알려 줘,execute,,D5,T2,none,,NotificationProvider.SendPush
G03596,연구실,LAB01,기기제어,"Every day at 8 am, keep checking and stop recording on the camera for as long as the battery is under 20 percent",매일 오전 8시에 배터리가 20퍼센트 아래인 동안 계속 카메라 녹화 멈춰,execute,,D5,T2,none,tc0_ebbcbc45bf05318db9w0ew,
G03599,연구실,LAB02,알림예약,"If the leak sensor finds water on the floor, announce it, but only if nobody is around.",누수 센서가 바닥의 물을 감지하면 아무도 없을 때만 방송해 줘.,refuse,no_occupancy,D3,T2,none,,
G03606,연구실,LAB01,기기제어,"After 5 minutes, light up all the lights",5분 뒤에 모든 조명 켜,execute,,D2,T2,none,tc0_5452b6c5-0dee-4cca-ba6f-15582b358305 tc0_7def1d9d-721c-4e35-b217-51fb8b46ba59 tc0_081181c1-3210-4ad2-8af1-f262fdc0fc76 tc0_ebfb522a028ef8add497wu tc0_eb8c9cf310d709af51rs9c tc0_57b081e4-f567-4a84-9121-4f0ed61ae733 tc0_d1b5e845-cbe2-42b4-9606-8ad71cb14901 tc0_4e13891d-054f-494a-9517-c56b38632fef tc0_05b24023-a435-4e1a-bf7d-680c5a0174ba tc0_ba52d76e-e6dc-41ff-8207-64c7d9d88b3b,
G03612,연구실,LAB05,기기제어,"After waiting 15 minutes, switch all the lights on",15분 기다렸다가 모든 조명 켜,execute,,D2,T2,none,LAB05_TestBed_Light_1 LAB05_TestBed_Light_2 LAB05_TestBed_Light_3,
G03635,연구실,LAB05,기기제어,Play a chime on the test bed speaker while someone is in the test bed,테스트베드에 사람이 있는 동안 테스트베드 스피커로 알림음 울려,execute,,D5,T2,none,LAB05_TestBed_Speaker_1,
G03644,연구실,LAB01,기기제어,"Once I am back, toggle the switch, then 20 minutes later turn it back off.","내가 돌아오면 스위치 껐다 켜 주고, 20분 뒤에 다시 꺼.",ask,,D2,T2,phone,tc0_5452b6c5-0dee-4cca-ba6f-15582b358305 tc0_7def1d9d-721c-4e35-b217-51fb8b46ba59 tc0_081181c1-3210-4ad2-8af1-f262fdc0fc76 tc0_01df2e24-81ac-2056-2edd-c6582bab5d52 tc0_3c7a4839-c2a6-4731-98f9-03eda6b31608 tc0_efb00b25-259e-1660-fb7b-9ca9b396b694 tc0_efb00b25-259e-1660-fb7b-9ca9b396b6 tc0_s8e7a31295af78fb09mmpp tc0_ebe47e098219089fc7frjx__ep1 tc0_ebe47e098219089fc7frjx__ep2 tc0_ebe47e098219089fc7frjx__ep3 tc0_ebe47e098219089fc7frjx__ep4 tc0_ebe47e098219089fc7frjx__ep5 tc0_ebe47e098219089fc7frjx__ep6 tc0_ebfb522a028ef8add497wu tc0_eb8c9cf310d709af51rs9c tc0_Smart_Wi-Fi_Plug__43 tc0_Smart_Wi-Fi_Plug__44 tc0_Wi-Fi_Plug__46 tc0_57b081e4-f567-4a84-9121-4f0ed61ae733 tc0_d1b5e845-cbe2-42b4-9606-8ad71cb14901 tc0_4e13891d-054f-494a-9517-c56b38632fef tc0_05b24023-a435-4e1a-bf7d-680c5a0174ba tc0_ba52d76e-e6dc-41ff-8207-64c7d9d88b3b,
G03648,연구실,LAB04,기기제어,"While someone is in the lab, turn on all the lights.",실험실에 사람이 있는 동안 모든 조명 켜.,execute,,D5,T2,none,LAB04_LabRoom_Light_1 LAB04_LabRoom_Light_2 LAB04_LabRoom_Light_3 LAB04_LabRoom_Light_4,
G03661,연구실,LAB01,기기제어,"With one tap on the wall switch, take a snapshot with the Tuya security camera while it is dark outside, and stop once that changes.","벽 스위치를 한 번 누르면 바깥이 어두운 동안 투야 보안 카메라로 사진 찍어 주고, 그러다 바뀌면 멈춰.",execute,,D5,T2,none,tc0_ebbcbc45bf05318db9w0ew,
G03666,연구실,LAB04,기기제어,"When the scene button is pressed, if the door is open right now, set all the lights to daylight white",씬 버튼이 눌릴 때 문이 열려 있으면 모든 조명 주광색으로 바꿔,execute,,D3,T2,none,LAB04_LabRoom_Light_1 LAB04_LabRoom_Light_2 LAB04_LabRoom_Light_3 LAB04_LabRoom_Light_4,
G03681,연구실,LAB05,기기제어,can you switch the test bed lights on while the camera is recording?,카메라가 녹화 중인 동안 테스트베드 조명 켜 줄래?,execute,,D5,T2,none,LAB05_TestBed_Light_1 LAB05_TestBed_Light_2 LAB05_TestBed_Light_3,
G03691,연구실,LAB01,상태조회,"At 7 am, wait 5 minutes and then what is the camera doing.",오전 7시에 5분 기다렸다가 카메라 지금 뭐 하고 있어.,execute,,D2,T2,none,tc0_ebbcbc45bf05318db9w0ew,NotificationProvider.SendPush
G03693,연구실,LAB01,기기제어,"When my phone goes into sleep mode, get the Hue lindy lamp 3 on, then 5 minutes later turn it back off","내 폰이 취침 모드로 들어가면 Hue lindy lamp 3 켜 주고, 5분 뒤에 다시 꺼",execute,,D2,T2,phone,tc0_081181c1-3210-4ad2-8af1-f262fdc0fc76,
G03699,연구실,LAB04,기기제어,please switch the equipment outlet 4 on while I am on a call.,내가 통화 중이면 장비 콘센트 4 좀 켜 줘.,execute,,D5,T2,phone,LAB04_LabRoom_Plug_4,
G03706,연구실,LAB05,기기제어,"When the temperature goes above 35 degrees, keep checking and cut power to the test bed plug for as long as the humidity is over 60 percent.",온도가 35도를 넘으면 습도가 60퍼센트를 넘는 동안 계속 테스트베드 플러그 전원 차단해.,execute,,D5,T2,none,LAB05_TestBed_Plug_1 LAB05_TestBed_Plug_2,
G03707,연구실,LAB01,기기제어,Switch the smart plug 3 off while the temperature stays over 32 degrees,온도가 32도를 계속 넘고 있으면 스마트 Wi-Fi 플러그 3 꺼,execute,,D5,T2,none,tc0_Wi-Fi_Plug__46,
G03714,연구실,LAB01,기기제어,"Once the battery is full, wait 5 minutes and then give this room some color.",배터리가 다 차면 5분 기다렸다가 방에 색 좀 넣어 줘.,execute,,D2,T2,none,tc0_05b24023-a435-4e1a-bf7d-680c5a0174ba tc0_081181c1-3210-4ad2-8af1-f262fdc0fc76 tc0_4e13891d-054f-494a-9517-c56b38632fef tc0_5452b6c5-0dee-4cca-ba6f-15582b358305 tc0_57b081e4-f567-4a84-9121-4f0ed61ae733 tc0_7def1d9d-721c-4e35-b217-51fb8b46ba59 tc0_ba52d76e-e6dc-41ff-8207-64c7d9d88b3b tc0_d1b5e845-cbe2-42b4-9606-8ad71cb14901 tc0_eb8c9cf310d709af51rs9c tc0_ebfb522a028ef8add497wu,
G03720,연구실,LAB02,알림예약,Keep me posted once the 60 minute timer runs out,60분 타이머가 끝나면 계속 알려 줘,execute,,D2,T2,none,,Speaker.Speak
G03744,연구실,LAB01,기기제어,"Once the camera goes offline, cut power to the smart plug 1 while the door is open, and stop once that changes","카메라 연결이 끊기면 문이 열려 있는 동안 스마트 Wi-Fi 플러그 1 전원 차단해 주고, 그러다 바뀌면 멈춰",execute,,D5,T2,none,tc0_Smart_Wi-Fi_Plug__43,
G03757,연구실,LAB03,기기제어,"At the start of my next event, switch the cold room lights to the relax scene, but only if the tank is below half.",다음 일정이 시작되면 탱크가 절반 아래일 때만 저온실 조명 휴식 모드로 바꿔.,execute,,D3,T2,calendar,LAB03_ColdRoom_Light_1,
G03766,연구실,LAB04,상태조회,How much power is the lab camera using while the temperature stays over 24 degrees.,온도가 24도를 계속 넘고 있으면 실험실 카메라 전력 얼마나 쓰고 있어.,execute,,D5,T2,none,LAB04_LabRoom_Camera_1 LAB04_LabRoom_Camera_2,NotificationProvider.SendPush
G03849,연구실,LAB03,알림예약,Push me an alert once the door has been open for 5 minutes,문이 5분 동안 열려 있으면 알림 띄워 줘,execute,,D5,T2,none,,Speaker.Speak
G03850,연구실,LAB02,알림예약,please tell me about it once the door has been open for 45 minutes.,문이 45분 동안 열려 있으면 알려 주세요.,execute,,D5,T2,none,,Speaker.Speak
G03851,연구실,LAB03,알림예약,"Once the door has been open for 45 minutes, tell me about it, but only if the temperature is under 18 degrees.",문이 45분 동안 열려 있으면 온도가 18도 아래일 때만 알려 줘.,execute,,D3,T2,none,,Speaker.Speak
G03852,연구실,LAB01,알림예약,"When zone 1 door opens, if the humidity is over 60 percent right now, send a warning to my phone",구역 1 문이 열릴 때 습도가 60퍼센트를 넘으면 폰으로 경고 보내 줘,execute,,D3,T2,none,,NotificationProvider.SendPush
G03853,연구실,LAB02,알림예약,could you announce it once the door has been open for 45 minutes?,문이 45분 동안 열려 있으면 방송해 줄 수 있어?,execute,,D5,T2,none,,Speaker.Speak
G03854,연구실,LAB01,기기제어,Stop the robot arm once the switch has been on for 15 minutes,스위치가 15분 동안 켜져 있으면 로봇팔 멈춰,refuse,no_device,D5,T2,none,,
G03855,연구실,LAB04,기기제어,can you stop the lab robot arm once the switch has been on for 45 minutes?,스위치가 45분 동안 켜져 있으면 실험실 로봇팔 멈춰 줄래?,execute,,D5,T2,none,LAB04_LabRoom_ArmRobot_1 LAB04_LabRoom_ArmRobot_2,
G03856,연구실,LAB04,기기제어,Stop the lab robot arm once the switch has been on for 5 minutes,스위치가 5분 동안 켜져 있으면 실험실 로봇팔 멈춰,execute,,D5,T2,none,LAB04_LabRoom_ArmRobot_1 LAB04_LabRoom_ArmRobot_2,
G03857,연구실,LAB04,기기제어,can you stop the lab robot arm once the switch has been on for 15 minutes?,스위치가 15분 동안 켜져 있으면 실험실 로봇팔 멈춰 줄래?,execute,,D5,T2,none,LAB04_LabRoom_ArmRobot_1 LAB04_LabRoom_ArmRobot_2,
G03858,연구실,LAB02,알림예약,"Once the line run is done, wait 15 minutes and then tell me if something is off.",라인 가동이 끝날 때 15분 기다렸다가 뭔가 이상하면 알려 줘.,execute,,D2,T2,none,,Speaker.Speak
G03859,연구실,LAB02,기기제어,"When the gas sensor reads a dangerous level, keep checking and set off all the sirens for as long as the window is open",가스 센서가 위험 수준을 가리키면 창문이 열려 있는 동안 계속 모든 사이렌 울려,execute,,D5,T2,none,LAB02_LabRoom_Siren_1,
G03860,연구실,LAB03,기기제어,"When the gas sensor goes over 300, if the battery is under 20 percent right now, sound all the sirens",가스 센서가 300을 넘을 때 배터리가 20퍼센트 아래면 모든 사이렌 울려,execute,,D3,T2,none,LAB03_LabRoom_Siren_1,
G03861,연구실,LAB03,기기제어,"When the gas sensor goes over 200, run the lab ventilation fan for 3 minutes while nobody is around, and stop once that changes","가스 센서가 200을 넘으면 아무도 없는 동안 실험실 환풍기를 3분 동안 돌려 주고, 그러다 바뀌면 멈춰",execute,,D5,T2,none,LAB03_LabRoom_Ventilator_1 LAB03_LabRoom_Ventilator_2,
G03862,연구실,LAB02,기기제어,"If a gas leak is detected, keep checking and turn on the fume hood 1 for as long as the washing machine is running",가스 누출이 감지되면 세탁기가 도는 동안 계속 흄후드 1 켜,execute,,D5,T2,none,LAB02_LabRoom_Ventilator_1,
G03863,연구실,LAB01,기기제어,"The moment something moves in zone 3, wait 10 minutes and then turn on the lights",구역 3에서 뭔가 움직이는 순간 10분 기다렸다가 조명 전부 켜,execute,,D2,T2,none,tc0_5452b6c5-0dee-4cca-ba6f-15582b358305 tc0_7def1d9d-721c-4e35-b217-51fb8b46ba59 tc0_081181c1-3210-4ad2-8af1-f262fdc0fc76 tc0_ebfb522a028ef8add497wu tc0_eb8c9cf310d709af51rs9c tc0_57b081e4-f567-4a84-9121-4f0ed61ae733 tc0_d1b5e845-cbe2-42b4-9606-8ad71cb14901 tc0_4e13891d-054f-494a-9517-c56b38632fef tc0_05b24023-a435-4e1a-bf7d-680c5a0174ba tc0_ba52d76e-e6dc-41ff-8207-64c7d9d88b3b,
G03864,연구실,LAB01,기기제어,"If motion is detected in zone 5, keep checking and put the lights on for as long as the battery is under 20 percent",구역 5에서 움직임이 감지되면 배터리가 20퍼센트 아래인 동안 계속 조명 전부 켜,execute,,D5,T2,none,tc0_5452b6c5-0dee-4cca-ba6f-15582b358305 tc0_7def1d9d-721c-4e35-b217-51fb8b46ba59 tc0_081181c1-3210-4ad2-8af1-f262fdc0fc76 tc0_ebfb522a028ef8add497wu tc0_eb8c9cf310d709af51rs9c tc0_57b081e4-f567-4a84-9121-4f0ed61ae733 tc0_d1b5e845-cbe2-42b4-9606-8ad71cb14901 tc0_4e13891d-054f-494a-9517-c56b38632fef tc0_05b24023-a435-4e1a-bf7d-680c5a0174ba tc0_ba52d76e-e6dc-41ff-8207-64c7d9d88b3b,
G03865,연구실,LAB05,알림예약,"If power draw stays above 3000 watts, wait 15 minutes and then tell me if something is off",전력 사용이 3000와트를 계속 넘고 있을 때 15분 기다렸다가 뭔가 이상하면 알려 줘,execute,,D2,T2,none,,Speaker.Speak
G03866,연구실,LAB04,알림예약,"When energy use spikes, wait 15 minutes and then let me know.",전력 사용이 급증하면 15분 기다렸다가 알려 줘.,execute,,D2,T2,none,,NotificationProvider.SendPush
G03867,연구실,LAB04,기기제어,can you stop the chamber while the temperature stays over 32 degrees?,온도가 32도를 계속 넘고 있으면 챔버 멈춰 줄래?,refuse,no_device,D5,T2,none,,
G03868,연구실,LAB03,기기제어,Get the samples back on temperature while the temperature stays over 26 degrees,온도가 26도를 계속 넘고 있으면 시료 온도 다시 맞춰 줘,ask,,D5,T2,none,LAB03_ColdRoom_Refrigerator_1 LAB03_ColdRoom_Refrigerator_2 LAB03_LabRoom_Chamber_1 LAB03_LabRoom_Chamber_2 LAB03_LabRoom_Chamber_3,
G03869,연구실,LAB05,기기제어,can you stop the test bed chamber while the temperature stays over 24 degrees?,온도가 24도를 계속 넘고 있으면 테스트베드 챔버 멈춰 줄래?,execute,,D5,T2,none,LAB05_TestBed_Chamber_1,
G03870,연구실,LAB05,기기제어,Stop the test bed chamber while the temperature stays over 35 degrees,온도가 35도를 계속 넘고 있으면 테스트베드 챔버 멈춰,execute,,D5,T2,none,LAB05_TestBed_Chamber_1,
G03871,연구실,LAB05,기기제어,can you get the samples back on temperature while the temperature stays over 24 degrees?,온도가 24도를 계속 넘고 있으면 시료 온도 다시 맞춰 줄래?,execute,,D5,T2,none,LAB05_TestBed_Chamber_1,
G03872,연구실,LAB05,기기제어,Stop the test bed chamber while the temperature stays over 32 degrees,온도가 32도를 계속 넘고 있으면 테스트베드 챔버 멈춰,execute,,D5,T2,none,LAB05_TestBed_Chamber_1,
G03873,연구실,LAB05,기기제어,"While the temperature stays over 28 degrees, if nobody is around right now, stop the test bed chamber.",온도가 28도를 계속 넘고 있을 때 아무도 없으면 테스트베드 챔버 멈춰.,execute,,D3,T2,none,LAB05_TestBed_Chamber_1,
G03874,연구실,LAB02,알림예약,can you let me know while the temperature stays over 32 degrees?,온도가 32도를 계속 넘고 있으면 알려 줄래?,execute,,D5,T2,none,,Speaker.Speak
G03875,연구실,LAB03,알림예약,Push me an alert while the temperature stays over 26 degrees,온도가 26도를 계속 넘고 있으면 알림 띄워 줘,execute,,D5,T2,none,,Speaker.Speak
G03876,연구실,LAB05,알림예약,Give me a heads-up while the temperature stays over 35 degrees,온도가 35도를 계속 넘고 있으면 꼭 알려 줘,execute,,D5,T2,none,,Speaker.Speak
G03877,연구실,LAB01,알림예약,can you send me a notification while the temperature stays over 32 degrees?,온도가 32도를 계속 넘고 있으면 알림 보내 줄래?,execute,,D5,T2,none,,NotificationProvider.SendPush
G03878,연구실,LAB02,알림예약,Let me know while the temperature stays over 35 degrees,온도가 35도를 계속 넘고 있으면 알려 줘,execute,,D5,T2,none,,Speaker.Speak
G03879,연구실,LAB05,알림예약,"While the temperature stays over 26 degrees, wait 10 minutes and then give me a heads-up.",온도가 26도를 계속 넘고 있으면 10분 기다렸다가 꼭 알려 줘.,execute,,D2,T2,none,,Speaker.Speak
G03880,연구실,LAB02,알림예약,"When the temperature goes above 24 degrees, let me know, but only if the humidity is over 60 percent",온도가 24도를 넘으면 습도가 60퍼센트를 넘을 때만 알려 줘,execute,,D3,T2,none,,Speaker.Speak
G03881,연구실,LAB01,알림예약,"While the temperature stays over 24 degrees, I want to know when it changes",온도가 24도를 계속 넘고 있을 때 상태가 바뀌면 알려 줘,execute,,D5,T2,none,,NotificationProvider.SendPush
G03882,연구실,LAB02,기기제어,I'd like you to stop the pump while the pressure sensor stays above 800.,압력계가 800을 계속 넘고 있으면 펌프 멈춰 줬으면 해.,execute,,D5,T2,none,LAB02_LabRoom_Pump_1,
G03883,연구실,LAB02,기기제어,please stop all the pumps while the pressure sensor stays above 500.,압력계가 500을 계속 넘고 있으면 모든 펌프 멈춰 주세요.,execute,,D5,T2,none,LAB02_LabRoom_Pump_1,
G03884,연구실,LAB02,기기제어,Stop all the pumps while the pressure sensor stays above 100,압력계가 100을 계속 넘고 있으면 모든 펌프 멈춰,execute,,D5,T2,none,LAB02_LabRoom_Pump_1,
G03885,연구실,LAB02,기기제어,Run the ventilation fan for 15 minutes while the air quality sensor stays above 800,공기질 센서가 800을 계속 넘고 있으면 환풍기를 15분 동안 돌려,ask,,D5,T2,none,LAB02_LabRoom_Ventilator_1 LAB02_LabRoom_Ventilator_2 LAB02_LabRoom_Ventilator_3,
G03886,연구실,LAB02,기기제어,could you turn on the fume hood 3 while the air quality sensor stays above 200?,공기질 센서가 200을 계속 넘고 있으면 흄후드 3 켜 줄 수 있어?,execute,,D5,T2,none,LAB02_LabRoom_Ventilator_3,
G03887,연구실,LAB02,기기제어,"If the air quality sensor falls under 200, get fresh air in here while nobody is around, and stop once that changes","공기질 센서가 200 아래로 내려가면 아무도 없는 동안 바깥 공기 좀 넣어 주고, 그러다 바뀌면 멈춰",refuse,no_occupancy,D5,T2,none,,
G03888,연구실,LAB02,기기제어,can you turn on the fume hood 3 while the air quality sensor stays above 1000?,공기질 센서가 1000을 계속 넘고 있으면 흄후드 3 켜 줄래?,execute,,D5,T2,none,LAB02_LabRoom_Ventilator_3,
G03889,연구실,LAB01,알림예약,"60 minutes from now, send me a notification, but only if the room is too warm.",지금부터 60분 뒤에 방이 더울 때만 알림 보내 줘.,execute,,D3,T2,none,,NotificationProvider.SendPush
G03890,연구실,LAB03,상태조회,"After 60 minutes, if the humidity is over 60 percent right now, show it on the screen",60분 뒤에 습도가 60퍼센트를 넘으면 화면에 띄워 줘,refuse,no_channel,D3,T2,none,,
G03891,연구실,LAB05,알림예약,Give me a heads-up once the 3 minute timer runs out.,3분 타이머가 끝나면 꼭 알려 줘.,execute,,D2,T2,none,,Speaker.Speak
G03892,연구실,LAB02,알림예약,could you let me know after waiting 2 minutes?,2분 기다렸다가 알려 줄 수 있어?,execute,,D2,T2,none,,Speaker.Speak
G03893,연구실,LAB04,알림예약,Tell me about it 60 minutes from now,지금부터 60분 뒤에 알려 줘,execute,,D2,T2,none,,NotificationProvider.SendPush
G03894,연구실,LAB01,알림예약,"After 15 minutes, send a warning to my phone.",15분 뒤에 폰으로 경고 보내 줘.,execute,,D2,T2,none,,NotificationProvider.SendPush
G03895,연구실,LAB03,알림예약,please push me an alert once the 2 minute timer runs out.,2분 타이머가 끝나면 알림 좀 띄워 줘.,execute,,D2,T2,none,,Speaker.Speak
G03896,연구실,LAB05,알림예약,"After waiting 3 minutes, I want to know when it changes.",3분 기다렸다가 상태가 바뀌면 알려 줘.,execute,,D2,T2,none,,Speaker.Speak
G03897,연구실,LAB02,알림예약,I'd like you to let me know 15 minutes from now.,지금부터 15분 뒤에 알려 줬으면 해.,execute,,D2,T2,none,,Speaker.Speak
G03902,연구실,LAB02,기기제어,"Brighten this place up while the humidity is over 60 percent, and stop once that changes","습도가 60퍼센트를 넘는 동안 여기 좀 밝게 해 주고, 그러다 바뀌면 멈춰",execute,,D5,T2,none,LAB02_LabRoom_Light_1 LAB02_LabRoom_Light_2 LAB02_LabRoom_Light_3 LAB02_LabRoom_Light_4 LAB02_Storage_Light_1,
G03912,연구실,LAB05,기기제어,Wait 15 minutes and then bring the test bed lights down to 30 percent.,15분 기다렸다가 테스트베드 조명 밝기를 30퍼센트까지 낮춰.,execute,,D2,T2,none,LAB05_TestBed_Light_1 LAB05_TestBed_Light_2 LAB05_TestBed_Light_3,
G03914,연구실,LAB02,기기제어,Wait 10 minutes and then give me some light to read by.,10분 기다렸다가 책 읽을 만큼 불 좀 줘.,execute,,D2,T2,none,LAB02_LabRoom_Light_1 LAB02_LabRoom_Light_2 LAB02_LabRoom_Light_3 LAB02_LabRoom_Light_4 LAB02_Storage_Light_1,
G03927,연구실,LAB03,기기제어,"can you switch the light on, then 10 minutes later turn it back off?","조명 켜 주고, 10분 뒤에 다시 꺼 줄래?",ask,,D2,T2,none,LAB03_LabRoom_Light_1 LAB03_LabRoom_Light_2 LAB03_LabRoom_Light_3 LAB03_ColdRoom_Light_1,
G03960,연구실,LAB01,기기제어,"can you turn on the zone 6 switch, then 30 minutes later turn it back off?","구역 6 스위치 켜 주고, 30분 뒤에 다시 꺼 줄래?",execute,,D2,T2,none,tc0_05b24023-a435-4e1a-bf7d-680c5a0174ba,
G03963,연구실,LAB01,기기제어,"please set the humidifier to 45 percent, but only if the door is open.",문이 열려 있을 때만 가습기 45퍼센트로 맞춰 주세요.,execute,,D3,T2,none,tc0_3c7a4839-c2a6-4731-98f9-03eda6b31608,
G03969,연구실,LAB03,기기제어,Wait 15 minutes and then shut the cold room lights off,15분 기다렸다가 저온실 조명 꺼,execute,,D2,T2,none,LAB03_ColdRoom_Light_1,
G03970,연구실,LAB01,기기제어,Keep checking and cut power to the plug for as long as the humidity is over 60 percent,습도가 60퍼센트를 넘는 동안 계속 플러그 전원 차단해,ask,,D5,T2,none,tc0_Smart_Wi-Fi_Plug__43 tc0_Smart_Wi-Fi_Plug__44 tc0_Wi-Fi_Plug__46,
G03981,연구실,LAB05,기기제어,Wait 10 minutes and then run the fan for 3 minutes.,10분 기다렸다가 선풍기를 3분 동안 돌려.,refuse,no_device,D2,T2,none,,
G03987,연구실,LAB05,기기제어,"If someone is in the room right now, turn on the test bed lights.",방에 사람이 있으면 테스트베드 조명 켜.,execute,,D3,T2,none,LAB05_TestBed_Light_1 LAB05_TestBed_Light_2 LAB05_TestBed_Light_3,
G03989,연구실,LAB04,기기제어,"Turn off the lab switch, but only if the door is open",문이 열려 있을 때만 실험실 스위치 꺼,execute,,D3,T2,none,LAB04_LabRoom_Light_1 LAB04_LabRoom_Light_2 LAB04_LabRoom_Light_3 LAB04_LabRoom_Light_4 LAB04_LabRoom_Plug_1 LAB04_LabRoom_Plug_2 LAB04_LabRoom_Plug_3 LAB04_LabRoom_Plug_4 LAB04_LabRoom_AirConditioner_1,
G03996,연구실,LAB04,기기제어,Keep checking and run the reading scene on the lights for as long as the room is too warm.,방이 더운 동안 계속 조명 독서 모드 실행해.,execute,,D5,T2,none,LAB04_LabRoom_Light_1 LAB04_LabRoom_Light_2 LAB04_LabRoom_Light_3 LAB04_LabRoom_Light_4,
G04018,연구실,LAB05,기기제어,"Wait up to 5 minutes to see if the room is too warm; if not, put the test bed lights into focus mode.","방이 더워지는지 최대 5분 기다려 보고, 그래도 아니면 테스트베드 조명 집중 모드로 해.",execute,,D10,T3,none,LAB05_TestBed_Light_1 LAB05_TestBed_Light_2 LAB05_TestBed_Light_3,
G04021,연구실,LAB03,기기제어,"When the scene button is pressed, check every 5 minutes and set the lights to the focus scene if the door is open",씬 버튼이 눌리면 5분마다 확인해서 문이 열려 있을 때 조명 집중 모드로 해,execute,,D7,T3,none,LAB03_LabRoom_Light_1 LAB03_LabRoom_Light_2 LAB03_LabRoom_Light_3 LAB03_ColdRoom_Light_1,
G04030,연구실,LAB03,기기제어,"Wait up to 5 minutes to see if the window is open; if not, turn the lights up to 100 percent.","창문이 열리는지 최대 5분 기다려 보고, 그래도 아니면 조명 전부 밝기를 100퍼센트까지 올려.",execute,,D10,T3,none,LAB03_LabRoom_Light_1 LAB03_LabRoom_Light_2 LAB03_LabRoom_Light_3 LAB03_ColdRoom_Light_1,
G04032,연구실,LAB02,기기제어,"With a single press of the button, check every 20 minutes and turn the lights up to 70 percent if the window is open",버튼을 한 번 누르면 20분마다 확인해서 창문이 열려 있을 때 조명 전부 밝기를 70퍼센트까지 올려,execute,,D7,T3,none,LAB02_LabRoom_Light_1 LAB02_LabRoom_Light_2 LAB02_LabRoom_Light_3 LAB02_LabRoom_Light_4 LAB02_Storage_Light_1,
G04035,연구실,LAB02,기기제어,"When the scene button is pressed, check every 20 minutes and dim the lights to 15 percent if nobody is around.",씬 버튼이 눌리면 20분마다 확인해서 아무도 없을 때 조명 전부 밝기를 15퍼센트로 낮춰.,refuse,no_occupancy,D7,T3,none,,
G04048,연구실,LAB02,기기제어,"Wait up to 20 minutes to see if the washing machine is running; if not, put the lab lights on.","세탁기가 도는지 최대 20분 기다려 보고, 그래도 아니면 실험실 조명 켜.",execute,,D10,T3,sun,LAB02_LabRoom_Light_1 LAB02_LabRoom_Light_2 LAB02_LabRoom_Light_3 LAB02_LabRoom_Light_4,
G04052,연구실,LAB02,기기제어,"At sunset, check every 30 minutes and light up the lab lights if someone is in the room",해 질 때 30분마다 확인해서 방에 사람이 있을 때 실험실 조명 켜,refuse,no_occupancy,D7,T3,sun,,
G04053,연구실,LAB01,기기제어,"Wait up to 20 minutes to see if the temperature is under 18 degrees; if not, switch the occupancy indicator (zone 3) on","온도가 18도 아래로 내려가는지 최대 20분 기다려 보고, 그래도 아니면 재실 상태 인디케이터 (구역 3) 켜",execute,,D10,T3,sun,tc0_57b081e4-f567-4a84-9121-4f0ed61ae733,
G04058,연구실,LAB02,알림예약,"Every day at 9 am, push me an alert every 15 minutes until the battery is under 20 percent",매일 오전 9시에 배터리가 20퍼센트 아래로 내려갈 때까지 15분마다 알림 띄워 줘,execute,,D8,T3,none,,Speaker.Speak
G04071,연구실,LAB01,기기제어,"When the scene button is pressed, check every 10 minutes and light up the light if the window is open.",씬 버튼이 눌리면 10분마다 확인해서 창문이 열려 있을 때 조명 켜.,ask,,D7,T3,none,tc0_5452b6c5-0dee-4cca-ba6f-15582b358305 tc0_7def1d9d-721c-4e35-b217-51fb8b46ba59 tc0_081181c1-3210-4ad2-8af1-f262fdc0fc76 tc0_ebfb522a028ef8add497wu tc0_eb8c9cf310d709af51rs9c tc0_57b081e4-f567-4a84-9121-4f0ed61ae733 tc0_d1b5e845-cbe2-42b4-9606-8ad71cb14901 tc0_4e13891d-054f-494a-9517-c56b38632fef tc0_05b24023-a435-4e1a-bf7d-680c5a0174ba tc0_ba52d76e-e6dc-41ff-8207-64c7d9d88b3b,
G04074,연구실,LAB03,기기제어,"Wait up to 30 minutes to see if it is dark outside; if not, light up the lights.","바깥이 어두워지는지 최대 30분 기다려 보고, 그래도 아니면 조명 전부 켜.",execute,,D10,T3,none,LAB03_LabRoom_Light_1 LAB03_LabRoom_Light_2 LAB03_LabRoom_Light_3 LAB03_ColdRoom_Light_1,
G04101,연구실,LAB05,알림예약,"If the forecast says frost, give me a heads-up every 5 minutes for the next 4 hours",서리 예보가 있으면 앞으로 4시간 동안 5분마다 꼭 알려 줘,execute,,D8,T3,weather,,Speaker.Speak
G04102,연구실,LAB04,알림예약,"Wait up to 10 minutes to see if the tank is below half; if not, let me know","탱크가 절반 아래로 내려가는지 최대 10분 기다려 보고, 그래도 아니면 알려 줘",execute,,D10,T3,weather,,NotificationProvider.SendPush
G04103,연구실,LAB04,알림예약,"If rain is in the forecast, tell me about it every 20 minutes.",비 예보가 있으면 20분마다 알려 줘.,execute,,D7,T3,weather,,NotificationProvider.SendPush
G04108,연구실,LAB03,알림예약,"Once nobody is around, give me a heads-up every 5 minutes",아무도 없으면 5분마다 꼭 알려 줘,execute,,D9,T3,weather,,Speaker.Speak
G04112,연구실,LAB03,알림예약,"If the outside temperature drops below 5, repeat this 3 times: send me a notification, then wait 10 minutes.",바깥 온도가 5도 아래로 떨어지면 알림 보내 주고 10분 쉬는 걸 3번 반복해.,execute,,D8,T3,weather,,Speaker.Speak
G04115,연구실,LAB03,알림예약,"If rain is in the forecast, tell me about it every 5 minutes until the temperature is under 18 degrees",비 예보가 있으면 온도가 18도 아래로 내려갈 때까지 5분마다 알려 줘,execute,,D8,T3,weather,,Speaker.Speak
G04133,연구실,LAB01,상태조회,"When a meeting is about to start, check every 5 minutes and show it on the screen if the washing machine is running.",회의가 곧 시작되면 5분마다 확인해서 세탁기가 돌고 있을 때 화면에 띄워 줘.,refuse,no_channel,D7,T3,calendar,,
G04134,연구실,LAB04,알림예약,"If my calendar says I am busy, push me an alert every 30 minutes until the temperature is under 18 degrees",일정상 내가 바쁘면 온도가 18도 아래로 내려갈 때까지 30분마다 알림 띄워 줘,execute,,D8,T3,calendar,,NotificationProvider.SendPush
G04137,연구실,LAB03,알림예약,"At the start of my next event, repeat this 6 times: push me an alert, then wait 10 minutes",다음 일정이 시작되면 알림 띄워 주고 10분 쉬는 걸 6번 반복해,execute,,D8,T3,calendar,,Speaker.Speak
G04151,연구실,LAB02,알림예약,"Wait up to 15 minutes to see if it is dark outside; if not, push me an alert","바깥이 어두워지는지 최대 15분 기다려 보고, 그래도 아니면 알림 띄워 줘",execute,,D10,T3,none,,Speaker.Speak
G04155,연구실,LAB01,기기제어,"Wait up to 10 minutes to see if the washing machine is running; if not, put the thermostat on 20 degrees.","세탁기가 도는지 최대 10분 기다려 보고, 그래도 아니면 온도조절기 20도로 해.",refuse,no_device,D10,T3,none,,
G04165,연구실,LAB04,기기제어,"30 minutes from now, start a countdown for 15 minutes every 30 minutes for the next 2 hours",지금부터 30분 뒤에 앞으로 2시간 동안 30분마다 15분 카운트다운 시작해 줘,refuse,no_service,D8,T3,none,,
G04169,연구실,LAB01,기기제어,"After waiting 10 minutes, check every 15 minutes and set a 45 minute timer if someone is in the room",10분 기다렸다가 15분마다 확인해서 방에 사람이 있을 때 45분 타이머 맞춰 줘,refuse,no_service,D7,T3,none,,
G04178,연구실,LAB01,기기제어,"Once the door has been open for 15 minutes, check every 30 minutes and change the light to green if nobody is around",문이 15분 동안 열려 있으면 30분마다 확인해서 아무도 없을 때 조명 초록색으로 바꿔,ask,,D7,T3,none,tc0_5452b6c5-0dee-4cca-ba6f-15582b358305 tc0_7def1d9d-721c-4e35-b217-51fb8b46ba59 tc0_081181c1-3210-4ad2-8af1-f262fdc0fc76 tc0_ebfb522a028ef8add497wu tc0_eb8c9cf310d709af51rs9c tc0_57b081e4-f567-4a84-9121-4f0ed61ae733 tc0_d1b5e845-cbe2-42b4-9606-8ad71cb14901 tc0_4e13891d-054f-494a-9517-c56b38632fef tc0_05b24023-a435-4e1a-bf7d-680c5a0174ba tc0_ba52d76e-e6dc-41ff-8207-64c7d9d88b3b,
G04181,연구실,LAB01,기기제어,"Once the door has been open for 3 minutes, check every 5 minutes and change the lights to amber if the room is too warm.",문이 3분 동안 열려 있으면 5분마다 확인해서 방이 더울 때 조명 전부 호박색으로 바꿔.,execute,,D7,T3,none,tc0_5452b6c5-0dee-4cca-ba6f-15582b358305 tc0_7def1d9d-721c-4e35-b217-51fb8b46ba59 tc0_081181c1-3210-4ad2-8af1-f262fdc0fc76 tc0_ebfb522a028ef8add497wu tc0_eb8c9cf310d709af51rs9c tc0_57b081e4-f567-4a84-9121-4f0ed61ae733 tc0_d1b5e845-cbe2-42b4-9606-8ad71cb14901 tc0_4e13891d-054f-494a-9517-c56b38632fef tc0_05b24023-a435-4e1a-bf7d-680c5a0174ba tc0_ba52d76e-e6dc-41ff-8207-64c7d9d88b3b,
G04189,연구실,LAB01,알림예약,"If any sensor battery is running low, give me a heads-up every 15 minutes until the tank is below half",센서 배터리가 얼마 안 남으면 탱크가 절반 아래로 내려갈 때까지 15분마다 꼭 알려 줘,execute,,D8,T3,none,,NotificationProvider.SendPush
G04194,연구실,LAB03,기기제어,"If a window is left open, check every 20 minutes and shut the garage door if the tank is below half",창문이 열린 채로 있으면 20분마다 확인해서 탱크가 절반 아래일 때 차고문 닫아,refuse,no_device,D7,T3,none,,
G04210,연구실,LAB01,알림예약,"When nothing has moved for 2 minutes, give me a heads-up every 15 minutes until it is dark outside.",2분 동안 아무 움직임도 없으면 바깥이 어두워질 때까지 15분마다 꼭 알려 줘.,execute,,D8,T3,none,,NotificationProvider.SendPush
G04218,연구실,LAB01,알림예약,"Once the humidity is over 60 percent, let me know every 5 minutes",습도가 60퍼센트를 넘으면 5분마다 알려 줘,execute,,D9,T3,none,,NotificationProvider.SendPush
G04220,연구실,LAB04,알림예약,"If power draw stays above 3000 watts, send me a notification every 30 minutes.",전력 사용이 3000와트를 계속 넘고 있으면 30분마다 알림 보내 줘.,execute,,D7,T3,none,,NotificationProvider.SendPush
G04229,연구실,LAB01,기기제어,"On Thursday at 6 pm, take a snapshot with all the cameras every 10 minutes for the next 6 hours",목요일 오후 6시에 앞으로 6시간 동안 10분마다 모든 카메라로 사진 찍어,execute,,D8,T3,none,tc0_ebbcbc45bf05318db9w0ew,
G04231,연구실,LAB02,알림예약,"If the leak sensor finds water on the floor, push me an alert every 10 minutes until the room is too warm",누수 센서가 바닥의 물을 감지하면 방이 더워질 때까지 10분마다 알림 띄워 줘,execute,,D8,T3,none,,Speaker.Speak
G04283,연구실,LAB01,기기제어,"Wait up to 30 minutes to see if the tank is below half; if not, turn the light warm white","탱크가 절반 아래로 내려가는지 최대 30분 기다려 보고, 그래도 아니면 조명 전구색으로 켜",ask,,D10,T3,none,tc0_5452b6c5-0dee-4cca-ba6f-15582b358305 tc0_7def1d9d-721c-4e35-b217-51fb8b46ba59 tc0_081181c1-3210-4ad2-8af1-f262fdc0fc76 tc0_ebfb522a028ef8add497wu tc0_eb8c9cf310d709af51rs9c tc0_57b081e4-f567-4a84-9121-4f0ed61ae733 tc0_d1b5e845-cbe2-42b4-9606-8ad71cb14901 tc0_4e13891d-054f-494a-9517-c56b38632fef tc0_05b24023-a435-4e1a-bf7d-680c5a0174ba tc0_ba52d76e-e6dc-41ff-8207-64c7d9d88b3b,
G04291,연구실,LAB05,기기제어,"When the camera starts recording, make the test bed lights warm white every 5 minutes",카메라가 녹화를 시작하면 5분마다 테스트베드 조명 전구색으로 해,execute,,D7,T3,none,LAB05_TestBed_Light_1 LAB05_TestBed_Light_2 LAB05_TestBed_Light_3,
G04295,연구실,LAB01,알림예약,"Wait up to 10 minutes to see if the door is open; if not, let me know","문이 열리는지 최대 10분 기다려 보고, 그래도 아니면 알려 줘",execute,,D10,T3,none,,NotificationProvider.SendPush
G04304,연구실,LAB05,기기제어,"When nothing has moved for 18 minutes, check every 5 minutes and put the thermostat on 24 degrees if the battery is under 20 percent",18분 동안 아무 움직임도 없으면 5분마다 확인해서 배터리가 20퍼센트 아래일 때 온도조절기 24도로 해,refuse,no_device,D7,T3,none,,
G04320,연구실,LAB04,기기제어,"When I press the button, check every 5 minutes and switch the lab plug off if the tank is below half.",내가 버튼을 누르면 5분마다 확인해서 탱크가 절반 아래일 때 실험실 플러그 꺼.,execute,,D7,T3,none,LAB04_LabRoom_Plug_1 LAB04_LabRoom_Plug_2 LAB04_LabRoom_Plug_3 LAB04_LabRoom_Plug_4,
G04332,연구실,LAB04,기기제어,"Wait up to 20 minutes to see if the tank is below half; if not, switch the equipment outlet 4 off.","탱크가 절반 아래로 내려가는지 최대 20분 기다려 보고, 그래도 아니면 장비 콘센트 4 꺼.",execute,,D10,T3,sun,LAB04_LabRoom_Plug_4,
G04353,연구실,LAB04,기기제어,"Wait up to 15 minutes to see if the humidity is over 60 percent; if not, set the lab air conditioner to 24 degrees","습도가 60퍼센트를 넘는지 최대 15분 기다려 보고, 그래도 아니면 실험실 에어컨 24도로 맞춰",execute,,D10,T3,phone,LAB04_LabRoom_AirConditioner_1,
G04358,연구실,LAB02,기기제어,"Wait up to 20 minutes to see if the door is open; if not, kill the lights","문이 열리는지 최대 20분 기다려 보고, 그래도 아니면 조명 전부 꺼",execute,,D10,T3,none,LAB02_LabRoom_Light_1 LAB02_LabRoom_Light_2 LAB02_LabRoom_Light_3 LAB02_LabRoom_Light_4 LAB02_Storage_Light_1,
G04360,연구실,LAB03,기기제어,"Wait up to 15 minutes to see if the temperature is under 18 degrees; if not, lock all the door locks.","온도가 18도 아래로 내려가는지 최대 15분 기다려 보고, 그래도 아니면 모든 도어락 잠가.",execute,,D10,T3,none,LAB03_Entrance_DoorLock_1,
G04361,연구실,LAB02,기기제어,"Wait up to 30 minutes to see if the battery is under 20 percent; if not, lock all the door locks","배터리가 20퍼센트 아래로 내려가는지 최대 30분 기다려 보고, 그래도 아니면 모든 도어락 잠가",execute,,D10,T3,none,LAB02_Entrance_DoorLock_1,
G04371,연구실,LAB02,기기제어,"With a single press of the button, repeat this 4 times: set off the siren, then wait 30 minutes",버튼을 한 번 누르면 사이렌 울려 주고 30분 쉬는 걸 4번 반복해,execute,,D8,T3,none,LAB02_LabRoom_Siren_1,
G04373,연구실,LAB01,기기제어,"Wait up to 20 minutes to see if the tank is below half; if not, make the lights purple","탱크가 절반 아래로 내려가는지 최대 20분 기다려 보고, 그래도 아니면 조명 전부 보라색으로 해",execute,,D10,T3,none,tc0_5452b6c5-0dee-4cca-ba6f-15582b358305 tc0_7def1d9d-721c-4e35-b217-51fb8b46ba59 tc0_081181c1-3210-4ad2-8af1-f262fdc0fc76 tc0_ebfb522a028ef8add497wu tc0_eb8c9cf310d709af51rs9c tc0_57b081e4-f567-4a84-9121-4f0ed61ae733 tc0_d1b5e845-cbe2-42b4-9606-8ad71cb14901 tc0_4e13891d-054f-494a-9517-c56b38632fef tc0_05b24023-a435-4e1a-bf7d-680c5a0174ba tc0_ba52d76e-e6dc-41ff-8207-64c7d9d88b3b,
G04378,연구실,LAB02,기기제어,"Wait up to 20 minutes to see if the window is open; if not, announce it on the lab speaker.","창문이 열리는지 최대 20분 기다려 보고, 그래도 아니면 실험실 스피커로 알려.",execute,,D10,T3,none,LAB02_LabRoom_Speaker_1,
G04380,연구실,LAB05,기기제어,"Once the washing machine is running, play a chime on the test bed speaker every 20 minutes.",세탁기가 돌고 있으면 20분마다 테스트베드 스피커로 알림음 울려.,execute,,D9,T3,none,LAB05_TestBed_Speaker_1,
G04409,연구실,LAB01,기기제어,"If power draw stays above 500 watts, check every 15 minutes and make the occupancy indicator (zone 3) purple if the room is too warm.",전력 사용이 500와트를 계속 넘고 있으면 15분마다 확인해서 방이 더울 때 재실 상태 인디케이터 (구역 3) 보라색으로 해.,execute,,D7,T3,none,tc0_57b081e4-f567-4a84-9121-4f0ed61ae733,
G04410,연구실,LAB05,기기제어,"Wait up to 30 minutes to see if nobody is around; if not, change the zone 3 light to blue.","아무도 없는지 최대 30분 기다려 보고, 그래도 아니면 구역 3 조명 파란색으로 바꿔.",execute,,D10,T3,none,LAB05_TestBed_Light_3,
G04420,연구실,LAB01,기기제어,"Once the room is too warm, shut the lights off every 10 minutes",방이 너무 더우면 10분마다 조명 전부 꺼,execute,,D9,T3,none,tc0_5452b6c5-0dee-4cca-ba6f-15582b358305 tc0_7def1d9d-721c-4e35-b217-51fb8b46ba59 tc0_081181c1-3210-4ad2-8af1-f262fdc0fc76 tc0_ebfb522a028ef8add497wu tc0_eb8c9cf310d709af51rs9c tc0_57b081e4-f567-4a84-9121-4f0ed61ae733 tc0_d1b5e845-cbe2-42b4-9606-8ad71cb14901 tc0_4e13891d-054f-494a-9517-c56b38632fef tc0_05b24023-a435-4e1a-bf7d-680c5a0174ba tc0_ba52d76e-e6dc-41ff-8207-64c7d9d88b3b,
G04422,연구실,LAB01,기기제어,"When the camera starts recording, check every 20 minutes and shut the lights off if the battery is under 20 percent.",카메라가 녹화를 시작하면 20분마다 확인해서 배터리가 20퍼센트 아래일 때 조명 전부 꺼.,execute,,D7,T3,none,tc0_5452b6c5-0dee-4cca-ba6f-15582b358305 tc0_7def1d9d-721c-4e35-b217-51fb8b46ba59 tc0_081181c1-3210-4ad2-8af1-f262fdc0fc76 tc0_ebfb522a028ef8add497wu tc0_eb8c9cf310d709af51rs9c tc0_57b081e4-f567-4a84-9121-4f0ed61ae733 tc0_d1b5e845-cbe2-42b4-9606-8ad71cb14901 tc0_4e13891d-054f-494a-9517-c56b38632fef tc0_05b24023-a435-4e1a-bf7d-680c5a0174ba tc0_ba52d76e-e6dc-41ff-8207-64c7d9d88b3b,
G04506,연구실,LAB02,상태조회,"Wait up to 30 minutes to see if someone is in the room; if not, say it out loud on the speaker","방에 사람이 오는지 최대 30분 기다려 보고, 그래도 아니면 스피커로 소리 내서 알려 줘",refuse,no_occupancy,D10,T3,none,,
G04507,연구실,LAB02,알림예약,"Once the temperature is under 18 degrees, send me a notification every 20 minutes.",온도가 18도 아래면 20분마다 알림 보내 줘.,execute,,D9,T3,none,,Speaker.Speak
G04508,연구실,LAB03,상태조회,"Once someone is in the room, show it on the screen every 20 minutes",방에 사람이 있으면 20분마다 화면에 띄워 줘,refuse,no_channel,D9,T3,none,,
G04509,연구실,LAB01,알림예약,"When the door closes, repeat this 6 times: give me a heads-up, then wait 5 minutes.",문이 닫히면 꼭 알려 주고 5분 쉬는 걸 6번 반복해.,execute,,D8,T3,none,,NotificationProvider.SendPush
G04510,연구실,LAB02,알림예약,"If a window is left open, let me know every 10 minutes",창문이 열린 채로 있으면 10분마다 알려 줘,execute,,D7,T3,none,,Speaker.Speak
G04511,연구실,LAB02,알림예약,"Wait up to 10 minutes to see if the door is open; if not, announce it","문이 열리는지 최대 10분 기다려 보고, 그래도 아니면 방송해 줘",execute,,D10,T3,none,,Speaker.Speak
G04512,연구실,LAB04,알림예약,"Once the tank is below half, tell me about it every 15 minutes.",탱크가 절반 아래면 15분마다 알려 줘.,execute,,D9,T3,none,,NotificationProvider.SendPush
G04513,연구실,LAB02,알림예약,"When the machine finishes its cycle, repeat this 5 times: send me a notification, then wait 10 minutes",설비가 한 사이클을 마치면 알림 보내 주고 10분 쉬는 걸 5번 반복해,execute,,D8,T3,none,,Speaker.Speak
G04514,연구실,LAB04,알림예약,"Once the line run is done, push me an alert every 5 minutes.",라인 가동이 끝나면 5분마다 알림 띄워 줘.,execute,,D7,T3,none,,NotificationProvider.SendPush
G04515,연구실,LAB04,알림예약,"Wait up to 30 minutes to see if the humidity is over 60 percent; if not, let me know.","습도가 60퍼센트를 넘는지 최대 30분 기다려 보고, 그래도 아니면 알려 줘.",execute,,D10,T3,none,,NotificationProvider.SendPush
G04516,연구실,LAB01,기기제어,"The moment something moves in zone 1, check every 10 minutes and light up the light if the door is open",구역 1에서 뭔가 움직이는 순간 10분마다 확인해서 문이 열려 있을 때 조명 켜,ask,,D7,T3,none,tc0_5452b6c5-0dee-4cca-ba6f-15582b358305 tc0_7def1d9d-721c-4e35-b217-51fb8b46ba59 tc0_081181c1-3210-4ad2-8af1-f262fdc0fc76 tc0_ebfb522a028ef8add497wu tc0_eb8c9cf310d709af51rs9c tc0_57b081e4-f567-4a84-9121-4f0ed61ae733 tc0_d1b5e845-cbe2-42b4-9606-8ad71cb14901 tc0_4e13891d-054f-494a-9517-c56b38632fef tc0_05b24023-a435-4e1a-bf7d-680c5a0174ba tc0_ba52d76e-e6dc-41ff-8207-64c7d9d88b3b,
G04517,연구실,LAB01,기기제어,"When the motion sensor detects movement, check every 20 minutes and put the light on if the humidity is over 60 percent.",동작 감지 센서가 움직임을 감지하면 20분마다 확인해서 습도가 60퍼센트를 넘을 때 조명 켜.,ask,,D7,T3,none,tc0_5452b6c5-0dee-4cca-ba6f-15582b358305 tc0_7def1d9d-721c-4e35-b217-51fb8b46ba59 tc0_081181c1-3210-4ad2-8af1-f262fdc0fc76 tc0_ebfb522a028ef8add497wu tc0_eb8c9cf310d709af51rs9c tc0_57b081e4-f567-4a84-9121-4f0ed61ae733 tc0_d1b5e845-cbe2-42b4-9606-8ad71cb14901 tc0_4e13891d-054f-494a-9517-c56b38632fef tc0_05b24023-a435-4e1a-bf7d-680c5a0174ba tc0_ba52d76e-e6dc-41ff-8207-64c7d9d88b3b,
G04518,연구실,LAB01,기기제어,"If motion is detected in the entrance, check every 20 minutes and put the zone 5 lights on if the door is open",현관에서 움직임이 감지되면 20분마다 확인해서 문이 열려 있을 때 구역 5 조명 켜,execute,,D7,T3,none,tc0_5452b6c5-0dee-4cca-ba6f-15582b358305,
G04519,연구실,LAB01,기기제어,"Wait up to 20 minutes to see if the battery is under 20 percent; if not, put the zone 4 lights on","배터리가 20퍼센트 아래로 내려가는지 최대 20분 기다려 보고, 그래도 아니면 구역 4 조명 켜",execute,,D10,T3,none,tc0_ba52d76e-e6dc-41ff-8207-64c7d9d88b3b,
G04520,연구실,LAB01,기기제어,"When the motion sensor picks something up, check every 20 minutes and get the zone 5 lights on if the door is open",동작 감지 센서에 뭔가 잡히면 20분마다 확인해서 문이 열려 있을 때 구역 5 조명 켜,execute,,D7,T3,none,tc0_5452b6c5-0dee-4cca-ba6f-15582b358305,
G04521,연구실,LAB02,알림예약,"If the meter reads above 500, push me an alert every 10 minutes for the next 2 hours",계량기가 500을 넘으면 앞으로 2시간 동안 10분마다 알림 띄워 줘,execute,,D8,T3,none,,Speaker.Speak
G04522,연구실,LAB01,알림예약,"When power draw goes over 1000 watts, check every 20 minutes and send a warning to my phone if nobody is around",전력 사용이 1000와트를 넘으면 20분마다 확인해서 아무도 없을 때 폰으로 경고 보내 줘,execute,,D7,T3,none,,NotificationProvider.SendPush
G04523,연구실,LAB04,알림예약,"When energy use spikes, tell me about it every 15 minutes for the next 3 hours.",전력 사용이 급증하면 앞으로 3시간 동안 15분마다 알려 줘.,execute,,D8,T3,none,,NotificationProvider.SendPush
G04524,연구실,LAB01,알림예약,"When power draw goes over 3000 watts, announce it every 15 minutes.",전력 사용이 3000와트를 넘으면 15분마다 방송해 줘.,execute,,D7,T3,none,,Speaker.Speak
G04525,연구실,LAB02,기기제어,"Wait up to 5 minutes to see if someone is in the room; if not, set the climate chamber 2 to 20 degrees.","방에 사람이 오는지 최대 5분 기다려 보고, 그래도 아니면 항온항습기 2 20도로 맞춰.",refuse,no_occupancy,D10,T3,none,,
G04526,연구실,LAB02,기기제어,"While the temperature stays over 30 degrees, check every 20 minutes and start the climate chamber 2 if the window is open.",온도가 30도를 계속 넘고 있으면 20분마다 확인해서 창문이 열려 있을 때 항온항습기 2 켜.,execute,,D7,T3,none,LAB02_LabRoom_Chamber_2,
G04527,연구실,LAB05,기기제어,"Wait up to 5 minutes to see if the washing machine is running; if not, start the test bed chamber","세탁기가 도는지 최대 5분 기다려 보고, 그래도 아니면 테스트베드 챔버 켜",execute,,D10,T3,none,LAB05_TestBed_Chamber_1,
G04528,연구실,LAB02,기기제어,"Wait up to 10 minutes to see if someone is in the room; if not, set the climate chamber 1 to 37 degrees","방에 사람이 오는지 최대 10분 기다려 보고, 그래도 아니면 항온항습기 1 37도로 맞춰",refuse,no_occupancy,D10,T3,none,,
G04529,연구실,LAB03,기기제어,"Wait up to 20 minutes to see if it is dark outside; if not, set the incubator 2 to 37 degrees.","바깥이 어두워지는지 최대 20분 기다려 보고, 그래도 아니면 인큐베이터 2 37도로 맞춰.",execute,,D10,T3,none,LAB03_LabRoom_Chamber_2,
G04530,연구실,LAB02,기기제어,"Wait up to 15 minutes to see if someone is in the room; if not, set the climate chamber 1 to 30 degrees","방에 사람이 오는지 최대 15분 기다려 보고, 그래도 아니면 항온항습기 1 30도로 맞춰",refuse,no_occupancy,D10,T3,none,,
G04531,연구실,LAB05,알림예약,"When the temperature goes above 24 degrees, repeat this 4 times: give me a heads-up, then wait 20 minutes.",온도가 24도를 넘으면 꼭 알려 주고 20분 쉬는 걸 4번 반복해.,execute,,D8,T3,none,,Speaker.Speak
G04532,연구실,LAB01,알림예약,"Wait up to 10 minutes to see if the tank is below half; if not, send a warning to my phone","탱크가 절반 아래로 내려가는지 최대 10분 기다려 보고, 그래도 아니면 폰으로 경고 보내 줘",execute,,D10,T3,none,,NotificationProvider.SendPush
G04533,연구실,LAB03,알림예약,"If the temperature drops below 15 degrees, push me an alert every 15 minutes until the window is open.",온도가 15도 아래로 떨어지면 창문이 열릴 때까지 15분마다 알림 띄워 줘.,execute,,D8,T3,none,,Speaker.Speak
G04534,연구실,LAB02,기기제어,"Once the battery is under 20 percent, run the fume hood 1 for 5 minutes every 30 minutes.",배터리가 20퍼센트 아래면 30분마다 흄후드 1을 5분 동안 돌려.,execute,,D9,T3,none,LAB02_LabRoom_Ventilator_1,
G04535,연구실,LAB02,기기제어,"Once the air quality gets worse than 200, run the lab ventilation fan for 2 minutes every 5 minutes",공기질이 200보다 나빠지면 5분마다 실험실 환풍기를 2분 동안 돌려,execute,,D7,T3,none,LAB02_LabRoom_Ventilator_1 LAB02_LabRoom_Ventilator_2 LAB02_LabRoom_Ventilator_3,
G04536,연구실,LAB02,기기제어,"Once the air quality gets worse than 800, run the fume hood 3 for 15 minutes every 20 minutes until it is dark outside.",공기질이 800보다 나빠지면 바깥이 어두워질 때까지 20분마다 흄후드 3을 15분 동안 돌려.,execute,,D8,T3,none,LAB02_LabRoom_Ventilator_3,
G04537,연구실,LAB02,기기제어,"While the air quality sensor stays above 300, check every 20 minutes and run the lab ventilation fan for 10 minutes if the washing machine is running",공기질 센서가 300을 계속 넘고 있으면 20분마다 확인해서 세탁기가 돌고 있을 때 실험실 환풍기를 10분 동안 돌려,execute,,D7,T3,none,LAB02_LabRoom_Ventilator_1 LAB02_LabRoom_Ventilator_2 LAB02_LabRoom_Ventilator_3,
G04538,연구실,LAB02,기기제어,"While the air quality sensor stays above 1000, check every 30 minutes and run the fume hood 2 for 2 minutes if it is dark outside.",공기질 센서가 1000을 계속 넘고 있으면 30분마다 확인해서 바깥이 어두울 때 흄후드 2를 2분 동안 돌려.,execute,,D7,T3,none,LAB02_LabRoom_Ventilator_2,
G04539,연구실,LAB02,기기제어,"Once the air quality gets worse than 500, repeat this 3 times: run the lab ventilation fan for 20 minutes, then wait 30 minutes",공기질이 500보다 나빠지면 실험실 환풍기를 20분 동안 돌려 주고 30분 쉬는 걸 3번 반복해,execute,,D8,T3,none,LAB02_LabRoom_Ventilator_1 LAB02_LabRoom_Ventilator_2 LAB02_LabRoom_Ventilator_3,
G04540,연구실,LAB02,기기제어,"Wait up to 5 minutes to see if the door is open; if not, stop the climate chamber 2.","문이 열리는지 최대 5분 기다려 보고, 그래도 아니면 항온항습기 2 멈춰.",execute,,D10,T3,none,LAB02_LabRoom_Chamber_2,
G04541,연구실,LAB02,기기제어,"Every morning at 6:30 am, check every 20 minutes and stop the climate chamber 2 if it is dark outside",매일 오전 6시 30분에 20분마다 확인해서 바깥이 어두울 때 항온항습기 2 멈춰,execute,,D7,T3,none,LAB02_LabRoom_Chamber_2,
G04542,연구실,LAB02,기기제어,"At 7 am, check every 10 minutes and stop the climate chamber 1 if the temperature is under 18 degrees.",오전 7시에 10분마다 확인해서 온도가 18도 아래일 때 항온항습기 1 멈춰.,execute,,D7,T3,none,LAB02_LabRoom_Chamber_1,
G04543,연구실,LAB02,알림예약,"Once the washing machine is running, let me know every 20 minutes.",세탁기가 돌고 있으면 20분마다 알려 줘.,execute,,D9,T3,none,,Speaker.Speak
G04544,연구실,LAB04,알림예약,"After 30 minutes, repeat this 5 times: tell me about it, then wait 20 minutes.",30분 뒤에 알려 주고 20분 쉬는 걸 5번 반복해.,execute,,D8,T3,none,,NotificationProvider.SendPush
G04551,연구실,LAB02,기기제어,Check every 5 minutes and put the lights on if the humidity is over 60 percent,5분마다 확인해서 습도가 60퍼센트를 넘으면 조명 전부 켜,execute,,D7,T3,none,LAB02_LabRoom_Light_1 LAB02_LabRoom_Light_2 LAB02_LabRoom_Light_3 LAB02_LabRoom_Light_4 LAB02_Storage_Light_1,
G04559,연구실,LAB01,기기제어,Check every 10 minutes and turn on the lights if the room is too warm,10분마다 확인해서 방이 너무 더우면 조명 전부 켜,execute,,D7,T3,none,tc0_5452b6c5-0dee-4cca-ba6f-15582b358305 tc0_7def1d9d-721c-4e35-b217-51fb8b46ba59 tc0_081181c1-3210-4ad2-8af1-f262fdc0fc76 tc0_ebfb522a028ef8add497wu tc0_eb8c9cf310d709af51rs9c tc0_57b081e4-f567-4a84-9121-4f0ed61ae733 tc0_d1b5e845-cbe2-42b4-9606-8ad71cb14901 tc0_4e13891d-054f-494a-9517-c56b38632fef tc0_05b24023-a435-4e1a-bf7d-680c5a0174ba tc0_ba52d76e-e6dc-41ff-8207-64c7d9d88b3b,
G04578,연구실,LAB05,기기제어,Check every 15 minutes and turn on the zone 1 light if the door is open,15분마다 확인해서 문이 열려 있으면 구역 1 조명 켜,execute,,D7,T3,none,LAB05_TestBed_Light_1,
G04585,연구실,LAB03,기기제어,Check every 15 minutes and bring the lab lights down to 5 percent if the room is too warm.,15분마다 확인해서 방이 너무 더우면 실험실 조명 밝기를 5퍼센트까지 낮춰.,execute,,D7,T3,none,LAB03_LabRoom_Light_1 LAB03_LabRoom_Light_2 LAB03_LabRoom_Light_3,
G04603,연구실,LAB01,기기제어,Check every 30 minutes and light up the zone 6 lights if the tank is below half,30분마다 확인해서 탱크가 절반 아래면 구역 6 조명 켜,execute,,D7,T3,none,tc0_05b24023-a435-4e1a-bf7d-680c5a0174ba,
G04606,연구실,LAB02,기기제어,Check every 30 minutes and turn the lab lights red if the tank is below half,30분마다 확인해서 탱크가 절반 아래면 실험실 조명 빨간색으로 켜,execute,,D7,T3,none,LAB02_LabRoom_Light_1 LAB02_LabRoom_Light_2 LAB02_LabRoom_Light_3 LAB02_LabRoom_Light_4,
G04623,연구실,LAB01,기기제어,Check every 30 minutes and pause the TV if the temperature is under 18 degrees.,30분마다 확인해서 온도가 18도 아래면 TV 일시정지해.,refuse,no_device,D7,T3,none,,
G04643,연구실,LAB01,기기제어,"Wait up to 10 minutes to see if the battery is under 20 percent; if not, toggle the zone 1 switch.","배터리가 20퍼센트 아래로 내려가는지 최대 10분 기다려 보고, 그래도 아니면 구역 1 스위치 껐다 켜.",execute,,D10,T3,none,tc0_d1b5e845-cbe2-42b4-9606-8ad71cb14901,
G04644,연구실,LAB04,기기제어,"Once the temperature is under 18 degrees, toggle the lab switch every 15 minutes.",온도가 18도 아래면 15분마다 실험실 스위치 껐다 켜.,execute,,D9,T3,none,LAB04_LabRoom_Light_1 LAB04_LabRoom_Light_2 LAB04_LabRoom_Light_3 LAB04_LabRoom_Light_4 LAB04_LabRoom_Plug_1 LAB04_LabRoom_Plug_2 LAB04_LabRoom_Plug_3 LAB04_LabRoom_Plug_4 LAB04_LabRoom_AirConditioner_1,
G04657,연구실,LAB05,알림예약,Check every 20 minutes and ping me when the test bed chamber finishes if the battery is under 20 percent.,20분마다 확인해서 배터리가 20퍼센트 아래일 때 테스트베드 챔버 끝나면 알려 줘.,execute,,D7,T3,none,,Speaker.Speak
G04672,연구실,LAB01,기기제어,"Wait up to 10 minutes to see if someone is in the room; if not, lock the door lock","방에 사람이 오는지 최대 10분 기다려 보고, 그래도 아니면 도어락 잠가",refuse,no_device,D10,T3,none,,
G04678,연구실,LAB02,기기제어,Check every 15 minutes and make sure the door lock is locked if someone is in the room.,15분마다 확인해서 방에 사람이 있으면 도어락 잠겼는지 봐 줘.,refuse,no_occupancy,D7,T3,none,,
G04679,연구실,LAB04,기기제어,"Wait up to 20 minutes to see if the temperature is under 18 degrees; if not, make sure the door lock is locked","온도가 18도 아래로 내려가는지 최대 20분 기다려 보고, 그래도 아니면 도어락 잠겼는지 봐 줘",execute,,D10,T3,none,LAB04_Entrance_DoorLock_1,
G04684,연구실,LAB04,기기제어,"Wait up to 20 minutes to see if the humidity is over 60 percent; if not, unlock the door lock.","습도가 60퍼센트를 넘는지 최대 20분 기다려 보고, 그래도 아니면 도어락 열어.",execute,,D10,T3,none,LAB04_Entrance_DoorLock_1,
G04700,연구실,LAB05,상태조회,Check every 30 minutes and what is the temperature in the test bed if the window is open,30분마다 확인해서 창문이 열려 있으면 테스트베드 온도 알려 줘,execute,,D7,T3,none,LAB05_TestBed_TemperatureSensor_1 LAB05_TestBed_TemperatureSensor_2,Speaker.Speak
G04713,연구실,LAB02,기기제어,Toggle the lab switch every 30 minutes,30분마다 실험실 스위치 껐다 켜,execute,,D7,T3,none,LAB02_LabRoom_Light_1 LAB02_LabRoom_Light_2 LAB02_LabRoom_Light_3 LAB02_LabRoom_Light_4 LAB02_LabRoom_Siren_1 LAB02_LabRoom_Plug_1 LAB02_LabRoom_Plug_2,
G04721,연구실,LAB04,기기제어,Check every 30 minutes and set the thermostat to 20 degrees if it is dark outside.,30분마다 확인해서 바깥이 어두우면 온도조절기 20도로 맞춰.,refuse,no_device,D7,T3,none,,
G04743,연구실,LAB01,기기제어,could you toggle the zone 1 switch every 10 minutes?,10분마다 구역 1 스위치 껐다 켜 줄 수 있어?,execute,,D7,T3,none,tc0_d1b5e845-cbe2-42b4-9606-8ad71cb14901,
G04747,연구실,LAB05,기기제어,"Wait up to 15 minutes to see if the window is open; if not, toggle all the switches","창문이 열리는지 최대 15분 기다려 보고, 그래도 아니면 모든 스위치 껐다 켜",execute,,D10,T3,none,LAB05_TestBed_Light_1 LAB05_TestBed_Light_2 LAB05_TestBed_Light_3 LAB05_TestBed_LevelControl_1 LAB05_TestBed_Plug_1 LAB05_TestBed_Plug_2,
G04749,연구실,LAB01,기기제어,"Wait up to 15 minutes to see if the temperature is under 18 degrees; if not, turn the humidifier off.","온도가 18도 아래로 내려가는지 최대 15분 기다려 보고, 그래도 아니면 가습기 꺼.",execute,,D10,T3,none,tc0_3c7a4839-c2a6-4731-98f9-03eda6b31608,
G04750,연구실,LAB01,기기제어,"Wait up to 20 minutes to see if the door is open; if not, set the humidifier to 55 percent.","문이 열리는지 최대 20분 기다려 보고, 그래도 아니면 가습기 55퍼센트로 맞춰.",execute,,D10,T3,none,tc0_3c7a4839-c2a6-4731-98f9-03eda6b31608,
G04762,연구실,LAB04,기기제어,"Repeat this 6 times: take a snapshot with the lab camera, then wait 10 minutes",실험실 카메라로 사진 찍어 주고 10분 쉬는 걸 6번 반복해,execute,,D8,T3,none,LAB04_LabRoom_Camera_1 LAB04_LabRoom_Camera_2,
G04770,연구실,LAB05,기기제어,"Wait up to 5 minutes to see if nobody is around; if not, switch the lights off.","아무도 없는지 최대 5분 기다려 보고, 그래도 아니면 조명 전부 꺼.",execute,,D10,T3,none,LAB05_TestBed_Light_1 LAB05_TestBed_Light_2 LAB05_TestBed_Light_3,
G04774,연구실,LAB03,기기제어,can you toggle the cold room switch every 30 minutes?,30분마다 저온실 스위치 껐다 켜 줄래?,execute,,D7,T3,none,LAB03_ColdRoom_Light_1,
G04778,연구실,LAB05,기기제어,"Wait up to 10 minutes to see if the washing machine is running; if not, toggle the test bed switch.","세탁기가 도는지 최대 10분 기다려 보고, 그래도 아니면 테스트베드 스위치 껐다 켜.",execute,,D10,T3,none,LAB05_TestBed_Light_1 LAB05_TestBed_Light_2 LAB05_TestBed_Light_3 LAB05_TestBed_LevelControl_1 LAB05_TestBed_Plug_1 LAB05_TestBed_Plug_2,
G04781,연구실,LAB04,기기제어,Check every 5 minutes and shut the garage door if the battery is under 20 percent,5분마다 확인해서 배터리가 20퍼센트 아래면 차고문 닫아,refuse,no_device,D7,T3,none,,
G04788,연구실,LAB03,기기제어,Check every 10 minutes and cut power to all the plugs if the temperature is under 18 degrees.,10분마다 확인해서 온도가 18도 아래면 모든 플러그 전원 차단해.,execute,,D7,T3,none,LAB03_LabRoom_Plug_1 LAB03_LabRoom_Plug_2,
G04795,연구실,LAB05,기기제어,Check every 5 minutes and close the garage door if the room is too warm,5분마다 확인해서 방이 너무 더우면 차고문 닫아,refuse,no_device,D7,T3,none,,
G04805,연구실,LAB04,기기제어,"Repeat this 3 times: set a 45 minute timer, then wait 20 minutes",45분 타이머 맞춰 주고 20분 쉬는 걸 3번 반복해,refuse,no_service,D8,T3,none,,
G04806,연구실,LAB02,기기제어,please start a countdown for 30 minutes every 60 minutes for the next 5 hours.,앞으로 5시간 동안 60분마다 30분 카운트다운 시작해 주세요.,refuse,no_service,D8,T3,none,,
G04813,연구실,LAB03,기기제어,Check every 20 minutes and announce it on the speaker if it is dark outside,20분마다 확인해서 바깥이 어두우면 스피커로 알려,execute,,D7,T3,none,LAB03_LabRoom_Speaker_1,
G04817,연구실,LAB04,기기제어,Check every 30 minutes and toggle the equipment outlet 4 if the tank is below half,30분마다 확인해서 탱크가 절반 아래면 장비 콘센트 4 껐다 켜,execute,,D7,T3,none,LAB04_LabRoom_Plug_4,
G04834,연구실,LAB05,기기제어,Check every 15 minutes and put the zone 3 light on if the battery is under 20 percent,15분마다 확인해서 배터리가 20퍼센트 아래면 구역 3 조명 켜,execute,,D7,T3,none,LAB05_TestBed_Light_3,
G04841,연구실,LAB01,기기제어,"Wait up to 15 minutes to see if the washing machine is running; if not, run the fan for 2 minutes.","세탁기가 도는지 최대 15분 기다려 보고, 그래도 아니면 선풍기를 2분 동안 돌려.",refuse,no_device,D10,T3,none,,
G04842,연구실,LAB04,기기제어,"Wait up to 30 minutes to see if the room is too warm; if not, set the lights to the away scene","방이 더워지는지 최대 30분 기다려 보고, 그래도 아니면 조명 외출 모드로 해",execute,,D10,T3,none,LAB04_LabRoom_Light_1 LAB04_LabRoom_Light_2 LAB04_LabRoom_Light_3 LAB04_LabRoom_Light_4,
G04869,연구실,LAB01,알림예약,"could you let me know every 5 minutes while the tank is below half, and stop after 2 hours?","탱크가 절반 아래인 동안 5분마다 알려 주고, 2시간 뒤에는 멈춰 줄 수 있어?",execute,,D13,T4,none,,NotificationProvider.SendPush
G04882,연구실,LAB04,알림예약,"Give me a heads-up every 10 minutes while the door is open, and stop after 3 hours.","문이 열려 있는 동안 10분마다 꼭 알려 주고, 3시간 뒤에는 멈춰.",execute,,D13,T4,calendar,,NotificationProvider.SendPush
G04903,연구실,LAB02,기기제어,"If the temperature drops below 5 degrees, count how many times it happens and dim the lab lights to 10 percent once it passes 4.",온도가 5도 아래로 떨어질 때 그 횟수를 세다가 4번을 넘으면 실험실 조명 밝기를 10퍼센트로 낮춰.,execute,,D12,T4,none,LAB02_LabRoom_Light_1 LAB02_LabRoom_Light_2 LAB02_LabRoom_Light_3 LAB02_LabRoom_Light_4,
G04915,연구실,LAB04,기기제어,"If my phone battery falls under 30 percent, if it is higher than it was an hour ago, get all the lights on",내 폰 배터리가 30퍼센트 아래로 떨어질 때 그게 한 시간 전보다 높으면 모든 조명 켜,execute,,D11,T4,phone,LAB04_LabRoom_Light_1 LAB04_LabRoom_Light_2 LAB04_LabRoom_Light_3 LAB04_LabRoom_Light_4,
G04922,연구실,LAB01,기기제어,"When the battery drops below 50 percent, if it is higher than it was an hour ago, make the lights pink.",배터리가 50퍼센트 아래로 떨어질 때 그게 한 시간 전보다 높으면 조명 전부 분홍색으로 해.,execute,,D11,T4,none,tc0_5452b6c5-0dee-4cca-ba6f-15582b358305 tc0_7def1d9d-721c-4e35-b217-51fb8b46ba59 tc0_081181c1-3210-4ad2-8af1-f262fdc0fc76 tc0_ebfb522a028ef8add497wu tc0_eb8c9cf310d709af51rs9c tc0_57b081e4-f567-4a84-9121-4f0ed61ae733 tc0_d1b5e845-cbe2-42b4-9606-8ad71cb14901 tc0_4e13891d-054f-494a-9517-c56b38632fef tc0_05b24023-a435-4e1a-bf7d-680c5a0174ba tc0_ba52d76e-e6dc-41ff-8207-64c7d9d88b3b,
G04957,연구실,LAB01,알림예약,"Tell me about it every 30 minutes while the washing machine is running, and stop after 5 hours.","세탁기가 도는 동안 30분마다 알려 주고, 5시간 뒤에는 멈춰.",execute,,D13,T4,none,,NotificationProvider.SendPush
G04958,연구실,LAB02,상태조회,"Wait until the temperature is under 18 degrees, then show it on the screen every 15 minutes for 2 hours",온도가 18도 아래로 내려갈 때까지 기다렸다가 2시간 동안 15분마다 화면에 띄워 줘,refuse,no_channel,D13,T4,none,,
G04959,연구실,LAB03,기기제어,"When the gas sensor reads a dangerous level, compare it with yesterday at the same time and sound all the sirens if it went up.",가스 센서가 위험 수준을 가리킬 때 그게 어제 같은 시각보다 올랐으면 모든 사이렌 울려.,execute,,D11,T4,none,LAB03_LabRoom_Siren_1,
G04960,연구실,LAB02,기기제어,"When the gas sensor goes over 300, if it is higher than it was an hour ago, set off all the sirens",가스 센서가 300을 넘을 때 그게 한 시간 전보다 높으면 모든 사이렌 울려,execute,,D11,T4,none,LAB02_LabRoom_Siren_1,
G04961,연구실,LAB02,기기제어,"When the gas sensor goes over 100, if it is higher than it was an hour ago, set off the lab siren.",가스 센서가 100을 넘을 때 그게 한 시간 전보다 높으면 실험실 사이렌 울려.,execute,,D11,T4,none,LAB02_LabRoom_Siren_1,
G04962,연구실,LAB02,기기제어,"When the gas sensor goes over 100, if it is higher than it was an hour ago, set off all the sirens.",가스 센서가 100을 넘을 때 그게 한 시간 전보다 높으면 모든 사이렌 울려.,execute,,D11,T4,none,LAB02_LabRoom_Siren_1,
G04963,연구실,LAB03,기기제어,"When the gas sensor reads a dangerous level, if it is higher than it was an hour ago, set off the lab siren",가스 센서가 위험 수준을 가리킬 때 그게 한 시간 전보다 높으면 실험실 사이렌 울려,execute,,D11,T4,none,LAB03_LabRoom_Siren_1,
G04964,연구실,LAB03,기기제어,"When the gas sensor reads a dangerous level, compare it with yesterday at the same time and run the lab ventilation fan for 10 minutes if it went up.",가스 센서가 위험 수준을 가리킬 때 그게 어제 같은 시각보다 올랐으면 실험실 환풍기를 10분 동안 돌려.,execute,,D11,T4,none,LAB03_LabRoom_Ventilator_1 LAB03_LabRoom_Ventilator_2,
G04965,연구실,LAB02,기기제어,"When the gas sensor reads a dangerous level, compare it with yesterday at the same time and run the lab ventilation fan for 20 minutes if it went up",가스 센서가 위험 수준을 가리킬 때 그게 어제 같은 시각보다 올랐으면 실험실 환풍기를 20분 동안 돌려,execute,,D11,T4,none,LAB02_LabRoom_Ventilator_1 LAB02_LabRoom_Ventilator_2 LAB02_LabRoom_Ventilator_3,
G04966,연구실,LAB03,기기제어,"When the gas sensor reads a dangerous level, compare it with yesterday at the same time and run the lab ventilation fan for 15 minutes if it went up",가스 센서가 위험 수준을 가리킬 때 그게 어제 같은 시각보다 올랐으면 실험실 환풍기를 15분 동안 돌려,execute,,D11,T4,none,LAB03_LabRoom_Ventilator_1 LAB03_LabRoom_Ventilator_2,
G04967,연구실,LAB02,기기제어,"When the gas sensor reads a dangerous level, compare it with yesterday at the same time and run the ventilation fan for 10 minutes if it went up",가스 센서가 위험 수준을 가리킬 때 그게 어제 같은 시각보다 올랐으면 환풍기를 10분 동안 돌려,ask,,D11,T4,none,LAB02_LabRoom_Ventilator_1 LAB02_LabRoom_Ventilator_2 LAB02_LabRoom_Ventilator_3,
G04968,연구실,LAB03,기기제어,"When the gas sensor reads a dangerous level, compare it with yesterday at the same time and run the lab ventilation fan for 15 minutes if it went up.",가스 센서가 위험 수준을 가리킬 때 그게 어제 같은 시각보다 올랐으면 실험실 환풍기를 15분 동안 돌려.,execute,,D11,T4,none,LAB03_LabRoom_Ventilator_1 LAB03_LabRoom_Ventilator_2,
G04969,연구실,LAB02,기기제어,"When the gas sensor goes over 800, if it is higher than it was an hour ago, run the ventilation fan for 10 minutes",가스 센서가 800을 넘을 때 그게 한 시간 전보다 높으면 환풍기를 10분 동안 돌려,ask,,D11,T4,none,LAB02_LabRoom_Ventilator_1 LAB02_LabRoom_Ventilator_2 LAB02_LabRoom_Ventilator_3,
G04970,연구실,LAB05,알림예약,"please let me know every 15 minutes while nobody is around, and stop after 5 hours.","아무도 없는 동안 15분마다 알려 주고, 5시간 뒤에는 멈춰 주세요.",execute,,D13,T4,none,,Speaker.Speak
G04971,연구실,LAB02,알림예약,"When power draw goes over 2000 watts, count how many times it happens and send me a notification once it passes 4",전력 사용이 2000와트를 넘을 때 그 횟수를 세다가 4번을 넘으면 알림 보내 줘,execute,,D12,T4,none,,Speaker.Speak
G04972,연구실,LAB03,상태조회,"While the temperature stays over 26 degrees, compare it with yesterday at the same time and show it on the screen if it went up.",온도가 26도를 계속 넘고 있을 때 그게 어제 같은 시각보다 올랐으면 화면에 띄워 줘.,refuse,no_channel,D11,T4,none,,
G04973,연구실,LAB02,알림예약,"could you let me know every 30 minutes while nobody is around, and stop after 3 hours?","아무도 없는 동안 30분마다 알려 주고, 3시간 뒤에는 멈춰 줄 수 있어?",refuse,no_occupancy,D13,T4,none,,
G04974,연구실,LAB04,알림예약,"Wait until the humidity is over 60 percent, then tell me about it every 20 minutes for 6 hours",습도가 60퍼센트를 넘을 때까지 기다렸다가 6시간 동안 20분마다 알려 줘,execute,,D13,T4,none,,NotificationProvider.SendPush
G04979,연구실,LAB03,기기제어,"can you run the fan for 45 minutes every 75 minutes while the door is open, and stop after 4 hours?","문이 열려 있는 동안 75분마다 선풍기를 45분 동안 돌려 주고, 4시간 뒤에는 멈춰 줄래?",refuse,no_device,D13,T4,none,,
G04997,연구실,LAB01,기기제어,"could you brew a cup on the coffee maker every 15 minutes while the room is too warm, and stop after 4 hours?","방이 더운 동안 15분마다 커피포트로 한 잔 내려 주고, 4시간 뒤에는 멈춰 줄 수 있어?",refuse,no_device,D13,T4,none,,
G04998,연구실,LAB03,기기제어,"could you brew a cup on the coffee maker every 30 minutes while the door is open, and stop after 3 hours?","문이 열려 있는 동안 30분마다 커피포트로 한 잔 내려 주고, 3시간 뒤에는 멈춰 줄 수 있어?",refuse,no_device,D13,T4,none,,
G04999,연구실,LAB04,기기제어,"Wait until someone is in the room, then brew a cup on the coffee maker every 15 minutes for 3 hours",방에 사람이 올 때까지 기다렸다가 3시간 동안 15분마다 커피포트로 한 잔 내려,refuse,no_device,D13,T4,none,,
U0337,연구실,LAB02,기기제어,Turn on the lab room lights.,실험실 조명 켜 줘.,execute,,D1,T0,none,LAB02_LabRoom_Light_1 LAB02_LabRoom_Light_2 LAB02_LabRoom_Light_3 LAB02_LabRoom_Light_4,
U0338,연구실,LAB05,기기제어,Turn off the test bed lights.,테스트베드 조명 꺼 줘.,execute,,D1,T0,none,LAB05_TestBed_Light_1 LAB05_TestBed_Light_2 LAB05_TestBed_Light_3,
U0339,연구실,LAB03,기기제어,Turn on just the lab room lights.,실험실 조명만 켜 줘.,execute,,D1,T0,none,LAB03_LabRoom_Light_1 LAB03_LabRoom_Light_2 LAB03_LabRoom_Light_3,
U0340,연구실,LAB04,기기제어,Turn on the lab air conditioner.,실험실 에어컨 켜 줘.,execute,,D1,T0,none,LAB04_LabRoom_AirConditioner_1,
U0341,연구실,LAB02,기기제어,Turn on the ventilators.,환풍기 작동시켜 줘.,execute,,D1,T0,none,LAB02_LabRoom_Ventilator_1 LAB02_LabRoom_Ventilator_2 LAB02_LabRoom_Ventilator_3,
U0342,연구실,LAB03,기기제어,Switch off the air purifier.,공기청정기 꺼 줘.,execute,,D1,T0,none,LAB03_LabRoom_AirPurifier_1,
U0343,연구실,LAB01,기기제어,Turn on the humidifier.,가습기 켜 줘.,execute,,D1,T0,none,tc0_3c7a4839-c2a6-4731-98f9-03eda6b31608,
U0344,연구실,LAB02,기기제어,Turn off the dehumidifier.,제습기 꺼 줘.,refuse,no_device,D1,T0,none,,
U0345,연구실,LAB02,기기제어,Turn off the bench plugs.,실험대 플러그 꺼 줘.,execute,,D1,T0,none,LAB02_LabRoom_Plug_1 LAB02_LabRoom_Plug_2,
U0346,연구실,LAB02,기기제어,Power up the lab equipment.,장비 전원 스위치 켜 줘.,execute,,D1,T0,none,LAB02_LabRoom_ProductionMachine_1,
U0347,연구실,LAB02,기기제어,Turn on the lab camera.,실험실 카메라 켜 줘.,execute,,D1,T0,none,LAB02_LabRoom_Camera_1,
U0348,연구실,LAB05,기기제어,Turn off the test bed camera.,테스트베드 카메라 꺼 줘.,execute,,D1,T0,none,LAB05_TestBed_Camera_1,
U0349,연구실,LAB04,기기제어,Stop the robot arms.,로봇팔 정지해 줘.,execute,,D1,T0,none,LAB04_LabRoom_ArmRobot_1 LAB04_LabRoom_ArmRobot_2,
U0350,연구실,LAB04,기기제어,Stop the lab equipment.,실험 장비 작동 멈춰 줘.,execute,,D1,T0,none,LAB04_LabRoom_ProductionMachine_1,
U0351,연구실,LAB02,기기제어,Close the lab valves.,실험실 밸브 닫아 줘.,execute,,D1,T0,none,LAB02_LabRoom_Valve_1 LAB02_LabRoom_Valve_2,
U0352,연구실,LAB02,기기제어,Turn on the cooling water pump.,냉각수 펌프 켜 줘.,execute,,D1,T0,none,LAB02_LabRoom_Pump_1,
U0353,연구실,LAB04,기기제어,Set the lab lights to 70 percent.,실험실 조명 밝기 70퍼센트로 해 줘.,execute,,D1,T0,none,LAB04_LabRoom_Light_1 LAB04_LabRoom_Light_2 LAB04_LabRoom_Light_3 LAB04_LabRoom_Light_4,
U0354,연구실,LAB05,기기제어,Brighten the test bed lights to full.,테스트베드 조명 최대 밝기로 해 줘.,execute,,D1,T0,none,LAB05_TestBed_Light_1 LAB05_TestBed_Light_2 LAB05_TestBed_Light_3,
U0355,연구실,LAB02,기기제어,Set the lab room lights to a cool white.,실험실 조명을 차가운 색으로 바꿔 줘.,execute,,D1,T0,none,LAB02_LabRoom_Light_1 LAB02_LabRoom_Light_2 LAB02_LabRoom_Light_3 LAB02_LabRoom_Light_4,
U0357,연구실,LAB04,기기제어,Set the lab to 24 degrees.,실험실 온도 24도로 맞춰 줘.,execute,,D1,T0,none,LAB04_LabRoom_AirConditioner_1,
U0358,연구실,LAB04,기기제어,Turn the lab temperature down to 22 degrees.,실험실 온도 22도로 낮춰 줘.,execute,,D1,T0,none,LAB04_LabRoom_AirConditioner_1,
U0359,연구실,LAB01,기기제어,Set the humidity to around 50 percent.,실험실 습도를 50퍼센트 근처로 맞춰 줘.,execute,,D1,T0,none,tc0_3c7a4839-c2a6-4731-98f9-03eda6b31608,
U0360,연구실,LAB03,기기제어,Turn the ventilators up to high.,환풍기 세기를 강으로 바꿔 줘.,execute,,D1,T0,none,LAB03_LabRoom_Ventilator_1 LAB03_LabRoom_Ventilator_2,
U0361,연구실,LAB02,기기제어,Turn down the lab speaker.,실험실 스피커 볼륨 줄여 줘.,execute,,D1,T0,none,LAB02_LabRoom_Speaker_1,
U0362,연구실,LAB04,기기제어,Set the announcement volume to 50.,경고 방송 볼륨을 50으로 맞춰 줘.,execute,,D1,T0,none,LAB04_LabRoom_Speaker_1,
U0363,연구실,LAB02,상태조회,What is the temperature in the lab right now?,지금 실험실 온도 어때?,execute,,D1,T0,none,LAB02_LabRoom_TemperatureSensor_1 LAB02_LabRoom_TemperatureSensor_2,Speaker.Speak
U0364,연구실,LAB03,상태조회,What is the humidity in the lab?,실험실 습도 몇이야?,execute,,D1,T0,none,LAB03_LabRoom_HumiditySensor_1 LAB03_LabRoom_HumiditySensor_2,Speaker.Speak
U0365,연구실,LAB02,상태조회,Is the lab air quality okay?,실험실 공기질 괜찮아?,execute,,D1,T0,none,LAB02_LabRoom_AirQualitySensor_1,Speaker.Speak
U0366,연구실,LAB03,상태조회,Tell me the CO2 level.,CO2 농도 알려 줘.,execute,,D1,T0,none,LAB03_LabRoom_CarbonDioxideSensor_1,Speaker.Speak
U0367,연구실,LAB02,상태조회,Is the TVOC level high?,TVOC 수치 높아?,execute,,D1,T0,none,LAB02_LabRoom_AirQualitySensor_1,Speaker.Speak
U0368,연구실,LAB04,상태조회,Is anyone in the lab?,실험실에 사람 있어?,execute,,D1,T0,none,LAB04_LabRoom_PresenceSensor_1,NotificationProvider.SendPush
U0369,연구실,LAB01,상태조회,Was any motion detected in the lab?,실험실에 움직임 감지됐어?,execute,,D1,T0,none,tc0_550713ef-d27f-43f3-9dcf-7b16101c618a,NotificationProvider.SendPush
U0370,연구실,LAB02,상태조회,Is the lab door open?,실험실 문 열려 있어?,execute,,D1,T0,none,LAB02_Entrance_ContactSensor_1,Speaker.Speak
U0371,연구실,LAB03,상태조회,Is the cold room door closed?,저온실 문 닫혀 있어?,execute,,D1,T0,none,LAB03_ColdRoom_ContactSensor_1,Speaker.Speak
U0372,연구실,LAB02,상태조회,Is the lab equipment running?,실험 장비 작동 중이야?,execute,,D1,T0,none,LAB02_LabRoom_ProductionMachine_1,Speaker.Speak
U0373,연구실,LAB04,상태조회,Is the robot arm moving right now?,로봇팔 지금 움직이고 있어?,refuse,no_service,D1,T0,none,,
U0374,연구실,LAB02,상태조회,Is the camera recording?,카메라 녹화 중이야?,execute,,D1,T0,none,LAB02_LabRoom_Camera_1,Speaker.Speak
U0375,연구실,LAB02,상태조회,How much power are the bench plugs using?,실험대 플러그 전력 사용량 알려 줘.,execute,,D1,T0,none,LAB02_LabRoom_Plug_1 LAB02_LabRoom_Plug_2,Speaker.Speak
U0395,연구실,LAB04,기기제어,"When the robot arm starts moving, check it with the camera.",로봇팔이 움직이면 카메라로 확인해 줘.,refuse,no_service,D1,T0,none,,
U0412,연구실,LAB02,기기제어,Run the experiment-start mode.,실험 시작 모드 실행해 줘.,ask,,D1,T0,none,,
U0413,연구실,LAB02,기기제어,The experiment is done.,실험 끝났어.,ask,,D1,T0,none,,
U0414,연구실,LAB02,기기제어,Put the lab back to its normal state.,실험실 원래 상태로 돌려 줘.,ask,,D1,T0,none,,
U0415,연구실,LAB02,기기제어,Turn on the equipment maintenance mode.,장비 점검 모드 켜 줘.,ask,,D1,T0,none,,
U0416,연구실,LAB02,기기제어,Turn on the lab safety mode.,실험실 안전 모드 켜 줘.,ask,,D1,T0,none,,
U0417,연구실,LAB04,기기제어,Start demo mode.,데모 모드 실행해 줘.,ask,,D1,T0,none,,
U0418,연구실,LAB02,기기제어,Switch on ventilation mode.,환기 모드 켜 줘.,ask,,D1,T0,none,,
U0423,연구실,LAB02,알림예약,"If motion shows up after hours, send the manager a text.",퇴근 후 움직임이 감지되면 관리자에게 문자 보내 줘.,refuse,no_device,D1,T0,none,,
U0424,연구실,LAB02,알림예약,"If gas is detected, send a KakaoTalk message to the person on duty.",가스 감지되면 담당자에게 카톡 보내 줘.,ask,,D1,T0,none,,
U0426,연구실,LAB03,알림예약,"When the door opens, send the manager an email.",문 열림 감지되면 관리자에게 메일 보내 줘.,ask,,D1,T0,none,,
U0427,연구실,LAB03,기기제어,Send me a camera snapshot by email.,카메라 사진을 이메일로 보내 줘.,ask,,D1,T0,none,,
U0428,연구실,LAB03,상태조회,Email me a summary of today's lab conditions.,오늘 실험실 환경 요약을 메일로 보내 줘.,refuse,no_service,D1,T0,none,,
U0437,연구실,LAB02,알림예약,"If water leaks, message the facility manager.",물이 새면 관리자에게 알려 줘.,ask,,D1,T0,none,,
U0440,연구실,LAB02,기기제어,"If anything odd is detected, record 10 seconds of video.",이상 감지되면 10초 녹화해 줘.,ask,,D1,T0,none,LAB02_LabRoom_Camera_1,
U0441,연구실,LAB02,상태조회,How is the lab doing today?,오늘 실험실 상태 어때?,ask,,D1,T0,none,,
U0442,연구실,LAB02,상태조회,Is any equipment having problems right now?,지금 문제 있는 장비 있어?,ask,,D1,T0,none,,
U0443,연구실,LAB03,외부정보,Would it be fine to open the windows today?,오늘 창문 열어도 괜찮아?,ask,,D1,T0,weather,,
U0444,연구실,LAB03,외부정보,Do I have any experiments scheduled today?,오늘 실험 일정 있어?,execute,,D1,T0,calendar,,Speaker.Speak
U0445,연구실,LAB02,상태조회,Give me a rundown of the lab right now.,조이야 지금 실험실 상태 요약해 줘.,ask,,D1,T0,none,,
U0446,연구실,LAB02,기기제어,Turn the lights off.,불 꺼 줘.,ask,,D1,T0,none,LAB02_LabRoom_Light_1 LAB02_LabRoom_Light_2 LAB02_LabRoom_Light_3 LAB02_LabRoom_Light_4 LAB02_Storage_Light_1,
U0447,연구실,LAB04,기기제어,Could you turn on the AC?,에어컨 켜 줘.,execute,,D1,T0,none,LAB04_LabRoom_AirConditioner_1,
U0448,연구실,LAB02,기기제어,Shut the equipment down.,장비 꺼 줘.,execute,,D1,T0,none,LAB02_LabRoom_ProductionMachine_1,
U0449,연구실,LAB02,기기제어,Make the lab comfortable.,실험실 좀 쾌적하게 해 줘.,ask,,D1,T0,none,,
U0450,연구실,LAB02,기기제어,Get things ready for the experiment.,실험 준비해 줘.,ask,,D1,T0,none,,
U0451,연구실,LAB03,알림예약,Send an email to the manager.,관리자에게 메일 보내 줘.,ask,,D1,T0,none,,
U0452,연구실,LAB02,알림예약,Send me a notification.,알림 보내 줘.,ask,,D1,T0,none,,
U0453,연구실,LAB02,기기제어,Lower the lab blinds.,실험실 블라인드 내려 줘.,refuse,no_device,D1,T0,none,,
U0454,연구실,LAB02,기기제어,Stop the robot arm.,로봇팔 정지해 줘.,refuse,no_device,D1,T0,none,,
U0356,연구실,LAB02,기기제어,"If gas is detected, turn the lab lights red.",가스가 감지되면 실험실 조명 빨간색으로 바꿔 줘.,execute,,D4,T1,none,LAB02_LabRoom_Light_1 LAB02_LabRoom_Light_2 LAB02_LabRoom_Light_3 LAB02_LabRoom_Light_4,
U0381,연구실,LAB04,기기제어,"When someone is detected, turn on the lab lights.",사람이 감지되면 실험실 조명 켜 줘.,execute,,D4,T1,none,LAB04_LabRoom_Light_1 LAB04_LabRoom_Light_2 LAB04_LabRoom_Light_3 LAB04_LabRoom_Light_4,
U0382,연구실,LAB04,기기제어,"When the lab is empty, turn off the lights.",실험실에 아무도 없으면 조명 꺼 줘.,execute,,D4,T1,none,LAB04_LabRoom_Light_1 LAB04_LabRoom_Light_2 LAB04_LabRoom_Light_3 LAB04_LabRoom_Light_4,
U0383,연구실,LAB04,기기제어,"If nobody is around, turn off the air conditioner.",사람이 없으면 에어컨 꺼 줘.,execute,,D4,T1,none,LAB04_LabRoom_AirConditioner_1,
U0384,연구실,LAB02,알림예약,Let me know when the lab door opens.,실험실 문이 열리면 알려 줘.,execute,,D4,T1,none,,Speaker.Speak
U0385,연구실,LAB01,기기제어,"If the window stays open, switch the air conditioner off.",창문이 열려 있으면 에어컨 꺼 줘.,execute,,D4,T1,none,tc0_s8e7a31295af78fb09mmpp,
U0387,연구실,LAB03,알림예약,"If the CO2 rises, remind us to ventilate.",CO2가 높으면 환기하라고 알려 줘.,execute,,D4,T1,none,,Speaker.Speak
U0388,연구실,LAB02,알림예약,"If the TVOC goes above 500, warn me.",TVOC가 500 넘으면 경고해 줘.,execute,,D4,T1,none,,Speaker.Speak
U0389,연구실,LAB04,기기제어,"If the temperature goes above 28, turn on the air conditioner.",온도가 28도 넘으면 에어컨 켜 줘.,execute,,D4,T1,none,LAB04_LabRoom_AirConditioner_1,
U0390,연구실,LAB01,기기제어,"If the air gets too dry, turn on the humidifier.",습도가 낮으면 가습기 켜 줘.,execute,,D4,T1,none,tc0_3c7a4839-c2a6-4731-98f9-03eda6b31608,
U0391,연구실,LAB03,기기제어,"If the air turns bad, start the air purifier.",공기질이 나쁘면 공기청정기 켜 줘.,execute,,D4,T1,none,LAB03_LabRoom_AirPurifier_1,
U0392,연구실,LAB05,기기제어,"When it gets dark, turn on the test bed lights.",어두워지면 테스트베드 조명 켜 줘.,execute,,D4,T1,none,LAB05_TestBed_Light_1 LAB05_TestBed_Light_2 LAB05_TestBed_Light_3,
U0393,연구실,LAB05,기기제어,"When it is bright, turn off the lab lights.",밝으면 실험실 조명 꺼 줘.,execute,,D4,T1,none,LAB05_TestBed_Light_1 LAB05_TestBed_Light_2 LAB05_TestBed_Light_3,
U0394,연구실,LAB04,알림예약,"If the equipment power spikes, let me know.",장비 전력이 급증하면 알려 줘.,execute,,D4,T1,none,,NotificationProvider.SendPush
U0396,연구실,LAB02,기기제어,"If the lab equipment stops, start it again.",실험 장비가 꺼지면 다시 켜 줘.,execute,,D4,T1,none,LAB02_LabRoom_ProductionMachine_1,
U0397,연구실,LAB02,알림예약,"If a leak is detected, tell me right away.",물이 새면 알려 줘.,execute,,D4,T1,none,,Speaker.Speak
U0398,연구실,LAB02,기기제어,"If gas is detected, turn on the ventilators and warn me.",가스 감지되면 환풍기 켜고 경고해 줘.,execute,,D4,T1,none,LAB02_LabRoom_Ventilator_1 LAB02_LabRoom_Ventilator_2 LAB02_LabRoom_Ventilator_3,Speaker.Speak
U0399,연구실,LAB02,기기제어,"If smoke is detected, warn the whole lab.",연기 감지되면 실험실 전체에 경고해 줘.,execute,,D4,T1,none,LAB02_LabRoom_Siren_1,Speaker.Speak
U0400,연구실,LAB03,기기제어,Turn off the lab lights at 6 pm.,오후 6시에 실험실 조명 꺼 줘.,execute,,D6,T1,none,LAB03_LabRoom_Light_1 LAB03_LabRoom_Light_2 LAB03_LabRoom_Light_3,
U0401,연구실,LAB04,기기제어,Turn on the air conditioner at 9 am.,오전 9시에 에어컨 켜 줘.,execute,,D6,T1,none,LAB04_LabRoom_AirConditioner_1,
U0402,연구실,LAB03,기기제어,Turn on the air purifier at noon.,점심시간에 공기청정기 켜 줘.,execute,,D6,T1,none,LAB03_LabRoom_AirPurifier_1,
U0403,연구실,LAB02,알림예약,Send a ventilation reminder every morning.,매일 아침 실험실 환기 알림 보내 줘.,execute,,D6,T1,none,,Speaker.Speak
U0404,연구실,LAB02,기기제어,Shut down the lab equipment at 7 pm on weekdays.,평일 저녁 7시에 장비 전원 꺼 줘.,execute,,D6,T1,none,LAB02_LabRoom_ProductionMachine_1,
U0405,연구실,LAB01,기기제어,Run the robot vacuum every Friday at 5.,매주 금요일 5시에 로봇청소기 돌려 줘.,execute,,D6,T1,none,tc0_481471e8-2319-cbfd-9eb3-714df64ada77,
U0419,연구실,LAB03,알림예약,"If the CO2 gets high, put it up on the dashboard.",CO2 높으면 대시보드에 알림 띄워 줘.,execute,,D4,T1,none,,NotificationProvider.SendToast
U0420,연구실,LAB02,알림예약,"When the door opens, show it on the screen.",문이 열리면 화면에 알려 줘.,execute,,D4,T1,none,,NotificationProvider.SendToast
U0421,연구실,LAB02,기기제어,"If the air quality gets bad, say it on the speaker.",공기질 나쁘면 스피커로 말해 줘.,execute,,D4,T1,none,LAB02_LabRoom_Speaker_1,
U0422,연구실,LAB04,기기제어,"At 8:50, announce that the experiment starts in 10 minutes.",아침 8시 50분에 10분 뒤에 실험 시작한다고 방송해 줘.,execute,,D6,T1,none,LAB04_LabRoom_Speaker_1,
U0425,연구실,LAB02,알림예약,"If gas is detected, send a Slack message.",실험실에 가스가 감지되면 슬랙으로 알려 줘.,execute,,D4,T1,none,,MessageSender.SendSlack
U0435,연구실,LAB02,기기제어,"If smoke is detected, sound the lab-wide alarm.",연기 감지되면 전체 경보 울려 줘.,execute,,D4,T1,none,LAB02_LabRoom_Siren_1,
U0436,연구실,LAB02,기기제어,"If gas is detected, start the ventilators and announce an evacuation.",가스 감지되면 환풍기 켜고 대피 방송해 줘.,execute,,D4,T1,none,LAB02_LabRoom_Ventilator_1 LAB02_LabRoom_Ventilator_2 LAB02_LabRoom_Ventilator_3 LAB02_LabRoom_Speaker_1,
U0438,연구실,LAB04,기기제어,"If a person comes near, halt the robot arms.",사람이 가까이 오면 로봇팔 멈춰 줘.,execute,,D4,T1,none,LAB04_LabRoom_ArmRobot_1 LAB04_LabRoom_ArmRobot_2,
U0439,연구실,LAB02,기기제어,"If the equipment overheats, shut it down.",장비가 과열되면 전원을 꺼 줘.,execute,,D4,T1,none,LAB02_LabRoom_ProductionMachine_1,
U0386,연구실,LAB02,알림예약,"If the door opens after hours, warn me.",퇴근 후 문이 열리면 경고해 줘.,execute,,D13,T2,sun,,Speaker.Speak
U0406,연구실,LAB04,기기제어,Turn off the lab lights in 10 minutes.,10분 뒤에 실험실 조명 꺼 줘.,execute,,D2,T2,none,LAB04_LabRoom_Light_1 LAB04_LabRoom_Light_2 LAB04_LabRoom_Light_3 LAB04_LabRoom_Light_4,
U0407,연구실,LAB01,기기제어,Turn off the air conditioner in an hour.,1시간 후에 에어컨 꺼 줘.,execute,,D2,T2,none,tc0_s8e7a31295af78fb09mmpp,
U0408,연구실,LAB03,기기제어,Keep the ventilators running for 30 minutes.,30분 동안 환풍기 켜둬.,execute,,D2,T2,none,LAB03_LabRoom_Ventilator_1 LAB03_LabRoom_Ventilator_2,
U0409,연구실,LAB03,기기제어,Run the air purifier for just 2 hours.,2시간만 공기청정기 틀어 줘.,execute,,D2,T2,none,LAB03_LabRoom_AirPurifier_1,
U0410,연구실,LAB05,기기제어,"At night, when someone is on the test bed, turn the lights on low.",밤에 테스트베드에 사람이 있으면 조명 약하게 켜 줘.,execute,,D13,T2,sun,LAB05_TestBed_Light_1 LAB05_TestBed_Light_2 LAB05_TestBed_Light_3,
U0411,연구실,LAB03,알림예약,"After hours, alert me whenever the cold room door opens.",퇴근 후에 저온실 문이 열리면 알려 줘.,execute,,D13,T2,sun,,Speaker.Speak
U0432,연구실,LAB05,알림예약,"If someone is detected after hours, notify me.",퇴근 후 움직임이 감지되면 알려 줘.,execute,,D13,T2,sun,,Speaker.Speak
U0433,연구실,LAB01,알림예약,"If the lab door opens at night, warn me.",밤에 실험실 문이 열리면 경고해 줘.,execute,,D13,T2,sun,,NotificationProvider.SendPush
U0434,연구실,LAB01,기기제어,"If motion is detected while nobody is here, take a snapshot.",사람 없는데 움직임이 있으면 카메라로 사진 찍어 줘.,execute,,D13,T2,none,tc0_ebbcbc45bf05318db9w0ew,
U0429,연구실,LAB03,알림예약,"If the CO2 stays high, ping me every 10 minutes.",CO2가 계속 높으면 10분마다 알려 줘.,execute,,D9,T3,none,,Speaker.Speak
U0430,연구실,LAB02,알림예약,"If the door stays open, warn me over and over.",문이 계속 열려 있으면 반복해서 경고해 줘.,execute,,D9,T3,none,,Speaker.Speak
U0431,연구실,LAB02,알림예약,"While gas keeps being detected, keep the warnings coming.",가스 감지가 계속되면 반복해서 경고해 줘.,execute,,D9,T3,none,,Speaker.Speak
U0376,연구실,LAB04,상태조회,Is today's equipment power usage high?,오늘 장비 전력 사용량 높아?,execute,,D12,T4,none,LAB04_LabRoom_Plug_1 LAB04_LabRoom_Plug_2 LAB04_LabRoom_Plug_3 LAB04_LabRoom_Plug_4,NotificationProvider.SendPush
U0377,연구실,LAB03,상태조회,How has the CO2 changed over the past hour?,지난 1시간 CO2 농도 어땠어?,execute,,D11,T4,none,LAB03_LabRoom_CarbonDioxideSensor_1,Speaker.Speak
U0378,연구실,LAB02,상태조회,What was the average lab temperature today?,오늘 실험실 평균 온도 알려 줘.,execute,,D12,T4,none,LAB02_LabRoom_TemperatureSensor_1 LAB02_LabRoom_TemperatureSensor_2,Speaker.Speak
U0379,연구실,LAB03,상태조회,Was the lab more humid than yesterday?,어제보다 실험실이 더 습했어?,execute,,D11,T4,none,LAB03_LabRoom_HumiditySensor_1 LAB03_LabRoom_HumiditySensor_2,Speaker.Speak
U0380,연구실,LAB02,상태조회,Did the door open at all today?,오늘 문 열린 기록 있어?,execute,,D12,T4,none,LAB02_Entrance_ContactSensor_1,Speaker.Speak
