id,domain,space_id,intent,command,command_ko,expect,why,d,tier,context,targets,target_svc
G00015,사무실,OFFICE03,기기제어,could you get the light on?,조명 켜 줄 수 있어?,ask,,D1,T0,none,OFFICE03_MeetingRoom_Light_1 OFFICE03_MeetingRoom_Light_2 OFFICE03_MeetingRoom_Light_3 OFFICE03_MeetingRoom_Light_4 OFFICE03_OpenSpace_Light_1 OFFICE03_OpenSpace_Light_2 OFFICE03_OpenSpace_Light_3,
G00026,사무실,OFFICE04,기기제어,Give me some light to read by,책 읽을 만큼 불 좀 줘,execute,,D1,T0,none,OFFICE04_OpenSpace_Light_1 OFFICE04_OpenSpace_Light_2 OFFICE04_OpenSpace_Light_3 OFFICE04_OpenSpace_Light_4 OFFICE04_OpenSpace_Light_5 OFFICE04_OpenSpace_Light_6 OFFICE04_Pantry_Light_1 OFFICE04_RestRoom_Light_1,
G00031,사무실,OFFICE01,기기제어,can you turn on the open space lights?,사무실 조명 켜 줄래?,execute,,D1,T0,none,OFFICE01_OpenSpace_Light_1 OFFICE01_OpenSpace_Light_2 OFFICE01_OpenSpace_Light_3 OFFICE01_OpenSpace_Light_4,
G00041,사무실,OFFICE06,기기제어,please light up the open space lights.,사무실 조명 좀 켜 줘.,execute,,D1,T0,none,OFFICE06_OpenSpace_Light_1 OFFICE06_OpenSpace_Light_2 OFFICE06_OpenSpace_Light_3,
G00046,사무실,OFFICE03,기기제어,Light up the meeting room 2 light.,회의실 2 조명 켜.,execute,,D1,T0,none,OFFICE03_MeetingRoom_Light_2,
G00060,사무실,OFFICE05,기기제어,could you get the open space lights on?,사무실 조명 켜 줄 수 있어?,execute,,D1,T0,none,OFFICE05_OpenSpace_Light_1 OFFICE05_OpenSpace_Light_2 OFFICE05_OpenSpace_Light_3 OFFICE05_OpenSpace_Light_4 OFFICE05_OpenSpace_Light_5 OFFICE05_OpenSpace_Light_6 OFFICE05_OpenSpace_Light_7 OFFICE05_OpenSpace_Light_8 OFFICE05_OpenSpace_Light_9 OFFICE05_OpenSpace_Light_10 OFFICE05_OpenSpace_Light_11 OFFICE05_OpenSpace_Light_12 OFFICE05_OpenSpace_Light_13 OFFICE05_OpenSpace_Light_14 OFFICE05_OpenSpace_Light_15 OFFICE05_OpenSpace_Light_16,
G00063,사무실,OFFICE01,기기제어,Give me some light to read by.,책 읽을 만큼 불 좀 줘.,ask,,D1,T0,none,OFFICE01_MeetingRoom_Light_1 OFFICE01_OpenSpace_Light_1 OFFICE01_OpenSpace_Light_2 OFFICE01_OpenSpace_Light_3 OFFICE01_OpenSpace_Light_4 OFFICE01_OpenSpace_WindowCovering_1 OFFICE01_OpenSpace_WindowCovering_2 OFFICE01_Pantry_Light_1,
G00065,사무실,OFFICE02,기기제어,I'd like you to get the zone 2 light on.,구역 2 조명 켜 줬으면 해.,execute,,D1,T0,none,OFFICE02_OpenSpace_Light_2,
G00071,사무실,OFFICE06,기기제어,I'd like you to turn on the meeting room lights.,회의실 조명 켜 줬으면 해.,execute,,D1,T0,none,OFFICE06_MeetingRoom_Light_1,
G00072,사무실,OFFICE05,기기제어,I'd like you to brighten this place up.,여기 좀 밝게 해 줬으면 해.,ask,,D1,T0,none,OFFICE05_Hallway_Light_1 OFFICE05_Hallway_Light_2 OFFICE05_Hallway_Light_3 OFFICE05_Hallway_Light_4 OFFICE05_MeetingRoom_Light_1 OFFICE05_MeetingRoom_Light_2 OFFICE05_MeetingRoom_Light_3 OFFICE05_MeetingRoom_Light_4 OFFICE05_MeetingRoom_Projector_1 OFFICE05_MeetingRoom_Projector_2 OFFICE05_OpenSpace_Light_1 OFFICE05_OpenSpace_Light_10 OFFICE05_OpenSpace_Light_11 OFFICE05_OpenSpace_Light_12 OFFICE05_OpenSpace_Light_13 OFFICE05_OpenSpace_Light_14 OFFICE05_OpenSpace_Light_15 OFFICE05_OpenSpace_Light_16 OFFICE05_OpenSpace_Light_2 OFFICE05_OpenSpace_Light_3 OFFICE05_OpenSpace_Light_4 OFFICE05_OpenSpace_Light_5 OFFICE05_OpenSpace_Light_6 OFFICE05_OpenSpace_Light_7 OFFICE05_OpenSpace_Light_8 OFFICE05_OpenSpace_Light_9 OFFICE05_OpenSpace_WindowCovering_1 OFFICE05_OpenSpace_WindowCovering_2 OFFICE05_OpenSpace_WindowCovering_3 OFFICE05_OpenSpace_WindowCovering_4 OFFICE05_OpenSpace_WindowCovering_5 OFFICE05_OpenSpace_WindowCovering_6 OFFICE05_OpenSpace_WindowCovering_7 OFFICE05_OpenSpace_WindowCovering_8,
G00075,사무실,OFFICE05,기기제어,please get the meeting room lights on.,회의실 조명 좀 켜 줘.,execute,,D1,T0,none,OFFICE05_MeetingRoom_Light_1 OFFICE05_MeetingRoom_Light_2 OFFICE05_MeetingRoom_Light_3 OFFICE05_MeetingRoom_Light_4,
G00076,사무실,OFFICE03,기기제어,can you turn on the meeting room 4 light?,회의실 4 조명 켜 줄래?,execute,,D1,T0,none,OFFICE03_MeetingRoom_Light_4,
G00080,사무실,OFFICE04,기기제어,please put the row 2 light on.,2열 조명 좀 켜 줘.,execute,,D1,T0,none,OFFICE04_OpenSpace_Light_2,
G00082,사무실,OFFICE05,기기제어,I cannot see anything.,아무것도 안 보여.,ask,,D1,T0,none,OFFICE05_Hallway_Light_1 OFFICE05_Hallway_Light_2 OFFICE05_Hallway_Light_3 OFFICE05_Hallway_Light_4 OFFICE05_MeetingRoom_Light_1 OFFICE05_MeetingRoom_Light_2 OFFICE05_MeetingRoom_Light_3 OFFICE05_MeetingRoom_Light_4 OFFICE05_MeetingRoom_Projector_1 OFFICE05_MeetingRoom_Projector_2 OFFICE05_OpenSpace_Light_1 OFFICE05_OpenSpace_Light_10 OFFICE05_OpenSpace_Light_11 OFFICE05_OpenSpace_Light_12 OFFICE05_OpenSpace_Light_13 OFFICE05_OpenSpace_Light_14 OFFICE05_OpenSpace_Light_15 OFFICE05_OpenSpace_Light_16 OFFICE05_OpenSpace_Light_2 OFFICE05_OpenSpace_Light_3 OFFICE05_OpenSpace_Light_4 OFFICE05_OpenSpace_Light_5 OFFICE05_OpenSpace_Light_6 OFFICE05_OpenSpace_Light_7 OFFICE05_OpenSpace_Light_8 OFFICE05_OpenSpace_Light_9 OFFICE05_OpenSpace_WindowCovering_1 OFFICE05_OpenSpace_WindowCovering_2 OFFICE05_OpenSpace_WindowCovering_3 OFFICE05_OpenSpace_WindowCovering_4 OFFICE05_OpenSpace_WindowCovering_5 OFFICE05_OpenSpace_WindowCovering_6 OFFICE05_OpenSpace_WindowCovering_7 OFFICE05_OpenSpace_WindowCovering_8,
G00083,사무실,OFFICE01,기기제어,can you switch the open space lights on?,사무실 조명 켜 줄래?,execute,,D1,T0,none,OFFICE01_OpenSpace_Light_1 OFFICE01_OpenSpace_Light_2 OFFICE01_OpenSpace_Light_3 OFFICE01_OpenSpace_Light_4,
G00085,사무실,OFFICE01,기기제어,Put the open space lights on.,사무실 조명 켜.,execute,,D1,T0,none,OFFICE01_OpenSpace_Light_1 OFFICE01_OpenSpace_Light_2 OFFICE01_OpenSpace_Light_3 OFFICE01_OpenSpace_Light_4,
G00091,사무실,OFFICE01,기기제어,Brighten this place up,여기 좀 밝게 해 줘,ask,,D1,T0,none,OFFICE01_MeetingRoom_Light_1 OFFICE01_OpenSpace_Light_1 OFFICE01_OpenSpace_Light_2 OFFICE01_OpenSpace_Light_3 OFFICE01_OpenSpace_Light_4 OFFICE01_OpenSpace_WindowCovering_1 OFFICE01_OpenSpace_WindowCovering_2 OFFICE01_Pantry_Light_1,
G00096,사무실,OFFICE02,기기제어,Light up the zone 4 light,구역 4 조명 켜,execute,,D1,T0,none,OFFICE02_OpenSpace_Light_4,
G00107,사무실,OFFICE05,기기제어,could you bring the light down to 10 percent?,조명 밝기를 10퍼센트까지 낮춰 줄 수 있어?,ask,,D1,T0,none,OFFICE05_OpenSpace_Light_1 OFFICE05_OpenSpace_Light_2 OFFICE05_OpenSpace_Light_3 OFFICE05_OpenSpace_Light_4 OFFICE05_OpenSpace_Light_5 OFFICE05_OpenSpace_Light_6 OFFICE05_OpenSpace_Light_7 OFFICE05_OpenSpace_Light_8 OFFICE05_OpenSpace_Light_9 OFFICE05_OpenSpace_Light_10 OFFICE05_OpenSpace_Light_11 OFFICE05_OpenSpace_Light_12 OFFICE05_OpenSpace_Light_13 OFFICE05_OpenSpace_Light_14 OFFICE05_OpenSpace_Light_15 OFFICE05_OpenSpace_Light_16 OFFICE05_MeetingRoom_Light_1 OFFICE05_MeetingRoom_Light_2 OFFICE05_MeetingRoom_Light_3 OFFICE05_MeetingRoom_Light_4 OFFICE05_Hallway_Light_1 OFFICE05_Hallway_Light_2 OFFICE05_Hallway_Light_3 OFFICE05_Hallway_Light_4,
G00112,사무실,OFFICE02,기기제어,I'd like you to put the light on.,조명 켜 줬으면 해.,ask,,D1,T0,none,OFFICE02_OpenSpace_Light_1 OFFICE02_OpenSpace_Light_2 OFFICE02_OpenSpace_Light_3 OFFICE02_OpenSpace_Light_4 OFFICE02_OpenSpace_Light_5 OFFICE02_OpenSpace_Light_6 OFFICE02_MeetingRoom_Light_1 OFFICE02_MeetingRoom_Light_2 OFFICE02_MeetingRoom_Light_3 OFFICE02_Pantry_Light_1 OFFICE02_Hallway_Light_1,
G00127,사무실,OFFICE04,기기제어,please switch the rest room lights on.,화장실 조명 켜 주세요.,execute,,D1,T0,none,OFFICE04_RestRoom_Light_1,
G00132,사무실,OFFICE01,기기제어,Bring the open space lights down to 15 percent.,사무실 조명 밝기를 15퍼센트까지 낮춰.,execute,,D1,T0,none,OFFICE01_OpenSpace_Light_1 OFFICE01_OpenSpace_Light_2 OFFICE01_OpenSpace_Light_3 OFFICE01_OpenSpace_Light_4,
G00138,사무실,OFFICE05,기기제어,Dim the meeting room lights to 10 percent.,회의실 조명 밝기를 10퍼센트로 낮춰.,execute,,D1,T0,none,OFFICE05_MeetingRoom_Light_1 OFFICE05_MeetingRoom_Light_2 OFFICE05_MeetingRoom_Light_3 OFFICE05_MeetingRoom_Light_4,
G00142,사무실,OFFICE06,기기제어,Turn on the open space lights,사무실 조명 켜,execute,,D1,T0,none,OFFICE06_OpenSpace_Light_1 OFFICE06_OpenSpace_Light_2 OFFICE06_OpenSpace_Light_3,
G00146,사무실,OFFICE06,기기제어,Turn the meeting room lights up to 80 percent,회의실 조명 밝기를 80퍼센트까지 올려,execute,,D1,T0,none,OFFICE06_MeetingRoom_Light_1,
G00147,사무실,OFFICE03,기기제어,could you make it dimmer?,좀 더 어둡게 해 줄 수 있어?,ask,,D1,T0,none,OFFICE03_MeetingRoom_Light_1 OFFICE03_MeetingRoom_Light_2 OFFICE03_MeetingRoom_Light_3 OFFICE03_MeetingRoom_Light_4 OFFICE03_MeetingRoom_Projector_1 OFFICE03_MeetingRoom_Projector_2 OFFICE03_OpenSpace_Light_1 OFFICE03_OpenSpace_Light_2 OFFICE03_OpenSpace_Light_3,
G00156,사무실,OFFICE01,기기제어,I'd like you to set the mood softer.,분위기 좀 부드럽게 해 줬으면 해.,ask,,D1,T0,none,OFFICE01_MeetingRoom_Light_1 OFFICE01_OpenSpace_Light_1 OFFICE01_OpenSpace_Light_2 OFFICE01_OpenSpace_Light_3 OFFICE01_OpenSpace_Light_4 OFFICE01_OpenSpace_WindowCovering_1 OFFICE01_OpenSpace_WindowCovering_2 OFFICE01_Pantry_Light_1,
G00158,사무실,OFFICE04,기기제어,I'd like you to put the open space lights on.,사무실 조명 켜 줬으면 해.,execute,,D1,T0,none,OFFICE04_OpenSpace_Light_1 OFFICE04_OpenSpace_Light_2 OFFICE04_OpenSpace_Light_3 OFFICE04_OpenSpace_Light_4 OFFICE04_OpenSpace_Light_5 OFFICE04_OpenSpace_Light_6,
G00166,사무실,OFFICE02,기기제어,please light up the meeting room lights.,회의실 조명 좀 켜 줘.,execute,,D1,T0,none,OFFICE02_MeetingRoom_Light_1 OFFICE02_MeetingRoom_Light_2 OFFICE02_MeetingRoom_Light_3,
G00172,사무실,OFFICE06,기기제어,please switch the open space lights on.,사무실 조명 좀 켜 줘.,execute,,D1,T0,none,OFFICE06_OpenSpace_Light_1 OFFICE06_OpenSpace_Light_2 OFFICE06_OpenSpace_Light_3,
G00174,사무실,OFFICE02,기기제어,This is harsh on the eyes.,눈이 부셔.,ask,,D1,T0,none,OFFICE02_Hallway_Light_1 OFFICE02_MeetingRoom_Light_1 OFFICE02_MeetingRoom_Light_2 OFFICE02_MeetingRoom_Light_3 OFFICE02_MeetingRoom_Projector_1 OFFICE02_OpenSpace_Light_1 OFFICE02_OpenSpace_Light_2 OFFICE02_OpenSpace_Light_3 OFFICE02_OpenSpace_Light_4 OFFICE02_OpenSpace_Light_5 OFFICE02_OpenSpace_Light_6 OFFICE02_OpenSpace_WindowCovering_1 OFFICE02_OpenSpace_WindowCovering_2 OFFICE02_OpenSpace_WindowCovering_3 OFFICE02_OpenSpace_WindowCovering_4 OFFICE02_Pantry_Light_1,
G00177,사무실,OFFICE03,기기제어,Bring the open space lights down to 5 percent.,사무실 조명 밝기를 5퍼센트까지 낮춰.,execute,,D1,T0,none,OFFICE03_OpenSpace_Light_1 OFFICE03_OpenSpace_Light_2 OFFICE03_OpenSpace_Light_3,
G00180,사무실,OFFICE05,기기제어,please set the meeting room lights brightness to 70 percent.,회의실 조명 밝기를 70퍼센트로 좀 맞춰 줘.,execute,,D1,T0,none,OFFICE05_MeetingRoom_Light_1 OFFICE05_MeetingRoom_Light_2 OFFICE05_MeetingRoom_Light_3 OFFICE05_MeetingRoom_Light_4,
G00186,사무실,OFFICE01,기기제어,could you bring the meeting room lights down to 25 percent?,회의실 조명 밝기를 25퍼센트까지 낮춰 줄 수 있어?,execute,,D1,T0,none,OFFICE01_MeetingRoom_Light_1,
G00208,사무실,OFFICE05,기기제어,can you change the light to red?,조명 빨간색으로 바꿔 줄래?,ask,,D1,T0,none,OFFICE05_OpenSpace_Light_1 OFFICE05_OpenSpace_Light_2 OFFICE05_OpenSpace_Light_3 OFFICE05_OpenSpace_Light_4 OFFICE05_OpenSpace_Light_5 OFFICE05_OpenSpace_Light_6 OFFICE05_OpenSpace_Light_7 OFFICE05_OpenSpace_Light_8 OFFICE05_OpenSpace_Light_9 OFFICE05_OpenSpace_Light_10 OFFICE05_OpenSpace_Light_11 OFFICE05_OpenSpace_Light_12 OFFICE05_OpenSpace_Light_13 OFFICE05_OpenSpace_Light_14 OFFICE05_OpenSpace_Light_15 OFFICE05_OpenSpace_Light_16 OFFICE05_MeetingRoom_Light_1 OFFICE05_MeetingRoom_Light_2 OFFICE05_MeetingRoom_Light_3 OFFICE05_MeetingRoom_Light_4 OFFICE05_Hallway_Light_1 OFFICE05_Hallway_Light_2 OFFICE05_Hallway_Light_3 OFFICE05_Hallway_Light_4,
G00209,사무실,OFFICE06,기기제어,I'd like you to change the light to red.,조명 빨간색으로 바꿔 줬으면 해.,ask,,D1,T0,none,OFFICE06_OpenSpace_Light_1 OFFICE06_OpenSpace_Light_2 OFFICE06_OpenSpace_Light_3 OFFICE06_MeetingRoom_Light_1,
G00213,사무실,OFFICE02,기기제어,please get the lights on.,조명 전부 좀 켜 줘.,execute,,D1,T0,none,OFFICE02_OpenSpace_Light_1 OFFICE02_OpenSpace_Light_2 OFFICE02_OpenSpace_Light_3 OFFICE02_OpenSpace_Light_4 OFFICE02_OpenSpace_Light_5 OFFICE02_OpenSpace_Light_6 OFFICE02_MeetingRoom_Light_1 OFFICE02_MeetingRoom_Light_2 OFFICE02_MeetingRoom_Light_3 OFFICE02_Pantry_Light_1 OFFICE02_Hallway_Light_1,
G00215,사무실,OFFICE03,기기제어,I'd like you to change the lights to daylight white.,조명 전부 주광색으로 바꿔 줬으면 해.,execute,,D1,T0,none,OFFICE03_MeetingRoom_Light_1 OFFICE03_MeetingRoom_Light_2 OFFICE03_MeetingRoom_Light_3 OFFICE03_MeetingRoom_Light_4 OFFICE03_OpenSpace_Light_1 OFFICE03_OpenSpace_Light_2 OFFICE03_OpenSpace_Light_3,
G00219,사무실,OFFICE06,기기제어,please turn on the lights.,조명 전부 좀 켜 줘.,execute,,D1,T0,none,OFFICE06_OpenSpace_Light_1 OFFICE06_OpenSpace_Light_2 OFFICE06_OpenSpace_Light_3 OFFICE06_MeetingRoom_Light_1,
G00224,사무실,OFFICE03,기기제어,Change the lights to green.,조명 전부 초록색으로 바꿔.,execute,,D1,T0,none,OFFICE03_MeetingRoom_Light_1 OFFICE03_MeetingRoom_Light_2 OFFICE03_MeetingRoom_Light_3 OFFICE03_MeetingRoom_Light_4 OFFICE03_OpenSpace_Light_1 OFFICE03_OpenSpace_Light_2 OFFICE03_OpenSpace_Light_3,
G00228,사무실,OFFICE04,기기제어,Put the lights on,조명 전부 켜,execute,,D1,T0,none,OFFICE04_OpenSpace_Light_1 OFFICE04_OpenSpace_Light_2 OFFICE04_OpenSpace_Light_3 OFFICE04_OpenSpace_Light_4 OFFICE04_OpenSpace_Light_5 OFFICE04_OpenSpace_Light_6 OFFICE04_RestRoom_Light_1 OFFICE04_Pantry_Light_1,
G00233,사무실,OFFICE01,기기제어,could you change the lights to pink?,조명 전부 분홍색으로 바꿔 줄 수 있어?,execute,,D1,T0,none,OFFICE01_OpenSpace_Light_1 OFFICE01_OpenSpace_Light_2 OFFICE01_OpenSpace_Light_3 OFFICE01_OpenSpace_Light_4 OFFICE01_MeetingRoom_Light_1 OFFICE01_Pantry_Light_1,
G00238,사무실,OFFICE04,기기제어,I'd like you to turn the lights pink.,조명 전부 분홍색으로 켜 줬으면 해.,execute,,D1,T0,none,OFFICE04_OpenSpace_Light_1 OFFICE04_OpenSpace_Light_2 OFFICE04_OpenSpace_Light_3 OFFICE04_OpenSpace_Light_4 OFFICE04_OpenSpace_Light_5 OFFICE04_OpenSpace_Light_6 OFFICE04_RestRoom_Light_1 OFFICE04_Pantry_Light_1,
G00239,사무실,OFFICE05,기기제어,could you make it feel warmer in here?,여기 분위기 좀 따뜻하게 해 줄 수 있어?,execute,,D1,T0,none,OFFICE05_Hallway_Light_1 OFFICE05_Hallway_Light_2 OFFICE05_Hallway_Light_3 OFFICE05_Hallway_Light_4 OFFICE05_MeetingRoom_Light_1 OFFICE05_MeetingRoom_Light_2 OFFICE05_MeetingRoom_Light_3 OFFICE05_MeetingRoom_Light_4 OFFICE05_OpenSpace_Light_1 OFFICE05_OpenSpace_Light_10 OFFICE05_OpenSpace_Light_11 OFFICE05_OpenSpace_Light_12 OFFICE05_OpenSpace_Light_13 OFFICE05_OpenSpace_Light_14 OFFICE05_OpenSpace_Light_15 OFFICE05_OpenSpace_Light_16 OFFICE05_OpenSpace_Light_2 OFFICE05_OpenSpace_Light_3 OFFICE05_OpenSpace_Light_4 OFFICE05_OpenSpace_Light_5 OFFICE05_OpenSpace_Light_6 OFFICE05_OpenSpace_Light_7 OFFICE05_OpenSpace_Light_8 OFFICE05_OpenSpace_Light_9,
G00244,사무실,OFFICE04,기기제어,please turn the lights blue.,조명 전부 파란색으로 켜 주세요.,execute,,D1,T0,none,OFFICE04_OpenSpace_Light_1 OFFICE04_OpenSpace_Light_2 OFFICE04_OpenSpace_Light_3 OFFICE04_OpenSpace_Light_4 OFFICE04_OpenSpace_Light_5 OFFICE04_OpenSpace_Light_6 OFFICE04_RestRoom_Light_1 OFFICE04_Pantry_Light_1,
G00245,사무실,OFFICE06,기기제어,Turn on the lights,조명 전부 켜,execute,,D1,T0,none,OFFICE06_OpenSpace_Light_1 OFFICE06_OpenSpace_Light_2 OFFICE06_OpenSpace_Light_3 OFFICE06_MeetingRoom_Light_1,
G00247,사무실,OFFICE03,기기제어,can you set the lights to blue?,조명 전부 파란색으로 바꿔 줄래?,execute,,D1,T0,none,OFFICE03_MeetingRoom_Light_1 OFFICE03_MeetingRoom_Light_2 OFFICE03_MeetingRoom_Light_3 OFFICE03_MeetingRoom_Light_4 OFFICE03_OpenSpace_Light_1 OFFICE03_OpenSpace_Light_2 OFFICE03_OpenSpace_Light_3,
G00253,사무실,OFFICE06,기기제어,I'd like you to set all the lights to warm white.,모든 조명 전구색으로 바꿔 줬으면 해.,execute,,D1,T0,none,OFFICE06_OpenSpace_Light_1 OFFICE06_OpenSpace_Light_2 OFFICE06_OpenSpace_Light_3 OFFICE06_MeetingRoom_Light_1,
G00254,사무실,OFFICE03,기기제어,please set the lights to green.,조명 전부 초록색으로 좀 바꿔 줘.,execute,,D1,T0,none,OFFICE03_MeetingRoom_Light_1 OFFICE03_MeetingRoom_Light_2 OFFICE03_MeetingRoom_Light_3 OFFICE03_MeetingRoom_Light_4 OFFICE03_OpenSpace_Light_1 OFFICE03_OpenSpace_Light_2 OFFICE03_OpenSpace_Light_3,
G00263,사무실,OFFICE03,기기제어,Make all the lights red,모든 조명 빨간색으로 해,execute,,D1,T0,none,OFFICE03_MeetingRoom_Light_1 OFFICE03_MeetingRoom_Light_2 OFFICE03_MeetingRoom_Light_3 OFFICE03_MeetingRoom_Light_4 OFFICE03_OpenSpace_Light_1 OFFICE03_OpenSpace_Light_2 OFFICE03_OpenSpace_Light_3,
G00267,사무실,OFFICE03,기기제어,I'd like you to turn all the lights blue.,모든 조명 파란색으로 켜 줬으면 해.,execute,,D1,T0,none,OFFICE03_MeetingRoom_Light_1 OFFICE03_MeetingRoom_Light_2 OFFICE03_MeetingRoom_Light_3 OFFICE03_MeetingRoom_Light_4 OFFICE03_OpenSpace_Light_1 OFFICE03_OpenSpace_Light_2 OFFICE03_OpenSpace_Light_3,
G00275,사무실,OFFICE04,기기제어,could you set the lights to purple?,조명 전부 보라색으로 바꿔 줄 수 있어?,execute,,D1,T0,none,OFFICE04_OpenSpace_Light_1 OFFICE04_OpenSpace_Light_2 OFFICE04_OpenSpace_Light_3 OFFICE04_OpenSpace_Light_4 OFFICE04_OpenSpace_Light_5 OFFICE04_OpenSpace_Light_6 OFFICE04_RestRoom_Light_1 OFFICE04_Pantry_Light_1,
G00276,사무실,OFFICE03,기기제어,I'd like you to make it feel warmer in here.,여기 분위기 좀 따뜻하게 해 줬으면 해.,execute,,D1,T0,none,OFFICE03_MeetingRoom_Light_1 OFFICE03_MeetingRoom_Light_2 OFFICE03_MeetingRoom_Light_3 OFFICE03_MeetingRoom_Light_4 OFFICE03_OpenSpace_Light_1 OFFICE03_OpenSpace_Light_2 OFFICE03_OpenSpace_Light_3,
G00278,사무실,OFFICE03,기기제어,could you change the lights to warm white?,조명 전부 전구색으로 바꿔 줄 수 있어?,execute,,D1,T0,none,OFFICE03_MeetingRoom_Light_1 OFFICE03_MeetingRoom_Light_2 OFFICE03_MeetingRoom_Light_3 OFFICE03_MeetingRoom_Light_4 OFFICE03_OpenSpace_Light_1 OFFICE03_OpenSpace_Light_2 OFFICE03_OpenSpace_Light_3,
G00287,사무실,OFFICE01,기기제어,can you switch all the lights on?,모든 조명 켜 줄래?,execute,,D1,T0,none,OFFICE01_OpenSpace_Light_1 OFFICE01_OpenSpace_Light_2 OFFICE01_OpenSpace_Light_3 OFFICE01_OpenSpace_Light_4 OFFICE01_MeetingRoom_Light_1 OFFICE01_Pantry_Light_1,
G00357,사무실,OFFICE06,기기제어,please turn off the open space switch.,사무실 스위치 꺼 주세요.,execute,,D1,T0,none,OFFICE06_OpenSpace_Light_1 OFFICE06_OpenSpace_Light_2 OFFICE06_OpenSpace_Light_3 OFFICE06_OpenSpace_AirConditioner_1,
G00362,사무실,OFFICE03,기기제어,Switch the meeting room 4 light on.,회의실 4 조명 켜.,execute,,D1,T0,none,OFFICE03_MeetingRoom_Light_4,
G00373,사무실,OFFICE04,기기제어,Turn off the row 3 light,3열 조명 꺼,execute,,D1,T0,none,OFFICE04_OpenSpace_Light_3,
G00377,사무실,OFFICE05,기기제어,could you turn on the meeting room lights?,회의실 조명 켜 줄 수 있어?,execute,,D1,T0,none,OFFICE05_MeetingRoom_Light_1 OFFICE05_MeetingRoom_Light_2 OFFICE05_MeetingRoom_Light_3 OFFICE05_MeetingRoom_Light_4,
G00382,사무실,OFFICE02,기기제어,I'd like you to turn off the zone 5 light.,구역 5 조명 꺼 줬으면 해.,execute,,D1,T0,none,OFFICE02_OpenSpace_Light_5,
G00388,사무실,OFFICE06,기기제어,I'd like you to switch the meeting room switch on.,회의실 스위치 켜 줬으면 해.,execute,,D1,T0,none,OFFICE06_MeetingRoom_Light_1,
G00393,사무실,OFFICE03,기기제어,can you put the meeting room 4 light on?,회의실 4 조명 켜 줄래?,execute,,D1,T0,none,OFFICE03_MeetingRoom_Light_4,
G00399,사무실,OFFICE01,상태조회,Send me the open space temperature.,사무실 온도 보내 줘.,execute,,D1,T0,none,,NotificationProvider.SendPush
G00404,사무실,OFFICE03,알림예약,can you send me a note if the switch stays on?,스위치 계속 켜져 있으면 알려 줄래?,execute,,D1,T0,none,,Speaker.Speak
G00405,사무실,OFFICE03,알림예약,Tell me if something is off.,뭔가 이상하면 알려 줘.,execute,,D1,T0,none,,Speaker.Speak
G00411,사무실,OFFICE05,상태조회,Send me the utility temperature.,다용도실 온도 보내 줘.,execute,,D1,T0,none,,NotificationProvider.SendPush
G00413,사무실,OFFICE02,알림예약,could you remind me to check the switch?,스위치 확인하라고 알려 줄 수 있어?,execute,,D1,T0,none,,NotificationProvider.SendPush
G00421,사무실,OFFICE04,상태조회,Send me the pantry temperature,팬트리 온도 보내 줘,execute,,D1,T0,none,,Speaker.Speak
G00423,사무실,OFFICE04,알림예약,Let me know if the fan is still on,선풍기 아직 켜져 있으면 알려 줘,execute,,D1,T0,none,,Speaker.Speak
G00427,사무실,OFFICE06,상태조회,Send me the meeting room temperature,회의실 온도 보내 줘,execute,,D1,T0,none,,NotificationProvider.SendPush
G00430,사무실,OFFICE02,상태조회,please text me the humidity in the hallway.,복도 습도 문자로 보내 주세요.,execute,,D1,T0,none,,NotificationProvider.SendPush
G00432,사무실,OFFICE01,상태조회,could you send me the pantry temperature?,팬트리 온도 보내 줄 수 있어?,execute,,D1,T0,none,,NotificationProvider.SendPush
G00436,사무실,OFFICE06,상태조회,Send me the meeting room temperature.,회의실 온도 보내 줘.,execute,,D1,T0,none,,NotificationProvider.SendPush
G00443,사무실,OFFICE04,알림예약,could you tell me if something is off?,뭔가 이상하면 알려 줄 수 있어?,execute,,D1,T0,none,,Speaker.Speak
G00456,사무실,OFFICE05,기기제어,could you lower the blind to 20 percent?,블라인드 20퍼센트까지 내려 줄 수 있어?,ask,,D1,T0,none,OFFICE05_OpenSpace_WindowCovering_1 OFFICE05_OpenSpace_WindowCovering_2 OFFICE05_OpenSpace_WindowCovering_3 OFFICE05_OpenSpace_WindowCovering_4 OFFICE05_OpenSpace_WindowCovering_5 OFFICE05_OpenSpace_WindowCovering_6 OFFICE05_OpenSpace_WindowCovering_7 OFFICE05_OpenSpace_WindowCovering_8,
G00466,사무실,OFFICE05,기기제어,could you pull the blinds shut?,블라인드 전부 닫아 줄 수 있어?,execute,,D1,T0,none,OFFICE05_OpenSpace_WindowCovering_1 OFFICE05_OpenSpace_WindowCovering_2 OFFICE05_OpenSpace_WindowCovering_3 OFFICE05_OpenSpace_WindowCovering_4 OFFICE05_OpenSpace_WindowCovering_5 OFFICE05_OpenSpace_WindowCovering_6 OFFICE05_OpenSpace_WindowCovering_7 OFFICE05_OpenSpace_WindowCovering_8,
G00468,사무실,OFFICE02,기기제어,Lower the blinds to 80 percent.,블라인드 전부 80퍼센트까지 내려.,execute,,D1,T0,none,OFFICE02_OpenSpace_WindowCovering_1 OFFICE02_OpenSpace_WindowCovering_2 OFFICE02_OpenSpace_WindowCovering_3 OFFICE02_OpenSpace_WindowCovering_4,
G00470,사무실,OFFICE01,기기제어,The sun is in my eyes.,햇빛이 눈에 들어와.,execute,,D1,T0,none,OFFICE01_OpenSpace_WindowCovering_1 OFFICE01_OpenSpace_WindowCovering_2,
G00482,사무실,OFFICE02,기기제어,can you close all the blinds?,모든 블라인드 닫아 줄래?,execute,,D1,T0,none,OFFICE02_OpenSpace_WindowCovering_1 OFFICE02_OpenSpace_WindowCovering_2 OFFICE02_OpenSpace_WindowCovering_3 OFFICE02_OpenSpace_WindowCovering_4,
G00488,사무실,OFFICE05,기기제어,can you lower all the blinds to 10 percent?,모든 블라인드 10퍼센트까지 내려 줄래?,execute,,D1,T0,none,OFFICE05_OpenSpace_WindowCovering_1 OFFICE05_OpenSpace_WindowCovering_2 OFFICE05_OpenSpace_WindowCovering_3 OFFICE05_OpenSpace_WindowCovering_4 OFFICE05_OpenSpace_WindowCovering_5 OFFICE05_OpenSpace_WindowCovering_6 OFFICE05_OpenSpace_WindowCovering_7 OFFICE05_OpenSpace_WindowCovering_8,
G00489,사무실,OFFICE05,기기제어,could you block the sun?,햇빛 좀 막아 줄 수 있어?,ask,,D1,T0,none,OFFICE05_Entrance_Door_1 OFFICE05_Entrance_Door_2 OFFICE05_OpenSpace_WindowCovering_1 OFFICE05_OpenSpace_WindowCovering_2 OFFICE05_OpenSpace_WindowCovering_3 OFFICE05_OpenSpace_WindowCovering_4 OFFICE05_OpenSpace_WindowCovering_5 OFFICE05_OpenSpace_WindowCovering_6 OFFICE05_OpenSpace_WindowCovering_7 OFFICE05_OpenSpace_WindowCovering_8,
G00491,사무실,OFFICE02,기기제어,Lower the blinds to 10 percent.,블라인드 전부 10퍼센트까지 내려.,execute,,D1,T0,none,OFFICE02_OpenSpace_WindowCovering_1 OFFICE02_OpenSpace_WindowCovering_2 OFFICE02_OpenSpace_WindowCovering_3 OFFICE02_OpenSpace_WindowCovering_4,
G00501,사무실,OFFICE02,기기제어,could you unlock the door lock?,도어락 열어 줄 수 있어?,ask,,D1,T0,none,OFFICE02_Entrance_DoorLock_1 OFFICE02_Entrance_DoorLock_2,
G00502,사무실,OFFICE05,기기제어,Make sure the door lock is locked,도어락 잠겼는지 봐 줘,ask,,D1,T0,none,OFFICE05_Entrance_DoorLock_1 OFFICE05_Entrance_DoorLock_2,
G00503,사무실,OFFICE02,기기제어,Lock the door lock.,도어락 잠가.,ask,,D1,T0,none,OFFICE02_Entrance_DoorLock_1 OFFICE02_Entrance_DoorLock_2,
G00507,사무실,OFFICE04,기기제어,could you lock things up?,다 잠가 줄 수 있어?,execute,,D1,T0,none,OFFICE04_Entrance_DoorLock_1,
G00515,사무실,OFFICE06,기기제어,please make sure the entrance door lock is locked.,현관 도어락 좀 잠겼는지 봐 줘.,execute,,D1,T0,none,OFFICE06_Entrance_DoorLock_1,
G00519,사무실,OFFICE06,기기제어,Unlock the entrance door lock,현관 도어락 열어,execute,,D1,T0,none,OFFICE06_Entrance_DoorLock_1,
G00521,사무실,OFFICE04,기기제어,Unlock all the door locks.,모든 도어락 열어.,execute,,D1,T0,none,OFFICE04_Entrance_DoorLock_1,
G00522,사무실,OFFICE05,기기제어,could you make sure the entrance door lock is locked?,현관 도어락 잠겼는지 봐 줄 수 있어?,execute,,D1,T0,none,OFFICE05_Entrance_DoorLock_1 OFFICE05_Entrance_DoorLock_2,
G00525,사무실,OFFICE04,기기제어,Make sure the entrance door lock is locked.,현관 도어락 잠겼는지 봐 줘.,execute,,D1,T0,none,OFFICE04_Entrance_DoorLock_1,
G00535,사무실,OFFICE05,기기제어,could you make sure the place is secure?,문단속 좀 해 줄 수 있어?,execute,,D1,T0,none,OFFICE05_Entrance_DoorLock_1 OFFICE05_Entrance_DoorLock_2,
G00536,사무실,OFFICE06,기기제어,Lock the door lock,도어락 잠가,execute,,D1,T0,none,OFFICE06_Entrance_DoorLock_1,
G00538,사무실,OFFICE05,기기제어,please make sure the door lock is locked.,도어락 좀 잠겼는지 봐 줘.,ask,,D1,T0,none,OFFICE05_Entrance_DoorLock_1 OFFICE05_Entrance_DoorLock_2,
G00541,사무실,OFFICE03,기기제어,could you lock the door lock?,도어락 잠가 줄 수 있어?,execute,,D1,T0,none,OFFICE03_Entrance_DoorLock_1,
G00542,사무실,OFFICE01,기기제어,I'd like you to make sure all the door locks are locked.,모든 도어락 잠겼는지 봐 줬으면 해.,execute,,D1,T0,none,OFFICE01_Entrance_DoorLock_1,
G00559,사무실,OFFICE01,기기제어,please run the pantry fan for 15 minutes.,팬트리 선풍기를 15분 동안 돌려 주세요.,execute,,D1,T0,none,OFFICE01_Pantry_Fan_1,
G00565,사무실,OFFICE04,기기제어,Run the pantry fan for 2 minutes.,팬트리 선풍기를 2분 동안 돌려.,execute,,D1,T0,none,OFFICE04_Pantry_Fan_1,
G00569,사무실,OFFICE01,기기제어,Turn on the pantry fan.,팬트리 선풍기 켜.,execute,,D1,T0,none,OFFICE01_Pantry_Fan_1,
G00574,사무실,OFFICE04,기기제어,Set the pantry fan to high,팬트리 선풍기 세게 틀어,execute,,D1,T0,none,OFFICE04_Pantry_Fan_1,
G00587,사무실,OFFICE04,상태조회,How much power is the switch pulling,스위치 전력 얼마나 쓰고 있어?,ask,,D1,T0,none,OFFICE04_OpenSpace_Light_1 OFFICE04_OpenSpace_Light_2 OFFICE04_OpenSpace_Light_3 OFFICE04_OpenSpace_Light_4 OFFICE04_OpenSpace_Light_5 OFFICE04_OpenSpace_Light_6 OFFICE04_RestRoom_Light_1 OFFICE04_Pantry_Light_1 OFFICE04_OpenSpace_AirConditioner_1 OFFICE04_OpenSpace_AirConditioner_2 OFFICE04_OpenSpace_AirConditioner_3 OFFICE04_OpenSpace_AirConditioner_4 OFFICE04_OpenSpace_AirPurifier_1 OFFICE04_OpenSpace_AirPurifier_2 OFFICE04_OpenSpace_AirPurifier_3,Speaker.Speak
G00593,사무실,OFFICE06,상태조회,How much power is the switch pulling.,스위치 전력 얼마나 쓰고 있어?,ask,,D1,T0,none,OFFICE06_OpenSpace_Light_1 OFFICE06_OpenSpace_Light_2 OFFICE06_OpenSpace_Light_3 OFFICE06_MeetingRoom_Light_1 OFFICE06_OpenSpace_AirConditioner_1 OFFICE06_Entrance_Siren_1,NotificationProvider.SendPush
G00601,사무실,OFFICE05,상태조회,How humid is the open space.,사무실 습도 얼마야?,refuse,no_device,D1,T0,none,,
G00602,사무실,OFFICE06,상태조회,What is the temperature in the entrance,현관 온도 몇 도야?,execute,,D1,T0,none,OFFICE06_OpenSpace_TemperatureSensor_1 OFFICE06_OpenSpace_TemperatureSensor_2,NotificationProvider.SendPush
G00608,사무실,OFFICE04,상태조회,How humid is the entrance.,현관 습도 얼마야?,execute,,D1,T0,none,OFFICE04_OpenSpace_HumiditySensor_1 OFFICE04_OpenSpace_HumiditySensor_2,Speaker.Speak
G00615,사무실,OFFICE04,상태조회,Is the fan on right now.,선풍기 지금 켜져 있어?,execute,,D1,T0,none,OFFICE04_Pantry_Fan_1,Speaker.Speak
G00619,사무실,OFFICE04,상태조회,How much power is the fan pulling,선풍기 전력 얼마나 쓰고 있어?,execute,,D1,T0,none,OFFICE04_Pantry_Fan_1,Speaker.Speak
G00620,사무실,OFFICE05,상태조회,What is all the switches set to,모든 스위치 몇으로 맞춰져 있어?,execute,,D1,T0,none,OFFICE05_OpenSpace_Light_1 OFFICE05_OpenSpace_Light_2 OFFICE05_OpenSpace_Light_3 OFFICE05_OpenSpace_Light_4 OFFICE05_OpenSpace_Light_5 OFFICE05_OpenSpace_Light_6 OFFICE05_OpenSpace_Light_7 OFFICE05_OpenSpace_Light_8 OFFICE05_OpenSpace_Light_9 OFFICE05_OpenSpace_Light_10 OFFICE05_OpenSpace_Light_11 OFFICE05_OpenSpace_Light_12 OFFICE05_OpenSpace_Light_13 OFFICE05_OpenSpace_Light_14 OFFICE05_OpenSpace_Light_15 OFFICE05_OpenSpace_Light_16 OFFICE05_MeetingRoom_Light_1 OFFICE05_MeetingRoom_Light_2 OFFICE05_MeetingRoom_Light_3 OFFICE05_MeetingRoom_Light_4 OFFICE05_Hallway_Light_1 OFFICE05_Hallway_Light_2 OFFICE05_Hallway_Light_3 OFFICE05_Hallway_Light_4 OFFICE05_OpenSpace_AirConditioner_1 OFFICE05_OpenSpace_AirConditioner_2 OFFICE05_OpenSpace_AirConditioner_3 OFFICE05_OpenSpace_AirConditioner_4 OFFICE05_OpenSpace_AirConditioner_5 OFFICE05_OpenSpace_AirConditioner_6 OFFICE05_OpenSpace_AirConditioner_7 OFFICE05_OpenSpace_AirConditioner_8 OFFICE05_Hallway_Siren_1 OFFICE05_Hallway_Siren_2,NotificationProvider.SendPush
G00626,사무실,OFFICE03,기기제어,can you toggle the switch?,스위치 껐다 켜 줄래?,ask,,D1,T0,none,OFFICE03_MeetingRoom_Light_1 OFFICE03_MeetingRoom_Light_2 OFFICE03_MeetingRoom_Light_3 OFFICE03_MeetingRoom_Light_4 OFFICE03_MeetingRoom_AirConditioner_1 OFFICE03_MeetingRoom_AirConditioner_2 OFFICE03_MeetingRoom_AirConditioner_3 OFFICE03_MeetingRoom_AirConditioner_4 OFFICE03_OpenSpace_Light_1 OFFICE03_OpenSpace_Light_2 OFFICE03_OpenSpace_Light_3,
G00636,사무실,OFFICE02,기기제어,please turn off all the switches.,모든 스위치 꺼 주세요.,execute,,D1,T0,none,OFFICE02_OpenSpace_Light_1 OFFICE02_OpenSpace_Light_2 OFFICE02_OpenSpace_Light_3 OFFICE02_OpenSpace_Light_4 OFFICE02_OpenSpace_Light_5 OFFICE02_OpenSpace_Light_6 OFFICE02_MeetingRoom_Light_1 OFFICE02_MeetingRoom_Light_2 OFFICE02_MeetingRoom_Light_3 OFFICE02_Pantry_Light_1 OFFICE02_Hallway_Light_1 OFFICE02_OpenSpace_AirConditioner_1 OFFICE02_OpenSpace_AirConditioner_2 OFFICE02_OpenSpace_AirConditioner_3 OFFICE02_MeetingRoom_AirConditioner_1 OFFICE02_MeetingRoom_AirConditioner_2 OFFICE02_MeetingRoom_AirConditioner_3 OFFICE02_OpenSpace_AirPurifier_1 OFFICE02_OpenSpace_AirPurifier_2,
G00637,사무실,OFFICE05,기기제어,I am done for the day.,오늘은 여기까지야.,ask,,D1,T0,none,OFFICE05_Hallway_Light_1 OFFICE05_Hallway_Light_2 OFFICE05_Hallway_Light_3 OFFICE05_Hallway_Light_4 OFFICE05_Hallway_Siren_1 OFFICE05_Hallway_Siren_2 OFFICE05_MeetingRoom_Light_1 OFFICE05_MeetingRoom_Light_2 OFFICE05_MeetingRoom_Light_3 OFFICE05_MeetingRoom_Light_4 OFFICE05_OpenSpace_AirConditioner_1 OFFICE05_OpenSpace_AirConditioner_2 OFFICE05_OpenSpace_AirConditioner_3 OFFICE05_OpenSpace_AirConditioner_4 OFFICE05_OpenSpace_AirConditioner_5 OFFICE05_OpenSpace_AirConditioner_6 OFFICE05_OpenSpace_AirConditioner_7 OFFICE05_OpenSpace_AirConditioner_8 OFFICE05_OpenSpace_Light_1 OFFICE05_OpenSpace_Light_10 OFFICE05_OpenSpace_Light_11 OFFICE05_OpenSpace_Light_12 OFFICE05_OpenSpace_Light_13 OFFICE05_OpenSpace_Light_14 OFFICE05_OpenSpace_Light_15 OFFICE05_OpenSpace_Light_16 OFFICE05_OpenSpace_Light_2 OFFICE05_OpenSpace_Light_3 OFFICE05_OpenSpace_Light_4 OFFICE05_OpenSpace_Light_5 OFFICE05_OpenSpace_Light_6 OFFICE05_OpenSpace_Light_7 OFFICE05_OpenSpace_Light_8 OFFICE05_OpenSpace_Light_9 OFFICE05_OpenSpace_Ventilator_1 OFFICE05_OpenSpace_Ventilator_2 OFFICE05_OpenSpace_Ventilator_3 OFFICE05_OpenSpace_Ventilator_4,
G00642,사무실,OFFICE03,기기제어,please switch the meeting room 3 light on.,회의실 3 조명 켜 주세요.,execute,,D1,T0,none,OFFICE03_MeetingRoom_Light_3,
G00645,사무실,OFFICE01,기기제어,please toggle the open space switch.,사무실 스위치 껐다 켜 주세요.,execute,,D1,T0,none,OFFICE01_OpenSpace_Light_1 OFFICE01_OpenSpace_Light_2 OFFICE01_OpenSpace_Light_3 OFFICE01_OpenSpace_Light_4 OFFICE01_OpenSpace_AirConditioner_1 OFFICE01_OpenSpace_AirConditioner_2 OFFICE01_OpenSpace_AirPurifier_1,
G00693,사무실,OFFICE01,기기제어,could you put the open space thermostat on 22 degrees?,사무실 온도조절기 22도로 해 줄 수 있어?,execute,,D1,T0,none,OFFICE01_OpenSpace_Thermostat_1,
G00700,사무실,OFFICE06,기기제어,Turn the heating off,난방 꺼,execute,,D1,T0,none,OFFICE06_OpenSpace_Thermostat_1,
G00705,사무실,OFFICE01,기기제어,could you put the open space thermostat on 25 degrees?,사무실 온도조절기 25도로 해 줄 수 있어?,execute,,D1,T0,none,OFFICE01_OpenSpace_Thermostat_1,
G00718,사무실,OFFICE02,기기제어,Cancel the timer,타이머 취소해 줘,refuse,no_service,D1,T0,none,,
G00727,사무실,OFFICE03,기기제어,I'd like you to cancel the timer.,타이머 취소해 줬으면 해.,refuse,no_service,D1,T0,none,,
G00730,사무실,OFFICE02,기기제어,I'd like you to start a countdown for 2 minutes.,2분 카운트다운 시작해 줬으면 해.,refuse,no_service,D1,T0,none,,
G00740,사무실,OFFICE05,기기제어,could you start a countdown for 5 minutes?,5분 카운트다운 시작해 줄 수 있어?,refuse,no_service,D1,T0,none,,
G00743,사무실,OFFICE02,기기제어,can you shut the garage door?,차고문 닫아 줄래?,refuse,no_device,D1,T0,none,,
G00784,사무실,OFFICE01,기기제어,Shut the open space lights off.,사무실 조명 꺼.,execute,,D1,T0,none,OFFICE01_OpenSpace_Light_1 OFFICE01_OpenSpace_Light_2 OFFICE01_OpenSpace_Light_3 OFFICE01_OpenSpace_Light_4,
G00817,사무실,OFFICE05,기기제어,Raise all the blinds.,모든 블라인드 올려.,execute,,D1,T0,none,OFFICE05_OpenSpace_WindowCovering_1 OFFICE05_OpenSpace_WindowCovering_2 OFFICE05_OpenSpace_WindowCovering_3 OFFICE05_OpenSpace_WindowCovering_4 OFFICE05_OpenSpace_WindowCovering_5 OFFICE05_OpenSpace_WindowCovering_6 OFFICE05_OpenSpace_WindowCovering_7 OFFICE05_OpenSpace_WindowCovering_8,
G00821,사무실,OFFICE06,기기제어,Switch all the lights on,모든 조명 켜,execute,,D1,T0,none,OFFICE06_OpenSpace_Light_1 OFFICE06_OpenSpace_Light_2 OFFICE06_OpenSpace_Light_3 OFFICE06_MeetingRoom_Light_1,
G00833,사무실,OFFICE01,기기제어,can you turn the coffee maker off?,커피포트 꺼 줄래?,execute,,D1,T0,none,OFFICE01_Pantry_CoffeeMaker_1,
G00834,사무실,OFFICE02,기기제어,I'd like you to start the coffee maker.,커피포트 켜 줬으면 해.,execute,,D1,T0,none,OFFICE02_Pantry_CoffeeMaker_1,
G00835,사무실,OFFICE04,기기제어,could you brew a cup on the pantry coffee maker?,팬트리 커피포트로 한 잔 내려 줄 수 있어?,execute,,D1,T0,none,OFFICE04_Pantry_CoffeeMaker_1,
G00836,사무실,OFFICE06,기기제어,Turn the pantry coffee maker off,팬트리 커피포트 꺼,execute,,D1,T0,none,OFFICE06_Pantry_CoffeeMaker_1,
G00839,사무실,OFFICE06,기기제어,please brew a cup on the pantry coffee maker.,팬트리 커피포트로 한 잔 내려 주세요.,execute,,D1,T0,none,OFFICE06_Pantry_CoffeeMaker_1,
G00840,사무실,OFFICE06,기기제어,Make me a cup,한 잔 내려 줘,execute,,D1,T0,none,OFFICE06_Pantry_CoffeeMaker_1,
G00842,사무실,OFFICE02,기기제어,can you start the pantry coffee maker?,팬트리 커피포트 켜 줄래?,execute,,D1,T0,none,OFFICE02_Pantry_CoffeeMaker_1,
G00843,사무실,OFFICE01,기기제어,can you turn the pantry coffee maker off?,팬트리 커피포트 꺼 줄래?,execute,,D1,T0,none,OFFICE01_Pantry_CoffeeMaker_1,
G00844,사무실,OFFICE02,기기제어,I'd like you to start the pantry coffee maker.,팬트리 커피포트 켜 줬으면 해.,execute,,D1,T0,none,OFFICE02_Pantry_CoffeeMaker_1,
G00845,사무실,OFFICE04,기기제어,I'd like you to turn the pantry coffee maker off.,팬트리 커피포트 꺼 줬으면 해.,execute,,D1,T0,none,OFFICE04_Pantry_CoffeeMaker_1,
G00847,사무실,OFFICE01,기기제어,can you turn on the camera?,카메라 켜 줄래?,refuse,no_device,D1,T0,none,,
G00848,사무실,OFFICE05,기기제어,I'd like you to take a snapshot with the camera.,카메라로 사진 찍어 줬으면 해.,ask,,D1,T0,none,OFFICE05_Hallway_Camera_1 OFFICE05_Hallway_Camera_2 OFFICE05_Hallway_Camera_3 OFFICE05_Hallway_Camera_4,
G00852,사무실,OFFICE03,기기제어,please take a snapshot with the meeting room camera.,회의실 카메라로 사진 좀 찍어 줘.,execute,,D1,T0,none,OFFICE03_MeetingRoom_Camera_1 OFFICE03_MeetingRoom_Camera_2,
G00861,사무실,OFFICE02,기기제어,can you set the volume on the TV to 30?,TV 볼륨 30으로 맞춰 줄래?,refuse,no_device,D1,T0,none,,
G00882,사무실,OFFICE04,기기제어,I'd like you to shut the row 6 light off.,6열 조명 꺼 줬으면 해.,execute,,D1,T0,none,OFFICE04_OpenSpace_Light_6,
G00884,사무실,OFFICE06,기기제어,Run the fan for 3 minutes,선풍기를 3분 동안 돌려,refuse,no_device,D1,T0,none,,
G00896,사무실,OFFICE01,기기제어,can you shut everything down in here?,여기 다 꺼 줄래?,ask,,D1,T0,none,OFFICE01_MeetingRoom_AirConditioner_1 OFFICE01_MeetingRoom_Light_1 OFFICE01_OpenSpace_AirConditioner_1 OFFICE01_OpenSpace_AirConditioner_2 OFFICE01_OpenSpace_AirPurifier_1 OFFICE01_OpenSpace_Light_1 OFFICE01_OpenSpace_Light_2 OFFICE01_OpenSpace_Light_3 OFFICE01_OpenSpace_Light_4 OFFICE01_OpenSpace_Thermostat_1 OFFICE01_Pantry_Fan_1 OFFICE01_Pantry_Light_1,
G00905,사무실,OFFICE06,기기제어,please brighten this place up.,여기 좀 밝게 해 줘.,execute,,D1,T0,none,OFFICE06_MeetingRoom_Light_1 OFFICE06_OpenSpace_Light_1 OFFICE06_OpenSpace_Light_2 OFFICE06_OpenSpace_Light_3,
G00908,사무실,OFFICE05,기기제어,can you get the open space lights on?,사무실 조명 켜 줄래?,execute,,D1,T0,none,OFFICE05_OpenSpace_Light_1 OFFICE05_OpenSpace_Light_2 OFFICE05_OpenSpace_Light_3 OFFICE05_OpenSpace_Light_4 OFFICE05_OpenSpace_Light_5 OFFICE05_OpenSpace_Light_6 OFFICE05_OpenSpace_Light_7 OFFICE05_OpenSpace_Light_8 OFFICE05_OpenSpace_Light_9 OFFICE05_OpenSpace_Light_10 OFFICE05_OpenSpace_Light_11 OFFICE05_OpenSpace_Light_12 OFFICE05_OpenSpace_Light_13 OFFICE05_OpenSpace_Light_14 OFFICE05_OpenSpace_Light_15 OFFICE05_OpenSpace_Light_16,
G00911,사무실,OFFICE01,기기제어,Get the pantry lights on,팬트리 조명 켜,execute,,D1,T0,none,OFFICE01_Pantry_Light_1,
G00913,사무실,OFFICE06,기기제어,can you turn on the fan?,선풍기 켜 줄래?,refuse,no_device,D1,T0,none,,
G00914,사무실,OFFICE06,기기제어,Make it breezy,시원한 바람 좀 줘,ask,,D1,T0,none,OFFICE06_OpenSpace_AirConditioner_1 OFFICE06_OpenSpace_Thermostat_1,
G00918,사무실,OFFICE05,기기제어,could you bring the hallway lights down to 25 percent?,복도 조명 밝기를 25퍼센트까지 낮춰 줄 수 있어?,execute,,D1,T0,none,OFFICE05_Hallway_Light_1 OFFICE05_Hallway_Light_2 OFFICE05_Hallway_Light_3 OFFICE05_Hallway_Light_4,
G00925,사무실,OFFICE03,기기제어,Switch the switch on.,스위치 켜.,ask,,D1,T0,none,OFFICE03_MeetingRoom_Light_1 OFFICE03_MeetingRoom_Light_2 OFFICE03_MeetingRoom_Light_3 OFFICE03_MeetingRoom_Light_4 OFFICE03_MeetingRoom_AirConditioner_1 OFFICE03_MeetingRoom_AirConditioner_2 OFFICE03_MeetingRoom_AirConditioner_3 OFFICE03_MeetingRoom_AirConditioner_4 OFFICE03_OpenSpace_Light_1 OFFICE03_OpenSpace_Light_2 OFFICE03_OpenSpace_Light_3,
G00938,사무실,OFFICE06,기기제어,please switch the open space lights to the reading scene.,사무실 조명 독서 모드로 바꿔 주세요.,execute,,D1,T0,none,OFFICE06_OpenSpace_Light_1 OFFICE06_OpenSpace_Light_2 OFFICE06_OpenSpace_Light_3,
G00956,사무실,OFFICE02,기기제어,I'd like you to stop recording on the camera.,카메라 녹화 멈춰 줬으면 해.,refuse,no_device,D1,T0,none,,
G00960,사무실,OFFICE06,기기제어,please record this.,이거 좀 녹화해 줘.,execute,,D1,T0,none,OFFICE06_OpenSpace_Camera_1 OFFICE06_OpenSpace_Camera_2,
G00973,사무실,OFFICE02,기기제어,please switch the pantry lights to the morning scene.,팬트리 조명 아침 모드로 좀 바꿔 줘.,execute,,D1,T0,none,OFFICE02_Pantry_Light_1,
G01009,사무실,OFFICE03,기기제어,please turn on the air conditioner.,에어컨 켜 주세요.,ask,,D1,T0,none,OFFICE03_MeetingRoom_AirConditioner_1 OFFICE03_MeetingRoom_AirConditioner_2 OFFICE03_MeetingRoom_AirConditioner_3 OFFICE03_MeetingRoom_AirConditioner_4,
G01023,사무실,OFFICE05,기기제어,could you turn on the hallway camera?,복도 카메라 켜 줄 수 있어?,execute,,D1,T0,none,OFFICE05_Hallway_Camera_1 OFFICE05_Hallway_Camera_2 OFFICE05_Hallway_Camera_3 OFFICE05_Hallway_Camera_4,
G01032,사무실,OFFICE04,기기제어,Turn all the fans off.,모든 선풍기 꺼.,execute,,D1,T0,none,OFFICE04_Pantry_Fan_1,
G01036,사무실,OFFICE06,기기제어,I'd like you to switch the meeting room lights off.,회의실 조명 꺼 줬으면 해.,execute,,D1,T0,none,OFFICE06_MeetingRoom_Light_1,
G01037,사무실,OFFICE05,기기제어,Open the open space blinds.,사무실 블라인드 열어.,execute,,D1,T0,none,OFFICE05_OpenSpace_WindowCovering_1 OFFICE05_OpenSpace_WindowCovering_2 OFFICE05_OpenSpace_WindowCovering_3 OFFICE05_OpenSpace_WindowCovering_4 OFFICE05_OpenSpace_WindowCovering_5 OFFICE05_OpenSpace_WindowCovering_6 OFFICE05_OpenSpace_WindowCovering_7 OFFICE05_OpenSpace_WindowCovering_8,
G01040,사무실,OFFICE04,기기제어,Run the movie scene on the lights,조명 영화 모드 실행해,execute,,D1,T0,none,OFFICE04_OpenSpace_Light_1 OFFICE04_OpenSpace_Light_2 OFFICE04_OpenSpace_Light_3 OFFICE04_OpenSpace_Light_4 OFFICE04_OpenSpace_Light_5 OFFICE04_OpenSpace_Light_6 OFFICE04_RestRoom_Light_1 OFFICE04_Pantry_Light_1,
G01043,사무실,OFFICE01,기기제어,can you run the party scene on the lights?,조명 파티 모드 실행해 줄래?,execute,,D1,T0,none,OFFICE01_OpenSpace_Light_1 OFFICE01_OpenSpace_Light_2 OFFICE01_OpenSpace_Light_3 OFFICE01_OpenSpace_Light_4 OFFICE01_MeetingRoom_Light_1 OFFICE01_Pantry_Light_1,
G01046,사무실,OFFICE01,기기제어,Light up all the lights,모든 조명 켜,execute,,D1,T0,none,OFFICE01_OpenSpace_Light_1 OFFICE01_OpenSpace_Light_2 OFFICE01_OpenSpace_Light_3 OFFICE01_OpenSpace_Light_4 OFFICE01_MeetingRoom_Light_1 OFFICE01_Pantry_Light_1,
G01060,사무실,OFFICE06,기기제어,Get the meeting room lights on,회의실 조명 켜,execute,,D1,T0,none,OFFICE06_MeetingRoom_Light_1,
G01071,사무실,OFFICE02,기기제어,can you tell everyone in the house?,집 안에 다 알려 줄래?,execute,,D1,T0,none,OFFICE02_OpenSpace_Speaker_1 OFFICE02_OpenSpace_Speaker_2,
G01075,사무실,OFFICE04,기기제어,could you brew a cup on the coffee maker?,커피포트로 한 잔 내려 줄 수 있어?,execute,,D1,T0,none,OFFICE04_Pantry_CoffeeMaker_1,
G01076,사무실,OFFICE04,기기제어,please turn the coffee maker off.,커피포트 꺼 주세요.,execute,,D1,T0,none,OFFICE04_Pantry_CoffeeMaker_1,
G01086,사무실,OFFICE04,기기제어,I'd like you to run the pantry fan for 60 minutes.,팬트리 선풍기를 60분 동안 돌려 줬으면 해.,execute,,D1,T0,none,OFFICE04_Pantry_Fan_1,
G01102,사무실,OFFICE04,기기제어,can you toggle the row 3 light?,3열 조명 껐다 켜 줄래?,execute,,D1,T0,none,OFFICE04_OpenSpace_Light_3,
G01122,사무실,OFFICE01,기기제어,could you set the lights to the dinner scene?,조명 저녁 식사 모드로 해 줄 수 있어?,execute,,D1,T0,none,OFFICE01_OpenSpace_Light_1 OFFICE01_OpenSpace_Light_2 OFFICE01_OpenSpace_Light_3 OFFICE01_OpenSpace_Light_4 OFFICE01_MeetingRoom_Light_1 OFFICE01_Pantry_Light_1,
G01125,사무실,OFFICE04,기기제어,could you turn on the open space air purifier?,사무실 공기청정기 켜 줄 수 있어?,execute,,D1,T0,none,OFFICE04_OpenSpace_AirPurifier_1 OFFICE04_OpenSpace_AirPurifier_2 OFFICE04_OpenSpace_AirPurifier_3,
G01130,사무실,OFFICE03,기기제어,can you turn on the meeting room switch?,회의실 스위치 켜 줄래?,execute,,D1,T0,none,OFFICE03_MeetingRoom_Light_1 OFFICE03_MeetingRoom_Light_2 OFFICE03_MeetingRoom_Light_3 OFFICE03_MeetingRoom_Light_4 OFFICE03_MeetingRoom_AirConditioner_1 OFFICE03_MeetingRoom_AirConditioner_2 OFFICE03_MeetingRoom_AirConditioner_3 OFFICE03_MeetingRoom_AirConditioner_4,
G01134,사무실,OFFICE05,기기제어,can you start recording on all the cameras?,모든 카메라 녹화 시작해 줄래?,execute,,D1,T0,none,OFFICE05_Hallway_Camera_1 OFFICE05_Hallway_Camera_2 OFFICE05_Hallway_Camera_3 OFFICE05_Hallway_Camera_4,
G01161,사무실,OFFICE01,알림예약,could you remind me to check all the lights?,모든 조명 확인하라고 알려 줄 수 있어?,execute,,D1,T0,none,,NotificationProvider.SendPush
G01168,사무실,OFFICE02,기기제어,please switch the open space switch on.,사무실 스위치 켜 주세요.,execute,,D1,T0,none,OFFICE02_OpenSpace_Light_1 OFFICE02_OpenSpace_Light_2 OFFICE02_OpenSpace_Light_3 OFFICE02_OpenSpace_Light_4 OFFICE02_OpenSpace_Light_5 OFFICE02_OpenSpace_Light_6 OFFICE02_OpenSpace_AirConditioner_1 OFFICE02_OpenSpace_AirConditioner_2 OFFICE02_OpenSpace_AirConditioner_3 OFFICE02_OpenSpace_AirPurifier_1 OFFICE02_OpenSpace_AirPurifier_2,
G01177,사무실,OFFICE03,기기제어,could you get the meeting room lights on?,회의실 조명 켜 줄 수 있어?,execute,,D1,T0,none,OFFICE03_MeetingRoom_Light_1 OFFICE03_MeetingRoom_Light_2 OFFICE03_MeetingRoom_Light_3 OFFICE03_MeetingRoom_Light_4,
G01185,사무실,OFFICE04,기기제어,Switch all the lights off,모든 조명 꺼,execute,,D1,T0,none,OFFICE04_OpenSpace_Light_1 OFFICE04_OpenSpace_Light_2 OFFICE04_OpenSpace_Light_3 OFFICE04_OpenSpace_Light_4 OFFICE04_OpenSpace_Light_5 OFFICE04_OpenSpace_Light_6 OFFICE04_RestRoom_Light_1 OFFICE04_Pantry_Light_1,
G01188,사무실,OFFICE05,기기제어,could you switch the open space lights on?,사무실 조명 켜 줄 수 있어?,execute,,D1,T0,none,OFFICE05_OpenSpace_Light_1 OFFICE05_OpenSpace_Light_2 OFFICE05_OpenSpace_Light_3 OFFICE05_OpenSpace_Light_4 OFFICE05_OpenSpace_Light_5 OFFICE05_OpenSpace_Light_6 OFFICE05_OpenSpace_Light_7 OFFICE05_OpenSpace_Light_8 OFFICE05_OpenSpace_Light_9 OFFICE05_OpenSpace_Light_10 OFFICE05_OpenSpace_Light_11 OFFICE05_OpenSpace_Light_12 OFFICE05_OpenSpace_Light_13 OFFICE05_OpenSpace_Light_14 OFFICE05_OpenSpace_Light_15 OFFICE05_OpenSpace_Light_16,
G01197,사무실,OFFICE06,기기제어,please turn all the lights red.,모든 조명 빨간색으로 켜 주세요.,execute,,D1,T0,none,OFFICE06_OpenSpace_Light_1 OFFICE06_OpenSpace_Light_2 OFFICE06_OpenSpace_Light_3 OFFICE06_MeetingRoom_Light_1,
G01214,사무실,OFFICE03,기기제어,could you toggle the meeting room 4 light?,회의실 4 조명 껐다 켜 줄 수 있어?,execute,,D1,T0,none,OFFICE03_MeetingRoom_Light_4,
G01215,사무실,OFFICE01,기기제어,could you set a 60 minute timer?,60분 타이머 맞춰 줄 수 있어?,refuse,no_service,D1,T0,none,,
G01216,사무실,OFFICE04,기기제어,could you turn on the open space switch?,사무실 스위치 켜 줄 수 있어?,execute,,D1,T0,none,OFFICE04_OpenSpace_Light_1 OFFICE04_OpenSpace_Light_2 OFFICE04_OpenSpace_Light_3 OFFICE04_OpenSpace_Light_4 OFFICE04_OpenSpace_Light_5 OFFICE04_OpenSpace_Light_6 OFFICE04_OpenSpace_AirConditioner_1 OFFICE04_OpenSpace_AirConditioner_2 OFFICE04_OpenSpace_AirConditioner_3 OFFICE04_OpenSpace_AirConditioner_4 OFFICE04_OpenSpace_AirPurifier_1 OFFICE04_OpenSpace_AirPurifier_2 OFFICE04_OpenSpace_AirPurifier_3,
G01224,사무실,OFFICE06,알림예약,could you ping me when the open space printer finishes?,사무실 프린터 끝나면 알려 줄 수 있어?,execute,,D1,T0,none,,NotificationProvider.SendPush
G01225,사무실,OFFICE05,알림예약,could you remind me to check all the switches?,모든 스위치 확인하라고 알려 줄 수 있어?,execute,,D1,T0,none,,NotificationProvider.SendPush
G01226,사무실,OFFICE04,기기제어,I'd like you to get the row 6 light on.,6열 조명 켜 줬으면 해.,execute,,D1,T0,none,OFFICE04_OpenSpace_Light_6,
G01229,사무실,OFFICE06,기기제어,please set the mood softer.,분위기 좀 부드럽게 해 줘.,execute,,D1,T0,none,OFFICE06_MeetingRoom_Light_1 OFFICE06_OpenSpace_Light_1 OFFICE06_OpenSpace_Light_2 OFFICE06_OpenSpace_Light_3,
G01234,사무실,OFFICE01,기기제어,can you run all the fans for 20 minutes?,모든 선풍기를 20분 동안 돌려 줄래?,execute,,D1,T0,none,OFFICE01_Pantry_Fan_1,
G01235,사무실,OFFICE05,기기제어,Lower the open space blinds to 50 percent.,사무실 블라인드 50퍼센트까지 내려.,execute,,D1,T0,none,OFFICE05_OpenSpace_WindowCovering_1 OFFICE05_OpenSpace_WindowCovering_2 OFFICE05_OpenSpace_WindowCovering_3 OFFICE05_OpenSpace_WindowCovering_4 OFFICE05_OpenSpace_WindowCovering_5 OFFICE05_OpenSpace_WindowCovering_6 OFFICE05_OpenSpace_WindowCovering_7 OFFICE05_OpenSpace_WindowCovering_8,
G01253,사무실,OFFICE01,기기제어,could you start recording on the camera?,카메라 녹화 시작해 줄 수 있어?,refuse,no_device,D1,T0,none,,
G01261,사무실,OFFICE03,기기제어,I'd like you to get all the lights on.,모든 조명 켜 줬으면 해.,execute,,D1,T0,none,OFFICE03_MeetingRoom_Light_1 OFFICE03_MeetingRoom_Light_2 OFFICE03_MeetingRoom_Light_3 OFFICE03_MeetingRoom_Light_4 OFFICE03_OpenSpace_Light_1 OFFICE03_OpenSpace_Light_2 OFFICE03_OpenSpace_Light_3,
G01269,사무실,OFFICE03,기기제어,can you set all the lights to amber?,모든 조명 호박색으로 바꿔 줄래?,execute,,D1,T0,none,OFFICE03_MeetingRoom_Light_1 OFFICE03_MeetingRoom_Light_2 OFFICE03_MeetingRoom_Light_3 OFFICE03_MeetingRoom_Light_4 OFFICE03_OpenSpace_Light_1 OFFICE03_OpenSpace_Light_2 OFFICE03_OpenSpace_Light_3,
G01272,사무실,OFFICE03,기기제어,could you put the meeting room 4 light on?,회의실 4 조명 켜 줄 수 있어?,execute,,D1,T0,none,OFFICE03_MeetingRoom_Light_4,
G01281,사무실,OFFICE05,기기제어,I'd like you to turn on the water heater.,온수기 켜 줬으면 해.,refuse,no_device,D1,T0,none,,
G01382,사무실,OFFICE06,기기제어,could you dim the light to 25 percent with a single press of the button?,버튼을 한 번 누르면 조명 밝기를 25퍼센트로 낮춰 줄 수 있어?,ask,,D4,T1,none,OFFICE06_OpenSpace_Light_1 OFFICE06_OpenSpace_Light_2 OFFICE06_OpenSpace_Light_3 OFFICE06_MeetingRoom_Light_1,
G01386,사무실,OFFICE06,기기제어,can you make it dimmer when the scene button is pressed?,씬 버튼이 눌리면 좀 더 어둡게 해 줄래?,execute,,D4,T1,none,OFFICE06_MeetingRoom_Light_1 OFFICE06_OpenSpace_Light_1 OFFICE06_OpenSpace_Light_2 OFFICE06_OpenSpace_Light_3,
G01390,사무실,OFFICE06,기기제어,can you dim the open space lights to 10 percent with one tap on the wall switch?,벽 스위치를 한 번 누르면 사무실 조명 밝기를 10퍼센트로 낮춰 줄래?,execute,,D4,T1,none,OFFICE06_OpenSpace_Light_1 OFFICE06_OpenSpace_Light_2 OFFICE06_OpenSpace_Light_3,
G01394,사무실,OFFICE06,기기제어,"With a single press of the button, dim the meeting room lights to 20 percent.",버튼을 한 번 누르면 회의실 조명 밝기를 20퍼센트로 낮춰.,execute,,D4,T1,none,OFFICE06_MeetingRoom_Light_1,
G01398,사무실,OFFICE06,기기제어,could you dim the meeting room lights to 10 percent when the scene button is pressed?,씬 버튼이 눌리면 회의실 조명 밝기를 10퍼센트로 낮춰 줄 수 있어?,execute,,D4,T1,none,OFFICE06_MeetingRoom_Light_1,
G01402,사무실,OFFICE06,기기제어,can you dim the meeting room lights to 10 percent when I double-press the button?,버튼이 연속 두 번 눌리면 회의실 조명 밝기를 10퍼센트로 낮춰 줄래?,execute,,D4,T1,none,OFFICE06_MeetingRoom_Light_1,
G01406,사무실,OFFICE06,기기제어,"When I press the button, dim the open space lights to 5 percent.",내가 버튼을 누르면 사무실 조명 밝기를 5퍼센트로 낮춰.,execute,,D4,T1,none,OFFICE06_OpenSpace_Light_1 OFFICE06_OpenSpace_Light_2 OFFICE06_OpenSpace_Light_3,
G01411,사무실,OFFICE06,기기제어,"When the scene button is pressed, dim the open space lights to 30 percent.",씬 버튼이 눌리면 사무실 조명 밝기를 30퍼센트로 낮춰.,execute,,D4,T1,none,OFFICE06_OpenSpace_Light_1 OFFICE06_OpenSpace_Light_2 OFFICE06_OpenSpace_Light_3,
G01415,사무실,OFFICE06,기기제어,could you dim the open space lights to 20 percent when I double-press the button?,버튼이 연속 두 번 눌리면 사무실 조명 밝기를 20퍼센트로 낮춰 줄 수 있어?,execute,,D4,T1,none,OFFICE06_OpenSpace_Light_1 OFFICE06_OpenSpace_Light_2 OFFICE06_OpenSpace_Light_3,
G01419,사무실,OFFICE06,기기제어,can you dim the meeting room lights to 15 percent when I press the button?,내가 버튼을 누르면 회의실 조명 밝기를 15퍼센트로 낮춰 줄래?,execute,,D4,T1,none,OFFICE06_MeetingRoom_Light_1,
G01423,사무실,OFFICE06,기기제어,"With one tap on the wall switch, set the mood softer",벽 스위치를 한 번 누르면 분위기 좀 부드럽게 해 줘,execute,,D4,T1,none,OFFICE06_MeetingRoom_Light_1 OFFICE06_OpenSpace_Light_1 OFFICE06_OpenSpace_Light_2 OFFICE06_OpenSpace_Light_3,
G01427,사무실,OFFICE06,기기제어,could you dim the open space lights to 30 percent with a single press of the button?,버튼을 한 번 누르면 사무실 조명 밝기를 30퍼센트로 낮춰 줄 수 있어?,execute,,D4,T1,none,OFFICE06_OpenSpace_Light_1 OFFICE06_OpenSpace_Light_2 OFFICE06_OpenSpace_Light_3,
G01431,사무실,OFFICE06,기기제어,could you dim the meeting room lights to 30 percent when I press the button?,내가 버튼을 누르면 회의실 조명 밝기를 30퍼센트로 낮춰 줄 수 있어?,execute,,D4,T1,none,OFFICE06_MeetingRoom_Light_1,
G01442,사무실,OFFICE01,기기제어,"Around sundown, switch the light on",해 질 무렵 조명 켜,ask,,D4,T1,sun,OFFICE01_OpenSpace_Light_1 OFFICE01_OpenSpace_Light_2 OFFICE01_OpenSpace_Light_3 OFFICE01_OpenSpace_Light_4 OFFICE01_MeetingRoom_Light_1 OFFICE01_Pantry_Light_1,
G01448,사무실,OFFICE05,기기제어,"Around sundown, get the hallway lights on.",해 질 무렵 복도 조명 켜.,execute,,D4,T1,sun,OFFICE05_Hallway_Light_1 OFFICE05_Hallway_Light_2 OFFICE05_Hallway_Light_3 OFFICE05_Hallway_Light_4,
G01452,사무실,OFFICE04,기기제어,could you brighten this place up at sunrise?,해 뜰 때 여기 좀 밝게 해 줄 수 있어?,execute,,D4,T1,sun,OFFICE04_OpenSpace_Light_1 OFFICE04_OpenSpace_Light_2 OFFICE04_OpenSpace_Light_3 OFFICE04_OpenSpace_Light_4 OFFICE04_OpenSpace_Light_5 OFFICE04_OpenSpace_Light_6 OFFICE04_Pantry_Light_1 OFFICE04_RestRoom_Light_1,
G01457,사무실,OFFICE03,기기제어,could you turn on the open space lights around sundown?,해 질 무렵 사무실 조명 켜 줄 수 있어?,execute,,D4,T1,sun,OFFICE03_OpenSpace_Light_1 OFFICE03_OpenSpace_Light_2 OFFICE03_OpenSpace_Light_3,
G01468,사무실,OFFICE04,기기제어,I'd like you to put the open space lights on around sundown.,해 질 무렵 사무실 조명 켜 줬으면 해.,execute,,D4,T1,sun,OFFICE04_OpenSpace_Light_1 OFFICE04_OpenSpace_Light_2 OFFICE04_OpenSpace_Light_3 OFFICE04_OpenSpace_Light_4 OFFICE04_OpenSpace_Light_5 OFFICE04_OpenSpace_Light_6,
G01473,사무실,OFFICE01,기기제어,can you put the open space lights on around sundown?,해 질 무렵 사무실 조명 켜 줄래?,execute,,D4,T1,sun,OFFICE01_OpenSpace_Light_1 OFFICE01_OpenSpace_Light_2 OFFICE01_OpenSpace_Light_3 OFFICE01_OpenSpace_Light_4,
G01477,사무실,OFFICE02,기기제어,please light up the pantry lights around sundown.,해 질 무렵 팬트리 조명 켜 주세요.,execute,,D4,T1,sun,OFFICE02_Pantry_Light_1,
G01483,사무실,OFFICE06,기기제어,please switch the meeting room lights on around sundown.,해 질 무렵 회의실 조명 켜 주세요.,execute,,D4,T1,sun,OFFICE06_MeetingRoom_Light_1,
G01488,사무실,OFFICE03,기기제어,"Around sundown, brighten this place up",해 질 무렵 여기 좀 밝게 해 줘,ask,,D4,T1,sun,OFFICE03_MeetingRoom_Light_1 OFFICE03_MeetingRoom_Light_2 OFFICE03_MeetingRoom_Light_3 OFFICE03_MeetingRoom_Light_4 OFFICE03_MeetingRoom_Projector_1 OFFICE03_MeetingRoom_Projector_2 OFFICE03_OpenSpace_Light_1 OFFICE03_OpenSpace_Light_2 OFFICE03_OpenSpace_Light_3,
G01497,사무실,OFFICE03,알림예약,"At 7 am, I want to know when it changes.",오전 7시에 상태가 바뀌면 알려 줘.,execute,,D6,T1,none,,Speaker.Speak
G01503,사무실,OFFICE05,알림예약,"Every night at midnight, send a warning to my phone.",매일 자정에 폰으로 경고 보내 줘.,execute,,D6,T1,none,,NotificationProvider.SendPush
G01514,사무실,OFFICE02,알림예약,Let me know every night at 10 pm,매일 밤 10시에 알려 줘,execute,,D6,T1,none,,NotificationProvider.SendPush
G01519,사무실,OFFICE04,알림예약,Give me a heads-up on Monday at noon,월요일 정오에 꼭 알려 줘,execute,,D6,T1,none,,Speaker.Speak
G01524,사무실,OFFICE01,알림예약,could you announce it every night at 10 pm?,매일 밤 10시에 방송해 줄 수 있어?,execute,,D6,T1,none,,Speaker.Speak
G01530,사무실,OFFICE03,알림예약,could you push me an alert every night at 11:30 pm?,매일 밤 11시 30분에 알림 띄워 줄 수 있어?,execute,,D6,T1,none,,Speaker.Speak
G01539,사무실,OFFICE02,알림예약,I'd like you to let me know every night at 9 pm.,매일 밤 9시에 알려 줬으면 해.,execute,,D6,T1,none,,NotificationProvider.SendPush
G01545,사무실,OFFICE04,알림예약,I'd like you to tell me about it every night at 11:30 pm.,매일 밤 11시 30분에 알려 줬으면 해.,execute,,D6,T1,none,,Speaker.Speak
G01551,사무실,OFFICE06,알림예약,I'd like you to send me a notification every night at 10:30 pm.,매일 밤 10시 30분에 알림 보내 줬으면 해.,execute,,D6,T1,none,,NotificationProvider.SendPush
G01592,사무실,OFFICE06,기기제어,Put the open space lights on when I double-press the button.,버튼이 연속 두 번 눌리면 사무실 조명 켜.,execute,,D4,T1,none,OFFICE06_OpenSpace_Light_1 OFFICE06_OpenSpace_Light_2 OFFICE06_OpenSpace_Light_3,
G01595,사무실,OFFICE01,기기제어,I'd like you to get the pantry lights on when I press the button.,내가 버튼을 누르면 팬트리 조명 켜 줬으면 해.,execute,,D4,T1,none,OFFICE01_Pantry_Light_1,
G01651,사무실,OFFICE01,기기제어,can you turn the pantry fan off if the temperature drops below 5 degrees?,온도가 5도 아래로 떨어지면 팬트리 선풍기 꺼 줄래?,execute,,D4,T1,none,OFFICE01_Pantry_Fan_1,
G01659,사무실,OFFICE04,기기제어,"When the temperature goes above 35 degrees, turn on the pantry fan",온도가 35도를 넘으면 팬트리 선풍기 켜,execute,,D4,T1,none,OFFICE04_Pantry_Fan_1,
G01672,사무실,OFFICE04,기기제어,could you make it breezy when the temperature goes above 35 degrees?,온도가 35도를 넘으면 시원한 바람 좀 줄 수 있어?,ask,,D4,T1,none,OFFICE04_OpenSpace_AirConditioner_1 OFFICE04_OpenSpace_AirConditioner_2 OFFICE04_OpenSpace_AirConditioner_3 OFFICE04_OpenSpace_AirConditioner_4 OFFICE04_OpenSpace_AirPurifier_1 OFFICE04_OpenSpace_AirPurifier_2 OFFICE04_OpenSpace_AirPurifier_3 OFFICE04_OpenSpace_Ventilator_1 OFFICE04_OpenSpace_Ventilator_2 OFFICE04_OpenSpace_Ventilator_3 OFFICE04_Pantry_Fan_1,
G01673,사무실,OFFICE04,알림예약,please let me know if rain is in the forecast.,비 예보가 있으면 알려 주세요.,execute,,D4,T1,weather,,Speaker.Speak
G01701,사무실,OFFICE03,알림예약,please let me know if the outside temperature drops below 10.,바깥 온도가 10도 아래로 떨어지면 알려 주세요.,execute,,D4,T1,weather,,Speaker.Speak
G01721,사무실,OFFICE03,알림예약,can you tell me about it if the outside temperature drops below 10?,바깥 온도가 10도 아래로 떨어지면 알려 줄래?,execute,,D4,T1,weather,,Speaker.Speak
G01724,사무실,OFFICE02,알림예약,I'd like you to tell me about it when it starts raining.,비가 오기 시작하면 알려 줬으면 해.,execute,,D4,T1,weather,,NotificationProvider.SendPush
G01731,사무실,OFFICE06,기기제어,please turn the light amber if the temperature drops below 0 degrees.,온도가 0도 아래로 떨어지면 조명 호박색으로 좀 켜 줘.,ask,,D4,T1,none,OFFICE06_OpenSpace_Light_1 OFFICE06_OpenSpace_Light_2 OFFICE06_OpenSpace_Light_3 OFFICE06_MeetingRoom_Light_1,
G01734,사무실,OFFICE03,기기제어,"When the temperature goes above 32 degrees, change the meeting room 4 light to green.",온도가 32도를 넘으면 회의실 4 조명 초록색으로 바꿔.,execute,,D4,T1,none,OFFICE03_MeetingRoom_Light_4,
G01740,사무실,OFFICE01,기기제어,could you change the pantry lights to orange if the temperature drops below 5 degrees?,온도가 5도 아래로 떨어지면 팬트리 조명 주황색으로 바꿔 줄 수 있어?,execute,,D4,T1,none,OFFICE01_Pantry_Light_1,
G01744,사무실,OFFICE05,기기제어,could you set the open space lights to amber if the temperature drops below 10 degrees?,온도가 10도 아래로 떨어지면 사무실 조명 호박색으로 바꿔 줄 수 있어?,execute,,D4,T1,none,OFFICE05_OpenSpace_Light_1 OFFICE05_OpenSpace_Light_2 OFFICE05_OpenSpace_Light_3 OFFICE05_OpenSpace_Light_4 OFFICE05_OpenSpace_Light_5 OFFICE05_OpenSpace_Light_6 OFFICE05_OpenSpace_Light_7 OFFICE05_OpenSpace_Light_8 OFFICE05_OpenSpace_Light_9 OFFICE05_OpenSpace_Light_10 OFFICE05_OpenSpace_Light_11 OFFICE05_OpenSpace_Light_12 OFFICE05_OpenSpace_Light_13 OFFICE05_OpenSpace_Light_14 OFFICE05_OpenSpace_Light_15 OFFICE05_OpenSpace_Light_16,
G01747,사무실,OFFICE02,기기제어,I'd like you to turn the meeting room 1 light blue when the temperature goes above 30 degrees.,온도가 30도를 넘으면 회의실 1 조명 파란색으로 켜 줬으면 해.,execute,,D4,T1,none,OFFICE02_MeetingRoom_Light_1,
G01753,사무실,OFFICE05,기기제어,can you lower the blind to 30 percent around sundown?,해 질 무렵 블라인드 30퍼센트까지 내려 줄래?,ask,,D4,T1,sun,OFFICE05_OpenSpace_WindowCovering_1 OFFICE05_OpenSpace_WindowCovering_2 OFFICE05_OpenSpace_WindowCovering_3 OFFICE05_OpenSpace_WindowCovering_4 OFFICE05_OpenSpace_WindowCovering_5 OFFICE05_OpenSpace_WindowCovering_6 OFFICE05_OpenSpace_WindowCovering_7 OFFICE05_OpenSpace_WindowCovering_8,
G01761,사무실,OFFICE05,기기제어,could you shut out the light from outside around sundown?,해 질 무렵 바깥 빛 좀 차단해 줄 수 있어?,ask,,D4,T1,sun,OFFICE05_Entrance_Door_1 OFFICE05_Entrance_Door_2 OFFICE05_OpenSpace_WindowCovering_1 OFFICE05_OpenSpace_WindowCovering_2 OFFICE05_OpenSpace_WindowCovering_3 OFFICE05_OpenSpace_WindowCovering_4 OFFICE05_OpenSpace_WindowCovering_5 OFFICE05_OpenSpace_WindowCovering_6 OFFICE05_OpenSpace_WindowCovering_7 OFFICE05_OpenSpace_WindowCovering_8,
G01763,사무실,OFFICE02,기기제어,"Around sundown, lower the open space blinds to 70 percent",해 질 무렵 사무실 블라인드 70퍼센트까지 내려,execute,,D4,T1,sun,OFFICE02_OpenSpace_WindowCovering_1 OFFICE02_OpenSpace_WindowCovering_2 OFFICE02_OpenSpace_WindowCovering_3 OFFICE02_OpenSpace_WindowCovering_4,
G01765,사무실,OFFICE01,기기제어,can you open the open space blinds at sunrise?,해 뜰 때 사무실 블라인드 열어 줄래?,execute,,D4,T1,sun,OFFICE01_OpenSpace_WindowCovering_1 OFFICE01_OpenSpace_WindowCovering_2,
G01771,사무실,OFFICE02,기기제어,I'd like you to block the sun when the sun comes up.,해가 뜨면 햇빛 좀 막아 줬으면 해.,execute,,D4,T1,sun,OFFICE02_OpenSpace_WindowCovering_1 OFFICE02_OpenSpace_WindowCovering_2 OFFICE02_OpenSpace_WindowCovering_3 OFFICE02_OpenSpace_WindowCovering_4,
G01773,사무실,OFFICE01,기기제어,Open the open space blinds when the sun comes up,해가 뜨면 사무실 블라인드 열어,execute,,D4,T1,sun,OFFICE01_OpenSpace_WindowCovering_1 OFFICE01_OpenSpace_WindowCovering_2,
G01779,사무실,OFFICE02,기기제어,can you close the open space blinds once it gets dark outside?,바깥이 어두워지면 사무실 블라인드 닫아 줄래?,execute,,D4,T1,sun,OFFICE02_OpenSpace_WindowCovering_1 OFFICE02_OpenSpace_WindowCovering_2 OFFICE02_OpenSpace_WindowCovering_3 OFFICE02_OpenSpace_WindowCovering_4,
G01784,사무실,OFFICE05,기기제어,could you pull the open space blinds shut at sunrise?,해 뜰 때 사무실 블라인드 닫아 줄 수 있어?,execute,,D4,T1,sun,OFFICE05_OpenSpace_WindowCovering_1 OFFICE05_OpenSpace_WindowCovering_2 OFFICE05_OpenSpace_WindowCovering_3 OFFICE05_OpenSpace_WindowCovering_4 OFFICE05_OpenSpace_WindowCovering_5 OFFICE05_OpenSpace_WindowCovering_6 OFFICE05_OpenSpace_WindowCovering_7 OFFICE05_OpenSpace_WindowCovering_8,
G01789,사무실,OFFICE01,알림예약,Keep me posted if my calendar says I am busy,일정상 내가 바쁘면 계속 알려 줘,execute,,D4,T1,calendar,,NotificationProvider.SendPush
G01791,사무실,OFFICE03,알림예약,could you announce it when a meeting is about to start?,회의가 곧 시작되면 방송해 줄 수 있어?,execute,,D4,T1,calendar,,Speaker.Speak
G01792,사무실,OFFICE06,알림예약,please send me a notification when today's first event begins.,오늘 첫 일정이 시작되면 알림 좀 보내 줘.,execute,,D4,T1,calendar,,NotificationProvider.SendPush
G01793,사무실,OFFICE01,알림예약,can you push me an alert if my calendar says I am busy?,일정상 내가 바쁘면 알림 띄워 줄래?,execute,,D4,T1,calendar,,NotificationProvider.SendPush
G01795,사무실,OFFICE06,알림예약,can you tell me about it if my calendar says I am busy?,일정상 내가 바쁘면 알려 줄래?,execute,,D4,T1,calendar,,NotificationProvider.SendPush
G01797,사무실,OFFICE05,알림예약,"If my calendar says I am busy, send me a notification.",일정상 내가 바쁘면 알림 보내 줘.,execute,,D4,T1,calendar,,NotificationProvider.SendPush
G01800,사무실,OFFICE02,알림예약,I'd like you to let me know when today's first event begins.,오늘 첫 일정이 시작되면 알려 줬으면 해.,execute,,D4,T1,calendar,,NotificationProvider.SendPush
G01802,사무실,OFFICE04,알림예약,Send me a notification at the start of my next event,다음 일정이 시작되면 알림 보내 줘,execute,,D4,T1,calendar,,Speaker.Speak
G01804,사무실,OFFICE06,알림예약,Give me a heads-up when today's first event begins.,오늘 첫 일정이 시작되면 꼭 알려 줘.,execute,,D4,T1,calendar,,NotificationProvider.SendPush
G01805,사무실,OFFICE01,알림예약,can you let me know if my calendar says I am busy?,일정상 내가 바쁘면 알려 줄래?,execute,,D4,T1,calendar,,NotificationProvider.SendPush
G01807,사무실,OFFICE03,알림예약,Keep me posted when a meeting is about to start.,회의가 곧 시작되면 계속 알려 줘.,execute,,D4,T1,calendar,,Speaker.Speak
G01809,사무실,OFFICE05,알림예약,"If my calendar says I am busy, give me a heads-up",일정상 내가 바쁘면 꼭 알려 줘,execute,,D4,T1,calendar,,NotificationProvider.SendPush
G01812,사무실,OFFICE02,알림예약,I'd like you to send me a notification when today's first event begins.,오늘 첫 일정이 시작되면 알림 보내 줬으면 해.,execute,,D4,T1,calendar,,NotificationProvider.SendPush
G01822,사무실,OFFICE04,기기제어,I'd like you to make all the lights green at sunrise.,해 뜰 때 모든 조명 초록색으로 해 줬으면 해.,execute,,D4,T1,sun,OFFICE04_OpenSpace_Light_1 OFFICE04_OpenSpace_Light_2 OFFICE04_OpenSpace_Light_3 OFFICE04_OpenSpace_Light_4 OFFICE04_OpenSpace_Light_5 OFFICE04_OpenSpace_Light_6 OFFICE04_RestRoom_Light_1 OFFICE04_Pantry_Light_1,
G01827,사무실,OFFICE01,기기제어,can you set all the lights to daylight white at sunrise?,해 뜰 때 모든 조명 주광색으로 바꿔 줄래?,execute,,D4,T1,sun,OFFICE01_OpenSpace_Light_1 OFFICE01_OpenSpace_Light_2 OFFICE01_OpenSpace_Light_3 OFFICE01_OpenSpace_Light_4 OFFICE01_MeetingRoom_Light_1 OFFICE01_Pantry_Light_1,
G01833,사무실,OFFICE05,기기제어,can you change all the lights to pink at sunrise?,해 뜰 때 모든 조명 분홍색으로 바꿔 줄래?,execute,,D4,T1,sun,OFFICE05_OpenSpace_Light_1 OFFICE05_OpenSpace_Light_2 OFFICE05_OpenSpace_Light_3 OFFICE05_OpenSpace_Light_4 OFFICE05_OpenSpace_Light_5 OFFICE05_OpenSpace_Light_6 OFFICE05_OpenSpace_Light_7 OFFICE05_OpenSpace_Light_8 OFFICE05_OpenSpace_Light_9 OFFICE05_OpenSpace_Light_10 OFFICE05_OpenSpace_Light_11 OFFICE05_OpenSpace_Light_12 OFFICE05_OpenSpace_Light_13 OFFICE05_OpenSpace_Light_14 OFFICE05_OpenSpace_Light_15 OFFICE05_OpenSpace_Light_16 OFFICE05_MeetingRoom_Light_1 OFFICE05_MeetingRoom_Light_2 OFFICE05_MeetingRoom_Light_3 OFFICE05_MeetingRoom_Light_4 OFFICE05_Hallway_Light_1 OFFICE05_Hallway_Light_2 OFFICE05_Hallway_Light_3 OFFICE05_Hallway_Light_4,
G01868,사무실,OFFICE04,알림예약,I'd like you to tell me about it when the temperature goes above 24 degrees.,온도가 24도를 넘으면 알려 줬으면 해.,execute,,D4,T1,none,,Speaker.Speak
G01872,사무실,OFFICE06,알림예약,I'd like you to send me a notification when the temperature goes above 26 degrees.,온도가 26도를 넘으면 알림 보내 줬으면 해.,execute,,D4,T1,none,,NotificationProvider.SendPush
G01888,사무실,OFFICE02,알림예약,please let me know if the temperature drops below 5 degrees.,온도가 5도 아래로 떨어지면 좀 알려 줘.,execute,,D4,T1,none,,NotificationProvider.SendPush
G01889,사무실,OFFICE01,기기제어,could you put the thermostat on 24 degrees if the temperature drops below 18 degrees?,온도가 18도 아래로 떨어지면 온도조절기 24도로 해 줄 수 있어?,execute,,D4,T1,none,OFFICE01_OpenSpace_Thermostat_1,
G01898,사무실,OFFICE01,기기제어,could you put the thermostat on 18 degrees if the temperature drops below 18 degrees?,온도가 18도 아래로 떨어지면 온도조절기 18도로 해 줄 수 있어?,execute,,D4,T1,none,OFFICE01_OpenSpace_Thermostat_1,
G01908,사무실,OFFICE01,기기제어,could you turn on the camera if motion is detected in the pantry?,팬트리에서 움직임이 감지되면 카메라 켜 줄 수 있어?,refuse,no_device,D4,T1,none,,
G01912,사무실,OFFICE06,기기제어,I'd like you to take a snapshot with the camera if motion is detected in the open space.,사무실에서 움직임이 감지되면 카메라로 사진 찍어 줬으면 해.,ask,,D4,T1,none,OFFICE06_OpenSpace_Camera_1 OFFICE06_OpenSpace_Camera_2,
G01918,사무실,OFFICE06,기기제어,Take a snapshot with the open space camera the moment something moves in the open space,사무실에서 뭔가 움직이는 순간 사무실 카메라로 사진 찍어,execute,,D4,T1,none,OFFICE06_OpenSpace_Camera_1 OFFICE06_OpenSpace_Camera_2,
G01932,사무실,OFFICE06,기기제어,I'd like you to turn the lights warm white every morning at 7 am.,매일 오전 7시에 조명 전부 전구색으로 켜 줬으면 해.,execute,,D6,T1,none,OFFICE06_OpenSpace_Light_1 OFFICE06_OpenSpace_Light_2 OFFICE06_OpenSpace_Light_3 OFFICE06_MeetingRoom_Light_1,
G01937,사무실,OFFICE03,기기제어,can you change the lights to red at midnight on weekdays?,평일 자정에 조명 전부 빨간색으로 바꿔 줄래?,execute,,D6,T1,none,OFFICE03_MeetingRoom_Light_1 OFFICE03_MeetingRoom_Light_2 OFFICE03_MeetingRoom_Light_3 OFFICE03_MeetingRoom_Light_4 OFFICE03_OpenSpace_Light_1 OFFICE03_OpenSpace_Light_2 OFFICE03_OpenSpace_Light_3,
G01948,사무실,OFFICE04,기기제어,please turn the lights purple every day at 9 am.,매일 오전 9시에 조명 전부 보라색으로 좀 켜 줘.,execute,,D6,T1,none,OFFICE04_OpenSpace_Light_1 OFFICE04_OpenSpace_Light_2 OFFICE04_OpenSpace_Light_3 OFFICE04_OpenSpace_Light_4 OFFICE04_OpenSpace_Light_5 OFFICE04_OpenSpace_Light_6 OFFICE04_RestRoom_Light_1 OFFICE04_Pantry_Light_1,
G01951,사무실,OFFICE01,기기제어,can you set a calmer tone when the open space door opens?,사무실 문이 열리면 차분한 톤으로 맞춰 줄래?,execute,,D4,T1,none,OFFICE01_MeetingRoom_Light_1 OFFICE01_OpenSpace_Light_1 OFFICE01_OpenSpace_Light_2 OFFICE01_OpenSpace_Light_3 OFFICE01_OpenSpace_Light_4 OFFICE01_Pantry_Light_1,
G01958,사무실,OFFICE06,기기제어,could you set a calmer tone if a window is left open?,창문이 열린 채로 있으면 차분한 톤으로 맞춰 줄 수 있어?,execute,,D4,T1,none,OFFICE06_MeetingRoom_Light_1 OFFICE06_OpenSpace_Light_1 OFFICE06_OpenSpace_Light_2 OFFICE06_OpenSpace_Light_3,
G02053,사무실,OFFICE01,알림예약,Push me an alert when the open space door opens.,사무실 문이 열리면 알림 띄워 줘.,execute,,D4,T1,none,,NotificationProvider.SendPush
G02082,사무실,OFFICE06,기기제어,please brighten this place up every day at 6 am.,매일 오전 6시에 여기 좀 밝게 해 줘.,execute,,D6,T1,none,OFFICE06_MeetingRoom_Light_1 OFFICE06_OpenSpace_Light_1 OFFICE06_OpenSpace_Light_2 OFFICE06_OpenSpace_Light_3,
G02087,사무실,OFFICE03,기기제어,"At 6:30 am, put all the lights on",오전 6시 30분에 모든 조명 켜,execute,,D6,T1,none,OFFICE03_MeetingRoom_Light_1 OFFICE03_MeetingRoom_Light_2 OFFICE03_MeetingRoom_Light_3 OFFICE03_MeetingRoom_Light_4 OFFICE03_OpenSpace_Light_1 OFFICE03_OpenSpace_Light_2 OFFICE03_OpenSpace_Light_3,
G02130,사무실,OFFICE04,기기제어,could you start recording on the camera every night at 11:30 pm?,매일 밤 11시 30분에 카메라 녹화 시작해 줄 수 있어?,refuse,no_device,D6,T1,none,,
G02131,사무실,OFFICE01,기기제어,Stop recording on the camera on Saturday at 10:30 pm,토요일 밤 10시 30분에 카메라 녹화 멈춰,refuse,no_device,D6,T1,none,,
G02140,사무실,OFFICE05,기기제어,can you turn on the camera at midnight on weekdays?,평일 자정에 카메라 켜 줄래?,ask,,D6,T1,none,OFFICE05_Hallway_Camera_1 OFFICE05_Hallway_Camera_2 OFFICE05_Hallway_Camera_3 OFFICE05_Hallway_Camera_4,
G02158,사무실,OFFICE01,기기제어,could you light up the pantry lights when I am close by?,내가 근처에 오면 팬트리 조명 켜 줄 수 있어?,execute,,D4,T1,phone,OFFICE01_Pantry_Light_1,
G02161,사무실,OFFICE02,기기제어,please turn on the zone 1 light when I arrive.,내가 도착하면 구역 1 조명 켜 주세요.,execute,,D4,T1,phone,OFFICE02_OpenSpace_Light_1,
G02180,사무실,OFFICE01,기기제어,"When the temperature goes above 24 degrees, tone it down a bit.",온도가 24도를 넘으면 좀 낮춰 줘.,ask,,D4,T1,none,OFFICE01_MeetingRoom_Light_1 OFFICE01_OpenSpace_Light_1 OFFICE01_OpenSpace_Light_2 OFFICE01_OpenSpace_Light_3 OFFICE01_OpenSpace_Light_4 OFFICE01_OpenSpace_WindowCovering_1 OFFICE01_OpenSpace_WindowCovering_2 OFFICE01_Pantry_Light_1,
G02185,사무실,OFFICE03,기기제어,Park the mower on Sunday at 6:30 am,일요일 오전 6시 30분에 잔디깎이 정위치로 보내,refuse,no_device,D6,T1,none,,
G02212,사무실,OFFICE01,알림예약,Keep me posted when I am close by.,내가 근처에 오면 계속 알려 줘.,execute,,D4,T1,phone,,NotificationProvider.SendPush
G02213,사무실,OFFICE05,기기제어,can you play a chime on the speaker once the utility is empty?,다용도실이 비면 스피커로 알림음 울려 줄래?,ask,,D4,T1,none,OFFICE05_OpenSpace_Speaker_1 OFFICE05_OpenSpace_Speaker_2 OFFICE05_OpenSpace_Speaker_3 OFFICE05_OpenSpace_Speaker_4,
G02214,사무실,OFFICE05,기기제어,I'd like you to announce it on the speaker when someone shows up in the entrance.,현관에 누가 나타나면 스피커로 알려 줬으면 해.,ask,,D4,T1,none,OFFICE05_OpenSpace_Speaker_1 OFFICE05_OpenSpace_Speaker_2 OFFICE05_OpenSpace_Speaker_3 OFFICE05_OpenSpace_Speaker_4,
G02219,사무실,OFFICE01,기기제어,"Once the pantry is empty, announce it on the open space speaker",팬트리가 비면 사무실 스피커로 알려,execute,,D4,T1,none,OFFICE01_OpenSpace_Speaker_1,
G02220,사무실,OFFICE02,기기제어,could you unlock the door lock when my phone goes into sleep mode?,내 폰이 취침 모드로 들어가면 도어락 열어 줄 수 있어?,ask,,D4,T1,phone,OFFICE02_Entrance_DoorLock_1 OFFICE02_Entrance_DoorLock_2,
G02224,사무실,OFFICE05,기기제어,I'd like you to lock the entrance door lock if my phone battery falls under 80 percent.,내 폰 배터리가 80퍼센트 아래로 떨어지면 현관 도어락 잠가 줬으면 해.,execute,,D4,T1,phone,OFFICE05_Entrance_DoorLock_1 OFFICE05_Entrance_DoorLock_2,
G02228,사무실,OFFICE02,기기제어,can you make sure the entrance door lock is locked when my phone connects to the home wi-fi?,내 폰이 집 와이파이에 붙으면 현관 도어락 잠겼는지 봐 줄래?,execute,,D4,T1,phone,OFFICE02_Entrance_DoorLock_1 OFFICE02_Entrance_DoorLock_2,
G02231,사무실,OFFICE04,기기제어,can you toggle the switch when I am close by?,내가 근처에 오면 스위치 껐다 켜 줄래?,refuse,no_context,D4,T1,phone,,
G02234,사무실,OFFICE02,기기제어,Switch the switch on when I arrive,내가 도착하면 스위치 켜,ask,,D4,T1,phone,OFFICE02_OpenSpace_Light_1 OFFICE02_OpenSpace_Light_2 OFFICE02_OpenSpace_Light_3 OFFICE02_OpenSpace_Light_4 OFFICE02_OpenSpace_Light_5 OFFICE02_OpenSpace_Light_6 OFFICE02_MeetingRoom_Light_1 OFFICE02_MeetingRoom_Light_2 OFFICE02_MeetingRoom_Light_3 OFFICE02_Pantry_Light_1 OFFICE02_Hallway_Light_1 OFFICE02_OpenSpace_AirConditioner_1 OFFICE02_OpenSpace_AirConditioner_2 OFFICE02_OpenSpace_AirConditioner_3 OFFICE02_MeetingRoom_AirConditioner_1 OFFICE02_MeetingRoom_AirConditioner_2 OFFICE02_MeetingRoom_AirConditioner_3 OFFICE02_OpenSpace_AirPurifier_1 OFFICE02_OpenSpace_AirPurifier_2,
G02236,사무실,OFFICE06,기기제어,I'd like you to toggle the switch as soon as I arrive.,내가 도착하자마자 스위치 껐다 켜 줬으면 해.,ask,,D4,T1,phone,OFFICE06_OpenSpace_Light_1 OFFICE06_OpenSpace_Light_2 OFFICE06_OpenSpace_Light_3 OFFICE06_MeetingRoom_Light_1 OFFICE06_OpenSpace_AirConditioner_1 OFFICE06_Entrance_Siren_1,
G02240,사무실,OFFICE02,기기제어,could you light up the light when the meeting room is occupied?,회의실에 사람이 있으면 조명 켜 줄 수 있어?,ask,,D4,T1,none,OFFICE02_OpenSpace_Light_1 OFFICE02_OpenSpace_Light_2 OFFICE02_OpenSpace_Light_3 OFFICE02_OpenSpace_Light_4 OFFICE02_OpenSpace_Light_5 OFFICE02_OpenSpace_Light_6 OFFICE02_MeetingRoom_Light_1 OFFICE02_MeetingRoom_Light_2 OFFICE02_MeetingRoom_Light_3 OFFICE02_Pantry_Light_1 OFFICE02_Hallway_Light_1,
G02243,사무실,OFFICE05,기기제어,can you put all the lights on when someone shows up in the entrance?,현관에 누가 나타나면 모든 조명 켜 줄래?,execute,,D4,T1,none,OFFICE05_OpenSpace_Light_1 OFFICE05_OpenSpace_Light_2 OFFICE05_OpenSpace_Light_3 OFFICE05_OpenSpace_Light_4 OFFICE05_OpenSpace_Light_5 OFFICE05_OpenSpace_Light_6 OFFICE05_OpenSpace_Light_7 OFFICE05_OpenSpace_Light_8 OFFICE05_OpenSpace_Light_9 OFFICE05_OpenSpace_Light_10 OFFICE05_OpenSpace_Light_11 OFFICE05_OpenSpace_Light_12 OFFICE05_OpenSpace_Light_13 OFFICE05_OpenSpace_Light_14 OFFICE05_OpenSpace_Light_15 OFFICE05_OpenSpace_Light_16 OFFICE05_MeetingRoom_Light_1 OFFICE05_MeetingRoom_Light_2 OFFICE05_MeetingRoom_Light_3 OFFICE05_MeetingRoom_Light_4 OFFICE05_Hallway_Light_1 OFFICE05_Hallway_Light_2 OFFICE05_Hallway_Light_3 OFFICE05_Hallway_Light_4,
G02250,사무실,OFFICE02,기기제어,Stop the vacuum on Monday at midnight,월요일 자정에 로봇청소기 멈춰,refuse,no_device,D6,T1,none,,
G02267,사무실,OFFICE05,기기제어,please turn off the open space switch when the scene button is pressed.,씬 버튼이 눌리면 사무실 스위치 꺼 주세요.,execute,,D4,T1,none,OFFICE05_OpenSpace_Light_1 OFFICE05_OpenSpace_Light_2 OFFICE05_OpenSpace_Light_3 OFFICE05_OpenSpace_Light_4 OFFICE05_OpenSpace_Light_5 OFFICE05_OpenSpace_Light_6 OFFICE05_OpenSpace_Light_7 OFFICE05_OpenSpace_Light_8 OFFICE05_OpenSpace_Light_9 OFFICE05_OpenSpace_Light_10 OFFICE05_OpenSpace_Light_11 OFFICE05_OpenSpace_Light_12 OFFICE05_OpenSpace_Light_13 OFFICE05_OpenSpace_Light_14 OFFICE05_OpenSpace_Light_15 OFFICE05_OpenSpace_Light_16 OFFICE05_OpenSpace_AirConditioner_1 OFFICE05_OpenSpace_AirConditioner_2 OFFICE05_OpenSpace_AirConditioner_3 OFFICE05_OpenSpace_AirConditioner_4 OFFICE05_OpenSpace_AirConditioner_5 OFFICE05_OpenSpace_AirConditioner_6 OFFICE05_OpenSpace_AirConditioner_7 OFFICE05_OpenSpace_AirConditioner_8,
G02273,사무실,OFFICE01,기기제어,"When it starts raining, get the lights on.",비가 오기 시작하면 조명 전부 켜.,execute,,D4,T1,weather,OFFICE01_OpenSpace_Light_1 OFFICE01_OpenSpace_Light_2 OFFICE01_OpenSpace_Light_3 OFFICE01_OpenSpace_Light_4 OFFICE01_MeetingRoom_Light_1 OFFICE01_Pantry_Light_1,
G02277,사무실,OFFICE03,기기제어,could you switch the lights on when snow is expected?,눈이 올 것 같으면 조명 전부 켜 줄 수 있어?,execute,,D4,T1,weather,OFFICE03_MeetingRoom_Light_1 OFFICE03_MeetingRoom_Light_2 OFFICE03_MeetingRoom_Light_3 OFFICE03_MeetingRoom_Light_4 OFFICE03_OpenSpace_Light_1 OFFICE03_OpenSpace_Light_2 OFFICE03_OpenSpace_Light_3,
G02288,사무실,OFFICE06,기기제어,I'd like you to make it cozy when I arrive.,내가 도착하면 포근하게 해 줬으면 해.,ask,,D4,T1,phone,OFFICE06_OpenSpace_AirConditioner_1 OFFICE06_OpenSpace_Thermostat_1,
G02291,사무실,OFFICE01,기기제어,"As soon as I arrive, set the open space thermostat to 21 degrees",내가 도착하자마자 사무실 온도조절기 21도로 맞춰,execute,,D4,T1,phone,OFFICE01_OpenSpace_Thermostat_1,
G02295,사무실,OFFICE01,기기제어,can you change the open space lights to warm white when it gets hot outside?,바깥이 더워지면 사무실 조명 전구색으로 바꿔 줄래?,execute,,D4,T1,weather,OFFICE01_OpenSpace_Light_1 OFFICE01_OpenSpace_Light_2 OFFICE01_OpenSpace_Light_3 OFFICE01_OpenSpace_Light_4,
G02299,사무실,OFFICE03,기기제어,"When it starts raining, change the meeting room lights to amber.",비가 오기 시작하면 회의실 조명 호박색으로 바꿔.,execute,,D4,T1,weather,OFFICE03_MeetingRoom_Light_1 OFFICE03_MeetingRoom_Light_2 OFFICE03_MeetingRoom_Light_3 OFFICE03_MeetingRoom_Light_4,
G02313,사무실,OFFICE01,기기제어,can you turn the fan off when I double-press the button?,버튼이 연속 두 번 눌리면 선풍기 꺼 줄래?,execute,,D4,T1,none,OFFICE01_Pantry_Fan_1,
G02316,사무실,OFFICE01,기기제어,Block the sun when the door sensor says the door is open,문열림 센서가 문이 열렸다고 알리면 햇빛 좀 막아 줘,execute,,D4,T1,none,OFFICE01_OpenSpace_WindowCovering_1 OFFICE01_OpenSpace_WindowCovering_2,
G02350,사무실,OFFICE04,기기제어,Kill the lights in here on Tuesday at midnight,화요일 자정에 여기 불 다 꺼 줘,execute,,D6,T1,none,OFFICE04_OpenSpace_Light_1 OFFICE04_OpenSpace_Light_2 OFFICE04_OpenSpace_Light_3 OFFICE04_OpenSpace_Light_4 OFFICE04_OpenSpace_Light_5 OFFICE04_OpenSpace_Light_6 OFFICE04_Pantry_Light_1 OFFICE04_RestRoom_Light_1,
G02365,사무실,OFFICE01,기기제어,Turn the heating off if the forecast says frost,서리 예보가 있으면 난방 꺼,execute,,D4,T1,weather,OFFICE01_OpenSpace_Thermostat_1,
G02376,사무실,OFFICE05,알림예약,please let me know if the camera comes on.,카메라가 켜지면 알려 주세요.,execute,,D4,T1,none,,NotificationProvider.SendPush
G02396,사무실,OFFICE06,기기제어,Turn the heating off with a single press of the button,버튼을 한 번 누르면 난방 꺼,execute,,D4,T1,none,OFFICE06_OpenSpace_Thermostat_1,
G02399,사무실,OFFICE02,기기제어,Run the reading scene on the lights when I arrive,내가 도착하면 조명 독서 모드 실행해,execute,,D4,T1,phone,OFFICE02_OpenSpace_Light_1 OFFICE02_OpenSpace_Light_2 OFFICE02_OpenSpace_Light_3 OFFICE02_OpenSpace_Light_4 OFFICE02_OpenSpace_Light_5 OFFICE02_OpenSpace_Light_6 OFFICE02_MeetingRoom_Light_1 OFFICE02_MeetingRoom_Light_2 OFFICE02_MeetingRoom_Light_3 OFFICE02_Pantry_Light_1 OFFICE02_Hallway_Light_1,
G02402,사무실,OFFICE05,기기제어,can you set the lights to the focus scene as soon as I arrive?,내가 도착하자마자 조명 집중 모드로 해 줄래?,execute,,D4,T1,phone,OFFICE05_OpenSpace_Light_1 OFFICE05_OpenSpace_Light_2 OFFICE05_OpenSpace_Light_3 OFFICE05_OpenSpace_Light_4 OFFICE05_OpenSpace_Light_5 OFFICE05_OpenSpace_Light_6 OFFICE05_OpenSpace_Light_7 OFFICE05_OpenSpace_Light_8 OFFICE05_OpenSpace_Light_9 OFFICE05_OpenSpace_Light_10 OFFICE05_OpenSpace_Light_11 OFFICE05_OpenSpace_Light_12 OFFICE05_OpenSpace_Light_13 OFFICE05_OpenSpace_Light_14 OFFICE05_OpenSpace_Light_15 OFFICE05_OpenSpace_Light_16 OFFICE05_MeetingRoom_Light_1 OFFICE05_MeetingRoom_Light_2 OFFICE05_MeetingRoom_Light_3 OFFICE05_MeetingRoom_Light_4 OFFICE05_Hallway_Light_1 OFFICE05_Hallway_Light_2 OFFICE05_Hallway_Light_3 OFFICE05_Hallway_Light_4,
G02410,사무실,OFFICE05,알림예약,could you announce it when my phone connects to the home wi-fi?,내 폰이 집 와이파이에 붙으면 방송해 줄 수 있어?,execute,,D4,T1,phone,,Speaker.Speak
G02413,사무실,OFFICE04,기기제어,please switch the switch on when the sun comes up.,해가 뜨면 스위치 켜 주세요.,ask,,D4,T1,sun,OFFICE04_OpenSpace_Light_1 OFFICE04_OpenSpace_Light_2 OFFICE04_OpenSpace_Light_3 OFFICE04_OpenSpace_Light_4 OFFICE04_OpenSpace_Light_5 OFFICE04_OpenSpace_Light_6 OFFICE04_RestRoom_Light_1 OFFICE04_Pantry_Light_1 OFFICE04_OpenSpace_AirConditioner_1 OFFICE04_OpenSpace_AirConditioner_2 OFFICE04_OpenSpace_AirConditioner_3 OFFICE04_OpenSpace_AirConditioner_4 OFFICE04_OpenSpace_AirPurifier_1 OFFICE04_OpenSpace_AirPurifier_2 OFFICE04_OpenSpace_AirPurifier_3,
G02414,사무실,OFFICE01,기기제어,"At noon, turn on the switch.",정오에 스위치 켜.,ask,,D6,T1,none,OFFICE01_OpenSpace_Light_1 OFFICE01_OpenSpace_Light_2 OFFICE01_OpenSpace_Light_3 OFFICE01_OpenSpace_Light_4 OFFICE01_MeetingRoom_Light_1 OFFICE01_Pantry_Light_1 OFFICE01_OpenSpace_AirConditioner_1 OFFICE01_OpenSpace_AirConditioner_2 OFFICE01_MeetingRoom_AirConditioner_1 OFFICE01_OpenSpace_AirPurifier_1,
G02420,사무실,OFFICE03,기기제어,"Every morning at 6:30 am, toggle all the switches.",매일 오전 6시 30분에 모든 스위치 껐다 켜.,execute,,D6,T1,none,OFFICE03_MeetingRoom_Light_1 OFFICE03_MeetingRoom_Light_2 OFFICE03_MeetingRoom_Light_3 OFFICE03_MeetingRoom_Light_4 OFFICE03_MeetingRoom_AirConditioner_1 OFFICE03_MeetingRoom_AirConditioner_2 OFFICE03_MeetingRoom_AirConditioner_3 OFFICE03_MeetingRoom_AirConditioner_4 OFFICE03_OpenSpace_Light_1 OFFICE03_OpenSpace_Light_2 OFFICE03_OpenSpace_Light_3,
G02428,사무실,OFFICE06,기기제어,please stop recording on the open space camera when the motion sensor picks something up.,동작 감지 센서에 뭔가 잡히면 사무실 카메라 녹화 멈춰 주세요.,execute,,D4,T1,none,OFFICE06_OpenSpace_Camera_1 OFFICE06_OpenSpace_Camera_2,
G02436,사무실,OFFICE06,기기제어,I'd like you to switch the lights on when the temperature goes above 24 degrees.,온도가 24도를 넘으면 조명 전부 켜 줬으면 해.,execute,,D4,T1,none,OFFICE06_OpenSpace_Light_1 OFFICE06_OpenSpace_Light_2 OFFICE06_OpenSpace_Light_3 OFFICE06_MeetingRoom_Light_1,
G02446,사무실,OFFICE03,기기제어,please light up the open space lights once the camera goes offline.,카메라 연결이 끊기면 사무실 조명 좀 켜 줘.,execute,,D4,T1,none,OFFICE03_OpenSpace_Light_1 OFFICE03_OpenSpace_Light_2 OFFICE03_OpenSpace_Light_3,
G02458,사무실,OFFICE05,기기제어,can you let me see what is going on when I arrive?,내가 도착하면 지금 상황 좀 보여 줄래?,execute,,D4,T1,phone,OFFICE05_Hallway_Camera_1 OFFICE05_Hallway_Camera_2 OFFICE05_Hallway_Camera_3 OFFICE05_Hallway_Camera_4,
G02462,사무실,OFFICE05,기기제어,could you shut the open space lights off at sunrise?,해 뜰 때 사무실 조명 꺼 줄 수 있어?,execute,,D4,T1,sun,OFFICE05_OpenSpace_Light_1 OFFICE05_OpenSpace_Light_2 OFFICE05_OpenSpace_Light_3 OFFICE05_OpenSpace_Light_4 OFFICE05_OpenSpace_Light_5 OFFICE05_OpenSpace_Light_6 OFFICE05_OpenSpace_Light_7 OFFICE05_OpenSpace_Light_8 OFFICE05_OpenSpace_Light_9 OFFICE05_OpenSpace_Light_10 OFFICE05_OpenSpace_Light_11 OFFICE05_OpenSpace_Light_12 OFFICE05_OpenSpace_Light_13 OFFICE05_OpenSpace_Light_14 OFFICE05_OpenSpace_Light_15 OFFICE05_OpenSpace_Light_16,
G02468,사무실,OFFICE06,기기제어,Turn the heating off on Sunday at 6 pm,일요일 오후 6시에 난방 꺼,execute,,D6,T1,none,OFFICE06_OpenSpace_Thermostat_1,
G02475,사무실,OFFICE01,기기제어,please unlock the entrance door lock when the door closes.,문이 닫히면 현관 도어락 열어 주세요.,execute,,D4,T1,none,OFFICE01_Entrance_DoorLock_1,
G02519,사무실,OFFICE01,알림예약,could you announce it at sunrise?,해 뜰 때 방송해 줄 수 있어?,execute,,D4,T1,sun,,Speaker.Speak
G02527,사무실,OFFICE01,기기제어,please turn the heating off when I am away.,내가 자리에 없으면 난방 좀 꺼 줘.,execute,,D4,T1,phone,OFFICE01_OpenSpace_Thermostat_1,
G02538,사무실,OFFICE05,기기제어,could you put the meeting room lights into away mode once it gets dark outside?,바깥이 어두워지면 회의실 조명 외출 모드로 해 줄 수 있어?,execute,,D4,T1,sun,OFFICE05_MeetingRoom_Light_1 OFFICE05_MeetingRoom_Light_2 OFFICE05_MeetingRoom_Light_3 OFFICE05_MeetingRoom_Light_4,
G02547,사무실,OFFICE01,기기제어,could you shut the lights off with one tap on the wall switch?,벽 스위치를 한 번 누르면 조명 전부 꺼 줄 수 있어?,execute,,D4,T1,none,OFFICE01_OpenSpace_Light_1 OFFICE01_OpenSpace_Light_2 OFFICE01_OpenSpace_Light_3 OFFICE01_OpenSpace_Light_4 OFFICE01_MeetingRoom_Light_1 OFFICE01_Pantry_Light_1,
G02567,사무실,OFFICE03,기기제어,"When the camera starts recording, make sure the place is secure",카메라가 녹화를 시작하면 문단속 좀 해 줘,execute,,D4,T1,none,OFFICE03_Entrance_DoorLock_1,
G02589,사무실,OFFICE03,기기제어,"When the temperature goes above 26 degrees, start recording on the conference camera 2",온도가 26도를 넘으면 화상회의 카메라 2 녹화 시작해,execute,,D4,T1,none,OFFICE03_MeetingRoom_Camera_2,
G02592,사무실,OFFICE06,기기제어,Turn the pantry coffee maker off when I double-press the button,버튼이 연속 두 번 눌리면 팬트리 커피포트 꺼,execute,,D4,T1,none,OFFICE06_Pantry_CoffeeMaker_1,
G02593,사무실,OFFICE05,기기제어,"When the smoke detector goes off, switch all the lights on.",연기 감지기가 울리면 모든 조명 켜.,execute,,D4,T1,none,OFFICE05_OpenSpace_Light_1 OFFICE05_OpenSpace_Light_2 OFFICE05_OpenSpace_Light_3 OFFICE05_OpenSpace_Light_4 OFFICE05_OpenSpace_Light_5 OFFICE05_OpenSpace_Light_6 OFFICE05_OpenSpace_Light_7 OFFICE05_OpenSpace_Light_8 OFFICE05_OpenSpace_Light_9 OFFICE05_OpenSpace_Light_10 OFFICE05_OpenSpace_Light_11 OFFICE05_OpenSpace_Light_12 OFFICE05_OpenSpace_Light_13 OFFICE05_OpenSpace_Light_14 OFFICE05_OpenSpace_Light_15 OFFICE05_OpenSpace_Light_16 OFFICE05_MeetingRoom_Light_1 OFFICE05_MeetingRoom_Light_2 OFFICE05_MeetingRoom_Light_3 OFFICE05_MeetingRoom_Light_4 OFFICE05_Hallway_Light_1 OFFICE05_Hallway_Light_2 OFFICE05_Hallway_Light_3 OFFICE05_Hallway_Light_4,
G02615,사무실,OFFICE05,기기제어,can you bring the open space lights down to 30 percent at 8 pm on weekdays?,평일 오후 8시에 사무실 조명 밝기를 30퍼센트까지 낮춰 줄래?,execute,,D6,T1,none,OFFICE05_OpenSpace_Light_1 OFFICE05_OpenSpace_Light_2 OFFICE05_OpenSpace_Light_3 OFFICE05_OpenSpace_Light_4 OFFICE05_OpenSpace_Light_5 OFFICE05_OpenSpace_Light_6 OFFICE05_OpenSpace_Light_7 OFFICE05_OpenSpace_Light_8 OFFICE05_OpenSpace_Light_9 OFFICE05_OpenSpace_Light_10 OFFICE05_OpenSpace_Light_11 OFFICE05_OpenSpace_Light_12 OFFICE05_OpenSpace_Light_13 OFFICE05_OpenSpace_Light_14 OFFICE05_OpenSpace_Light_15 OFFICE05_OpenSpace_Light_16,
G02622,사무실,OFFICE03,알림예약,please push me an alert once the meeting room is empty.,회의실이 비면 알림 띄워 주세요.,execute,,D4,T1,none,,Speaker.Speak
G02632,사무실,OFFICE01,기기제어,could you bring the meeting room lights down to 20 percent when I am close by?,내가 근처에 오면 회의실 조명 밝기를 20퍼센트까지 낮춰 줄 수 있어?,execute,,D4,T1,phone,OFFICE01_MeetingRoom_Light_1,
G02641,사무실,OFFICE03,기기제어,can you turn on the conference camera 2 when it gets hot outside?,바깥이 더워지면 화상회의 카메라 2 켜 줄래?,execute,,D4,T1,weather,OFFICE03_MeetingRoom_Camera_2,
G02645,사무실,OFFICE03,기기제어,can you toggle the switch when it gets hot outside?,바깥이 더워지면 스위치 껐다 켜 줄래?,ask,,D4,T1,weather,OFFICE03_MeetingRoom_Light_1 OFFICE03_MeetingRoom_Light_2 OFFICE03_MeetingRoom_Light_3 OFFICE03_MeetingRoom_Light_4 OFFICE03_MeetingRoom_AirConditioner_1 OFFICE03_MeetingRoom_AirConditioner_2 OFFICE03_MeetingRoom_AirConditioner_3 OFFICE03_MeetingRoom_AirConditioner_4 OFFICE03_OpenSpace_Light_1 OFFICE03_OpenSpace_Light_2 OFFICE03_OpenSpace_Light_3,
G02658,사무실,OFFICE02,기기제어,could you set the lights to warm white if the smoke alarm sounds?,화재 경보가 울리면 조명 전부 전구색으로 바꿔 줄 수 있어?,execute,,D4,T1,none,OFFICE02_OpenSpace_Light_1 OFFICE02_OpenSpace_Light_2 OFFICE02_OpenSpace_Light_3 OFFICE02_OpenSpace_Light_4 OFFICE02_OpenSpace_Light_5 OFFICE02_OpenSpace_Light_6 OFFICE02_MeetingRoom_Light_1 OFFICE02_MeetingRoom_Light_2 OFFICE02_MeetingRoom_Light_3 OFFICE02_Pantry_Light_1 OFFICE02_Hallway_Light_1,
G02661,사무실,OFFICE06,기기제어,Make all the lights pink if my phone battery falls under 70 percent,내 폰 배터리가 70퍼센트 아래로 떨어지면 모든 조명 분홍색으로 해,execute,,D4,T1,phone,OFFICE06_OpenSpace_Light_1 OFFICE06_OpenSpace_Light_2 OFFICE06_OpenSpace_Light_3 OFFICE06_MeetingRoom_Light_1,
G02688,사무실,OFFICE06,기기제어,Make it cozy once it gets dark outside,바깥이 어두워지면 포근하게 해 줘,ask,,D4,T1,sun,OFFICE06_OpenSpace_AirConditioner_1 OFFICE06_OpenSpace_Thermostat_1,
G02693,사무실,OFFICE06,기기제어,can you make sure the entrance door lock is locked at 11 pm on weekdays?,평일 밤 11시에 현관 도어락 잠겼는지 봐 줄래?,execute,,D6,T1,none,OFFICE06_Entrance_DoorLock_1,
G02699,사무실,OFFICE05,기기제어,could you light up the hallway lights if the switch is switched off?,스위치가 꺼지면 복도 조명 켜 줄 수 있어?,execute,,D4,T1,none,OFFICE05_Hallway_Light_1 OFFICE05_Hallway_Light_2 OFFICE05_Hallway_Light_3 OFFICE05_Hallway_Light_4,
G02710,사무실,OFFICE05,기기제어,Make sure all the door locks are locked when I am away.,내가 자리에 없으면 모든 도어락 잠겼는지 봐 줘.,execute,,D4,T1,phone,OFFICE05_Entrance_DoorLock_1 OFFICE05_Entrance_DoorLock_2,
G02727,사무실,OFFICE01,기기제어,I'd like you to set the fan to high when the sun comes up.,해가 뜨면 선풍기 세게 틀어 줬으면 해.,execute,,D4,T1,sun,OFFICE01_Pantry_Fan_1,
G02730,사무실,OFFICE06,기기제어,could you dim all the lights to 20 percent if motion is detected in the meeting room?,회의실에서 움직임이 감지되면 모든 조명 밝기를 20퍼센트로 낮춰 줄 수 있어?,execute,,D4,T1,none,OFFICE06_OpenSpace_Light_1 OFFICE06_OpenSpace_Light_2 OFFICE06_OpenSpace_Light_3 OFFICE06_MeetingRoom_Light_1,
G02749,사무실,OFFICE05,상태조회,What is the open space switch doing when I leave,내가 나가면 사무실 스위치 지금 뭐 하고 있어,execute,,D4,T1,phone,OFFICE05_OpenSpace_Light_1 OFFICE05_OpenSpace_Light_2 OFFICE05_OpenSpace_Light_3 OFFICE05_OpenSpace_Light_4 OFFICE05_OpenSpace_Light_5 OFFICE05_OpenSpace_Light_6 OFFICE05_OpenSpace_Light_7 OFFICE05_OpenSpace_Light_8 OFFICE05_OpenSpace_Light_9 OFFICE05_OpenSpace_Light_10 OFFICE05_OpenSpace_Light_11 OFFICE05_OpenSpace_Light_12 OFFICE05_OpenSpace_Light_13 OFFICE05_OpenSpace_Light_14 OFFICE05_OpenSpace_Light_15 OFFICE05_OpenSpace_Light_16 OFFICE05_OpenSpace_AirConditioner_1 OFFICE05_OpenSpace_AirConditioner_2 OFFICE05_OpenSpace_AirConditioner_3 OFFICE05_OpenSpace_AirConditioner_4 OFFICE05_OpenSpace_AirConditioner_5 OFFICE05_OpenSpace_AirConditioner_6 OFFICE05_OpenSpace_AirConditioner_7 OFFICE05_OpenSpace_AirConditioner_8,NotificationProvider.SendPush
G02754,사무실,OFFICE05,기기제어,I'd like you to let me hear it when I arrive.,내가 도착하면 들려 줬으면 해.,ask,,D4,T1,phone,OFFICE05_Hallway_Siren_1 OFFICE05_Hallway_Siren_2 OFFICE05_OpenSpace_Speaker_1 OFFICE05_OpenSpace_Speaker_2 OFFICE05_OpenSpace_Speaker_3 OFFICE05_OpenSpace_Speaker_4,
G02763,사무실,OFFICE01,기기제어,"After I head out, tone it down a bit",내가 나간 뒤에 좀 낮춰 줘,ask,,D4,T1,phone,OFFICE01_MeetingRoom_Light_1 OFFICE01_OpenSpace_Light_1 OFFICE01_OpenSpace_Light_2 OFFICE01_OpenSpace_Light_3 OFFICE01_OpenSpace_Light_4 OFFICE01_OpenSpace_WindowCovering_1 OFFICE01_OpenSpace_WindowCovering_2 OFFICE01_Pantry_Light_1,
G02774,사무실,OFFICE06,기기제어,please turn the open space lights red when today's first event begins.,오늘 첫 일정이 시작되면 사무실 조명 빨간색으로 좀 켜 줘.,execute,,D4,T1,calendar,OFFICE06_OpenSpace_Light_1 OFFICE06_OpenSpace_Light_2 OFFICE06_OpenSpace_Light_3,
G02775,사무실,OFFICE01,기기제어,can you change the open space lights to daylight white if my calendar says I am busy?,일정상 내가 바쁘면 사무실 조명 주광색으로 바꿔 줄래?,execute,,D4,T1,calendar,OFFICE01_OpenSpace_Light_1 OFFICE01_OpenSpace_Light_2 OFFICE01_OpenSpace_Light_3 OFFICE01_OpenSpace_Light_4,
G02781,사무실,OFFICE01,기기제어,Turn the heating off when the open space is occupied,사무실에 사람이 있으면 난방 꺼,execute,,D4,T1,none,OFFICE01_OpenSpace_Thermostat_1,
G02806,사무실,OFFICE03,기기제어,could you start recording on the conference camera 1 when someone shows up in the meeting room?,회의실에 누가 나타나면 화상회의 카메라 1 녹화 시작해 줄 수 있어?,execute,,D4,T1,none,OFFICE03_MeetingRoom_Camera_1,
G02836,사무실,OFFICE02,상태조회,How much power is the switch using when today's first event begins.,오늘 첫 일정이 시작되면 스위치 전력 얼마나 쓰고 있어.,ask,,D4,T1,calendar,OFFICE02_OpenSpace_Light_1 OFFICE02_OpenSpace_Light_2 OFFICE02_OpenSpace_Light_3 OFFICE02_OpenSpace_Light_4 OFFICE02_OpenSpace_Light_5 OFFICE02_OpenSpace_Light_6 OFFICE02_MeetingRoom_Light_1 OFFICE02_MeetingRoom_Light_2 OFFICE02_MeetingRoom_Light_3 OFFICE02_Pantry_Light_1 OFFICE02_Hallway_Light_1 OFFICE02_OpenSpace_AirConditioner_1 OFFICE02_OpenSpace_AirConditioner_2 OFFICE02_OpenSpace_AirConditioner_3 OFFICE02_MeetingRoom_AirConditioner_1 OFFICE02_MeetingRoom_AirConditioner_2 OFFICE02_MeetingRoom_AirConditioner_3 OFFICE02_OpenSpace_AirPurifier_1 OFFICE02_OpenSpace_AirPurifier_2,NotificationProvider.SendPush
G02858,사무실,OFFICE02,기기제어,I'd like you to start the pantry coffee maker when the temperature goes above 26 degrees.,온도가 26도를 넘으면 팬트리 커피포트 켜 줬으면 해.,execute,,D4,T1,none,OFFICE02_Pantry_CoffeeMaker_1,
G02859,사무실,OFFICE04,기기제어,could you brew a cup on the pantry coffee maker if the temperature drops below 5 degrees?,온도가 5도 아래로 떨어지면 팬트리 커피포트로 한 잔 내려 줄 수 있어?,execute,,D4,T1,none,OFFICE04_Pantry_CoffeeMaker_1,
G02869,사무실,OFFICE06,기기제어,could you turn off all the switches when the camera starts recording?,카메라가 녹화를 시작하면 모든 스위치 꺼 줄 수 있어?,execute,,D4,T1,none,OFFICE06_OpenSpace_Light_1 OFFICE06_OpenSpace_Light_2 OFFICE06_OpenSpace_Light_3 OFFICE06_MeetingRoom_Light_1 OFFICE06_OpenSpace_AirConditioner_1 OFFICE06_Entrance_Siren_1,
G02874,사무실,OFFICE05,기기제어,"When my phone goes into sleep mode, turn on the hallway camera.",내 폰이 취침 모드로 들어가면 복도 카메라 켜.,execute,,D4,T1,phone,OFFICE05_Hallway_Camera_1 OFFICE05_Hallway_Camera_2 OFFICE05_Hallway_Camera_3 OFFICE05_Hallway_Camera_4,
G02877,사무실,OFFICE06,기기제어,please stop recording on the camera when today's first event begins.,오늘 첫 일정이 시작되면 카메라 녹화 멈춰 주세요.,ask,,D4,T1,calendar,OFFICE06_OpenSpace_Camera_1 OFFICE06_OpenSpace_Camera_2,
G03422,사무실,OFFICE05,기기제어,"Around sundown, light up the open space lights, then 5 minutes later turn it back off.","해 질 무렵 사무실 조명 켜 주고, 5분 뒤에 다시 꺼.",execute,,D2,T2,sun,OFFICE05_OpenSpace_Light_1 OFFICE05_OpenSpace_Light_2 OFFICE05_OpenSpace_Light_3 OFFICE05_OpenSpace_Light_4 OFFICE05_OpenSpace_Light_5 OFFICE05_OpenSpace_Light_6 OFFICE05_OpenSpace_Light_7 OFFICE05_OpenSpace_Light_8 OFFICE05_OpenSpace_Light_9 OFFICE05_OpenSpace_Light_10 OFFICE05_OpenSpace_Light_11 OFFICE05_OpenSpace_Light_12 OFFICE05_OpenSpace_Light_13 OFFICE05_OpenSpace_Light_14 OFFICE05_OpenSpace_Light_15 OFFICE05_OpenSpace_Light_16,
G03436,사무실,OFFICE02,기기제어,"When the temperature goes above 24 degrees, turn on the fan, then 15 minutes later turn it back off.","온도가 24도를 넘으면 선풍기 켜 주고, 15분 뒤에 다시 꺼.",refuse,no_device,D2,T2,none,,
G03452,사무실,OFFICE01,기기제어,please run the pantry fan for 10 minutes while the temperature stays over 26 degrees.,온도가 26도를 계속 넘고 있으면 팬트리 선풍기를 10분 동안 돌려 주세요.,execute,,D5,T2,none,OFFICE01_Pantry_Fan_1,
G03460,사무실,OFFICE04,기기제어,"When the temperature goes above 32 degrees, get some air moving while the door is open, and stop once that changes.","온도가 32도를 넘으면 문이 열려 있는 동안 바람 좀 통하게 해 주고, 그러다 바뀌면 멈춰.",ask,,D5,T2,none,OFFICE04_OpenSpace_AirConditioner_1 OFFICE04_OpenSpace_AirConditioner_2 OFFICE04_OpenSpace_AirConditioner_3 OFFICE04_OpenSpace_AirConditioner_4 OFFICE04_OpenSpace_AirPurifier_1 OFFICE04_OpenSpace_AirPurifier_2 OFFICE04_OpenSpace_AirPurifier_3 OFFICE04_OpenSpace_Ventilator_1 OFFICE04_OpenSpace_Ventilator_2 OFFICE04_OpenSpace_Ventilator_3 OFFICE04_Pantry_Fan_1,
G03467,사무실,OFFICE01,기기제어,Set the pantry fan to high while the temperature stays over 26 degrees,온도가 26도를 계속 넘고 있으면 팬트리 선풍기 세게 틀어,execute,,D5,T2,none,OFFICE01_Pantry_Fan_1,
G03482,사무실,OFFICE04,기기제어,Turn the row 3 light daylight white while the temperature stays over 28 degrees,온도가 28도를 계속 넘고 있으면 3열 조명 주광색으로 켜,execute,,D5,T2,none,OFFICE04_OpenSpace_Light_3,
G03490,사무실,OFFICE04,기기제어,"At sunrise, if nobody is around right now, raise the blinds.",해 뜰 때 아무도 없으면 블라인드 올려.,refuse,no_device,D3,T2,sun,,
G03491,사무실,OFFICE05,기기제어,"When the sun comes up, pull the open space blinds shut, but only if nobody is around",해가 뜨면 아무도 없을 때만 사무실 블라인드 닫아,execute,,D3,T2,sun,OFFICE05_OpenSpace_WindowCovering_1 OFFICE05_OpenSpace_WindowCovering_2 OFFICE05_OpenSpace_WindowCovering_3 OFFICE05_OpenSpace_WindowCovering_4 OFFICE05_OpenSpace_WindowCovering_5 OFFICE05_OpenSpace_WindowCovering_6 OFFICE05_OpenSpace_WindowCovering_7 OFFICE05_OpenSpace_WindowCovering_8,
G03493,사무실,OFFICE04,알림예약,"At the start of my next event, wait 30 minutes and then I want to know when it changes.",다음 일정이 시작될 때 30분 기다렸다가 상태가 바뀌면 알려 줘.,execute,,D2,T2,calendar,,Speaker.Speak
G03504,사무실,OFFICE03,알림예약,can you push me an alert while the temperature stays over 30 degrees?,온도가 30도를 계속 넘고 있으면 알림 띄워 줄래?,execute,,D5,T2,none,,Speaker.Speak
G03513,사무실,OFFICE06,기기제어,Turn the heating off while the temperature stays over 26 degrees,온도가 26도를 계속 넘고 있으면 난방 꺼,execute,,D5,T2,none,OFFICE06_OpenSpace_Thermostat_1,
G03516,사무실,OFFICE06,기기제어,Turn the heating off while the temperature stays over 32 degrees,온도가 32도를 계속 넘고 있으면 난방 꺼,execute,,D5,T2,none,OFFICE06_OpenSpace_Thermostat_1,
G03519,사무실,OFFICE04,기기제어,Take a snapshot with the camera when nothing has moved for 45 minutes,45분 동안 아무 움직임도 없으면 카메라로 사진 찍어,refuse,no_device,D5,T2,none,,
G03526,사무실,OFFICE06,기기제어,Stop recording on the open space camera when nothing has moved for 10 minutes,10분 동안 아무 움직임도 없으면 사무실 카메라 녹화 멈춰,execute,,D5,T2,none,OFFICE06_OpenSpace_Camera_1 OFFICE06_OpenSpace_Camera_2,
G03530,사무실,OFFICE03,기기제어,"After waiting 60 minutes, set a 30 minute timer.",60분 기다렸다가 30분 타이머 맞춰 줘.,refuse,no_service,D2,T2,none,,
G03536,사무실,OFFICE05,기기제어,"After 20 minutes, set a 30 minute timer",20분 뒤에 30분 타이머 맞춰 줘,refuse,no_service,D2,T2,none,,
G03541,사무실,OFFICE02,기기제어,Cancel the timer 15 minutes from now,지금부터 15분 뒤에 타이머 취소해 줘,refuse,no_service,D2,T2,none,,
G03547,사무실,OFFICE04,기기제어,Cancel the timer once the 10 minute timer runs out,10분 타이머가 끝나면 타이머 취소해 줘,refuse,no_service,D2,T2,none,,
G03553,사무실,OFFICE06,기기제어,Cancel the timer 45 minutes from now,지금부터 45분 뒤에 타이머 취소해 줘,refuse,no_service,D2,T2,none,,
G03558,사무실,OFFICE01,기기제어,could you start a countdown for 15 minutes after 10 minutes?,10분 뒤에 15분 카운트다운 시작해 줄 수 있어?,refuse,no_service,D2,T2,none,,
G03563,사무실,OFFICE03,기기제어,"Once the door has been open for 30 minutes, change all the lights to blue",문이 30분 동안 열려 있으면 모든 조명 파란색으로 바꿔,execute,,D5,T2,none,OFFICE03_MeetingRoom_Light_1 OFFICE03_MeetingRoom_Light_2 OFFICE03_MeetingRoom_Light_3 OFFICE03_MeetingRoom_Light_4 OFFICE03_OpenSpace_Light_1 OFFICE03_OpenSpace_Light_2 OFFICE03_OpenSpace_Light_3,
G03611,사무실,OFFICE04,기기제어,Light up all the lights once the 20 minute timer runs out,20분 타이머가 끝나면 모든 조명 켜,execute,,D2,T2,none,OFFICE04_OpenSpace_Light_1 OFFICE04_OpenSpace_Light_2 OFFICE04_OpenSpace_Light_3 OFFICE04_OpenSpace_Light_4 OFFICE04_OpenSpace_Light_5 OFFICE04_OpenSpace_Light_6 OFFICE04_RestRoom_Light_1 OFFICE04_Pantry_Light_1,
G03616,사무실,OFFICE01,기기제어,could you light up all the lights after waiting 60 minutes?,60분 기다렸다가 모든 조명 켜 줄 수 있어?,execute,,D2,T2,none,OFFICE01_OpenSpace_Light_1 OFFICE01_OpenSpace_Light_2 OFFICE01_OpenSpace_Light_3 OFFICE01_OpenSpace_Light_4 OFFICE01_MeetingRoom_Light_1 OFFICE01_Pantry_Light_1,
G03617,사무실,OFFICE05,기기제어,I'd like you to run the fan for 3 minutes 15 minutes from now.,지금부터 15분 뒤에 선풍기를 3분 동안 돌려 줬으면 해.,refuse,no_device,D2,T2,none,,
G03618,사무실,OFFICE05,기기제어,could you get some air moving after 20 minutes?,20분 뒤에 바람 좀 통하게 해 줄 수 있어?,ask,,D2,T2,none,OFFICE05_OpenSpace_AirConditioner_1 OFFICE05_OpenSpace_AirConditioner_2 OFFICE05_OpenSpace_AirConditioner_3 OFFICE05_OpenSpace_AirConditioner_4 OFFICE05_OpenSpace_AirConditioner_5 OFFICE05_OpenSpace_AirConditioner_6 OFFICE05_OpenSpace_AirConditioner_7 OFFICE05_OpenSpace_AirConditioner_8 OFFICE05_OpenSpace_Ventilator_1 OFFICE05_OpenSpace_Ventilator_2 OFFICE05_OpenSpace_Ventilator_3 OFFICE05_OpenSpace_Ventilator_4,
G03621,사무실,OFFICE04,기기제어,please run the pantry fan for 30 minutes 5 minutes from now.,지금부터 5분 뒤에 팬트리 선풍기를 30분 동안 돌려 주세요.,execute,,D2,T2,none,OFFICE04_Pantry_Fan_1,
G03627,사무실,OFFICE01,기기제어,"45 minutes from now, run the pantry fan for 45 minutes, but only if the tank is below half.",지금부터 45분 뒤에 탱크가 절반 아래일 때만 팬트리 선풍기를 45분 동안 돌려.,execute,,D3,T2,none,OFFICE01_Pantry_Fan_1,
G03632,사무실,OFFICE05,기기제어,Play a chime on the open space speaker while nobody is around,아무도 없는 동안 사무실 스피커로 알림음 울려,execute,,D5,T2,none,OFFICE05_OpenSpace_Speaker_1 OFFICE05_OpenSpace_Speaker_2 OFFICE05_OpenSpace_Speaker_3 OFFICE05_OpenSpace_Speaker_4,
G03638,사무실,OFFICE05,기기제어,I'd like you to lock the door lock while I am on a call.,내가 통화 중이면 도어락 잠가 줬으면 해.,ask,,D5,T2,phone,OFFICE05_Entrance_DoorLock_1 OFFICE05_Entrance_DoorLock_2,
G03646,사무실,OFFICE03,기기제어,"While someone is in the entrance, get all the lights on",현관에 사람이 있는 동안 모든 조명 켜,execute,,D5,T2,none,OFFICE03_MeetingRoom_Light_1 OFFICE03_MeetingRoom_Light_2 OFFICE03_MeetingRoom_Light_3 OFFICE03_MeetingRoom_Light_4 OFFICE03_OpenSpace_Light_1 OFFICE03_OpenSpace_Light_2 OFFICE03_OpenSpace_Light_3,
G03649,사무실,OFFICE01,기기제어,I'd like you to switch all the lights on while someone is in the pantry.,팬트리에 사람이 있는 동안 모든 조명 켜 줬으면 해.,execute,,D5,T2,none,OFFICE01_OpenSpace_Light_1 OFFICE01_OpenSpace_Light_2 OFFICE01_OpenSpace_Light_3 OFFICE01_OpenSpace_Light_4 OFFICE01_MeetingRoom_Light_1 OFFICE01_Pantry_Light_1,
G03669,사무실,OFFICE03,알림예약,can you push me an alert while the camera is recording?,카메라가 녹화 중인 동안 알림 띄워 줄래?,execute,,D5,T2,none,,Speaker.Speak
G03672,사무실,OFFICE02,알림예약,please send me a notification while I am on a call.,내가 통화 중이면 알림 보내 주세요.,execute,,D5,T2,phone,,NotificationProvider.SendPush
G03684,사무실,OFFICE06,기기제어,"When I pull into the parking lot, set a calmer tone, but only if the temperature is under 18 degrees",주차장에 차를 대면 온도가 18도 아래일 때만 차분한 톤으로 맞춰 줘,execute,,D3,T2,phone,OFFICE06_MeetingRoom_Light_1 OFFICE06_OpenSpace_Light_1 OFFICE06_OpenSpace_Light_2 OFFICE06_OpenSpace_Light_3,
G03686,사무실,OFFICE05,기기제어,"When I leave, if the temperature is under 18 degrees right now, turn off all the lights",내가 나갈 때 온도가 18도 아래면 모든 조명 꺼,execute,,D3,T2,phone,OFFICE05_OpenSpace_Light_1 OFFICE05_OpenSpace_Light_2 OFFICE05_OpenSpace_Light_3 OFFICE05_OpenSpace_Light_4 OFFICE05_OpenSpace_Light_5 OFFICE05_OpenSpace_Light_6 OFFICE05_OpenSpace_Light_7 OFFICE05_OpenSpace_Light_8 OFFICE05_OpenSpace_Light_9 OFFICE05_OpenSpace_Light_10 OFFICE05_OpenSpace_Light_11 OFFICE05_OpenSpace_Light_12 OFFICE05_OpenSpace_Light_13 OFFICE05_OpenSpace_Light_14 OFFICE05_OpenSpace_Light_15 OFFICE05_OpenSpace_Light_16 OFFICE05_MeetingRoom_Light_1 OFFICE05_MeetingRoom_Light_2 OFFICE05_MeetingRoom_Light_3 OFFICE05_MeetingRoom_Light_4 OFFICE05_Hallway_Light_1 OFFICE05_Hallway_Light_2 OFFICE05_Hallway_Light_3 OFFICE05_Hallway_Light_4,
G03694,사무실,OFFICE06,기기제어,could you lock the entrance door lock while the camera is recording?,카메라가 녹화 중인 동안 현관 도어락 잠가 줄 수 있어?,execute,,D5,T2,none,OFFICE06_Entrance_DoorLock_1,
G03697,사무실,OFFICE01,알림예약,"After I head out, wait 10 minutes and then give me a heads-up.",내가 나간 뒤에 10분 기다렸다가 꼭 알려 줘.,execute,,D2,T2,phone,,NotificationProvider.SendPush
G03702,사무실,OFFICE02,알림예약,Tell me about it while nobody is around,아무도 없는 동안 알려 줘,execute,,D5,T2,none,,NotificationProvider.SendPush
G03704,사무실,OFFICE05,기기제어,can you close the blinds while the camera is recording?,카메라가 녹화 중인 동안 블라인드 전부 닫아 줄래?,execute,,D5,T2,none,OFFICE05_OpenSpace_WindowCovering_1 OFFICE05_OpenSpace_WindowCovering_2 OFFICE05_OpenSpace_WindowCovering_3 OFFICE05_OpenSpace_WindowCovering_4 OFFICE05_OpenSpace_WindowCovering_5 OFFICE05_OpenSpace_WindowCovering_6 OFFICE05_OpenSpace_WindowCovering_7 OFFICE05_OpenSpace_WindowCovering_8,
G03708,사무실,OFFICE03,기기제어,can you make it cozy in here while the temperature stays over 30 degrees?,온도가 30도를 계속 넘고 있으면 여기 아늑하게 해 줄래?,execute,,D5,T2,none,OFFICE03_MeetingRoom_Light_1 OFFICE03_MeetingRoom_Light_2 OFFICE03_MeetingRoom_Light_3 OFFICE03_MeetingRoom_Light_4 OFFICE03_OpenSpace_Light_1 OFFICE03_OpenSpace_Light_2 OFFICE03_OpenSpace_Light_3,
G03728,사무실,OFFICE05,기기제어,"If the switch is switched off, if the battery is under 20 percent right now, set the lights to orange.",스위치가 꺼질 때 배터리가 20퍼센트 아래면 조명 전부 주황색으로 바꿔.,execute,,D3,T2,none,OFFICE05_OpenSpace_Light_1 OFFICE05_OpenSpace_Light_2 OFFICE05_OpenSpace_Light_3 OFFICE05_OpenSpace_Light_4 OFFICE05_OpenSpace_Light_5 OFFICE05_OpenSpace_Light_6 OFFICE05_OpenSpace_Light_7 OFFICE05_OpenSpace_Light_8 OFFICE05_OpenSpace_Light_9 OFFICE05_OpenSpace_Light_10 OFFICE05_OpenSpace_Light_11 OFFICE05_OpenSpace_Light_12 OFFICE05_OpenSpace_Light_13 OFFICE05_OpenSpace_Light_14 OFFICE05_OpenSpace_Light_15 OFFICE05_OpenSpace_Light_16 OFFICE05_MeetingRoom_Light_1 OFFICE05_MeetingRoom_Light_2 OFFICE05_MeetingRoom_Light_3 OFFICE05_MeetingRoom_Light_4 OFFICE05_Hallway_Light_1 OFFICE05_Hallway_Light_2 OFFICE05_Hallway_Light_3 OFFICE05_Hallway_Light_4,
G03734,사무실,OFFICE06,기기제어,please turn the lights amber once the 30 minute timer runs out.,30분 타이머가 끝나면 조명 전부 호박색으로 좀 켜 줘.,execute,,D2,T2,none,OFFICE06_OpenSpace_Light_1 OFFICE06_OpenSpace_Light_2 OFFICE06_OpenSpace_Light_3 OFFICE06_MeetingRoom_Light_1,
G03736,사무실,OFFICE02,기기제어,"Once I am back, brew a cup on the coffee maker, but only if the door is open.",내가 돌아오면 문이 열려 있을 때만 커피포트로 한 잔 내려.,execute,,D3,T2,phone,OFFICE02_Pantry_CoffeeMaker_1,
G03738,사무실,OFFICE05,기기제어,please take a snapshot with all the cameras 15 minutes from now.,지금부터 15분 뒤에 모든 카메라로 사진 좀 찍어 줘.,execute,,D2,T2,none,OFFICE05_Hallway_Camera_1 OFFICE05_Hallway_Camera_2 OFFICE05_Hallway_Camera_3 OFFICE05_Hallway_Camera_4,
G03742,사무실,OFFICE02,기기제어,please kill the zone 2 light while I am on a call.,내가 통화 중이면 구역 2 조명 꺼 주세요.,execute,,D5,T2,phone,OFFICE02_OpenSpace_Light_2,
G03746,사무실,OFFICE02,기기제어,Shut everything down in here while nobody is around,아무도 없는 동안 여기 다 꺼 줘,ask,,D5,T2,none,OFFICE02_Hallway_Light_1 OFFICE02_MeetingRoom_AirConditioner_1 OFFICE02_MeetingRoom_AirConditioner_2 OFFICE02_MeetingRoom_AirConditioner_3 OFFICE02_MeetingRoom_Light_1 OFFICE02_MeetingRoom_Light_2 OFFICE02_MeetingRoom_Light_3 OFFICE02_OpenSpace_AirConditioner_1 OFFICE02_OpenSpace_AirConditioner_2 OFFICE02_OpenSpace_AirConditioner_3 OFFICE02_OpenSpace_AirPurifier_1 OFFICE02_OpenSpace_AirPurifier_2 OFFICE02_OpenSpace_Light_1 OFFICE02_OpenSpace_Light_2 OFFICE02_OpenSpace_Light_3 OFFICE02_OpenSpace_Light_4 OFFICE02_OpenSpace_Light_5 OFFICE02_OpenSpace_Light_6 OFFICE02_OpenSpace_Ventilator_1 OFFICE02_OpenSpace_Ventilator_2 OFFICE02_Pantry_Light_1,
G03750,사무실,OFFICE04,기기제어,can you make it less warm after 21 minutes?,21분 뒤에 덜 덥게 해 줄래?,ask,,D2,T2,none,OFFICE04_OpenSpace_AirConditioner_1 OFFICE04_OpenSpace_AirConditioner_2 OFFICE04_OpenSpace_AirConditioner_3 OFFICE04_OpenSpace_AirConditioner_4 OFFICE04_Pantry_Fan_1,
G03753,사무실,OFFICE06,기기제어,I'd like you to switch the lights off 5 minutes from now.,지금부터 5분 뒤에 조명 전부 꺼 줬으면 해.,execute,,D2,T2,none,OFFICE06_OpenSpace_Light_1 OFFICE06_OpenSpace_Light_2 OFFICE06_OpenSpace_Light_3 OFFICE06_MeetingRoom_Light_1,
G03756,사무실,OFFICE01,기기제어,"If my calendar says I am busy, wait 20 minutes and then make it cozy in here.",일정상 내가 바쁘면 20분 기다렸다가 여기 아늑하게 해 줘.,execute,,D2,T2,calendar,OFFICE01_MeetingRoom_Light_1 OFFICE01_OpenSpace_Light_1 OFFICE01_OpenSpace_Light_2 OFFICE01_OpenSpace_Light_3 OFFICE01_OpenSpace_Light_4 OFFICE01_Pantry_Light_1,
G03762,사무실,OFFICE06,기기제어,could you shut the open space lights off once the door has been open for 3 minutes?,문이 3분 동안 열려 있으면 사무실 조명 꺼 줄 수 있어?,execute,,D5,T2,none,OFFICE06_OpenSpace_Light_1 OFFICE06_OpenSpace_Light_2 OFFICE06_OpenSpace_Light_3,
G03769,사무실,OFFICE01,기기제어,can you turn the pantry coffee maker off while the temperature stays over 35 degrees?,온도가 35도를 계속 넘고 있으면 팬트리 커피포트 꺼 줄래?,execute,,D5,T2,none,OFFICE01_Pantry_CoffeeMaker_1,
G03775,사무실,OFFICE01,기기제어,can you set the lights to the dinner scene after 45 minutes?,45분 뒤에 조명 저녁 식사 모드로 해 줄래?,execute,,D2,T2,none,OFFICE01_OpenSpace_Light_1 OFFICE01_OpenSpace_Light_2 OFFICE01_OpenSpace_Light_3 OFFICE01_OpenSpace_Light_4 OFFICE01_MeetingRoom_Light_1 OFFICE01_Pantry_Light_1,
G03901,사무실,OFFICE02,기기제어,"please put the zone 6 light on, but only if it is dark outside.",바깥이 어두울 때만 구역 6 조명 좀 켜 줘.,execute,,D3,T2,none,OFFICE02_OpenSpace_Light_6,
G03910,사무실,OFFICE05,기기제어,Wait 30 minutes and then bring the open space lights down to 30 percent,30분 기다렸다가 사무실 조명 밝기를 30퍼센트까지 낮춰,execute,,D2,T2,none,OFFICE05_OpenSpace_Light_1 OFFICE05_OpenSpace_Light_2 OFFICE05_OpenSpace_Light_3 OFFICE05_OpenSpace_Light_4 OFFICE05_OpenSpace_Light_5 OFFICE05_OpenSpace_Light_6 OFFICE05_OpenSpace_Light_7 OFFICE05_OpenSpace_Light_8 OFFICE05_OpenSpace_Light_9 OFFICE05_OpenSpace_Light_10 OFFICE05_OpenSpace_Light_11 OFFICE05_OpenSpace_Light_12 OFFICE05_OpenSpace_Light_13 OFFICE05_OpenSpace_Light_14 OFFICE05_OpenSpace_Light_15 OFFICE05_OpenSpace_Light_16,
G03919,사무실,OFFICE02,기기제어,"Brighten this place up while someone is in the room, and stop once that changes","방에 사람이 있는 동안 여기 좀 밝게 해 주고, 그러다 바뀌면 멈춰",ask,,D5,T2,none,OFFICE02_Hallway_Light_1 OFFICE02_MeetingRoom_Light_1 OFFICE02_MeetingRoom_Light_2 OFFICE02_MeetingRoom_Light_3 OFFICE02_MeetingRoom_Projector_1 OFFICE02_OpenSpace_Light_1 OFFICE02_OpenSpace_Light_2 OFFICE02_OpenSpace_Light_3 OFFICE02_OpenSpace_Light_4 OFFICE02_OpenSpace_Light_5 OFFICE02_OpenSpace_Light_6 OFFICE02_OpenSpace_WindowCovering_1 OFFICE02_OpenSpace_WindowCovering_2 OFFICE02_OpenSpace_WindowCovering_3 OFFICE02_OpenSpace_WindowCovering_4 OFFICE02_Pantry_Light_1,
G03921,사무실,OFFICE02,기기제어,Keep checking and play some music on the TV for as long as the door is open,문이 열려 있는 동안 계속 TV로 음악 좀 틀어,refuse,no_device,D5,T2,none,,
G03926,사무실,OFFICE02,기기제어,Keep checking and shut everything down in here for as long as the room is too warm.,방이 더운 동안 계속 여기 다 꺼 줘.,ask,,D5,T2,none,OFFICE02_Hallway_Light_1 OFFICE02_MeetingRoom_AirConditioner_1 OFFICE02_MeetingRoom_AirConditioner_2 OFFICE02_MeetingRoom_AirConditioner_3 OFFICE02_MeetingRoom_Light_1 OFFICE02_MeetingRoom_Light_2 OFFICE02_MeetingRoom_Light_3 OFFICE02_OpenSpace_AirConditioner_1 OFFICE02_OpenSpace_AirConditioner_2 OFFICE02_OpenSpace_AirConditioner_3 OFFICE02_OpenSpace_AirPurifier_1 OFFICE02_OpenSpace_AirPurifier_2 OFFICE02_OpenSpace_Light_1 OFFICE02_OpenSpace_Light_2 OFFICE02_OpenSpace_Light_3 OFFICE02_OpenSpace_Light_4 OFFICE02_OpenSpace_Light_5 OFFICE02_OpenSpace_Light_6 OFFICE02_OpenSpace_Ventilator_1 OFFICE02_OpenSpace_Ventilator_2 OFFICE02_Pantry_Light_1,
G03930,사무실,OFFICE06,상태조회,"please send me the entrance temperature, but only if it is dark outside.",바깥이 어두울 때만 현관 온도 좀 보내 줘.,execute,,D3,T2,none,,NotificationProvider.SendPush
G03931,사무실,OFFICE02,알림예약,Wait 5 minutes and then I want to know when it changes.,5분 기다렸다가 상태가 바뀌면 알려 줘.,execute,,D2,T2,none,,NotificationProvider.SendPush
G03933,사무실,OFFICE05,상태조회,"If the tank is below half right now, send me the open space temperature",탱크가 절반 아래면 사무실 온도 보내 줘,execute,,D3,T2,none,,NotificationProvider.SendPush
G03936,사무실,OFFICE01,기기제어,Keep checking and open the blinds for as long as the room is too warm.,방이 더운 동안 계속 블라인드 전부 열어.,execute,,D5,T2,none,OFFICE01_OpenSpace_WindowCovering_1 OFFICE01_OpenSpace_WindowCovering_2,
G03938,사무실,OFFICE02,기기제어,"If nobody is around right now, make sure the place is secure.",아무도 없으면 문단속 좀 해 줘.,execute,,D3,T2,none,OFFICE02_Entrance_DoorLock_1 OFFICE02_Entrance_DoorLock_2,
G03939,사무실,OFFICE05,기기제어,Keep checking and lock the door lock for as long as the humidity is over 60 percent,습도가 60퍼센트를 넘는 동안 계속 도어락 잠가,ask,,D5,T2,none,OFFICE05_Entrance_DoorLock_1 OFFICE05_Entrance_DoorLock_2,
G03941,사무실,OFFICE03,기기제어,"please set the fan to high, but only if it is dark outside.",바깥이 어두울 때만 선풍기 세게 틀어 주세요.,refuse,no_device,D3,T2,none,,
G03965,사무실,OFFICE01,기기제어,"If the window is open right now, turn the pantry coffee maker off",창문이 열려 있으면 팬트리 커피포트 꺼,execute,,D3,T2,none,OFFICE01_Pantry_CoffeeMaker_1,
G03966,사무실,OFFICE02,기기제어,Wait 5 minutes and then start the pantry coffee maker.,5분 기다렸다가 팬트리 커피포트 켜.,execute,,D2,T2,none,OFFICE02_Pantry_CoffeeMaker_1,
G03968,사무실,OFFICE02,기기제어,"please put the zone 2 light on, but only if someone is in the room.",방에 사람이 있을 때만 구역 2 조명 좀 켜 줘.,execute,,D3,T2,none,OFFICE02_OpenSpace_Light_2,
G03979,사무실,OFFICE04,기기제어,Keep checking and get me something hot to drink for as long as the temperature is under 18 degrees,온도가 18도 아래인 동안 계속 따뜻한 거 좀 만들어 줘,execute,,D5,T2,none,OFFICE04_Pantry_CoffeeMaker_1,
G03983,사무실,OFFICE03,상태조회,Wait 30 minutes and then let me know whether anyone is in the meeting room,30분 기다렸다가 회의실에 사람 있는지 알려 줘,execute,,D2,T2,none,,Speaker.Speak
G03985,사무실,OFFICE01,기기제어,Wait 20 minutes and then run the pantry fan for 45 minutes.,20분 기다렸다가 팬트리 선풍기를 45분 동안 돌려.,execute,,D2,T2,none,OFFICE01_Pantry_Fan_1,
G03986,사무실,OFFICE04,기기제어,Keep checking and shut everything down in here for as long as nobody is around.,아무도 없는 동안 계속 여기 다 꺼 줘.,ask,,D5,T2,none,OFFICE04_OpenSpace_AirConditioner_1 OFFICE04_OpenSpace_AirConditioner_2 OFFICE04_OpenSpace_AirConditioner_3 OFFICE04_OpenSpace_AirConditioner_4 OFFICE04_OpenSpace_AirPurifier_1 OFFICE04_OpenSpace_AirPurifier_2 OFFICE04_OpenSpace_AirPurifier_3 OFFICE04_OpenSpace_Light_1 OFFICE04_OpenSpace_Light_2 OFFICE04_OpenSpace_Light_3 OFFICE04_OpenSpace_Light_4 OFFICE04_OpenSpace_Light_5 OFFICE04_OpenSpace_Light_6 OFFICE04_OpenSpace_Ventilator_1 OFFICE04_OpenSpace_Ventilator_2 OFFICE04_OpenSpace_Ventilator_3 OFFICE04_Pantry_Fan_1 OFFICE04_Pantry_Light_1 OFFICE04_RestRoom_Light_1,
G04006,사무실,OFFICE06,기기제어,"When I double-press the button, check every 20 minutes and run the dinner scene on the lights if the washing machine is running.",버튼이 연속 두 번 눌리면 20분마다 확인해서 세탁기가 돌고 있을 때 조명 저녁 식사 모드 실행해.,execute,,D7,T3,none,OFFICE06_OpenSpace_Light_1 OFFICE06_OpenSpace_Light_2 OFFICE06_OpenSpace_Light_3 OFFICE06_MeetingRoom_Light_1,
G04011,사무실,OFFICE06,기기제어,"Wait up to 30 minutes to see if it is dark outside; if not, run the reading scene on the lights","바깥이 어두워지는지 최대 30분 기다려 보고, 그래도 아니면 조명 독서 모드 실행해",execute,,D10,T3,none,OFFICE06_OpenSpace_Light_1 OFFICE06_OpenSpace_Light_2 OFFICE06_OpenSpace_Light_3 OFFICE06_MeetingRoom_Light_1,
G04023,사무실,OFFICE05,기기제어,"Wait up to 30 minutes to see if the door is open; if not, put the open space lights into morning mode.","문이 열리는지 최대 30분 기다려 보고, 그래도 아니면 사무실 조명 아침 모드로 해.",execute,,D10,T3,none,OFFICE05_OpenSpace_Light_1 OFFICE05_OpenSpace_Light_2 OFFICE05_OpenSpace_Light_3 OFFICE05_OpenSpace_Light_4 OFFICE05_OpenSpace_Light_5 OFFICE05_OpenSpace_Light_6 OFFICE05_OpenSpace_Light_7 OFFICE05_OpenSpace_Light_8 OFFICE05_OpenSpace_Light_9 OFFICE05_OpenSpace_Light_10 OFFICE05_OpenSpace_Light_11 OFFICE05_OpenSpace_Light_12 OFFICE05_OpenSpace_Light_13 OFFICE05_OpenSpace_Light_14 OFFICE05_OpenSpace_Light_15 OFFICE05_OpenSpace_Light_16,
G04036,사무실,OFFICE06,기기제어,"With a single press of the button, check every 5 minutes and turn the lights up to 90 percent if the room is too warm.",버튼을 한 번 누르면 5분마다 확인해서 방이 더울 때 조명 전부 밝기를 90퍼센트까지 올려.,execute,,D7,T3,none,OFFICE06_OpenSpace_Light_1 OFFICE06_OpenSpace_Light_2 OFFICE06_OpenSpace_Light_3 OFFICE06_MeetingRoom_Light_1,
G04042,사무실,OFFICE05,기기제어,"Wait up to 20 minutes to see if the temperature is under 18 degrees; if not, turn the lights up to 85 percent.","온도가 18도 아래로 내려가는지 최대 20분 기다려 보고, 그래도 아니면 조명 전부 밝기를 85퍼센트까지 올려.",execute,,D10,T3,none,OFFICE05_OpenSpace_Light_1 OFFICE05_OpenSpace_Light_2 OFFICE05_OpenSpace_Light_3 OFFICE05_OpenSpace_Light_4 OFFICE05_OpenSpace_Light_5 OFFICE05_OpenSpace_Light_6 OFFICE05_OpenSpace_Light_7 OFFICE05_OpenSpace_Light_8 OFFICE05_OpenSpace_Light_9 OFFICE05_OpenSpace_Light_10 OFFICE05_OpenSpace_Light_11 OFFICE05_OpenSpace_Light_12 OFFICE05_OpenSpace_Light_13 OFFICE05_OpenSpace_Light_14 OFFICE05_OpenSpace_Light_15 OFFICE05_OpenSpace_Light_16 OFFICE05_MeetingRoom_Light_1 OFFICE05_MeetingRoom_Light_2 OFFICE05_MeetingRoom_Light_3 OFFICE05_MeetingRoom_Light_4 OFFICE05_Hallway_Light_1 OFFICE05_Hallway_Light_2 OFFICE05_Hallway_Light_3 OFFICE05_Hallway_Light_4,
G04049,사무실,OFFICE05,기기제어,"Wait up to 10 minutes to see if the battery is under 20 percent; if not, turn on the open space lights","배터리가 20퍼센트 아래로 내려가는지 최대 10분 기다려 보고, 그래도 아니면 사무실 조명 켜",execute,,D10,T3,sun,OFFICE05_OpenSpace_Light_1 OFFICE05_OpenSpace_Light_2 OFFICE05_OpenSpace_Light_3 OFFICE05_OpenSpace_Light_4 OFFICE05_OpenSpace_Light_5 OFFICE05_OpenSpace_Light_6 OFFICE05_OpenSpace_Light_7 OFFICE05_OpenSpace_Light_8 OFFICE05_OpenSpace_Light_9 OFFICE05_OpenSpace_Light_10 OFFICE05_OpenSpace_Light_11 OFFICE05_OpenSpace_Light_12 OFFICE05_OpenSpace_Light_13 OFFICE05_OpenSpace_Light_14 OFFICE05_OpenSpace_Light_15 OFFICE05_OpenSpace_Light_16,
G04051,사무실,OFFICE03,기기제어,"Once it gets dark outside, check every 10 minutes and get the meeting room 2 light on if the room is too warm",바깥이 어두워지면 10분마다 확인해서 방이 더울 때 회의실 2 조명 켜,execute,,D7,T3,sun,OFFICE03_MeetingRoom_Light_2,
G04057,사무실,OFFICE01,알림예약,"Wait up to 10 minutes to see if nobody is around; if not, send a warning to my phone","아무도 없는지 최대 10분 기다려 보고, 그래도 아니면 폰으로 경고 보내 줘",execute,,D10,T3,none,,NotificationProvider.SendPush
G04062,사무실,OFFICE04,알림예약,"On Thursday at 10 pm, tell me about it every 10 minutes for the next 2 hours",목요일 밤 10시에 앞으로 2시간 동안 10분마다 알려 줘,execute,,D8,T3,none,,Speaker.Speak
G04076,사무실,OFFICE01,기기제어,"Wait up to 15 minutes to see if the battery is under 20 percent; if not, light up the lights","배터리가 20퍼센트 아래로 내려가는지 최대 15분 기다려 보고, 그래도 아니면 조명 전부 켜",execute,,D10,T3,none,OFFICE01_OpenSpace_Light_1 OFFICE01_OpenSpace_Light_2 OFFICE01_OpenSpace_Light_3 OFFICE01_OpenSpace_Light_4 OFFICE01_MeetingRoom_Light_1 OFFICE01_Pantry_Light_1,
G04088,사무실,OFFICE06,기기제어,"Wait up to 10 minutes to see if the window is open; if not, get all the lights on","창문이 열리는지 최대 10분 기다려 보고, 그래도 아니면 모든 조명 켜",execute,,D10,T3,none,OFFICE06_OpenSpace_Light_1 OFFICE06_OpenSpace_Light_2 OFFICE06_OpenSpace_Light_3 OFFICE06_MeetingRoom_Light_1,
G04089,사무실,OFFICE06,기기제어,"Wait up to 15 minutes to see if the battery is under 20 percent; if not, light up all the lights.","배터리가 20퍼센트 아래로 내려가는지 최대 15분 기다려 보고, 그래도 아니면 모든 조명 켜.",execute,,D10,T3,none,OFFICE06_OpenSpace_Light_1 OFFICE06_OpenSpace_Light_2 OFFICE06_OpenSpace_Light_3 OFFICE06_MeetingRoom_Light_1,
G04093,사무실,OFFICE02,기기제어,"While the temperature stays over 35 degrees, run the fan for 60 minutes every 90 minutes.",온도가 35도를 계속 넘고 있으면 90분마다 선풍기를 60분 동안 돌려.,refuse,no_device,D7,T3,none,,
G04094,사무실,OFFICE04,기기제어,"While the temperature stays over 28 degrees, run the pantry fan for 15 minutes every 20 minutes.",온도가 28도를 계속 넘고 있으면 20분마다 팬트리 선풍기를 15분 동안 돌려.,execute,,D7,T3,none,OFFICE04_Pantry_Fan_1,
G04120,사무실,OFFICE04,기기제어,"If the temperature drops below 10 degrees, check every 10 minutes and turn the lights warm white if the window is open",온도가 10도 아래로 떨어지면 10분마다 확인해서 창문이 열려 있을 때 조명 전부 전구색으로 켜,execute,,D7,T3,none,OFFICE04_OpenSpace_Light_1 OFFICE04_OpenSpace_Light_2 OFFICE04_OpenSpace_Light_3 OFFICE04_OpenSpace_Light_4 OFFICE04_OpenSpace_Light_5 OFFICE04_OpenSpace_Light_6 OFFICE04_RestRoom_Light_1 OFFICE04_Pantry_Light_1,
G04122,사무실,OFFICE04,기기제어,"Wait up to 30 minutes to see if the washing machine is running; if not, turn the lights red.","세탁기가 도는지 최대 30분 기다려 보고, 그래도 아니면 조명 전부 빨간색으로 켜.",execute,,D10,T3,none,OFFICE04_OpenSpace_Light_1 OFFICE04_OpenSpace_Light_2 OFFICE04_OpenSpace_Light_3 OFFICE04_OpenSpace_Light_4 OFFICE04_OpenSpace_Light_5 OFFICE04_OpenSpace_Light_6 OFFICE04_RestRoom_Light_1 OFFICE04_Pantry_Light_1,
G04125,사무실,OFFICE05,기기제어,"Wait up to 15 minutes to see if someone is in the room; if not, change the lights to green.","방에 사람이 오는지 최대 15분 기다려 보고, 그래도 아니면 조명 전부 초록색으로 바꿔.",execute,,D10,T3,none,OFFICE05_OpenSpace_Light_1 OFFICE05_OpenSpace_Light_2 OFFICE05_OpenSpace_Light_3 OFFICE05_OpenSpace_Light_4 OFFICE05_OpenSpace_Light_5 OFFICE05_OpenSpace_Light_6 OFFICE05_OpenSpace_Light_7 OFFICE05_OpenSpace_Light_8 OFFICE05_OpenSpace_Light_9 OFFICE05_OpenSpace_Light_10 OFFICE05_OpenSpace_Light_11 OFFICE05_OpenSpace_Light_12 OFFICE05_OpenSpace_Light_13 OFFICE05_OpenSpace_Light_14 OFFICE05_OpenSpace_Light_15 OFFICE05_OpenSpace_Light_16 OFFICE05_MeetingRoom_Light_1 OFFICE05_MeetingRoom_Light_2 OFFICE05_MeetingRoom_Light_3 OFFICE05_MeetingRoom_Light_4 OFFICE05_Hallway_Light_1 OFFICE05_Hallway_Light_2 OFFICE05_Hallway_Light_3 OFFICE05_Hallway_Light_4,
G04129,사무실,OFFICE02,기기제어,"Wait up to 20 minutes to see if the room is too warm; if not, raise the open space blinds","방이 더워지는지 최대 20분 기다려 보고, 그래도 아니면 사무실 블라인드 올려",execute,,D10,T3,sun,OFFICE02_OpenSpace_WindowCovering_1 OFFICE02_OpenSpace_WindowCovering_2 OFFICE02_OpenSpace_WindowCovering_3 OFFICE02_OpenSpace_WindowCovering_4,
G04131,사무실,OFFICE05,알림예약,"Wait up to 5 minutes to see if it is dark outside; if not, let me know.","바깥이 어두워지는지 최대 5분 기다려 보고, 그래도 아니면 알려 줘.",execute,,D10,T3,calendar,,NotificationProvider.SendPush
G04136,사무실,OFFICE01,알림예약,"Once the window is open, send me a notification every 15 minutes.",창문이 열려 있으면 15분마다 알림 보내 줘.,execute,,D9,T3,calendar,,NotificationProvider.SendPush
G04140,사무실,OFFICE02,기기제어,"Wait up to 15 minutes to see if the door is open; if not, change the lights to amber","문이 열리는지 최대 15분 기다려 보고, 그래도 아니면 조명 전부 호박색으로 바꿔",execute,,D10,T3,sun,OFFICE02_OpenSpace_Light_1 OFFICE02_OpenSpace_Light_2 OFFICE02_OpenSpace_Light_3 OFFICE02_OpenSpace_Light_4 OFFICE02_OpenSpace_Light_5 OFFICE02_OpenSpace_Light_6 OFFICE02_MeetingRoom_Light_1 OFFICE02_MeetingRoom_Light_2 OFFICE02_MeetingRoom_Light_3 OFFICE02_Pantry_Light_1 OFFICE02_Hallway_Light_1,
G04153,사무실,OFFICE04,기기제어,"Wait up to 15 minutes to see if the tank is below half; if not, turn the heating off","탱크가 절반 아래로 내려가는지 최대 15분 기다려 보고, 그래도 아니면 난방 꺼",refuse,no_device,D10,T3,none,,
G04163,사무실,OFFICE06,기기제어,"Once the room is too warm, take a snapshot with the open space camera every 30 minutes.",방이 너무 더우면 30분마다 사무실 카메라로 사진 찍어.,execute,,D9,T3,none,OFFICE06_OpenSpace_Camera_1 OFFICE06_OpenSpace_Camera_2,
G04173,사무실,OFFICE03,기기제어,"Wait up to 5 minutes to see if someone is in the room; if not, set the light to amber.","방에 사람이 오는지 최대 5분 기다려 보고, 그래도 아니면 조명 호박색으로 바꿔.",ask,,D10,T3,none,OFFICE03_MeetingRoom_Light_1 OFFICE03_MeetingRoom_Light_2 OFFICE03_MeetingRoom_Light_3 OFFICE03_MeetingRoom_Light_4 OFFICE03_OpenSpace_Light_1 OFFICE03_OpenSpace_Light_2 OFFICE03_OpenSpace_Light_3,
G04175,사무실,OFFICE01,기기제어,"At 9 am, check every 30 minutes and change the light to red if the temperature is under 18 degrees",오전 9시에 30분마다 확인해서 온도가 18도 아래일 때 조명 빨간색으로 바꿔,ask,,D7,T3,none,OFFICE01_OpenSpace_Light_1 OFFICE01_OpenSpace_Light_2 OFFICE01_OpenSpace_Light_3 OFFICE01_OpenSpace_Light_4 OFFICE01_MeetingRoom_Light_1 OFFICE01_Pantry_Light_1,
G04195,사무실,OFFICE01,기기제어,"When the door closes, check every 10 minutes and open the garage door if the humidity is over 60 percent.",문이 닫히면 10분마다 확인해서 습도가 60퍼센트를 넘을 때 차고문 열어.,refuse,no_device,D7,T3,none,,
G04240,사무실,OFFICE01,기기제어,"Once the window is open, run the pantry fan for 2 minutes every 20 minutes.",창문이 열려 있으면 20분마다 팬트리 선풍기를 2분 동안 돌려.,execute,,D9,T3,none,OFFICE01_Pantry_Fan_1,
G04248,사무실,OFFICE06,알림예약,"When I pull into the parking lot, push me an alert every 10 minutes for the next 2 hours.",주차장에 차를 대면 앞으로 2시간 동안 10분마다 알림 띄워 줘.,execute,,D8,T3,phone,,NotificationProvider.SendPush
G04252,사무실,OFFICE03,기기제어,"While someone is in the entrance, say it out loud on the meeting room speaker every 30 minutes until the window is open",현관에 사람이 있는 동안 창문이 열릴 때까지 30분마다 회의실 스피커로 소리 내서 알려,execute,,D8,T3,none,OFFICE03_MeetingRoom_Speaker_1 OFFICE03_MeetingRoom_Speaker_2,
G04255,사무실,OFFICE06,기기제어,"When I arrive, repeat this 3 times: toggle the entrance switch, then wait 10 minutes",내가 도착하면 현관 스위치 껐다 켜 주고 10분 쉬는 걸 3번 반복해,execute,,D8,T3,phone,OFFICE06_Entrance_Siren_1,
G04267,사무실,OFFICE01,기기제어,"When it gets hot outside, check every 20 minutes and switch the meeting room lights on if the room is too warm.",바깥이 더워지면 20분마다 확인해서 방이 더울 때 회의실 조명 켜.,execute,,D7,T3,weather,OFFICE01_MeetingRoom_Light_1,
G04270,사무실,OFFICE04,기기제어,"When it starts raining, check every 5 minutes and set the row 5 light to orange if someone is in the room.",비가 오기 시작하면 5분마다 확인해서 방에 사람이 있을 때 5열 조명 주황색으로 바꿔.,refuse,no_context,D7,T3,weather,,
G04272,사무실,OFFICE03,기기제어,"Wait up to 20 minutes to see if nobody is around; if not, turn the meeting room 1 light blue.","아무도 없는지 최대 20분 기다려 보고, 그래도 아니면 회의실 1 조명 파란색으로 켜.",execute,,D10,T3,weather,OFFICE03_MeetingRoom_Light_1,
G04276,사무실,OFFICE04,기기제어,"Wait up to 15 minutes to see if the battery is under 20 percent; if not, pull the blinds shut","배터리가 20퍼센트 아래로 내려가는지 최대 15분 기다려 보고, 그래도 아니면 블라인드 닫아",refuse,no_device,D10,T3,none,,
G04284,사무실,OFFICE06,기기제어,"When nothing has moved for 2 minutes, check every 20 minutes and change the meeting room lights to blue if the tank is below half",2분 동안 아무 움직임도 없으면 20분마다 확인해서 탱크가 절반 아래일 때 회의실 조명 파란색으로 바꿔,execute,,D7,T3,none,OFFICE06_MeetingRoom_Light_1,
G04301,사무실,OFFICE02,기기제어,"At sunrise, toggle the switch every 20 minutes.",해 뜰 때 20분마다 스위치 껐다 켜.,ask,,D7,T3,sun,OFFICE02_OpenSpace_Light_1 OFFICE02_OpenSpace_Light_2 OFFICE02_OpenSpace_Light_3 OFFICE02_OpenSpace_Light_4 OFFICE02_OpenSpace_Light_5 OFFICE02_OpenSpace_Light_6 OFFICE02_MeetingRoom_Light_1 OFFICE02_MeetingRoom_Light_2 OFFICE02_MeetingRoom_Light_3 OFFICE02_Pantry_Light_1 OFFICE02_Hallway_Light_1 OFFICE02_OpenSpace_AirConditioner_1 OFFICE02_OpenSpace_AirConditioner_2 OFFICE02_OpenSpace_AirConditioner_3 OFFICE02_MeetingRoom_AirConditioner_1 OFFICE02_MeetingRoom_AirConditioner_2 OFFICE02_MeetingRoom_AirConditioner_3 OFFICE02_OpenSpace_AirPurifier_1 OFFICE02_OpenSpace_AirPurifier_2,
G04307,사무실,OFFICE06,기기제어,"Wait up to 20 minutes to see if the humidity is over 60 percent; if not, turn the heating up to 23.","습도가 60퍼센트를 넘는지 최대 20분 기다려 보고, 그래도 아니면 난방 23도로 올려.",execute,,D10,T3,none,OFFICE06_OpenSpace_Thermostat_1,
G04309,사무실,OFFICE03,기기제어,"Once the camera goes offline, turn on the meeting room 4 light every 30 minutes until the temperature is under 18 degrees.",카메라 연결이 끊기면 온도가 18도 아래로 내려갈 때까지 30분마다 회의실 4 조명 켜.,execute,,D8,T3,none,OFFICE03_MeetingRoom_Light_4,
G04319,사무실,OFFICE04,기기제어,"As soon as I arrive, check every 30 minutes and change the open space lights to amber if the door is open.",내가 도착하자마자 30분마다 확인해서 문이 열려 있을 때 사무실 조명 호박색으로 바꿔.,refuse,no_context,D7,T3,phone,,
G04344,사무실,OFFICE04,기기제어,"Wait up to 5 minutes to see if the temperature is under 18 degrees; if not, dim the lights to 30 percent.","온도가 18도 아래로 내려가는지 최대 5분 기다려 보고, 그래도 아니면 조명 전부 밝기를 30퍼센트로 낮춰.",execute,,D10,T3,sun,OFFICE04_OpenSpace_Light_1 OFFICE04_OpenSpace_Light_2 OFFICE04_OpenSpace_Light_3 OFFICE04_OpenSpace_Light_4 OFFICE04_OpenSpace_Light_5 OFFICE04_OpenSpace_Light_6 OFFICE04_RestRoom_Light_1 OFFICE04_Pantry_Light_1,
G04351,사무실,OFFICE06,기기제어,"When I am close by, check every 20 minutes and put the open space air conditioner on cool if it is dark outside",내가 근처에 오면 20분마다 확인해서 바깥이 어두울 때 사무실 에어컨 냉방으로 해,execute,,D7,T3,phone,OFFICE06_OpenSpace_AirConditioner_1,
G04366,사무실,OFFICE01,기기제어,"When I am away, check every 5 minutes and put the air conditioner on cool if the room is too warm.",내가 자리에 없으면 5분마다 확인해서 방이 더울 때 에어컨 냉방으로 해.,ask,,D7,T3,phone,OFFICE01_OpenSpace_AirConditioner_1 OFFICE01_OpenSpace_AirConditioner_2 OFFICE01_MeetingRoom_AirConditioner_1,
G04375,사무실,OFFICE02,기기제어,"When I pull into the parking lot, check every 5 minutes and close all the blinds if it is dark outside.",주차장에 차를 대면 5분마다 확인해서 바깥이 어두울 때 모든 블라인드 닫아.,execute,,D7,T3,phone,OFFICE02_OpenSpace_WindowCovering_1 OFFICE02_OpenSpace_WindowCovering_2 OFFICE02_OpenSpace_WindowCovering_3 OFFICE02_OpenSpace_WindowCovering_4,
G04376,사무실,OFFICE06,기기제어,"Every day at 10:30 pm, brew a cup on the pantry coffee maker every 20 minutes",매일 밤 10시 30분에 20분마다 팬트리 커피포트로 한 잔 내려,execute,,D7,T3,none,OFFICE06_Pantry_CoffeeMaker_1,
G04382,사무실,OFFICE05,기기제어,"Wait up to 5 minutes to see if the door is open; if not, turn off the open space lights.","문이 열리는지 최대 5분 기다려 보고, 그래도 아니면 사무실 조명 꺼.",execute,,D10,T3,weather,OFFICE05_OpenSpace_Light_1 OFFICE05_OpenSpace_Light_2 OFFICE05_OpenSpace_Light_3 OFFICE05_OpenSpace_Light_4 OFFICE05_OpenSpace_Light_5 OFFICE05_OpenSpace_Light_6 OFFICE05_OpenSpace_Light_7 OFFICE05_OpenSpace_Light_8 OFFICE05_OpenSpace_Light_9 OFFICE05_OpenSpace_Light_10 OFFICE05_OpenSpace_Light_11 OFFICE05_OpenSpace_Light_12 OFFICE05_OpenSpace_Light_13 OFFICE05_OpenSpace_Light_14 OFFICE05_OpenSpace_Light_15 OFFICE05_OpenSpace_Light_16,
G04385,사무실,OFFICE03,기기제어,"When the entrance door opens, check every 10 minutes and switch the lights to the dinner scene if the tank is below half.",현관 문이 열리면 10분마다 확인해서 탱크가 절반 아래일 때 조명 전부 저녁 식사 모드로 바꿔.,execute,,D7,T3,none,OFFICE03_MeetingRoom_Light_1 OFFICE03_MeetingRoom_Light_2 OFFICE03_MeetingRoom_Light_3 OFFICE03_MeetingRoom_Light_4 OFFICE03_OpenSpace_Light_1 OFFICE03_OpenSpace_Light_2 OFFICE03_OpenSpace_Light_3,
G04386,사무실,OFFICE06,기기제어,"When the pantry door opens, check every 20 minutes and set the lights to the relax scene if the battery is under 20 percent",팬트리 문이 열리면 20분마다 확인해서 배터리가 20퍼센트 아래일 때 조명 휴식 모드로 해,execute,,D7,T3,none,OFFICE06_OpenSpace_Light_1 OFFICE06_OpenSpace_Light_2 OFFICE06_OpenSpace_Light_3 OFFICE06_MeetingRoom_Light_1,
G04398,사무실,OFFICE06,기기제어,"Once the window is open, brew a cup on the pantry coffee maker every 30 minutes",창문이 열려 있으면 30분마다 팬트리 커피포트로 한 잔 내려,execute,,D9,T3,phone,OFFICE06_Pantry_CoffeeMaker_1,
G04407,사무실,OFFICE05,알림예약,"Once the switch has been on for 15 minutes, show it on the screen every 10 minutes until the temperature is under 18 degrees.",스위치가 15분 동안 켜져 있으면 온도가 18도 아래로 내려갈 때까지 10분마다 화면에 띄워 줘.,execute,,D8,T3,none,,Display.ShowMessage
G04418,사무실,OFFICE05,기기제어,"Wait up to 15 minutes to see if the tank is below half; if not, run the focus scene on the lights","탱크가 절반 아래로 내려가는지 최대 15분 기다려 보고, 그래도 아니면 조명 집중 모드 실행해",execute,,D10,T3,phone,OFFICE05_OpenSpace_Light_1 OFFICE05_OpenSpace_Light_2 OFFICE05_OpenSpace_Light_3 OFFICE05_OpenSpace_Light_4 OFFICE05_OpenSpace_Light_5 OFFICE05_OpenSpace_Light_6 OFFICE05_OpenSpace_Light_7 OFFICE05_OpenSpace_Light_8 OFFICE05_OpenSpace_Light_9 OFFICE05_OpenSpace_Light_10 OFFICE05_OpenSpace_Light_11 OFFICE05_OpenSpace_Light_12 OFFICE05_OpenSpace_Light_13 OFFICE05_OpenSpace_Light_14 OFFICE05_OpenSpace_Light_15 OFFICE05_OpenSpace_Light_16 OFFICE05_MeetingRoom_Light_1 OFFICE05_MeetingRoom_Light_2 OFFICE05_MeetingRoom_Light_3 OFFICE05_MeetingRoom_Light_4 OFFICE05_Hallway_Light_1 OFFICE05_Hallway_Light_2 OFFICE05_Hallway_Light_3 OFFICE05_Hallway_Light_4,
G04553,사무실,OFFICE01,기기제어,Check every 15 minutes and light up the lights if the window is open,15분마다 확인해서 창문이 열려 있으면 조명 전부 켜,execute,,D7,T3,none,OFFICE01_OpenSpace_Light_1 OFFICE01_OpenSpace_Light_2 OFFICE01_OpenSpace_Light_3 OFFICE01_OpenSpace_Light_4 OFFICE01_MeetingRoom_Light_1 OFFICE01_Pantry_Light_1,
G04580,사무실,OFFICE03,기기제어,"Wait up to 10 minutes to see if the battery is under 20 percent; if not, turn the meeting room 3 light up to 70 percent","배터리가 20퍼센트 아래로 내려가는지 최대 10분 기다려 보고, 그래도 아니면 회의실 3 조명 밝기를 70퍼센트까지 올려",execute,,D10,T3,none,OFFICE03_MeetingRoom_Light_3,
G04582,사무실,OFFICE02,기기제어,"Wait up to 10 minutes to see if the washing machine is running; if not, turn the zone 1 light up to 75 percent.","세탁기가 도는지 최대 10분 기다려 보고, 그래도 아니면 구역 1 조명 밝기를 75퍼센트까지 올려.",execute,,D10,T3,none,OFFICE02_OpenSpace_Light_1,
G04584,사무실,OFFICE03,기기제어,Check every 30 minutes and dim the meeting room 2 light to 10 percent if the door is open.,30분마다 확인해서 문이 열려 있으면 회의실 2 조명 밝기를 10퍼센트로 낮춰.,execute,,D7,T3,none,OFFICE03_MeetingRoom_Light_2,
G04595,사무실,OFFICE01,기기제어,"Wait up to 15 minutes to see if it is dark outside; if not, light up the open space lights","바깥이 어두워지는지 최대 15분 기다려 보고, 그래도 아니면 사무실 조명 켜",execute,,D10,T3,none,OFFICE01_OpenSpace_Light_1 OFFICE01_OpenSpace_Light_2 OFFICE01_OpenSpace_Light_3 OFFICE01_OpenSpace_Light_4,
G04597,사무실,OFFICE01,기기제어,"Wait up to 15 minutes to see if the room is too warm; if not, change the light to purple.","방이 더워지는지 최대 15분 기다려 보고, 그래도 아니면 조명 보라색으로 바꿔.",ask,,D10,T3,none,OFFICE01_OpenSpace_Light_1 OFFICE01_OpenSpace_Light_2 OFFICE01_OpenSpace_Light_3 OFFICE01_OpenSpace_Light_4 OFFICE01_MeetingRoom_Light_1 OFFICE01_Pantry_Light_1,
G04598,사무실,OFFICE01,기기제어,"Wait up to 30 minutes to see if the room is too warm; if not, light up the light.","방이 더워지는지 최대 30분 기다려 보고, 그래도 아니면 조명 켜.",ask,,D10,T3,none,OFFICE01_OpenSpace_Light_1 OFFICE01_OpenSpace_Light_2 OFFICE01_OpenSpace_Light_3 OFFICE01_OpenSpace_Light_4 OFFICE01_MeetingRoom_Light_1 OFFICE01_Pantry_Light_1,
G04605,사무실,OFFICE02,기기제어,Check every 30 minutes and switch the open space lights on if the tank is below half.,30분마다 확인해서 탱크가 절반 아래면 사무실 조명 켜.,execute,,D7,T3,none,OFFICE02_OpenSpace_Light_1 OFFICE02_OpenSpace_Light_2 OFFICE02_OpenSpace_Light_3 OFFICE02_OpenSpace_Light_4 OFFICE02_OpenSpace_Light_5 OFFICE02_OpenSpace_Light_6,
G04608,사무실,OFFICE05,기기제어,"Wait up to 15 minutes to see if the humidity is over 60 percent; if not, turn the meeting room lights purple","습도가 60퍼센트를 넘는지 최대 15분 기다려 보고, 그래도 아니면 회의실 조명 보라색으로 켜",execute,,D10,T3,none,OFFICE05_MeetingRoom_Light_1 OFFICE05_MeetingRoom_Light_2 OFFICE05_MeetingRoom_Light_3 OFFICE05_MeetingRoom_Light_4,
G04609,사무실,OFFICE05,기기제어,Check every 5 minutes and switch the open space lights on if the tank is below half.,5분마다 확인해서 탱크가 절반 아래면 사무실 조명 켜.,execute,,D7,T3,none,OFFICE05_OpenSpace_Light_1 OFFICE05_OpenSpace_Light_2 OFFICE05_OpenSpace_Light_3 OFFICE05_OpenSpace_Light_4 OFFICE05_OpenSpace_Light_5 OFFICE05_OpenSpace_Light_6 OFFICE05_OpenSpace_Light_7 OFFICE05_OpenSpace_Light_8 OFFICE05_OpenSpace_Light_9 OFFICE05_OpenSpace_Light_10 OFFICE05_OpenSpace_Light_11 OFFICE05_OpenSpace_Light_12 OFFICE05_OpenSpace_Light_13 OFFICE05_OpenSpace_Light_14 OFFICE05_OpenSpace_Light_15 OFFICE05_OpenSpace_Light_16,
G04611,사무실,OFFICE05,기기제어,Check every 5 minutes and switch the open space lights on if someone is in the room.,5분마다 확인해서 방에 사람이 있으면 사무실 조명 켜.,execute,,D7,T3,none,OFFICE05_OpenSpace_Light_1 OFFICE05_OpenSpace_Light_2 OFFICE05_OpenSpace_Light_3 OFFICE05_OpenSpace_Light_4 OFFICE05_OpenSpace_Light_5 OFFICE05_OpenSpace_Light_6 OFFICE05_OpenSpace_Light_7 OFFICE05_OpenSpace_Light_8 OFFICE05_OpenSpace_Light_9 OFFICE05_OpenSpace_Light_10 OFFICE05_OpenSpace_Light_11 OFFICE05_OpenSpace_Light_12 OFFICE05_OpenSpace_Light_13 OFFICE05_OpenSpace_Light_14 OFFICE05_OpenSpace_Light_15 OFFICE05_OpenSpace_Light_16,
G04612,사무실,OFFICE04,기기제어,"Wait up to 30 minutes to see if the temperature is under 18 degrees; if not, make the open space lights pink","온도가 18도 아래로 내려가는지 최대 30분 기다려 보고, 그래도 아니면 사무실 조명 분홍색으로 해",execute,,D10,T3,none,OFFICE04_OpenSpace_Light_1 OFFICE04_OpenSpace_Light_2 OFFICE04_OpenSpace_Light_3 OFFICE04_OpenSpace_Light_4 OFFICE04_OpenSpace_Light_5 OFFICE04_OpenSpace_Light_6,
G04618,사무실,OFFICE04,기기제어,"Wait up to 5 minutes to see if the tank is below half; if not, switch the open space lights on.","탱크가 절반 아래로 내려가는지 최대 5분 기다려 보고, 그래도 아니면 사무실 조명 켜.",execute,,D10,T3,none,OFFICE04_OpenSpace_Light_1 OFFICE04_OpenSpace_Light_2 OFFICE04_OpenSpace_Light_3 OFFICE04_OpenSpace_Light_4 OFFICE04_OpenSpace_Light_5 OFFICE04_OpenSpace_Light_6,
G04619,사무실,OFFICE05,기기제어,Check every 15 minutes and change the open space lights to purple if the washing machine is running,15분마다 확인해서 세탁기가 돌고 있으면 사무실 조명 보라색으로 바꿔,execute,,D7,T3,none,OFFICE05_OpenSpace_Light_1 OFFICE05_OpenSpace_Light_2 OFFICE05_OpenSpace_Light_3 OFFICE05_OpenSpace_Light_4 OFFICE05_OpenSpace_Light_5 OFFICE05_OpenSpace_Light_6 OFFICE05_OpenSpace_Light_7 OFFICE05_OpenSpace_Light_8 OFFICE05_OpenSpace_Light_9 OFFICE05_OpenSpace_Light_10 OFFICE05_OpenSpace_Light_11 OFFICE05_OpenSpace_Light_12 OFFICE05_OpenSpace_Light_13 OFFICE05_OpenSpace_Light_14 OFFICE05_OpenSpace_Light_15 OFFICE05_OpenSpace_Light_16,
G04622,사무실,OFFICE03,기기제어,"Wait up to 15 minutes to see if the room is too warm; if not, set the volume on the TV to 40","방이 더워지는지 최대 15분 기다려 보고, 그래도 아니면 TV 볼륨 40으로 맞춰",refuse,no_device,D10,T3,none,,
G04639,사무실,OFFICE02,기기제어,Check every 30 minutes and toggle the switch if the door is open.,30분마다 확인해서 문이 열려 있으면 스위치 껐다 켜.,ask,,D7,T3,none,OFFICE02_OpenSpace_Light_1 OFFICE02_OpenSpace_Light_2 OFFICE02_OpenSpace_Light_3 OFFICE02_OpenSpace_Light_4 OFFICE02_OpenSpace_Light_5 OFFICE02_OpenSpace_Light_6 OFFICE02_MeetingRoom_Light_1 OFFICE02_MeetingRoom_Light_2 OFFICE02_MeetingRoom_Light_3 OFFICE02_Pantry_Light_1 OFFICE02_Hallway_Light_1 OFFICE02_OpenSpace_AirConditioner_1 OFFICE02_OpenSpace_AirConditioner_2 OFFICE02_OpenSpace_AirConditioner_3 OFFICE02_MeetingRoom_AirConditioner_1 OFFICE02_MeetingRoom_AirConditioner_2 OFFICE02_MeetingRoom_AirConditioner_3 OFFICE02_OpenSpace_AirPurifier_1 OFFICE02_OpenSpace_AirPurifier_2,
G04648,사무실,OFFICE04,알림예약,Check every 30 minutes and ping me when the printer finishes if someone is in the room.,30분마다 확인해서 방에 사람이 있을 때 프린터 끝나면 알려 줘.,refuse,no_occupancy,D7,T3,none,,
G04650,사무실,OFFICE04,상태조회,"Wait up to 5 minutes to see if the temperature is under 18 degrees; if not, text me the humidity in the entrance","온도가 18도 아래로 내려가는지 최대 5분 기다려 보고, 그래도 아니면 현관 습도 문자로 보내 줘",execute,,D10,T3,none,,Speaker.Speak
G04658,사무실,OFFICE04,상태조회,Check every 10 minutes and send me the pantry temperature if the room is too warm.,10분마다 확인해서 방이 너무 더우면 팬트리 온도 보내 줘.,execute,,D7,T3,none,,Speaker.Speak
G04661,사무실,OFFICE01,기기제어,Check every 15 minutes and raise the blind if the temperature is under 18 degrees.,15분마다 확인해서 온도가 18도 아래면 블라인드 올려.,ask,,D7,T3,none,OFFICE01_OpenSpace_WindowCovering_1 OFFICE01_OpenSpace_WindowCovering_2,
G04663,사무실,OFFICE05,기기제어,Check every 10 minutes and lower the open space blinds to 20 percent if the washing machine is running.,10분마다 확인해서 세탁기가 돌고 있으면 사무실 블라인드 20퍼센트까지 내려.,execute,,D7,T3,none,OFFICE05_OpenSpace_WindowCovering_1 OFFICE05_OpenSpace_WindowCovering_2 OFFICE05_OpenSpace_WindowCovering_3 OFFICE05_OpenSpace_WindowCovering_4 OFFICE05_OpenSpace_WindowCovering_5 OFFICE05_OpenSpace_WindowCovering_6 OFFICE05_OpenSpace_WindowCovering_7 OFFICE05_OpenSpace_WindowCovering_8,
G04677,사무실,OFFICE02,기기제어,Check every 15 minutes and make sure the door lock is locked if the battery is under 20 percent,15분마다 확인해서 배터리가 20퍼센트 아래면 도어락 잠겼는지 봐 줘,ask,,D7,T3,none,OFFICE02_Entrance_DoorLock_1 OFFICE02_Entrance_DoorLock_2,
G04682,사무실,OFFICE04,기기제어,"Wait up to 5 minutes to see if someone is in the room; if not, unlock the door lock","방에 사람이 오는지 최대 5분 기다려 보고, 그래도 아니면 도어락 열어",refuse,no_occupancy,D10,T3,none,,
G04687,사무실,OFFICE03,기기제어,could you run the fan for 2 minutes every 20 minutes until the door is open?,문이 열릴 때까지 20분마다 선풍기를 2분 동안 돌려 줄 수 있어?,refuse,no_device,D8,T3,none,,
G04688,사무실,OFFICE01,기기제어,Check every 60 minutes and run the fan for 30 minutes if the door is open,60분마다 확인해서 문이 열려 있으면 선풍기를 30분 동안 돌려,execute,,D7,T3,none,OFFICE01_Pantry_Fan_1,
G04689,사무실,OFFICE01,기기제어,"Wait up to 30 minutes to see if someone is in the room; if not, run the pantry fan for 30 minutes","방에 사람이 오는지 최대 30분 기다려 보고, 그래도 아니면 팬트리 선풍기를 30분 동안 돌려",execute,,D10,T3,none,OFFICE01_Pantry_Fan_1,
G04692,사무실,OFFICE04,기기제어,"Once the battery is under 20 percent, run the pantry fan for 2 minutes every 5 minutes.",배터리가 20퍼센트 아래면 5분마다 팬트리 선풍기를 2분 동안 돌려.,execute,,D9,T3,none,OFFICE04_Pantry_Fan_1,
G04697,사무실,OFFICE05,상태조회,"Wait up to 20 minutes to see if someone is in the room; if not, what is the temperature in the hallway.","방에 사람이 오는지 최대 20분 기다려 보고, 그래도 아니면 복도 온도 알려 줘.",execute,,D10,T3,none,OFFICE05_OpenSpace_TemperatureSensor_1 OFFICE05_OpenSpace_TemperatureSensor_2 OFFICE05_OpenSpace_TemperatureSensor_3 OFFICE05_OpenSpace_TemperatureSensor_4 OFFICE05_OpenSpace_TemperatureSensor_5 OFFICE05_OpenSpace_TemperatureSensor_6 OFFICE05_OpenSpace_TemperatureSensor_7 OFFICE05_OpenSpace_TemperatureSensor_8,NotificationProvider.SendPush
G04701,사무실,OFFICE02,상태조회,Tell me if the door sensor is open every 10 minutes,10분마다 문열림 센서 열려 있는지 알려 줘,refuse,no_context,D7,T3,none,,
G04733,사무실,OFFICE01,기기제어,could you start a countdown for 5 minutes every 30 minutes?,30분마다 5분 카운트다운 시작해 줄 수 있어?,refuse,no_service,D7,T3,none,,
G04734,사무실,OFFICE04,기기제어,could you start a countdown for 60 minutes every 90 minutes?,90분마다 60분 카운트다운 시작해 줄 수 있어?,refuse,no_service,D7,T3,none,,
G04744,사무실,OFFICE05,기기제어,"Repeat this 3 times: toggle the switch, then wait 10 minutes.",스위치 껐다 켜 주고 10분 쉬는 걸 3번 반복해.,ask,,D8,T3,none,OFFICE05_OpenSpace_Light_1 OFFICE05_OpenSpace_Light_2 OFFICE05_OpenSpace_Light_3 OFFICE05_OpenSpace_Light_4 OFFICE05_OpenSpace_Light_5 OFFICE05_OpenSpace_Light_6 OFFICE05_OpenSpace_Light_7 OFFICE05_OpenSpace_Light_8 OFFICE05_OpenSpace_Light_9 OFFICE05_OpenSpace_Light_10 OFFICE05_OpenSpace_Light_11 OFFICE05_OpenSpace_Light_12 OFFICE05_OpenSpace_Light_13 OFFICE05_OpenSpace_Light_14 OFFICE05_OpenSpace_Light_15 OFFICE05_OpenSpace_Light_16 OFFICE05_MeetingRoom_Light_1 OFFICE05_MeetingRoom_Light_2 OFFICE05_MeetingRoom_Light_3 OFFICE05_MeetingRoom_Light_4 OFFICE05_Hallway_Light_1 OFFICE05_Hallway_Light_2 OFFICE05_Hallway_Light_3 OFFICE05_Hallway_Light_4 OFFICE05_OpenSpace_AirConditioner_1 OFFICE05_OpenSpace_AirConditioner_2 OFFICE05_OpenSpace_AirConditioner_3 OFFICE05_OpenSpace_AirConditioner_4 OFFICE05_OpenSpace_AirConditioner_5 OFFICE05_OpenSpace_AirConditioner_6 OFFICE05_OpenSpace_AirConditioner_7 OFFICE05_OpenSpace_AirConditioner_8 OFFICE05_Hallway_Siren_1 OFFICE05_Hallway_Siren_2,
G04755,사무실,OFFICE03,기기제어,"Wait up to 30 minutes to see if the humidity is over 60 percent; if not, raise the blinds.","습도가 60퍼센트를 넘는지 최대 30분 기다려 보고, 그래도 아니면 블라인드 올려.",refuse,no_device,D10,T3,none,,
G04760,사무실,OFFICE02,기기제어,can you brew a cup on the coffee maker every 30 minutes?,30분마다 커피포트로 한 잔 내려 줄래?,execute,,D7,T3,none,OFFICE02_Pantry_CoffeeMaker_1,
G04763,사무실,OFFICE03,기기제어,"Repeat this 3 times: take a snapshot with all the cameras, then wait 10 minutes.",모든 카메라로 사진 찍어 주고 10분 쉬는 걸 3번 반복해.,execute,,D8,T3,none,OFFICE03_MeetingRoom_Camera_1 OFFICE03_MeetingRoom_Camera_2,
G04769,사무실,OFFICE05,기기제어,Check every 30 minutes and put the lights on if it is dark outside.,30분마다 확인해서 바깥이 어두우면 조명 전부 켜.,execute,,D7,T3,none,OFFICE05_OpenSpace_Light_1 OFFICE05_OpenSpace_Light_2 OFFICE05_OpenSpace_Light_3 OFFICE05_OpenSpace_Light_4 OFFICE05_OpenSpace_Light_5 OFFICE05_OpenSpace_Light_6 OFFICE05_OpenSpace_Light_7 OFFICE05_OpenSpace_Light_8 OFFICE05_OpenSpace_Light_9 OFFICE05_OpenSpace_Light_10 OFFICE05_OpenSpace_Light_11 OFFICE05_OpenSpace_Light_12 OFFICE05_OpenSpace_Light_13 OFFICE05_OpenSpace_Light_14 OFFICE05_OpenSpace_Light_15 OFFICE05_OpenSpace_Light_16 OFFICE05_MeetingRoom_Light_1 OFFICE05_MeetingRoom_Light_2 OFFICE05_MeetingRoom_Light_3 OFFICE05_MeetingRoom_Light_4 OFFICE05_Hallway_Light_1 OFFICE05_Hallway_Light_2 OFFICE05_Hallway_Light_3 OFFICE05_Hallway_Light_4,
G04783,사무실,OFFICE03,기기제어,"Wait up to 10 minutes to see if someone is in the room; if not, open the garage door","방에 사람이 오는지 최대 10분 기다려 보고, 그래도 아니면 차고문 열어",refuse,no_device,D10,T3,none,,
G04785,사무실,OFFICE02,기기제어,"Wait up to 10 minutes to see if the temperature is under 18 degrees; if not, close the garage door.","온도가 18도 아래로 내려가는지 최대 10분 기다려 보고, 그래도 아니면 차고문 닫아.",refuse,no_device,D10,T3,none,,
G04798,사무실,OFFICE04,기기제어,could you brew a cup on the coffee maker every 10 minutes?,10분마다 커피포트로 한 잔 내려 줄 수 있어?,execute,,D7,T3,none,OFFICE04_Pantry_CoffeeMaker_1,
G04800,사무실,OFFICE06,기기제어,please brew a cup on all the coffee makers every 10 minutes until it is dark outside.,바깥이 어두워질 때까지 10분마다 모든 커피포트로 한 잔 내려 주세요.,execute,,D8,T3,none,OFFICE06_Pantry_CoffeeMaker_1,
G04801,사무실,OFFICE01,기기제어,could you brew a cup on the coffee maker every 15 minutes for the next 4 hours?,앞으로 4시간 동안 15분마다 커피포트로 한 잔 내려 줄 수 있어?,execute,,D8,T3,none,OFFICE01_Pantry_CoffeeMaker_1,
G04802,사무실,OFFICE06,기기제어,Check every 15 minutes and brew a cup on the pantry coffee maker if it is dark outside,15분마다 확인해서 바깥이 어두우면 팬트리 커피포트로 한 잔 내려,execute,,D7,T3,none,OFFICE06_Pantry_CoffeeMaker_1,
G04814,사무실,OFFICE05,기기제어,Check every 10 minutes and lower the blinds to 50 percent if it is dark outside.,10분마다 확인해서 바깥이 어두우면 블라인드 전부 50퍼센트까지 내려.,execute,,D7,T3,none,OFFICE05_OpenSpace_WindowCovering_1 OFFICE05_OpenSpace_WindowCovering_2 OFFICE05_OpenSpace_WindowCovering_3 OFFICE05_OpenSpace_WindowCovering_4 OFFICE05_OpenSpace_WindowCovering_5 OFFICE05_OpenSpace_WindowCovering_6 OFFICE05_OpenSpace_WindowCovering_7 OFFICE05_OpenSpace_WindowCovering_8,
G04819,사무실,OFFICE02,기기제어,Run the fan for 60 minutes every 90 minutes until the battery is under 20 percent.,배터리가 20퍼센트 아래로 내려갈 때까지 90분마다 선풍기를 60분 동안 돌려.,refuse,no_device,D8,T3,none,,
G04829,사무실,OFFICE01,기기제어,"Repeat this 3 times: run the fan for 45 minutes, then wait 15 minutes.",선풍기를 45분 동안 돌려 주고 15분 쉬는 걸 3번 반복해.,execute,,D8,T3,none,OFFICE01_Pantry_Fan_1,
G04840,사무실,OFFICE02,기기제어,Check every 30 minutes and run the fan for 20 minutes if the washing machine is running,30분마다 확인해서 세탁기가 돌고 있으면 선풍기를 20분 동안 돌려,refuse,no_device,D7,T3,none,,
G04853,사무실,OFFICE01,기기제어,Check every 5 minutes and take a snapshot with the camera if the window is open.,5분마다 확인해서 창문이 열려 있으면 카메라로 사진 찍어.,refuse,no_device,D7,T3,none,,
G04858,사무실,OFFICE04,기기제어,"Wait up to 30 minutes to see if someone is in the room; if not, close the blinds","방에 사람이 오는지 최대 30분 기다려 보고, 그래도 아니면 블라인드 닫아",refuse,no_device,D10,T3,none,,
G04881,사무실,OFFICE02,알림예약,"If my calendar says I am busy, count how many times it happens and push me an alert once it passes 3.",일정상 내가 바쁠 때 그 횟수를 세다가 3번을 넘으면 알림 띄워 줘.,execute,,D12,T4,calendar,,NotificationProvider.SendPush
G04883,사무실,OFFICE04,알림예약,"Wait until the tank is below half, then give me a heads-up every 10 minutes for 2 hours.",탱크가 절반 아래로 내려갈 때까지 기다렸다가 2시간 동안 10분마다 꼭 알려 줘.,execute,,D13,T4,calendar,,Speaker.Speak
G04884,사무실,OFFICE06,알림예약,"please tell me about it every 15 minutes while it is dark outside, and stop after 6 hours.","바깥이 어두운 동안 15분마다 알려 주고, 6시간 뒤에는 멈춰 주세요.",execute,,D13,T4,calendar,,NotificationProvider.SendPush
G04887,사무실,OFFICE01,알림예약,"Wait until the tank is below half, then show it on the screen every 30 minutes for 5 hours",탱크가 절반 아래로 내려갈 때까지 기다렸다가 5시간 동안 30분마다 화면에 띄워 줘,execute,,D13,T4,none,,Display.ShowMessage
G04904,사무실,OFFICE05,알림예약,"Wait until the room is too warm, then show it on the screen every 30 minutes for 3 hours.",방이 더워질 때까지 기다렸다가 3시간 동안 30분마다 화면에 띄워 줘.,execute,,D13,T4,phone,,Display.ShowMessage
G04905,사무실,OFFICE02,기기제어,"Wait until the room is too warm, then play a chime on the open space speaker every 30 minutes for 6 hours",방이 더워질 때까지 기다렸다가 6시간 동안 30분마다 사무실 스피커로 알림음 울려,execute,,D13,T4,none,OFFICE02_OpenSpace_Speaker_1 OFFICE02_OpenSpace_Speaker_2,
G04911,사무실,OFFICE06,알림예약,"please push me an alert every 30 minutes while the door is open, and stop after 4 hours.","문이 열려 있는 동안 30분마다 알림 띄워 주고, 4시간 뒤에는 멈춰 주세요.",execute,,D13,T4,phone,,NotificationProvider.SendPush
G04914,사무실,OFFICE06,기기제어,"When the motion sensor detects movement, count how many times it happens and turn the heating off once it passes 6",동작 감지 센서가 움직임을 감지할 때 그 횟수를 세다가 6번을 넘으면 난방 꺼,execute,,D12,T4,none,OFFICE06_OpenSpace_Thermostat_1,
G04916,사무실,OFFICE06,기기제어,"If the temperature drops below 0 degrees, if it is higher than it was an hour ago, turn the open space air conditioner off.",온도가 0도 아래로 떨어질 때 그게 한 시간 전보다 높으면 사무실 에어컨 꺼.,execute,,D11,T4,none,OFFICE06_OpenSpace_AirConditioner_1,
G04923,사무실,OFFICE02,기기제어,"please brew a cup on the coffee maker every 30 minutes while the window is open, and stop after 6 hours.","창문이 열려 있는 동안 30분마다 커피포트로 한 잔 내려 주고, 6시간 뒤에는 좀 멈춰 줘.",execute,,D13,T4,none,OFFICE02_Pantry_CoffeeMaker_1,
G04924,사무실,OFFICE04,기기제어,"could you brew a cup on the pantry coffee maker every 20 minutes while the battery is under 20 percent, and stop after 4 hours?","배터리가 20퍼센트 아래인 동안 20분마다 팬트리 커피포트로 한 잔 내려 주고, 4시간 뒤에는 멈춰 줄 수 있어?",execute,,D13,T4,none,OFFICE04_Pantry_CoffeeMaker_1,
G04976,사무실,OFFICE02,알림예약,"Wait until it is dark outside, then send me a note if the meeting room 1 light stays on every 30 minutes for 6 hours.",바깥이 어두워질 때까지 기다렸다가 6시간 동안 30분마다 회의실 1 조명 계속 켜져 있으면 알려 줘.,execute,,D13,T4,none,,NotificationProvider.SendPush
G04980,사무실,OFFICE02,기기제어,"Wait until the door is open, then run the fan for 5 minutes every 30 minutes for 4 hours",문이 열릴 때까지 기다렸다가 4시간 동안 30분마다 선풍기를 5분 동안 돌려,refuse,no_device,D13,T4,none,,
G04983,사무실,OFFICE01,기기제어,"please brew a cup on the pantry coffee maker every 10 minutes while the temperature is under 18 degrees, and stop after 4 hours.","온도가 18도 아래인 동안 10분마다 팬트리 커피포트로 한 잔 내려 주고, 4시간 뒤에는 좀 멈춰 줘.",execute,,D13,T4,none,OFFICE01_Pantry_CoffeeMaker_1,
G04984,사무실,OFFICE01,기기제어,"Wait until the battery is under 20 percent, then brew a cup on the pantry coffee maker every 20 minutes for 4 hours",배터리가 20퍼센트 아래로 내려갈 때까지 기다렸다가 4시간 동안 20분마다 팬트리 커피포트로 한 잔 내려,execute,,D13,T4,none,OFFICE01_Pantry_CoffeeMaker_1,
G04985,사무실,OFFICE04,기기제어,"could you brew a cup on the pantry coffee maker every 5 minutes while the temperature is under 18 degrees, and stop after 3 hours?","온도가 18도 아래인 동안 5분마다 팬트리 커피포트로 한 잔 내려 주고, 3시간 뒤에는 멈춰 줄 수 있어?",execute,,D13,T4,none,OFFICE04_Pantry_CoffeeMaker_1,
G04986,사무실,OFFICE04,기기제어,"please brew a cup on the pantry coffee maker every 15 minutes while the battery is under 20 percent, and stop after 2 hours.","배터리가 20퍼센트 아래인 동안 15분마다 팬트리 커피포트로 한 잔 내려 주고, 2시간 뒤에는 좀 멈춰 줘.",execute,,D13,T4,none,OFFICE04_Pantry_CoffeeMaker_1,
G04991,사무실,OFFICE04,기기제어,"Wait until nobody is around, then toggle all the switches every 30 minutes for 4 hours.",아무도 없을 때까지 기다렸다가 4시간 동안 30분마다 모든 스위치 껐다 켜.,refuse,no_occupancy,D13,T4,none,,
G04996,사무실,OFFICE01,기기제어,"could you run the pantry fan for 20 minutes every 30 minutes while nobody is around, and stop after 2 hours?","아무도 없는 동안 30분마다 팬트리 선풍기를 20분 동안 돌려 주고, 2시간 뒤에는 멈춰 줄 수 있어?",execute,,D13,T4,none,OFFICE01_Pantry_Fan_1,
G05000,사무실,OFFICE01,기기제어,"Wait until someone is in the room, then run the fan for 5 minutes every 15 minutes for 3 hours.",방에 사람이 올 때까지 기다렸다가 3시간 동안 15분마다 선풍기를 5분 동안 돌려.,execute,,D13,T4,none,OFFICE01_Pantry_Fan_1,
U0140,사무실,OFFICE05,기기제어,Turn on the meeting room lights.,회의실 조명 켜 줘.,execute,,D1,T0,none,OFFICE05_MeetingRoom_Light_1 OFFICE05_MeetingRoom_Light_2 OFFICE05_MeetingRoom_Light_3 OFFICE05_MeetingRoom_Light_4,
U0141,사무실,OFFICE05,기기제어,Turn off all the lights in the office.,사무실 전체 불 꺼 줘.,execute,,D1,T0,none,OFFICE05_Hallway_Light_1 OFFICE05_Hallway_Light_2 OFFICE05_Hallway_Light_3 OFFICE05_Hallway_Light_4 OFFICE05_MeetingRoom_Light_1 OFFICE05_MeetingRoom_Light_2 OFFICE05_MeetingRoom_Light_3 OFFICE05_MeetingRoom_Light_4 OFFICE05_OpenSpace_Light_1 OFFICE05_OpenSpace_Light_10 OFFICE05_OpenSpace_Light_11 OFFICE05_OpenSpace_Light_12 OFFICE05_OpenSpace_Light_13 OFFICE05_OpenSpace_Light_14 OFFICE05_OpenSpace_Light_15 OFFICE05_OpenSpace_Light_16 OFFICE05_OpenSpace_Light_2 OFFICE05_OpenSpace_Light_3 OFFICE05_OpenSpace_Light_4 OFFICE05_OpenSpace_Light_5 OFFICE05_OpenSpace_Light_6 OFFICE05_OpenSpace_Light_7 OFFICE05_OpenSpace_Light_8 OFFICE05_OpenSpace_Light_9,
U0142,사무실,OFFICE05,기기제어,Turn on only the open space lights.,사무실 조명만 켜 줘.,execute,,D1,T0,none,OFFICE05_OpenSpace_Light_1 OFFICE05_OpenSpace_Light_10 OFFICE05_OpenSpace_Light_11 OFFICE05_OpenSpace_Light_12 OFFICE05_OpenSpace_Light_13 OFFICE05_OpenSpace_Light_14 OFFICE05_OpenSpace_Light_15 OFFICE05_OpenSpace_Light_16 OFFICE05_OpenSpace_Light_2 OFFICE05_OpenSpace_Light_3 OFFICE05_OpenSpace_Light_4 OFFICE05_OpenSpace_Light_5 OFFICE05_OpenSpace_Light_6 OFFICE05_OpenSpace_Light_7 OFFICE05_OpenSpace_Light_8 OFFICE05_OpenSpace_Light_9,
U0143,사무실,OFFICE01,기기제어,Turn on the meeting room air conditioner.,회의실 에어컨 켜 줘.,execute,,D1,T0,none,OFFICE01_MeetingRoom_AirConditioner_1,
U0144,사무실,OFFICE05,기기제어,Turn off the open space air conditioners.,사무실 에어컨 꺼 줘.,execute,,D1,T0,none,OFFICE05_OpenSpace_AirConditioner_1 OFFICE05_OpenSpace_AirConditioner_2 OFFICE05_OpenSpace_AirConditioner_3 OFFICE05_OpenSpace_AirConditioner_4 OFFICE05_OpenSpace_AirConditioner_5 OFFICE05_OpenSpace_AirConditioner_6 OFFICE05_OpenSpace_AirConditioner_7 OFFICE05_OpenSpace_AirConditioner_8,
U0145,사무실,OFFICE01,기기제어,Start the air purifier.,공기청정기 작동시켜 줘.,execute,,D1,T0,none,OFFICE01_OpenSpace_AirPurifier_1,
U0146,사무실,OFFICE05,기기제어,Turn off the meeting room plugs.,회의실 플러그 꺼 줘.,refuse,no_device,D1,T0,none,,
U0147,사무실,OFFICE05,기기제어,Turn on the power strip by the desks.,책상 쪽 멀티탭 켜 줘.,refuse,no_device,D1,T0,none,,
U0148,사무실,OFFICE05,기기제어,Lower the open space blinds.,사무실 블라인드 내려 줘.,execute,,D1,T0,none,OFFICE05_OpenSpace_WindowCovering_1 OFFICE05_OpenSpace_WindowCovering_2 OFFICE05_OpenSpace_WindowCovering_3 OFFICE05_OpenSpace_WindowCovering_4 OFFICE05_OpenSpace_WindowCovering_5 OFFICE05_OpenSpace_WindowCovering_6 OFFICE05_OpenSpace_WindowCovering_7 OFFICE05_OpenSpace_WindowCovering_8,
U0149,사무실,OFFICE01,기기제어,Raise the window blinds.,창가 블라인드 올려 줘.,execute,,D1,T0,none,OFFICE01_OpenSpace_WindowCovering_1 OFFICE01_OpenSpace_WindowCovering_2,
U0150,사무실,OFFICE03,기기제어,Turn on the meeting room speakers.,회의실 스피커 켜 줘.,execute,,D1,T0,none,OFFICE03_MeetingRoom_Speaker_1 OFFICE03_MeetingRoom_Speaker_2,
U0151,사무실,OFFICE05,기기제어,Mute the office speakers.,사무실 스피커 음소거해 줘.,execute,,D1,T0,none,OFFICE05_OpenSpace_Speaker_1 OFFICE05_OpenSpace_Speaker_2 OFFICE05_OpenSpace_Speaker_3 OFFICE05_OpenSpace_Speaker_4,
U0152,사무실,OFFICE05,기기제어,Set the meeting room lights to 70 percent.,회의실 조명 밝기 70퍼센트로 해 줘.,execute,,D1,T0,none,OFFICE05_MeetingRoom_Light_1 OFFICE05_MeetingRoom_Light_2 OFFICE05_MeetingRoom_Light_3 OFFICE05_MeetingRoom_Light_4,
U0153,사무실,OFFICE05,기기제어,Dim the open space lights to 30 percent.,사무실 조명 30퍼센트로 낮춰 줘.,execute,,D1,T0,none,OFFICE05_OpenSpace_Light_1 OFFICE05_OpenSpace_Light_10 OFFICE05_OpenSpace_Light_11 OFFICE05_OpenSpace_Light_12 OFFICE05_OpenSpace_Light_13 OFFICE05_OpenSpace_Light_14 OFFICE05_OpenSpace_Light_15 OFFICE05_OpenSpace_Light_16 OFFICE05_OpenSpace_Light_2 OFFICE05_OpenSpace_Light_3 OFFICE05_OpenSpace_Light_4 OFFICE05_OpenSpace_Light_5 OFFICE05_OpenSpace_Light_6 OFFICE05_OpenSpace_Light_7 OFFICE05_OpenSpace_Light_8 OFFICE05_OpenSpace_Light_9,
U0154,사무실,OFFICE05,기기제어,Set the meeting room lights to a cool white.,회의실 조명을 차가운 색으로 바꿔 줘.,execute,,D1,T0,none,OFFICE05_MeetingRoom_Light_1 OFFICE05_MeetingRoom_Light_2 OFFICE05_MeetingRoom_Light_3 OFFICE05_MeetingRoom_Light_4,
U0155,사무실,OFFICE02,기기제어,Set the open space lights to a warm color.,사무실 조명 전구색으로 해 줘.,execute,,D1,T0,none,OFFICE02_OpenSpace_Light_1 OFFICE02_OpenSpace_Light_2 OFFICE02_OpenSpace_Light_3 OFFICE02_OpenSpace_Light_4 OFFICE02_OpenSpace_Light_5 OFFICE02_OpenSpace_Light_6,
U0156,사무실,OFFICE01,기기제어,Set the meeting room to 24 degrees.,회의실 온도 24도로 맞춰 줘.,execute,,D1,T0,none,OFFICE01_MeetingRoom_AirConditioner_1,
U0157,사무실,OFFICE06,기기제어,Turn the office temperature down to 23 degrees.,사무실 온도 23도로 낮춰 줘.,execute,,D1,T0,none,OFFICE06_OpenSpace_Thermostat_1,
U0158,사무실,OFFICE05,기기제어,Switch the air conditioners to cool mode.,에어컨 냉방 모드로 바꿔 줘.,execute,,D1,T0,none,OFFICE05_OpenSpace_AirConditioner_1 OFFICE05_OpenSpace_AirConditioner_2 OFFICE05_OpenSpace_AirConditioner_3 OFFICE05_OpenSpace_AirConditioner_4 OFFICE05_OpenSpace_AirConditioner_5 OFFICE05_OpenSpace_AirConditioner_6 OFFICE05_OpenSpace_AirConditioner_7 OFFICE05_OpenSpace_AirConditioner_8,
U0159,사무실,OFFICE02,기기제어,Put the air purifier on auto mode.,공기청정기를 자동 모드로 해 줘.,execute,,D1,T0,none,OFFICE02_OpenSpace_AirPurifier_1 OFFICE02_OpenSpace_AirPurifier_2,
U0160,사무실,OFFICE03,기기제어,Turn down the meeting room speakers.,회의실 스피커 볼륨 줄여 줘.,execute,,D1,T0,none,OFFICE03_MeetingRoom_Speaker_1 OFFICE03_MeetingRoom_Speaker_2,
U0161,사무실,OFFICE05,기기제어,Set the announcement volume to 30.,방송 볼륨을 30으로 맞춰 줘.,execute,,D1,T0,none,OFFICE05_OpenSpace_Speaker_1 OFFICE05_OpenSpace_Speaker_2 OFFICE05_OpenSpace_Speaker_3 OFFICE05_OpenSpace_Speaker_4,
U0162,사무실,OFFICE05,상태조회,What is the temperature in the open space?,지금 사무실 온도 어때?,execute,,D1,T0,none,OFFICE05_OpenSpace_TemperatureSensor_1 OFFICE05_OpenSpace_TemperatureSensor_2 OFFICE05_OpenSpace_TemperatureSensor_3 OFFICE05_OpenSpace_TemperatureSensor_4 OFFICE05_OpenSpace_TemperatureSensor_5 OFFICE05_OpenSpace_TemperatureSensor_6 OFFICE05_OpenSpace_TemperatureSensor_7 OFFICE05_OpenSpace_TemperatureSensor_8,NotificationProvider.SendPush
U0163,사무실,OFFICE05,상태조회,Is the office air quality okay?,사무실 공기질 괜찮아?,execute,,D1,T0,none,OFFICE05_OpenSpace_AirQualitySensor_1 OFFICE05_OpenSpace_AirQualitySensor_2 OFFICE05_OpenSpace_AirQualitySensor_3 OFFICE05_OpenSpace_AirQualitySensor_4,NotificationProvider.SendPush
U0164,사무실,OFFICE05,상태조회,Tell me the CO2 level in the open space.,사무실 CO2 농도 알려 줘.,execute,,D1,T0,none,OFFICE05_OpenSpace_AirQualitySensor_1 OFFICE05_OpenSpace_AirQualitySensor_2 OFFICE05_OpenSpace_AirQualitySensor_3 OFFICE05_OpenSpace_AirQualitySensor_4,NotificationProvider.SendPush
U0165,사무실,OFFICE03,상태조회,Is anyone in the meeting room?,회의실에 사람 있어?,execute,,D1,T0,none,OFFICE03_MeetingRoom_PresenceSensor_1 OFFICE03_MeetingRoom_PresenceSensor_2 OFFICE03_MeetingRoom_PresenceSensor_3 OFFICE03_MeetingRoom_PresenceSensor_4,Speaker.Speak
U0166,사무실,OFFICE01,상태조회,Is the office empty right now?,지금 사무실에 아무도 없어?,execute,,D1,T0,none,OFFICE01_MeetingRoom_PresenceSensor_1 OFFICE01_OpenSpace_PresenceSensor_1 OFFICE01_OpenSpace_PresenceSensor_2,NotificationProvider.SendPush
U0167,사무실,OFFICE06,상태조회,Any motion in the open space?,사무실에 움직임 감지됐어?,execute,,D1,T0,none,OFFICE06_OpenSpace_MotionSensor_1,NotificationProvider.SendPush
U0168,사무실,OFFICE05,상태조회,Are the meeting room lights on?,회의실 조명 켜져 있어?,execute,,D1,T0,none,OFFICE05_MeetingRoom_Light_1 OFFICE05_MeetingRoom_Light_2 OFFICE05_MeetingRoom_Light_3 OFFICE05_MeetingRoom_Light_4,NotificationProvider.SendPush
U0169,사무실,OFFICE06,상태조회,Is the air conditioner running?,에어컨 작동 중이야?,execute,,D1,T0,none,OFFICE06_OpenSpace_AirConditioner_1,NotificationProvider.SendPush
U0170,사무실,OFFICE01,상태조회,Is the air purifier off?,공기청정기 꺼져 있어?,execute,,D1,T0,none,OFFICE01_OpenSpace_AirPurifier_1,NotificationProvider.SendPush
U0171,사무실,OFFICE01,상태조회,Is the entrance door open?,현관문 열려 있어?,execute,,D1,T0,none,OFFICE01_Entrance_ContactSensor_1,NotificationProvider.SendPush
U0172,사무실,OFFICE03,상태조회,Check whether the entrance door is closed.,현관문 닫혀 있는지 확인해 줘.,execute,,D1,T0,none,OFFICE03_Entrance_ContactSensor_1,Speaker.Speak
U0174,사무실,OFFICE05,상태조회,How much power are the meeting room plugs using?,회의실 플러그 전력 얼마나 쓰고 있어?,refuse,no_device,D1,T0,none,,
U0188,사무실,OFFICE05,기기제어,"When the sunlight is strong, lower the blinds.",햇빛이 강하면 블라인드 내려 줘.,refuse,no_device,D1,T0,none,,
U0189,사무실,OFFICE05,기기제어,"When the TV turns on, dim the lights.",회의실 TV가 켜지면 조명을 어둡게 해 줘.,refuse,no_device,D1,T0,none,,
U0195,사무실,OFFICE05,기기제어,Run the robot vacuum every Friday at 7.,매주 금요일 7시에 로봇청소기 돌려 줘.,refuse,no_device,D1,T0,none,,
U0196,사무실,OFFICE05,기기제어,Turn off all the plugs at quitting time every day.,매일 퇴근 시간에 모든 플러그 꺼 줘.,refuse,no_device,D1,T0,none,,
U0200,사무실,OFFICE05,기기제어,Hold presentation mode for 30 minutes.,30분 동안 발표 모드 유지해 줘.,ask,,D1,T0,none,,
U0201,사무실,OFFICE05,기기제어,We're starting the meeting.,회의 시작할게.,ask,,D1,T0,none,,
U0202,사무실,OFFICE05,기기제어,Switch the meeting room to presentation mode.,회의실 발표 모드로 바꿔 줘.,ask,,D1,T0,none,,
U0203,사무실,OFFICE05,기기제어,The meeting is over.,회의 끝났어.,ask,,D1,T0,none,,
U0204,사무실,OFFICE05,기기제어,Put the meeting room back to normal.,회의실 원래 상태로 돌려 줘.,ask,,D1,T0,none,,
U0205,사무실,OFFICE01,기기제어,Turn on focus mode.,집중 모드 켜 줘.,ask,,D1,T0,none,,
U0206,사무실,OFFICE05,기기제어,Run demo mode.,데모 모드 실행해 줘.,ask,,D1,T0,none,,
U0210,사무실,OFFICE05,기기제어,Announce the meeting on the speaker 10 minutes before it starts.,회의 10분 전에 스피커로 알려 줘.,refuse,no_service,D1,T0,calendar,,
U0212,사무실,OFFICE06,알림예약,"If motion is detected after hours, text the manager.",퇴근 후 움직임이 감지되면 관리자에게 문자 보내 줘.,refuse,no_channel,D1,T0,none,,
U0213,사무실,OFFICE06,알림예약,"If an intruder is detected, send a Slack message.",침입 감지되면 슬랙으로 알려 줘.,refuse,no_channel,D1,T0,none,,
U0215,사무실,OFFICE05,기기제어,Take a snapshot and email it to me.,카메라로 사진 찍어서 이메일로 보내 줘.,ask,,D1,T0,none,,
U0220,사무실,OFFICE05,기기제어,"If motion is detected while nobody is in the office, check the camera.",사람 없는데 움직임이 있으면 카메라로 확인해 줘.,refuse,no_device,D1,T0,none,,
U0222,사무실,OFFICE05,알림예약,"If water leaks, alert the manager.",물이 새면 관리자에게 알려 줘.,refuse,no_device,D1,T0,none,,
U0223,사무실,OFFICE05,기기제어,Show me the hallway cameras.,복도 카메라 보여 줘.,execute,,D1,T0,none,OFFICE05_Hallway_Camera_1 OFFICE05_Hallway_Camera_2 OFFICE05_Hallway_Camera_3 OFFICE05_Hallway_Camera_4,
U0225,사무실,OFFICE05,외부정보,Is it raining right now?,지금 비 와?,execute,,D1,T0,weather,,NotificationProvider.SendPush
U0226,사무실,OFFICE05,외부정보,Is it a good day to head out for a site visit?,오늘 현장 나가기 괜찮은 날이야?,ask,,D1,T0,weather,,
U0227,사무실,OFFICE05,외부정보,Do I have any meetings today?,오늘 회의 일정 있어?,execute,,D1,T0,calendar,,NotificationProvider.SendPush
U0228,사무실,OFFICE05,외부정보,When does my next meeting start?,다음 회의 몇 시야?,execute,,D1,T0,calendar,,NotificationProvider.SendPush
U0229,사무실,OFFICE05,상태조회,Should we ventilate right now?,지금 환기해야 해?,ask,,D1,T0,none,,
U0230,사무실,OFFICE03,상태조회,Is the meeting room comfortable right now?,회의실 지금 쾌적해?,ask,,D1,T0,none,,
U0231,사무실,OFFICE05,기기제어,Turn off the lights.,불 꺼 줘.,ask,,D1,T0,none,OFFICE05_Hallway_Light_1 OFFICE05_Hallway_Light_2 OFFICE05_Hallway_Light_3 OFFICE05_Hallway_Light_4 OFFICE05_MeetingRoom_Light_1 OFFICE05_MeetingRoom_Light_2 OFFICE05_MeetingRoom_Light_3 OFFICE05_MeetingRoom_Light_4 OFFICE05_OpenSpace_Light_1 OFFICE05_OpenSpace_Light_10 OFFICE05_OpenSpace_Light_11 OFFICE05_OpenSpace_Light_12 OFFICE05_OpenSpace_Light_13 OFFICE05_OpenSpace_Light_14 OFFICE05_OpenSpace_Light_15 OFFICE05_OpenSpace_Light_16 OFFICE05_OpenSpace_Light_2 OFFICE05_OpenSpace_Light_3 OFFICE05_OpenSpace_Light_4 OFFICE05_OpenSpace_Light_5 OFFICE05_OpenSpace_Light_6 OFFICE05_OpenSpace_Light_7 OFFICE05_OpenSpace_Light_8 OFFICE05_OpenSpace_Light_9,
U0232,사무실,OFFICE05,기기제어,Can you turn on the air conditioner?,에어컨 켜 줘.,ask,,D1,T0,none,OFFICE05_OpenSpace_AirConditioner_1 OFFICE05_OpenSpace_AirConditioner_2 OFFICE05_OpenSpace_AirConditioner_3 OFFICE05_OpenSpace_AirConditioner_4 OFFICE05_OpenSpace_AirConditioner_5 OFFICE05_OpenSpace_AirConditioner_6 OFFICE05_OpenSpace_AirConditioner_7 OFFICE05_OpenSpace_AirConditioner_8,
U0233,사무실,OFFICE05,기기제어,Make the office comfortable.,사무실 좀 쾌적하게 해 줘.,ask,,D1,T0,none,,
U0234,사무실,OFFICE05,기기제어,Get things ready for the meeting.,회의 준비해 줘.,ask,,D1,T0,none,,
U0235,사무실,OFFICE05,알림예약,Email the manager.,관리자에게 메일 보내 줘.,ask,,D1,T0,none,,
U0236,사무실,OFFICE05,알림예약,Send out an alert.,알림 보내 줘.,ask,,D1,T0,none,,
U0237,사무실,OFFICE03,기기제어,Lower the meeting room blinds.,회의실 블라인드 내려 줘.,refuse,no_device,D1,T0,none,,
U0238,사무실,OFFICE05,기기제어,Lock the entrance door locks.,현관 도어락 잠가 줘.,execute,,D1,T0,none,OFFICE05_Entrance_DoorLock_1 OFFICE05_Entrance_DoorLock_2,
U0178,사무실,OFFICE03,기기제어,"When someone is detected, turn on the meeting room lights.",사람이 감지되면 회의실 조명 켜 줘.,execute,,D4,T1,none,OFFICE03_MeetingRoom_Light_1 OFFICE03_MeetingRoom_Light_2 OFFICE03_MeetingRoom_Light_3 OFFICE03_MeetingRoom_Light_4,
U0179,사무실,OFFICE03,기기제어,"When the meeting room is empty, turn off its lights.",회의실에 아무도 없으면 조명 꺼 줘.,execute,,D4,T1,none,OFFICE03_MeetingRoom_Light_1 OFFICE03_MeetingRoom_Light_2 OFFICE03_MeetingRoom_Light_3 OFFICE03_MeetingRoom_Light_4,
U0180,사무실,OFFICE01,기기제어,"If nobody is around, turn off the air conditioners.",사람이 없으면 에어컨 꺼 줘.,execute,,D4,T1,none,OFFICE01_MeetingRoom_AirConditioner_1 OFFICE01_OpenSpace_AirConditioner_1 OFFICE01_OpenSpace_AirConditioner_2,
U0181,사무실,OFFICE01,알림예약,Notify me when the entrance door opens.,현관문이 열리면 알림 보내 줘.,execute,,D4,T1,none,,NotificationProvider.SendPush
U0183,사무실,OFFICE06,기기제어,"If the door is open, turn off the air conditioner.",문이 열려 있으면 사무실 에어컨 꺼 줘.,execute,,D4,T1,none,OFFICE06_OpenSpace_AirConditioner_1,
U0184,사무실,OFFICE05,알림예약,"If the CO2 gets high, tell us to ventilate.",CO2가 높으면 환기하라고 알려 줘.,execute,,D4,T1,none,,NotificationProvider.SendPush
U0185,사무실,OFFICE05,기기제어,"If the temperature goes above 28, turn on the air conditioners.",온도가 28도 넘으면 에어컨 켜 줘.,execute,,D4,T1,none,OFFICE05_OpenSpace_AirConditioner_1 OFFICE05_OpenSpace_AirConditioner_2 OFFICE05_OpenSpace_AirConditioner_3 OFFICE05_OpenSpace_AirConditioner_4 OFFICE05_OpenSpace_AirConditioner_5 OFFICE05_OpenSpace_AirConditioner_6 OFFICE05_OpenSpace_AirConditioner_7 OFFICE05_OpenSpace_AirConditioner_8,
U0186,사무실,OFFICE02,기기제어,"If the air quality gets bad, turn on the air purifier.",공기질이 나쁘면 공기청정기 켜 줘.,execute,,D4,T1,none,OFFICE02_OpenSpace_AirPurifier_1 OFFICE02_OpenSpace_AirPurifier_2,
U0187,사무실,OFFICE05,기기제어,"When it gets dark outside, turn on the office lights.",어두워지면 사무실 조명 켜 줘.,execute,,D4,T1,sun,OFFICE05_Hallway_Light_1 OFFICE05_Hallway_Light_2 OFFICE05_Hallway_Light_3 OFFICE05_Hallway_Light_4 OFFICE05_MeetingRoom_Light_1 OFFICE05_MeetingRoom_Light_2 OFFICE05_MeetingRoom_Light_3 OFFICE05_MeetingRoom_Light_4 OFFICE05_OpenSpace_Light_1 OFFICE05_OpenSpace_Light_10 OFFICE05_OpenSpace_Light_11 OFFICE05_OpenSpace_Light_12 OFFICE05_OpenSpace_Light_13 OFFICE05_OpenSpace_Light_14 OFFICE05_OpenSpace_Light_15 OFFICE05_OpenSpace_Light_16 OFFICE05_OpenSpace_Light_2 OFFICE05_OpenSpace_Light_3 OFFICE05_OpenSpace_Light_4 OFFICE05_OpenSpace_Light_5 OFFICE05_OpenSpace_Light_6 OFFICE05_OpenSpace_Light_7 OFFICE05_OpenSpace_Light_8 OFFICE05_OpenSpace_Light_9,
U0190,사무실,OFFICE01,기기제어,"If the air purifier shuts off, switch it back on.",공기청정기가 꺼지면 다시 켜 줘.,execute,,D4,T1,none,OFFICE01_OpenSpace_AirPurifier_1,
U0191,사무실,OFFICE05,기기제어,Turn off the office lights at 6 pm.,오후 6시에 사무실 조명 꺼 줘.,execute,,D6,T1,none,OFFICE05_Hallway_Light_1 OFFICE05_Hallway_Light_2 OFFICE05_Hallway_Light_3 OFFICE05_Hallway_Light_4 OFFICE05_MeetingRoom_Light_1 OFFICE05_MeetingRoom_Light_2 OFFICE05_MeetingRoom_Light_3 OFFICE05_MeetingRoom_Light_4 OFFICE05_OpenSpace_Light_1 OFFICE05_OpenSpace_Light_10 OFFICE05_OpenSpace_Light_11 OFFICE05_OpenSpace_Light_12 OFFICE05_OpenSpace_Light_13 OFFICE05_OpenSpace_Light_14 OFFICE05_OpenSpace_Light_15 OFFICE05_OpenSpace_Light_16 OFFICE05_OpenSpace_Light_2 OFFICE05_OpenSpace_Light_3 OFFICE05_OpenSpace_Light_4 OFFICE05_OpenSpace_Light_5 OFFICE05_OpenSpace_Light_6 OFFICE05_OpenSpace_Light_7 OFFICE05_OpenSpace_Light_8 OFFICE05_OpenSpace_Light_9,
U0192,사무실,OFFICE01,기기제어,Turn on the meeting room air conditioner at 9 am.,오전 9시에 회의실 에어컨 켜 줘.,execute,,D6,T1,none,OFFICE01_MeetingRoom_AirConditioner_1,
U0193,사무실,OFFICE02,기기제어,"At noon, turn on the air purifier.",점심시간에 공기청정기 켜 줘.,execute,,D6,T1,none,OFFICE02_OpenSpace_AirPurifier_1 OFFICE02_OpenSpace_AirPurifier_2,
U0194,사무실,OFFICE05,기기제어,Turn on the office lights at 8 am on weekdays.,평일 오전 8시에 사무실 조명 켜 줘.,execute,,D6,T1,none,OFFICE05_Hallway_Light_1 OFFICE05_Hallway_Light_2 OFFICE05_Hallway_Light_3 OFFICE05_Hallway_Light_4 OFFICE05_MeetingRoom_Light_1 OFFICE05_MeetingRoom_Light_2 OFFICE05_MeetingRoom_Light_3 OFFICE05_MeetingRoom_Light_4 OFFICE05_OpenSpace_Light_1 OFFICE05_OpenSpace_Light_10 OFFICE05_OpenSpace_Light_11 OFFICE05_OpenSpace_Light_12 OFFICE05_OpenSpace_Light_13 OFFICE05_OpenSpace_Light_14 OFFICE05_OpenSpace_Light_15 OFFICE05_OpenSpace_Light_16 OFFICE05_OpenSpace_Light_2 OFFICE05_OpenSpace_Light_3 OFFICE05_OpenSpace_Light_4 OFFICE05_OpenSpace_Light_5 OFFICE05_OpenSpace_Light_6 OFFICE05_OpenSpace_Light_7 OFFICE05_OpenSpace_Light_8 OFFICE05_OpenSpace_Light_9,
U0207,사무실,OFFICE06,기기제어,"When someone arrives at the office, play a welcome announcement.",손님 오면 안내 방송해 줘.,execute,,D4,T1,none,OFFICE06_OpenSpace_Speaker_1,
U0208,사무실,OFFICE05,알림예약,"If the CO2 gets high, put a warning on the screen.",CO2 높으면 화면에 알림 띄워 줘.,execute,,D4,T1,none,,Display.ShowMessage
U0209,사무실,OFFICE03,알림예약,"When the door opens, show it on the dashboard.",문이 열리면 대시보드에 알려 줘.,execute,,D4,T1,none,,Display.ShowMessage
U0211,사무실,OFFICE05,기기제어,"If the air quality gets bad, announce that we should ventilate.",공기질 나쁘면 환기하라고 방송해 줘.,execute,,D4,T1,none,OFFICE05_OpenSpace_Speaker_1 OFFICE05_OpenSpace_Speaker_2 OFFICE05_OpenSpace_Speaker_3 OFFICE05_OpenSpace_Speaker_4,
U0214,사무실,OFFICE05,알림예약,"If the door opens, email the manager.",문 열림 감지되면 관리자에게 메일 보내 줘.,ask,,D4,T1,none,,
U0221,사무실,OFFICE05,기기제어,"If smoke is detected, sound the alarm and warn everyone.",연기 감지되면 경보 울리고 사무실 전체에 경고해 줘.,execute,,D4,T1,none,OFFICE05_Hallway_Siren_1 OFFICE05_Hallway_Siren_2,NotificationProvider.SendPush
U0224,사무실,OFFICE06,기기제어,"When motion is detected, capture a 10-second video.",움직임 감지되면 10초 녹화해 줘.,execute,,D4,T1,none,OFFICE06_OpenSpace_Camera_1 OFFICE06_OpenSpace_Camera_2,
U0182,사무실,OFFICE03,알림예약,"If the entrance door opens after dark, send me a warning.",어두워진 뒤에 현관문이 열리면 경고해 줘.,execute,,D13,T2,sun,,Speaker.Speak
U0197,사무실,OFFICE03,기기제어,Turn off the meeting room lights in 10 minutes.,10분 뒤에 회의실 조명 꺼 줘.,execute,,D2,T2,none,OFFICE03_MeetingRoom_Light_1 OFFICE03_MeetingRoom_Light_2 OFFICE03_MeetingRoom_Light_3 OFFICE03_MeetingRoom_Light_4,
U0198,사무실,OFFICE01,기기제어,"Five minutes after the meeting ends, turn off the air conditioner.",회의 끝나고 5분 뒤에 에어컨 꺼 줘.,execute,,D2,T2,calendar,OFFICE01_MeetingRoom_AirConditioner_1,
U0199,사무실,OFFICE01,기기제어,Keep the meeting room air conditioner on for an hour.,1시간 동안 회의실 에어컨 켜둬.,execute,,D2,T2,none,OFFICE01_MeetingRoom_AirConditioner_1,
U0218,사무실,OFFICE06,알림예약,"If there is motion in the office after dark, notify me.",어두워진 뒤에 사무실에 움직임이 감지되면 알려 줘.,execute,,D13,T2,sun,,NotificationProvider.SendPush
U0219,사무실,OFFICE06,알림예약,"If the entrance door opens at night, warn me.",밤에 현관문이 열리면 경고해 줘.,execute,,D13,T2,sun,,NotificationProvider.SendPush
U0216,사무실,OFFICE05,알림예약,"While the CO2 stays high, alert me every 10 minutes.",CO2가 계속 높으면 10분마다 알려 줘.,execute,,D9,T3,none,,NotificationProvider.SendPush
U0217,사무실,OFFICE03,알림예약,"While the door stays open, keep warning me.",문이 계속 열려 있으면 반복해서 경고해 줘.,execute,,D9,T3,none,,Speaker.Speak
U0173,사무실,OFFICE05,상태조회,How much power has the office used today?,오늘 사무실 전력 사용량 알려 줘.,execute,,D12,T4,none,OFFICE05_Utility_EnergyMeter_1 OFFICE05_Utility_EnergyMeter_2,NotificationProvider.SendPush
U0175,사무실,OFFICE05,상태조회,What was the temperature range in the office today?,오늘 사무실 온도 변화 알려 줘.,execute,,D12,T4,none,OFFICE05_OpenSpace_TemperatureSensor_1 OFFICE05_OpenSpace_TemperatureSensor_2 OFFICE05_OpenSpace_TemperatureSensor_3 OFFICE05_OpenSpace_TemperatureSensor_4 OFFICE05_OpenSpace_TemperatureSensor_5 OFFICE05_OpenSpace_TemperatureSensor_6 OFFICE05_OpenSpace_TemperatureSensor_7 OFFICE05_OpenSpace_TemperatureSensor_8,NotificationProvider.SendPush
U0176,사무실,OFFICE05,상태조회,How was the CO2 level over the last hour?,지난 1시간 CO2 농도 어땠어?,execute,,D11,T4,none,OFFICE05_OpenSpace_AirQualitySensor_1 OFFICE05_OpenSpace_AirQualitySensor_2 OFFICE05_OpenSpace_AirQualitySensor_3 OFFICE05_OpenSpace_AirQualitySensor_4,NotificationProvider.SendPush
U0177,사무실,OFFICE05,상태조회,What was the average office temperature yesterday?,어제 사무실 평균 온도 알려 줘.,execute,,D12,T4,none,OFFICE05_OpenSpace_TemperatureSensor_1 OFFICE05_OpenSpace_TemperatureSensor_2 OFFICE05_OpenSpace_TemperatureSensor_3 OFFICE05_OpenSpace_TemperatureSensor_4 OFFICE05_OpenSpace_TemperatureSensor_5 OFFICE05_OpenSpace_TemperatureSensor_6 OFFICE05_OpenSpace_TemperatureSensor_7 OFFICE05_OpenSpace_TemperatureSensor_8,NotificationProvider.SendPush
