id,domain,space_id,intent,command,command_ko,expect,why,d,tier,context,targets,target_svc
G00018,집,HOME06,기기제어,please light up the light.,조명 좀 켜 줘.,ask,,D1,T0,none,HOME06_LivingRoom_Light_1 HOME06_LivingRoom_Light_2 HOME06_LivingRoom_Light_3 HOME06_LivingRoom_Light_4 HOME06_Kitchen_Light_1 HOME06_Kitchen_Light_2 HOME06_Bedroom_Light_1 HOME06_Bedroom_Light_2 HOME06_Study_Light_1 HOME06_Bathroom_Light_1 HOME06_Bathroom_Light_2 HOME06_Hallway_Light_1 HOME06_Garden_Light_1 HOME06_Garden_Light_2 HOME06_Garage_Light_1,
G00019,집,HOME13,기기제어,can you switch the living room lights on?,거실 조명 켜 줄래?,execute,,D1,T0,none,HOME13_LivingRoom_Light_1 HOME13_LivingRoom_Light_2 HOME13_LivingRoom_Light_3,
G00020,집,HOME20,기기제어,I'd like you to get the kitchen lights on.,주방 조명 켜 줬으면 해.,execute,,D1,T0,none,HOME20_Kitchen_Light_1,
G00023,집,HOME03,기기제어,Light up the living room lights.,거실 조명 켜.,execute,,D1,T0,none,HOME03_LivingRoom_Light_1 HOME03_LivingRoom_Light_2 HOME03_LivingRoom_Light_3,
G00024,집,HOME10,기기제어,please switch the living room lights on.,거실 조명 좀 켜 줘.,execute,,D1,T0,none,HOME10_LivingRoom_Light_1 HOME10_LivingRoom_Light_2,
G00025,집,HOME17,기기제어,can you get the bathroom lights on?,욕실 조명 켜 줄래?,execute,,D1,T0,none,HOME17_Bathroom_Light_1,
G00029,집,HOME07,기기제어,Switch the living room lights on.,거실 조명 켜.,execute,,D1,T0,none,HOME07_LivingRoom_Light_1 HOME07_LivingRoom_Light_2 HOME07_LivingRoom_Light_3,
G00030,집,HOME14,기기제어,please get the living room lights on.,거실 조명 좀 켜 줘.,execute,,D1,T0,none,HOME14_LivingRoom_Light_1 HOME14_LivingRoom_Light_2,
G00034,집,HOME04,기기제어,Switch the living room lights on,거실 조명 켜,execute,,D1,T0,none,HOME04_LivingRoom_Light_1 HOME04_LivingRoom_Light_2 HOME04_LivingRoom_Light_3,
G00035,집,HOME11,기기제어,Brighten this place up.,여기 좀 밝게 해 줘.,ask,,D1,T0,none,HOME11_Bathroom_Light_1 HOME11_Kitchen_Light_1 HOME11_Room_Light_1 HOME11_Room_Light_2 HOME11_Room_WindowCovering_1,
G00036,집,HOME14,기기제어,This room is gloomy,방이 침침해,execute,,D1,T0,none,HOME14_Bedroom_Light_1 HOME14_Kitchen_Light_1 HOME14_LivingRoom_Light_1 HOME14_LivingRoom_Light_2,
G00038,집,HOME05,기기제어,could you get the kitchen lights on?,주방 조명 켜 줄 수 있어?,execute,,D1,T0,none,HOME05_Kitchen_Light_1,
G00039,집,HOME12,기기제어,Turn on the room B light,B방 조명 켜,execute,,D1,T0,none,HOME12_RoomB_Light_1,
G00040,집,HOME19,기기제어,Put the study light 2 on.,서재 조명 2 켜.,execute,,D1,T0,none,HOME19_Study_Light_2,
G00043,집,HOME02,기기제어,I'd like you to get the bedroom lights on.,침실 조명 켜 줬으면 해.,execute,,D1,T0,none,HOME02_Bedroom_Light_1,
G00044,집,HOME09,기기제어,could you turn on the nursery mood light?,아기방 무드등 켜 줄 수 있어?,execute,,D1,T0,none,HOME09_BabyRoom_Light_1,
G00049,집,HOME06,기기제어,I'd like you to turn on the study lights.,서재 조명 켜 줬으면 해.,execute,,D1,T0,none,HOME06_Study_Light_1,
G00050,집,HOME13,기기제어,could you put the living room lights on?,거실 조명 켜 줄 수 있어?,execute,,D1,T0,none,HOME13_LivingRoom_Light_1 HOME13_LivingRoom_Light_2 HOME13_LivingRoom_Light_3,
G00051,집,HOME20,기기제어,Light up the bedroom lights,침실 조명 켜,execute,,D1,T0,none,HOME20_Bedroom_Light_1,
G00054,집,HOME03,기기제어,It is too dark in here.,여기 너무 어두워.,ask,,D1,T0,none,HOME03_Bathroom_Light_1 HOME03_Bedroom_Light_1 HOME03_Bedroom_Light_2 HOME03_Hallway_Light_1 HOME03_Kitchen_Light_1 HOME03_LivingRoom_Light_1 HOME03_LivingRoom_Light_2 HOME03_LivingRoom_Light_3 HOME03_LivingRoom_WindowCovering_1 HOME03_LivingRoom_WindowCovering_2,
G00055,집,HOME10,기기제어,I'd like you to put the living room lights on.,거실 조명 켜 줬으면 해.,execute,,D1,T0,none,HOME10_LivingRoom_Light_1 HOME10_LivingRoom_Light_2,
G00056,집,HOME17,기기제어,could you light up the room lights?,방 조명 켜 줄 수 있어?,execute,,D1,T0,none,HOME17_Room_Light_1,
G00057,집,HOME04,기기제어,please put the living room lights on.,거실 조명 좀 켜 줘.,execute,,D1,T0,none,HOME04_LivingRoom_Light_1 HOME04_LivingRoom_Light_2 HOME04_LivingRoom_Light_3,
G00058,집,HOME11,기기제어,can you light up the kitchen lights?,주방 조명 켜 줄래?,execute,,D1,T0,none,HOME11_Kitchen_Light_1,
G00059,집,HOME18,기기제어,I'd like you to switch the bedroom lights on.,침실 조명 켜 줬으면 해.,execute,,D1,T0,none,HOME18_Bedroom_Light_1 HOME18_Bedroom_Light_2,
G00062,집,HOME01,기기제어,Put the room lights on.,방 조명 켜.,execute,,D1,T0,none,HOME01_Room_Light_1 HOME01_Room_Light_2,
G00064,집,HOME15,기기제어,can you switch the Hue bedroom 1 on?,Hue 침실 1 켜 줄래?,execute,,D1,T0,none,HOME15_Bedroom_Light_1,
G00068,집,HOME05,기기제어,Light up the study lights.,서재 조명 켜.,execute,,D1,T0,none,HOME05_Study_Light_1,
G00069,집,HOME12,기기제어,please switch the room B light on.,B방 조명 켜 주세요.,execute,,D1,T0,none,HOME12_RoomB_Light_1,
G00070,집,HOME19,기기제어,can you get the study light 2 on?,서재 조명 2 켜 줄래?,execute,,D1,T0,none,HOME19_Study_Light_2,
G00073,집,HOME02,기기제어,Light up the living room lights,거실 조명 켜,execute,,D1,T0,none,HOME02_LivingRoom_Light_1 HOME02_LivingRoom_Light_2,
G00074,집,HOME09,기기제어,Switch the nursery color mood light on.,아기방 컬러 무드등 켜.,execute,,D1,T0,none,HOME09_BabyRoom_ColorControl_1,
G00077,집,HOME12,기기제어,I'd like you to get the room B light on.,B방 조명 켜 줬으면 해.,execute,,D1,T0,none,HOME12_RoomB_Light_1,
G00078,집,HOME10,기기제어,Get the bathroom lights on,욕실 조명 켜,execute,,D1,T0,none,HOME10_Bathroom_Light_1,
G00079,집,HOME17,기기제어,Turn on the bathroom lights.,욕실 조명 켜.,execute,,D1,T0,none,HOME17_Bathroom_Light_1,
G00084,집,HOME14,기기제어,Turn on the living room lights,거실 조명 켜,execute,,D1,T0,none,HOME14_LivingRoom_Light_1 HOME14_LivingRoom_Light_2,
G00088,집,HOME04,기기제어,I'd like you to get the study lights on.,서재 조명 켜 줬으면 해.,execute,,D1,T0,none,HOME04_Study_Light_1 HOME04_Study_Light_2,
G00089,집,HOME11,기기제어,could you turn on the kitchen lights?,주방 조명 켜 줄 수 있어?,execute,,D1,T0,none,HOME11_Kitchen_Light_1,
G00090,집,HOME18,기기제어,Put the bedroom lights on,침실 조명 켜,execute,,D1,T0,none,HOME18_Bedroom_Light_1 HOME18_Bedroom_Light_2,
G00093,집,HOME01,기기제어,can you get the room lights on?,방 조명 켜 줄래?,execute,,D1,T0,none,HOME01_Room_Light_1 HOME01_Room_Light_2,
G00094,집,HOME08,기기제어,I'd like you to turn on the living room lights.,거실 조명 켜 줬으면 해.,execute,,D1,T0,none,HOME08_LivingRoom_Light_1 HOME08_LivingRoom_Light_2,
G00095,집,HOME15,기기제어,could you put the Hue living room 2 on?,Hue 거실 2 켜 줄 수 있어?,execute,,D1,T0,none,HOME15_LivingRoom_Light_2,
G00105,집,HOME11,기기제어,can you dim the light to 5 percent?,조명 밝기를 5퍼센트로 낮춰 줄래?,ask,,D1,T0,none,HOME11_Room_Light_1 HOME11_Room_Light_2 HOME11_Kitchen_Light_1 HOME11_Bathroom_Light_1,
G00106,집,HOME18,기기제어,I'd like you to turn on the light.,조명 켜 줬으면 해.,ask,,D1,T0,none,HOME18_LivingRoom_Light_1 HOME18_LivingRoom_Light_2 HOME18_LivingRoom_Light_3 HOME18_Bedroom_Light_1 HOME18_Bedroom_Light_2 HOME18_Kitchen_Light_1 HOME18_Garage_Light_1,
G00109,집,HOME01,기기제어,Tone it down a bit.,좀 낮춰 줘.,execute,,D1,T0,none,HOME01_Room_Light_1 HOME01_Room_Light_2,
G00110,집,HOME08,기기제어,please get the light on.,조명 좀 켜 줘.,ask,,D1,T0,none,HOME08_LivingRoom_Light_1 HOME08_LivingRoom_Light_2 HOME08_Bedroom_Light_1 HOME08_Kitchen_Light_1,
G00111,집,HOME15,기기제어,can you bring the light down to 15 percent?,조명 밝기를 15퍼센트까지 낮춰 줄래?,ask,,D1,T0,none,HOME15_LivingRoom_Light_1 HOME15_LivingRoom_Light_2 HOME15_LivingRoom_Light_3 HOME15_LivingRoom_Light_4 HOME15_Bedroom_Light_1 HOME15_Bedroom_Light_2 HOME15_Study_Light_1 HOME15_Study_Light_2 HOME15_LivingRoom_ColorControl_1 HOME15_LivingRoom_ColorControl_2 HOME15_Kitchen_Light_1,
G00115,집,HOME05,기기제어,Bring the light down to 30 percent.,조명 밝기를 30퍼센트까지 낮춰.,ask,,D1,T0,none,HOME05_LivingRoom_Light_1 HOME05_LivingRoom_Light_2 HOME05_LivingRoom_Light_3 HOME05_Kitchen_Light_1 HOME05_Bedroom_Light_1 HOME05_Bedroom_Light_2 HOME05_Study_Light_1 HOME05_Stairs_Light_1,
G00116,집,HOME20,기기제어,can you turn the light up to 100 percent?,조명 밝기를 100퍼센트까지 올려 줄래?,ask,,D1,T0,none,HOME20_LivingRoom_Light_1 HOME20_LivingRoom_Light_2 HOME20_Kitchen_Light_1 HOME20_Bedroom_Light_1,
G00117,집,HOME19,기기제어,can you dim the light to 10 percent?,조명 밝기를 10퍼센트로 낮춰 줄래?,ask,,D1,T0,none,HOME19_LivingRoom_Light_1 HOME19_LivingRoom_Light_2 HOME19_Study_Light_1 HOME19_Study_Light_2 HOME19_Bedroom_Light_1 HOME19_Kitchen_Light_1,
G00120,집,HOME13,기기제어,This is harsh on the eyes,눈이 부셔,ask,,D1,T0,none,HOME13_Bedroom_Light_1 HOME13_Bedroom_Light_2 HOME13_Bedroom_WindowCovering_1 HOME13_Bedroom_WindowCovering_2 HOME13_Kitchen_Light_1 HOME13_LivingRoom_Light_1 HOME13_LivingRoom_Light_2 HOME13_LivingRoom_Light_3 HOME13_LivingRoom_WindowCovering_1 HOME13_LivingRoom_WindowCovering_2 HOME13_LivingRoom_WindowCovering_3 HOME13_Study_Light_1 HOME13_Study_WindowCovering_1,
G00121,집,HOME20,기기제어,please light up the living room lights.,거실 조명 좀 켜 줘.,execute,,D1,T0,none,HOME20_LivingRoom_Light_1 HOME20_LivingRoom_Light_2,
G00124,집,HOME03,기기제어,could you bring the living room lights down to 10 percent?,거실 조명 밝기를 10퍼센트까지 낮춰 줄 수 있어?,execute,,D1,T0,none,HOME03_LivingRoom_Light_1 HOME03_LivingRoom_Light_2 HOME03_LivingRoom_Light_3,
G00125,집,HOME10,기기제어,Put the hallway lights on,복도 조명 켜,execute,,D1,T0,none,HOME10_Hallway_Light_1,
G00126,집,HOME17,기기제어,Dim the bathroom lights to 5 percent.,욕실 조명 밝기를 5퍼센트로 낮춰.,execute,,D1,T0,none,HOME17_Bathroom_Light_1,
G00130,집,HOME07,기기제어,could you dim the garden lights to 25 percent?,마당 조명 밝기를 25퍼센트로 낮춰 줄 수 있어?,execute,,D1,T0,none,HOME07_Garden_Light_1 HOME07_Garden_Light_2 HOME07_Garden_Light_3,
G00131,집,HOME14,기기제어,Light up the kitchen lights,주방 조명 켜,execute,,D1,T0,none,HOME14_Kitchen_Light_1,
G00136,집,HOME11,기기제어,could you bring the bathroom lights down to 25 percent?,욕실 조명 밝기를 25퍼센트까지 낮춰 줄 수 있어?,execute,,D1,T0,none,HOME11_Bathroom_Light_1,
G00137,집,HOME03,기기제어,could you tone it down a bit?,좀 낮춰 줄 수 있어?,ask,,D1,T0,none,HOME03_Bathroom_Light_1 HOME03_Bedroom_Light_1 HOME03_Bedroom_Light_2 HOME03_Hallway_Light_1 HOME03_Kitchen_Light_1 HOME03_LivingRoom_Light_1 HOME03_LivingRoom_Light_2 HOME03_LivingRoom_Light_3 HOME03_LivingRoom_WindowCovering_1 HOME03_LivingRoom_WindowCovering_2,
G00140,집,HOME01,기기제어,can you bring the room lights down to 10 percent?,방 조명 밝기를 10퍼센트까지 낮춰 줄래?,execute,,D1,T0,none,HOME01_Room_Light_1 HOME01_Room_Light_2,
G00141,집,HOME08,기기제어,I'd like you to light up the living room lights.,거실 조명 켜 줬으면 해.,execute,,D1,T0,none,HOME08_LivingRoom_Light_1 HOME08_LivingRoom_Light_2,
G00144,집,HOME02,기기제어,please light up the kitchen lights.,주방 조명 켜 주세요.,execute,,D1,T0,none,HOME02_Kitchen_Light_1,
G00145,집,HOME09,기기제어,can you bring the living room lights down to 10 percent?,거실 조명 밝기를 10퍼센트까지 낮춰 줄래?,execute,,D1,T0,none,HOME09_LivingRoom_Light_1 HOME09_LivingRoom_Light_2,
G00151,집,HOME13,기기제어,can you dim the bedroom lights to 10 percent?,침실 조명 밝기를 10퍼센트로 낮춰 줄래?,execute,,D1,T0,none,HOME13_Bedroom_Light_1 HOME13_Bedroom_Light_2,
G00155,집,HOME03,기기제어,Dim the kitchen lights to 15 percent.,주방 조명 밝기를 15퍼센트로 낮춰.,execute,,D1,T0,none,HOME03_Kitchen_Light_1,
G00157,집,HOME17,기기제어,can you bring the bathroom lights down to 20 percent?,욕실 조명 밝기를 20퍼센트까지 낮춰 줄래?,execute,,D1,T0,none,HOME17_Bathroom_Light_1,
G00161,집,HOME07,기기제어,Bring the living room lights down to 5 percent.,거실 조명 밝기를 5퍼센트까지 낮춰.,execute,,D1,T0,none,HOME07_LivingRoom_Light_1 HOME07_LivingRoom_Light_2 HOME07_LivingRoom_Light_3,
G00162,집,HOME14,기기제어,please turn on the bedroom lights.,침실 조명 좀 켜 줘.,execute,,D1,T0,none,HOME14_Bedroom_Light_1,
G00163,집,HOME01,기기제어,could you dim the room lights to 20 percent?,방 조명 밝기를 20퍼센트로 낮춰 줄 수 있어?,execute,,D1,T0,none,HOME01_Room_Light_1 HOME01_Room_Light_2,
G00164,집,HOME18,기기제어,can you turn the bedroom lights up to 85 percent?,침실 조명 밝기를 85퍼센트까지 올려 줄래?,execute,,D1,T0,none,HOME18_Bedroom_Light_1 HOME18_Bedroom_Light_2,
G00165,집,HOME15,기기제어,Make it dimmer.,좀 더 어둡게 해 줘.,ask,,D1,T0,none,HOME15_Bedroom_Light_1 HOME15_Bedroom_Light_2 HOME15_Kitchen_Light_1 HOME15_LivingRoom_ColorControl_1 HOME15_LivingRoom_ColorControl_2 HOME15_LivingRoom_Light_1 HOME15_LivingRoom_Light_2 HOME15_LivingRoom_Light_3 HOME15_LivingRoom_Light_4 HOME15_LivingRoom_WindowCovering_1 HOME15_LivingRoom_WindowCovering_2 HOME15_LivingRoom_WindowCovering_3 HOME15_Study_Light_1 HOME15_Study_Light_2,
G00169,집,HOME07,기기제어,could you switch the kitchen lights on?,주방 조명 켜 줄 수 있어?,execute,,D1,T0,none,HOME07_Kitchen_Light_1,
G00170,집,HOME12,기기제어,Put the room C lights on,C방 조명 켜,execute,,D1,T0,none,HOME12_RoomC_Light_1,
G00171,집,HOME19,기기제어,Dim the kitchen lights to 5 percent.,주방 조명 밝기를 5퍼센트로 낮춰.,execute,,D1,T0,none,HOME19_Kitchen_Light_1,
G00175,집,HOME09,기기제어,could you dim the nursery lights to 10 percent?,아기방 조명 밝기를 10퍼센트로 낮춰 줄 수 있어?,execute,,D1,T0,none,HOME09_BabyRoom_Light_1 HOME09_BabyRoom_ColorControl_1,
G00178,집,HOME03,기기제어,Turn the living room lights up to 80 percent,거실 조명 밝기를 80퍼센트까지 올려,execute,,D1,T0,none,HOME03_LivingRoom_Light_1 HOME03_LivingRoom_Light_2 HOME03_LivingRoom_Light_3,
G00182,집,HOME19,기기제어,Bring the living room lights down to 25 percent,거실 조명 밝기를 25퍼센트까지 낮춰,execute,,D1,T0,none,HOME19_LivingRoom_Light_1 HOME19_LivingRoom_Light_2,
G00183,집,HOME17,기기제어,please make it dimmer.,좀 더 어둡게 해 줘.,execute,,D1,T0,none,HOME17_Bathroom_Light_1 HOME17_Room_Light_1,
G00184,집,HOME15,기기제어,Tone it down a bit,좀 낮춰 줘,ask,,D1,T0,none,HOME15_Bedroom_Light_1 HOME15_Bedroom_Light_2 HOME15_Kitchen_Light_1 HOME15_LivingRoom_ColorControl_1 HOME15_LivingRoom_ColorControl_2 HOME15_LivingRoom_Light_1 HOME15_LivingRoom_Light_2 HOME15_LivingRoom_Light_3 HOME15_LivingRoom_Light_4 HOME15_LivingRoom_WindowCovering_1 HOME15_LivingRoom_WindowCovering_2 HOME15_LivingRoom_WindowCovering_3 HOME15_Study_Light_1 HOME15_Study_Light_2,
G00185,집,HOME14,기기제어,I'd like you to switch the living room lights on.,거실 조명 켜 줬으면 해.,execute,,D1,T0,none,HOME14_LivingRoom_Light_1 HOME14_LivingRoom_Light_2,
G00189,집,HOME04,기기제어,please light up the study lights.,서재 조명 좀 켜 줘.,execute,,D1,T0,none,HOME04_Study_Light_1 HOME04_Study_Light_2,
G00190,집,HOME11,기기제어,can you bring the kitchen lights down to 15 percent?,주방 조명 밝기를 15퍼센트까지 낮춰 줄래?,execute,,D1,T0,none,HOME11_Kitchen_Light_1,
G00191,집,HOME12,기기제어,Dim the room C lights to 15 percent.,C방 조명 밝기를 15퍼센트로 낮춰.,execute,,D1,T0,none,HOME12_RoomC_Light_1,
G00205,집,HOME04,기기제어,Put the light on,조명 켜,ask,,D1,T0,none,HOME04_LivingRoom_Light_1 HOME04_LivingRoom_Light_2 HOME04_LivingRoom_Light_3 HOME04_Bedroom_Light_1 HOME04_Bedroom_Light_2 HOME04_Study_Light_1 HOME04_Study_Light_2 HOME04_Kitchen_Light_1,
G00206,집,HOME11,기기제어,Set the light to amber.,조명 호박색으로 바꿔.,ask,,D1,T0,none,HOME11_Room_Light_1 HOME11_Room_Light_2 HOME11_Kitchen_Light_1 HOME11_Bathroom_Light_1,
G00207,집,HOME18,기기제어,please switch the light on.,조명 좀 켜 줘.,ask,,D1,T0,none,HOME18_LivingRoom_Light_1 HOME18_LivingRoom_Light_2 HOME18_LivingRoom_Light_3 HOME18_Bedroom_Light_1 HOME18_Bedroom_Light_2 HOME18_Kitchen_Light_1 HOME18_Garage_Light_1,
G00210,집,HOME01,기기제어,could you set the lights to warm white?,조명 전부 전구색으로 바꿔 줄 수 있어?,execute,,D1,T0,none,HOME01_Room_Light_1 HOME01_Room_Light_2,
G00212,집,HOME15,기기제어,Change the lights to warm white.,조명 전부 전구색으로 바꿔.,execute,,D1,T0,none,HOME15_LivingRoom_Light_1 HOME15_LivingRoom_Light_2 HOME15_LivingRoom_Light_3 HOME15_LivingRoom_Light_4 HOME15_Bedroom_Light_1 HOME15_Bedroom_Light_2 HOME15_Study_Light_1 HOME15_Study_Light_2 HOME15_LivingRoom_ColorControl_1 HOME15_LivingRoom_ColorControl_2 HOME15_Kitchen_Light_1,
G00217,집,HOME09,기기제어,Change the lights to blue.,조명 전부 파란색으로 바꿔.,execute,,D1,T0,none,HOME09_LivingRoom_Light_1 HOME09_LivingRoom_Light_2 HOME09_BabyRoom_Light_1 HOME09_BabyRoom_ColorControl_1 HOME09_Bedroom_Light_1 HOME09_Kitchen_Light_1,
G00218,집,HOME19,기기제어,Set the lights to daylight white.,조명 전부 주광색으로 바꿔.,execute,,D1,T0,none,HOME19_LivingRoom_Light_1 HOME19_LivingRoom_Light_2 HOME19_Study_Light_1 HOME19_Study_Light_2 HOME19_Bedroom_Light_1 HOME19_Kitchen_Light_1,
G00221,집,HOME02,기기제어,I'd like you to light up the lights.,조명 전부 켜 줬으면 해.,execute,,D1,T0,none,HOME02_LivingRoom_Light_1 HOME02_LivingRoom_Light_2 HOME02_Bedroom_Light_1 HOME02_Kitchen_Light_1,
G00222,집,HOME09,기기제어,could you set the lights to orange?,조명 전부 주황색으로 바꿔 줄 수 있어?,execute,,D1,T0,none,HOME09_LivingRoom_Light_1 HOME09_LivingRoom_Light_2 HOME09_BabyRoom_Light_1 HOME09_BabyRoom_ColorControl_1 HOME09_Bedroom_Light_1 HOME09_Kitchen_Light_1,
G00223,집,HOME16,기기제어,Get the lights on,조명 전부 켜,execute,,D1,T0,none,HOME16_LivingRoom_Light_1 HOME16_LivingRoom_Light_2 HOME16_Bedroom_Light_1 HOME16_Garden_Light_1,
G00226,집,HOME10,기기제어,I'd like you to get the lights on.,조명 전부 켜 줬으면 해.,execute,,D1,T0,none,HOME10_LivingRoom_Light_1 HOME10_LivingRoom_Light_2 HOME10_Bedroom_Light_1 HOME10_Bathroom_Light_1 HOME10_Hallway_Light_1,
G00227,집,HOME17,기기제어,could you set the lights to amber?,조명 전부 호박색으로 바꿔 줄 수 있어?,execute,,D1,T0,none,HOME17_Room_Light_1 HOME17_Bathroom_Light_1,
G00229,집,HOME13,기기제어,I'd like you to make all the lights orange.,모든 조명 주황색으로 해 줬으면 해.,execute,,D1,T0,none,HOME13_LivingRoom_Light_1 HOME13_LivingRoom_Light_2 HOME13_LivingRoom_Light_3 HOME13_Bedroom_Light_1 HOME13_Bedroom_Light_2 HOME13_Kitchen_Light_1 HOME13_Study_Light_1,
G00230,집,HOME09,기기제어,Make it feel warmer in here,여기 분위기 좀 따뜻하게 해 줘,ask,,D1,T0,none,HOME09_BabyRoom_ColorControl_1 HOME09_BabyRoom_Light_1 HOME09_Bedroom_Light_1 HOME09_Kitchen_Light_1 HOME09_LivingRoom_Light_1 HOME09_LivingRoom_Light_2,
G00236,집,HOME10,기기제어,Set the lights to warm white.,조명 전부 전구색으로 바꿔.,execute,,D1,T0,none,HOME10_LivingRoom_Light_1 HOME10_LivingRoom_Light_2 HOME10_Bedroom_Light_1 HOME10_Bathroom_Light_1 HOME10_Hallway_Light_1,
G00237,집,HOME11,기기제어,can you change the lights to amber?,조명 전부 호박색으로 바꿔 줄래?,execute,,D1,T0,none,HOME11_Room_Light_1 HOME11_Room_Light_2 HOME11_Kitchen_Light_1 HOME11_Bathroom_Light_1,
G00241,집,HOME01,기기제어,Change the lights to orange.,조명 전부 주황색으로 바꿔.,execute,,D1,T0,none,HOME01_Room_Light_1 HOME01_Room_Light_2,
G00242,집,HOME05,기기제어,could you turn the lights red?,조명 전부 빨간색으로 켜 줄 수 있어?,execute,,D1,T0,none,HOME05_LivingRoom_Light_1 HOME05_LivingRoom_Light_2 HOME05_LivingRoom_Light_3 HOME05_Kitchen_Light_1 HOME05_Bedroom_Light_1 HOME05_Bedroom_Light_2 HOME05_Study_Light_1 HOME05_Stairs_Light_1,
G00243,집,HOME15,기기제어,can you set the lights to purple?,조명 전부 보라색으로 바꿔 줄래?,execute,,D1,T0,none,HOME15_LivingRoom_Light_1 HOME15_LivingRoom_Light_2 HOME15_LivingRoom_Light_3 HOME15_LivingRoom_Light_4 HOME15_Bedroom_Light_1 HOME15_Bedroom_Light_2 HOME15_Study_Light_1 HOME15_Study_Light_2 HOME15_LivingRoom_ColorControl_1 HOME15_LivingRoom_ColorControl_2 HOME15_Kitchen_Light_1,
G00248,집,HOME04,기기제어,please set a calmer tone.,차분한 톤으로 맞춰 주세요.,execute,,D1,T0,none,HOME04_Bedroom_Light_1 HOME04_Bedroom_Light_2 HOME04_Kitchen_Light_1 HOME04_LivingRoom_Light_1 HOME04_LivingRoom_Light_2 HOME04_LivingRoom_Light_3 HOME04_Study_Light_1 HOME04_Study_Light_2,
G00250,집,HOME12,기기제어,Change the lights to amber.,조명 전부 호박색으로 바꿔.,execute,,D1,T0,none,HOME12_RoomA_Light_1 HOME12_RoomB_Light_1 HOME12_RoomC_Light_1 HOME12_LivingRoom_Light_1 HOME12_LivingRoom_Light_2 HOME12_LivingRoom_Light_3 HOME12_Kitchen_Light_1 HOME12_Bathroom_Light_1 HOME12_Bathroom_Light_2,
G00251,집,HOME13,기기제어,Set the lights to blue.,조명 전부 파란색으로 바꿔.,execute,,D1,T0,none,HOME13_LivingRoom_Light_1 HOME13_LivingRoom_Light_2 HOME13_LivingRoom_Light_3 HOME13_Bedroom_Light_1 HOME13_Bedroom_Light_2 HOME13_Kitchen_Light_1 HOME13_Study_Light_1,
G00255,집,HOME03,기기제어,could you set the lights to daylight white?,조명 전부 주광색으로 바꿔 줄 수 있어?,execute,,D1,T0,none,HOME03_LivingRoom_Light_1 HOME03_LivingRoom_Light_2 HOME03_LivingRoom_Light_3 HOME03_Bedroom_Light_1 HOME03_Bedroom_Light_2 HOME03_Kitchen_Light_1 HOME03_Bathroom_Light_1 HOME03_Hallway_Light_1,
G00256,집,HOME04,기기제어,please set the lights to blue.,조명 전부 파란색으로 바꿔 주세요.,execute,,D1,T0,none,HOME04_LivingRoom_Light_1 HOME04_LivingRoom_Light_2 HOME04_LivingRoom_Light_3 HOME04_Bedroom_Light_1 HOME04_Bedroom_Light_2 HOME04_Study_Light_1 HOME04_Study_Light_2 HOME04_Kitchen_Light_1,
G00257,집,HOME17,기기제어,Give this room some color,방에 색 좀 넣어 줘,execute,,D1,T0,none,HOME17_Bathroom_Light_1 HOME17_Room_Light_1,
G00258,집,HOME07,기기제어,could you change the lights to blue?,조명 전부 파란색으로 바꿔 줄 수 있어?,execute,,D1,T0,none,HOME07_LivingRoom_Light_1 HOME07_LivingRoom_Light_2 HOME07_LivingRoom_Light_3 HOME07_Bedroom_Light_1 HOME07_Bedroom_Light_2 HOME07_Kitchen_Light_1 HOME07_Garden_Light_1 HOME07_Garden_Light_2 HOME07_Garden_Light_3 HOME07_Barn_Light_1,
G00260,집,HOME13,기기제어,Switch all the lights on.,모든 조명 켜.,execute,,D1,T0,none,HOME13_LivingRoom_Light_1 HOME13_LivingRoom_Light_2 HOME13_LivingRoom_Light_3 HOME13_Bedroom_Light_1 HOME13_Bedroom_Light_2 HOME13_Kitchen_Light_1 HOME13_Study_Light_1,
G00261,집,HOME07,기기제어,could you change the lights to green?,조명 전부 초록색으로 바꿔 줄 수 있어?,execute,,D1,T0,none,HOME07_LivingRoom_Light_1 HOME07_LivingRoom_Light_2 HOME07_LivingRoom_Light_3 HOME07_Bedroom_Light_1 HOME07_Bedroom_Light_2 HOME07_Kitchen_Light_1 HOME07_Garden_Light_1 HOME07_Garden_Light_2 HOME07_Garden_Light_3 HOME07_Barn_Light_1,
G00265,집,HOME15,기기제어,can you light up the lights?,조명 전부 켜 줄래?,execute,,D1,T0,none,HOME15_LivingRoom_Light_1 HOME15_LivingRoom_Light_2 HOME15_LivingRoom_Light_3 HOME15_LivingRoom_Light_4 HOME15_Bedroom_Light_1 HOME15_Bedroom_Light_2 HOME15_Study_Light_1 HOME15_Study_Light_2 HOME15_LivingRoom_ColorControl_1 HOME15_LivingRoom_ColorControl_2 HOME15_Kitchen_Light_1,
G00266,집,HOME15,기기제어,Set a calmer tone.,차분한 톤으로 맞춰 줘.,ask,,D1,T0,none,HOME15_Bedroom_Light_1 HOME15_Bedroom_Light_2 HOME15_Kitchen_Light_1 HOME15_LivingRoom_ColorControl_1 HOME15_LivingRoom_ColorControl_2 HOME15_LivingRoom_Light_1 HOME15_LivingRoom_Light_2 HOME15_LivingRoom_Light_3 HOME15_LivingRoom_Light_4 HOME15_Study_Light_1 HOME15_Study_Light_2,
G00268,집,HOME02,기기제어,can you set a calmer tone?,차분한 톤으로 맞춰 줄래?,execute,,D1,T0,none,HOME02_Bedroom_Light_1 HOME02_Kitchen_Light_1 HOME02_LivingRoom_Light_1 HOME02_LivingRoom_Light_2,
G00270,집,HOME05,기기제어,can you change the lights to red?,조명 전부 빨간색으로 바꿔 줄래?,execute,,D1,T0,none,HOME05_LivingRoom_Light_1 HOME05_LivingRoom_Light_2 HOME05_LivingRoom_Light_3 HOME05_Kitchen_Light_1 HOME05_Bedroom_Light_1 HOME05_Bedroom_Light_2 HOME05_Study_Light_1 HOME05_Stairs_Light_1,
G00271,집,HOME07,기기제어,can you change the lights to daylight white?,조명 전부 주광색으로 바꿔 줄래?,execute,,D1,T0,none,HOME07_LivingRoom_Light_1 HOME07_LivingRoom_Light_2 HOME07_LivingRoom_Light_3 HOME07_Bedroom_Light_1 HOME07_Bedroom_Light_2 HOME07_Kitchen_Light_1 HOME07_Garden_Light_1 HOME07_Garden_Light_2 HOME07_Garden_Light_3 HOME07_Barn_Light_1,
G00272,집,HOME19,기기제어,could you set the lights to pink?,조명 전부 분홍색으로 바꿔 줄 수 있어?,execute,,D1,T0,none,HOME19_LivingRoom_Light_1 HOME19_LivingRoom_Light_2 HOME19_Study_Light_1 HOME19_Study_Light_2 HOME19_Bedroom_Light_1 HOME19_Kitchen_Light_1,
G00273,집,HOME03,기기제어,could you set the lights to red?,조명 전부 빨간색으로 바꿔 줄 수 있어?,execute,,D1,T0,none,HOME03_LivingRoom_Light_1 HOME03_LivingRoom_Light_2 HOME03_LivingRoom_Light_3 HOME03_Bedroom_Light_1 HOME03_Bedroom_Light_2 HOME03_Kitchen_Light_1 HOME03_Bathroom_Light_1 HOME03_Hallway_Light_1,
G00274,집,HOME04,기기제어,could you set all the lights to orange?,모든 조명 주황색으로 바꿔 줄 수 있어?,execute,,D1,T0,none,HOME04_LivingRoom_Light_1 HOME04_LivingRoom_Light_2 HOME04_LivingRoom_Light_3 HOME04_Bedroom_Light_1 HOME04_Bedroom_Light_2 HOME04_Study_Light_1 HOME04_Study_Light_2 HOME04_Kitchen_Light_1,
G00277,집,HOME10,기기제어,Turn the lights red.,조명 전부 빨간색으로 켜.,execute,,D1,T0,none,HOME10_LivingRoom_Light_1 HOME10_LivingRoom_Light_2 HOME10_Bedroom_Light_1 HOME10_Bathroom_Light_1 HOME10_Hallway_Light_1,
G00279,집,HOME07,기기제어,please turn on all the lights.,모든 조명 좀 켜 줘.,execute,,D1,T0,none,HOME07_LivingRoom_Light_1 HOME07_LivingRoom_Light_2 HOME07_LivingRoom_Light_3 HOME07_Bedroom_Light_1 HOME07_Bedroom_Light_2 HOME07_Kitchen_Light_1 HOME07_Garden_Light_1 HOME07_Garden_Light_2 HOME07_Garden_Light_3 HOME07_Barn_Light_1,
G00281,집,HOME05,기기제어,Make the lights amber,조명 전부 호박색으로 해,execute,,D1,T0,none,HOME05_LivingRoom_Light_1 HOME05_LivingRoom_Light_2 HOME05_LivingRoom_Light_3 HOME05_Kitchen_Light_1 HOME05_Bedroom_Light_1 HOME05_Bedroom_Light_2 HOME05_Study_Light_1 HOME05_Stairs_Light_1,
G00283,집,HOME09,기기제어,could you change the lights to amber?,조명 전부 호박색으로 바꿔 줄 수 있어?,execute,,D1,T0,none,HOME09_LivingRoom_Light_1 HOME09_LivingRoom_Light_2 HOME09_BabyRoom_Light_1 HOME09_BabyRoom_ColorControl_1 HOME09_Bedroom_Light_1 HOME09_Kitchen_Light_1,
G00284,집,HOME14,기기제어,Change all the lights to blue.,모든 조명 파란색으로 바꿔.,execute,,D1,T0,none,HOME14_LivingRoom_Light_1 HOME14_LivingRoom_Light_2 HOME14_Bedroom_Light_1 HOME14_Kitchen_Light_1,
G00285,집,HOME01,기기제어,This white light is harsh,이 흰 불빛이 눈부셔,execute,,D1,T0,none,HOME01_Room_Light_1 HOME01_Room_Light_2,
G00286,집,HOME19,기기제어,could you change all the lights to orange?,모든 조명 주황색으로 바꿔 줄 수 있어?,execute,,D1,T0,none,HOME19_LivingRoom_Light_1 HOME19_LivingRoom_Light_2 HOME19_Study_Light_1 HOME19_Study_Light_2 HOME19_Bedroom_Light_1 HOME19_Kitchen_Light_1,
G00288,집,HOME17,기기제어,can you set the lights to orange?,조명 전부 주황색으로 바꿔 줄래?,execute,,D1,T0,none,HOME17_Room_Light_1 HOME17_Bathroom_Light_1,
G00290,집,HOME04,기기제어,Set the volume on the TV to 50,TV 볼륨 50으로 맞춰,ask,,D1,T0,none,HOME04_LivingRoom_Television_1 HOME04_Bedroom_Television_1,
G00291,집,HOME04,기기제어,Pause the TV.,TV 일시정지해.,ask,,D1,T0,none,HOME04_LivingRoom_Television_1 HOME04_Bedroom_Television_1,
G00292,집,HOME04,기기제어,please turn the TV off.,TV 꺼 주세요.,ask,,D1,T0,none,HOME04_LivingRoom_Television_1 HOME04_Bedroom_Television_1,
G00293,집,HOME04,기기제어,can you turn on the TV?,TV 켜 줄래?,ask,,D1,T0,none,HOME04_LivingRoom_Television_1 HOME04_Bedroom_Television_1,
G00294,집,HOME04,기기제어,I'd like you to play some music on the TV.,TV로 음악 좀 틀어 줬으면 해.,ask,,D1,T0,none,HOME04_LivingRoom_Television_1 HOME04_Bedroom_Television_1,
G00295,집,HOME04,기기제어,It is too quiet in here,여기 너무 조용해,ask,,D1,T0,none,HOME04_Bedroom_Television_1 HOME04_LivingRoom_Speaker_1 HOME04_LivingRoom_Speaker_2 HOME04_LivingRoom_Television_1,
G00296,집,HOME04,기기제어,Pause the TV,TV 일시정지해,ask,,D1,T0,none,HOME04_LivingRoom_Television_1 HOME04_Bedroom_Television_1,
G00297,집,HOME04,기기제어,Turn the TV off.,TV 꺼.,ask,,D1,T0,none,HOME04_LivingRoom_Television_1 HOME04_Bedroom_Television_1,
G00298,집,HOME12,기기제어,please turn on all the TVs.,모든 TV 켜 주세요.,execute,,D1,T0,none,HOME12_LivingRoom_Television_1,
G00299,집,HOME04,기기제어,can you play some music on all the TVs?,모든 TV로 음악 좀 틀어 줄래?,execute,,D1,T0,none,HOME04_LivingRoom_Television_1 HOME04_Bedroom_Television_1,
G00300,집,HOME14,기기제어,I'd like you to set the volume on all the TVs to 50.,모든 TV 볼륨 50으로 맞춰 줬으면 해.,execute,,D1,T0,none,HOME14_LivingRoom_Television_1,
G00301,집,HOME07,기기제어,could you pause all the TVs?,모든 TV 일시정지해 줄 수 있어?,execute,,D1,T0,none,HOME07_LivingRoom_Television_1,
G00302,집,HOME18,기기제어,Turn all the TVs off,모든 TV 꺼,execute,,D1,T0,none,HOME18_LivingRoom_Television_1,
G00303,집,HOME11,기기제어,Turn on all the TVs.,모든 TV 켜.,execute,,D1,T0,none,HOME11_Room_Television_1,
G00304,집,HOME03,기기제어,please turn it down a bit.,소리 좀 줄여 주세요.,ask,,D1,T0,none,HOME03_Kitchen_Speaker_1 HOME03_LivingRoom_Speaker_1 HOME03_LivingRoom_Television_1,
G00305,집,HOME13,기기제어,can you set the volume on all the TVs to 50?,모든 TV 볼륨 50으로 맞춰 줄래?,execute,,D1,T0,none,HOME13_LivingRoom_Television_1,
G00306,집,HOME06,기기제어,I'd like you to pause all the TVs.,모든 TV 일시정지해 줬으면 해.,execute,,D1,T0,none,HOME06_LivingRoom_Television_1,
G00307,집,HOME15,기기제어,could you turn all the TVs off?,모든 TV 꺼 줄 수 있어?,execute,,D1,T0,none,HOME15_LivingRoom_Television_1,
G00308,집,HOME08,기기제어,Turn on all the TVs,모든 TV 켜,execute,,D1,T0,none,HOME08_LivingRoom_Television_1,
G00309,집,HOME02,기기제어,Play some music on all the TVs.,모든 TV로 음악 좀 틀어.,execute,,D1,T0,none,HOME02_LivingRoom_Television_1,
G00310,집,HOME12,기기제어,please set the volume on all the TVs to 40.,모든 TV 볼륨 40으로 맞춰 주세요.,execute,,D1,T0,none,HOME12_LivingRoom_Television_1,
G00311,집,HOME15,기기제어,could you play some music on all the TVs?,모든 TV로 음악 좀 틀어 줄 수 있어?,execute,,D1,T0,none,HOME15_LivingRoom_Television_1,
G00312,집,HOME08,기기제어,Set the volume on all the TVs to 20,모든 TV 볼륨 20으로 맞춰,execute,,D1,T0,none,HOME08_LivingRoom_Television_1,
G00313,집,HOME02,기기제어,I cannot hear the show,소리가 안 들려,ask,,D1,T0,none,HOME02_LivingRoom_Speaker_1 HOME02_LivingRoom_Television_1,
G00314,집,HOME12,기기제어,please turn all the TVs off.,모든 TV 꺼 주세요.,execute,,D1,T0,none,HOME12_LivingRoom_Television_1,
G00315,집,HOME04,기기제어,can you turn on all the TVs?,모든 TV 켜 줄래?,execute,,D1,T0,none,HOME04_LivingRoom_Television_1 HOME04_Bedroom_Television_1,
G00316,집,HOME14,기기제어,I'd like you to play some music on all the TVs.,모든 TV로 음악 좀 틀어 줬으면 해.,execute,,D1,T0,none,HOME14_LivingRoom_Television_1,
G00317,집,HOME07,기기제어,could you set the volume on all the TVs to 10?,모든 TV 볼륨 10으로 맞춰 줄 수 있어?,execute,,D1,T0,none,HOME07_LivingRoom_Television_1,
G00318,집,HOME18,기기제어,Pause all the TVs,모든 TV 일시정지해,execute,,D1,T0,none,HOME18_LivingRoom_Television_1,
G00319,집,HOME11,기기제어,Turn all the TVs off.,모든 TV 꺼.,execute,,D1,T0,none,HOME11_Room_Television_1,
G00320,집,HOME15,기기제어,Play some music on the living room TV.,거실 TV로 음악 좀 틀어.,execute,,D1,T0,none,HOME15_LivingRoom_Television_1,
G00321,집,HOME02,기기제어,can you pause the living room TV?,거실 TV 일시정지해 줄래?,execute,,D1,T0,none,HOME02_LivingRoom_Television_1,
G00322,집,HOME06,기기제어,I'd like you to turn it down a bit.,소리 좀 줄여 줬으면 해.,ask,,D1,T0,none,HOME06_Kitchen_Speaker_1 HOME06_LivingRoom_Speaker_1 HOME06_LivingRoom_Speaker_2 HOME06_LivingRoom_Television_1,
G00323,집,HOME14,기기제어,I'd like you to turn the living room TV off.,거실 TV 꺼 줬으면 해.,execute,,D1,T0,none,HOME14_LivingRoom_Television_1,
G00324,집,HOME04,기기제어,please set the volume on the bedroom TV to 20.,침실 TV 볼륨 20으로 맞춰 주세요.,execute,,D1,T0,none,HOME04_Bedroom_Television_1,
G00325,집,HOME02,기기제어,can you play some music on the living room TV?,거실 TV로 음악 좀 틀어 줄래?,execute,,D1,T0,none,HOME02_LivingRoom_Television_1,
G00326,집,HOME12,기기제어,please play some music on all the TVs.,모든 TV로 음악 좀 틀어 줘.,execute,,D1,T0,none,HOME12_LivingRoom_Television_1,
G00327,집,HOME03,기기제어,can you set the volume on the living room TV to 50?,거실 TV 볼륨 50으로 맞춰 줄래?,execute,,D1,T0,none,HOME03_LivingRoom_Television_1,
G00328,집,HOME11,기기제어,could you turn on the room TV?,방 TV 켜 줄 수 있어?,execute,,D1,T0,none,HOME11_Room_Television_1,
G00329,집,HOME03,기기제어,Pause the living room TV,거실 TV 일시정지해,execute,,D1,T0,none,HOME03_LivingRoom_Television_1,
G00330,집,HOME12,기기제어,Pause the living room TV.,거실 TV 일시정지해.,execute,,D1,T0,none,HOME12_LivingRoom_Television_1,
G00331,집,HOME11,기기제어,Put something on.,뭐라도 틀어 줘.,ask,,D1,T0,none,HOME11_Room_Speaker_1 HOME11_Room_Television_1,
G00332,집,HOME04,기기제어,can you turn it down a bit?,소리 좀 줄여 줄래?,ask,,D1,T0,none,HOME04_Bedroom_Television_1 HOME04_LivingRoom_Speaker_1 HOME04_LivingRoom_Speaker_2 HOME04_LivingRoom_Television_1,
G00333,집,HOME14,기기제어,I'd like you to turn on all the TVs.,모든 TV 켜 줬으면 해.,execute,,D1,T0,none,HOME14_LivingRoom_Television_1,
G00334,집,HOME06,기기제어,could you set the volume on the living room TV to 50?,거실 TV 볼륨 50으로 맞춰 줄 수 있어?,execute,,D1,T0,none,HOME06_LivingRoom_Television_1,
G00335,집,HOME18,기기제어,Set the volume on all the TVs to 40,모든 TV 볼륨 40으로 맞춰,execute,,D1,T0,none,HOME18_LivingRoom_Television_1,
G00336,집,HOME11,기기제어,Pause all the TVs.,모든 TV 일시정지해.,execute,,D1,T0,none,HOME11_Room_Television_1,
G00337,집,HOME07,기기제어,Turn on the living room TV.,거실 TV 켜.,execute,,D1,T0,none,HOME07_LivingRoom_Television_1,
G00338,집,HOME15,기기제어,Set the volume on the living room TV to 10,거실 TV 볼륨 10으로 맞춰,execute,,D1,T0,none,HOME15_LivingRoom_Television_1,
G00339,집,HOME11,기기제어,Turn the room TV off.,방 TV 꺼.,execute,,D1,T0,none,HOME11_Room_Television_1,
G00340,집,HOME15,기기제어,could you set the volume on all the TVs to 30?,모든 TV 볼륨 30으로 맞춰 줄 수 있어?,execute,,D1,T0,none,HOME15_LivingRoom_Television_1,
G00341,집,HOME08,기기제어,It is too quiet in here.,여기 너무 조용해.,ask,,D1,T0,none,HOME08_LivingRoom_Speaker_1 HOME08_LivingRoom_Television_1,
G00342,집,HOME07,기기제어,could you set the volume on the living room TV to 20?,거실 TV 볼륨 20으로 맞춰 줄 수 있어?,execute,,D1,T0,none,HOME07_LivingRoom_Television_1,
G00343,집,HOME03,기기제어,Turn the living room TV off,거실 TV 꺼,execute,,D1,T0,none,HOME03_LivingRoom_Television_1,
G00344,집,HOME07,기기제어,could you turn on the living room TV?,거실 TV 켜 줄 수 있어?,execute,,D1,T0,none,HOME07_LivingRoom_Television_1,
G00345,집,HOME14,기기제어,could you turn the living room TV off?,거실 TV 꺼 줄 수 있어?,execute,,D1,T0,none,HOME14_LivingRoom_Television_1,
G00346,집,HOME13,기기제어,please play some music on the living room TV.,거실 TV로 음악 좀 틀어 줘.,execute,,D1,T0,none,HOME13_LivingRoom_Television_1,
G00347,집,HOME12,기기제어,Set the volume on the living room TV to 40.,거실 TV 볼륨 40으로 맞춰.,execute,,D1,T0,none,HOME12_LivingRoom_Television_1,
G00348,집,HOME06,기기제어,please turn the living room TV off.,거실 TV 꺼 주세요.,execute,,D1,T0,none,HOME06_LivingRoom_Television_1,
G00349,집,HOME12,기기제어,could you play some music on the living room TV?,거실 TV로 음악 좀 틀어 줄 수 있어?,execute,,D1,T0,none,HOME12_LivingRoom_Television_1,
G00354,집,HOME05,기기제어,could you turn on the bedroom lights?,침실 조명 켜 줄 수 있어?,execute,,D1,T0,none,HOME05_Bedroom_Light_1 HOME05_Bedroom_Light_2,
G00355,집,HOME12,기기제어,Switch the room C light on,C방 조명 켜,execute,,D1,T0,none,HOME12_RoomC_Light_1,
G00356,집,HOME19,기기제어,Light up the study light 1.,서재 조명 1 켜.,execute,,D1,T0,none,HOME19_Study_Light_1,
G00359,집,HOME02,기기제어,Nothing needs to be on right now.,지금은 아무것도 안 켜져 있어도 돼.,ask,,D1,T0,none,HOME02_Bedroom_Light_1 HOME02_Kitchen_Light_1 HOME02_LivingRoom_AirConditioner_1 HOME02_LivingRoom_AirPurifier_1 HOME02_LivingRoom_Light_1 HOME02_LivingRoom_Light_2 HOME02_LivingRoom_Television_1 HOME02_LivingRoom_Thermostat_1,
G00360,집,HOME09,기기제어,could you put the nursery color mood light on?,아기방 컬러 무드등 켜 줄 수 있어?,execute,,D1,T0,none,HOME09_BabyRoom_ColorControl_1,
G00361,집,HOME16,기기제어,Turn off the entrance switch,현관 스위치 꺼,execute,,D1,T0,none,HOME16_Entrance_Siren_1,
G00365,집,HOME06,기기제어,I'd like you to turn off the hallway switch.,복도 스위치 꺼 줬으면 해.,execute,,D1,T0,none,HOME06_Hallway_Light_1,
G00366,집,HOME13,기기제어,could you light up the bedroom lights?,침실 조명 켜 줄 수 있어?,execute,,D1,T0,none,HOME13_Bedroom_Light_1 HOME13_Bedroom_Light_2,
G00367,집,HOME20,기기제어,Switch the kitchen switch on,주방 스위치 켜,execute,,D1,T0,none,HOME20_Kitchen_Light_1,
G00370,집,HOME03,기기제어,can you put the living room lights on?,거실 조명 켜 줄래?,execute,,D1,T0,none,HOME03_LivingRoom_Light_1 HOME03_LivingRoom_Light_2 HOME03_LivingRoom_Light_3,
G00371,집,HOME10,기기제어,I'd like you to switch the living room switch on.,거실 스위치 켜 줬으면 해.,execute,,D1,T0,none,HOME10_LivingRoom_Light_1 HOME10_LivingRoom_Light_2 HOME10_LivingRoom_Siren_1,
G00372,집,HOME17,기기제어,could you switch the room lights on?,방 조명 켜 줄 수 있어?,execute,,D1,T0,none,HOME17_Room_Light_1,
G00374,집,HOME04,기기제어,please turn off the living room air purifier large.,거실 공기청정기 큰거 좀 꺼 줘.,execute,,D1,T0,none,HOME04_LivingRoom_AirPurifier_1,
G00375,집,HOME11,기기제어,can you switch the kitchen lights on?,주방 조명 켜 줄래?,execute,,D1,T0,none,HOME11_Kitchen_Light_1,
G00376,집,HOME18,기기제어,I'd like you to switch the bedroom switch on.,침실 스위치 켜 줬으면 해.,execute,,D1,T0,none,HOME18_Bedroom_Light_1 HOME18_Bedroom_Light_2 HOME18_Bedroom_AirConditioner_1,
G00379,집,HOME01,기기제어,Light up the room lights.,방 조명 켜.,execute,,D1,T0,none,HOME01_Room_Light_1 HOME01_Room_Light_2,
G00380,집,HOME08,기기제어,please switch the living room switch on.,거실 스위치 켜 주세요.,execute,,D1,T0,none,HOME08_LivingRoom_Light_1 HOME08_LivingRoom_Light_2 HOME08_LivingRoom_AirConditioner_1 HOME08_LivingRoom_AirPurifier_1 HOME08_LivingRoom_Television_1 HOME08_LivingRoom_Plug_1 HOME08_LivingRoom_Plug_2,
G00381,집,HOME15,기기제어,can you get the color strip 2 on?,컬러 스트립 2 켜 줄래?,execute,,D1,T0,none,HOME15_LivingRoom_ColorControl_2,
G00385,집,HOME05,기기제어,Switch the study lights on.,서재 조명 켜.,execute,,D1,T0,none,HOME05_Study_Light_1,
G00386,집,HOME12,기기제어,please turn off the room A light.,A방 조명 좀 꺼 줘.,execute,,D1,T0,none,HOME12_RoomA_Light_1,
G00387,집,HOME01,기기제어,Shut everything down in here.,여기 다 꺼 줘.,ask,,D1,T0,none,HOME01_Room_AirConditioner_1 HOME01_Room_Fan_1 HOME01_Room_Fan_2 HOME01_Room_Light_1 HOME01_Room_Light_2 HOME01_Room_Plug_1 HOME01_Room_Plug_2,
G00390,집,HOME02,기기제어,Turn off the living room switch,거실 스위치 꺼,execute,,D1,T0,none,HOME02_LivingRoom_Light_1 HOME02_LivingRoom_Light_2 HOME02_LivingRoom_AirConditioner_1 HOME02_LivingRoom_Television_1 HOME02_LivingRoom_AirPurifier_1,
G00391,집,HOME09,기기제어,Get the nursery color mood light on.,아기방 컬러 무드등 켜.,execute,,D1,T0,none,HOME09_BabyRoom_ColorControl_1,
G00392,집,HOME11,기기제어,Turn on the bathroom lights,욕실 조명 켜,execute,,D1,T0,none,HOME11_Bathroom_Light_1,
G00394,집,HOME10,상태조회,Send me the bathroom temperature,욕실 온도 보내 줘,execute,,D1,T0,none,,Speaker.Speak
G00397,집,HOME07,상태조회,could you send me the kitchen temperature?,주방 온도 보내 줄 수 있어?,execute,,D1,T0,none,,NotificationProvider.SendPush
G00398,집,HOME14,상태조회,Send me the living room temperature,거실 온도 보내 줘,execute,,D1,T0,none,,Speaker.Speak
G00402,집,HOME02,상태조회,I'd like you to send me the utility temperature.,다용도실 온도 보내 줬으면 해.,execute,,D1,T0,none,,NotificationProvider.SendPush
G00403,집,HOME09,상태조회,could you send me the living room temperature?,거실 온도 보내 줄 수 있어?,execute,,D1,T0,none,,Speaker.Speak
G00408,집,HOME04,상태조회,I'd like you to send me the study temperature.,서재 온도 보내 줬으면 해.,execute,,D1,T0,none,,NotificationProvider.SendPush
G00409,집,HOME11,상태조회,could you send me room temperature?,방 온도 보내 줄 수 있어?,execute,,D1,T0,none,,NotificationProvider.SendPush
G00410,집,HOME18,상태조회,Send me the entrance temperature,현관 온도 보내 줘,execute,,D1,T0,none,,NotificationProvider.SendPush
G00414,집,HOME06,알림예약,I'd like you to tell me if something is off.,뭔가 이상하면 알려 줬으면 해.,execute,,D1,T0,none,,NotificationProvider.SendPush
G00415,집,HOME13,상태조회,could you send me the bedroom temperature?,침실 온도 보내 줄 수 있어?,execute,,D1,T0,none,,NotificationProvider.SendPush
G00418,집,HOME03,상태조회,can you send me the bedroom temperature?,침실 온도 보내 줄래?,execute,,D1,T0,none,,NotificationProvider.SendPush
G00419,집,HOME10,상태조회,I'd like you to send me the hallway temperature.,복도 온도 보내 줬으면 해.,execute,,D1,T0,none,,Speaker.Speak
G00420,집,HOME12,알림예약,can you ping me when the dryer finishes?,건조기 끝나면 알려 줄래?,execute,,D1,T0,none,,Speaker.Speak
G00425,집,HOME12,상태조회,I'd like you to send me room A temperature.,A방 온도 보내 줬으면 해.,execute,,D1,T0,none,,Speaker.Speak
G00426,집,HOME19,상태조회,could you send me the entrance temperature?,현관 온도 보내 줄 수 있어?,execute,,D1,T0,none,,NotificationProvider.SendPush
G00429,집,HOME12,알림예약,please ping me when the washing machine finishes.,세탁기 끝나면 알려 주세요.,execute,,D1,T0,none,,Speaker.Speak
G00431,집,HOME14,상태조회,I'd like you to send me the bedroom temperature.,침실 온도 보내 줬으면 해.,execute,,D1,T0,none,,Speaker.Speak
G00433,집,HOME02,알림예약,please tell me if something is off.,뭔가 이상하면 좀 알려 줘.,execute,,D1,T0,none,,NotificationProvider.SendPush
G00435,집,HOME02,상태조회,please send me the living room temperature.,거실 온도 보내 주세요.,execute,,D1,T0,none,,NotificationProvider.SendPush
G00439,집,HOME08,상태조회,please let me know whether anyone is in the living room.,거실에 사람 있는지 알려 주세요.,execute,,D1,T0,none,,NotificationProvider.SendPush
G00440,집,HOME06,상태조회,please send me the outdoor temperature.,실외 온도 보내 주세요.,execute,,D1,T0,none,,NotificationProvider.SendPush
G00441,집,HOME13,상태조회,can you send me the study temperature?,서재 온도 보내 줄래?,execute,,D1,T0,none,,NotificationProvider.SendPush
G00442,집,HOME20,상태조회,I'd like you to send me the living room temperature.,거실 온도 보내 줬으면 해.,execute,,D1,T0,none,,NotificationProvider.SendPush
G00444,집,HOME06,상태조회,I'd like you to text me the humidity in the entrance.,현관 습도 문자로 보내 줬으면 해.,execute,,D1,T0,none,,NotificationProvider.SendPush
G00447,집,HOME17,기기제어,please raise the blinds.,블라인드 올려 주세요.,refuse,no_device,D1,T0,none,,
G00450,집,HOME01,기기제어,could you close the blinds?,블라인드 닫아 줄 수 있어?,refuse,no_device,D1,T0,none,,
G00451,집,HOME12,기기제어,Lower the blinds to 70 percent,블라인드 70퍼센트까지 내려,refuse,no_device,D1,T0,none,,
G00454,집,HOME18,기기제어,can you pull the blind shut?,블라인드 닫아 줄래?,ask,,D1,T0,none,HOME18_LivingRoom_WindowCovering_1 HOME18_LivingRoom_WindowCovering_2,
G00455,집,HOME05,기기제어,I'd like you to close the blind.,블라인드 닫아 줬으면 해.,ask,,D1,T0,none,HOME05_LivingRoom_WindowCovering_1 HOME05_LivingRoom_WindowCovering_2,
G00457,집,HOME15,기기제어,Raise the blind,블라인드 올려,ask,,D1,T0,none,HOME15_LivingRoom_WindowCovering_1 HOME15_LivingRoom_WindowCovering_2 HOME15_LivingRoom_WindowCovering_3,
G00458,집,HOME04,기기제어,Open the blind.,블라인드 열어.,ask,,D1,T0,none,HOME04_LivingRoom_WindowCovering_1 HOME04_LivingRoom_WindowCovering_2,
G00459,집,HOME18,기기제어,I'd like you to raise the blinds.,블라인드 전부 올려 줬으면 해.,execute,,D1,T0,none,HOME18_LivingRoom_WindowCovering_1 HOME18_LivingRoom_WindowCovering_2,
G00460,집,HOME04,기기제어,could you open the blinds?,블라인드 전부 열어 줄 수 있어?,execute,,D1,T0,none,HOME04_LivingRoom_WindowCovering_1 HOME04_LivingRoom_WindowCovering_2,
G00461,집,HOME15,기기제어,Shut out the light from outside,바깥 빛 좀 차단해 줘,ask,,D1,T0,none,HOME15_Entrance_GarageDoor_1 HOME15_LivingRoom_WindowCovering_1 HOME15_LivingRoom_WindowCovering_2 HOME15_LivingRoom_WindowCovering_3,
G00462,집,HOME03,기기제어,Close the blinds.,블라인드 전부 닫아.,execute,,D1,T0,none,HOME03_LivingRoom_WindowCovering_1 HOME03_LivingRoom_WindowCovering_2,
G00463,집,HOME13,기기제어,please lower the blinds to 30 percent.,블라인드 전부 30퍼센트까지 좀 내려 줘.,execute,,D1,T0,none,HOME13_LivingRoom_WindowCovering_1 HOME13_LivingRoom_WindowCovering_2 HOME13_LivingRoom_WindowCovering_3 HOME13_Bedroom_WindowCovering_1 HOME13_Bedroom_WindowCovering_2 HOME13_Study_WindowCovering_1,
G00465,집,HOME11,기기제어,I'd like you to open the blinds.,블라인드 전부 열어 줬으면 해.,execute,,D1,T0,none,HOME11_Room_WindowCovering_1,
G00467,집,HOME09,기기제어,Close the blinds,블라인드 전부 닫아,execute,,D1,T0,none,HOME09_BabyRoom_WindowCovering_1,
G00469,집,HOME04,기기제어,please raise all the blinds.,모든 블라인드 올려 주세요.,execute,,D1,T0,none,HOME04_LivingRoom_WindowCovering_1 HOME04_LivingRoom_WindowCovering_2,
G00471,집,HOME18,기기제어,I'd like you to raise all the blinds.,모든 블라인드 올려 줬으면 해.,execute,,D1,T0,none,HOME18_LivingRoom_WindowCovering_1 HOME18_LivingRoom_WindowCovering_2,
G00472,집,HOME05,기기제어,I'd like you to pull the living room blinds shut.,거실 블라인드 닫아 줬으면 해.,execute,,D1,T0,none,HOME05_LivingRoom_WindowCovering_1 HOME05_LivingRoom_WindowCovering_2,
G00473,집,HOME05,기기제어,Lower the blinds to 50 percent,블라인드 전부 50퍼센트까지 내려,execute,,D1,T0,none,HOME05_LivingRoom_WindowCovering_1 HOME05_LivingRoom_WindowCovering_2,
G00474,집,HOME18,기기제어,Raise the blinds.,블라인드 전부 올려.,execute,,D1,T0,none,HOME18_LivingRoom_WindowCovering_1 HOME18_LivingRoom_WindowCovering_2,
G00475,집,HOME04,기기제어,please open the blinds.,블라인드 전부 열어 주세요.,execute,,D1,T0,none,HOME04_LivingRoom_WindowCovering_1 HOME04_LivingRoom_WindowCovering_2,
G00476,집,HOME15,기기제어,can you pull the blinds shut?,블라인드 전부 닫아 줄래?,execute,,D1,T0,none,HOME15_LivingRoom_WindowCovering_1 HOME15_LivingRoom_WindowCovering_2 HOME15_LivingRoom_WindowCovering_3,
G00477,집,HOME03,기기제어,I'd like you to close the blinds.,블라인드 전부 닫아 줬으면 해.,execute,,D1,T0,none,HOME03_LivingRoom_WindowCovering_1 HOME03_LivingRoom_WindowCovering_2,
G00478,집,HOME13,기기제어,could you lower the blinds to 70 percent?,블라인드 전부 70퍼센트까지 내려 줄 수 있어?,execute,,D1,T0,none,HOME13_LivingRoom_WindowCovering_1 HOME13_LivingRoom_WindowCovering_2 HOME13_LivingRoom_WindowCovering_3 HOME13_Bedroom_WindowCovering_1 HOME13_Bedroom_WindowCovering_2 HOME13_Study_WindowCovering_1,
G00480,집,HOME19,기기제어,Give me some privacy,안 보이게 가려 줘,execute,,D1,T0,none,HOME19_Study_WindowCovering_1,
G00481,집,HOME05,기기제어,can you lower the blinds to 70 percent?,블라인드 전부 70퍼센트까지 내려 줄래?,execute,,D1,T0,none,HOME05_LivingRoom_WindowCovering_1 HOME05_LivingRoom_WindowCovering_2,
G00483,집,HOME15,기기제어,could you close all the blinds?,모든 블라인드 닫아 줄 수 있어?,execute,,D1,T0,none,HOME15_LivingRoom_WindowCovering_1 HOME15_LivingRoom_WindowCovering_2 HOME15_LivingRoom_WindowCovering_3,
G00484,집,HOME15,기기제어,Pull the blinds shut,블라인드 전부 닫아,execute,,D1,T0,none,HOME15_LivingRoom_WindowCovering_1 HOME15_LivingRoom_WindowCovering_2 HOME15_LivingRoom_WindowCovering_3,
G00485,집,HOME08,기기제어,Lower all the blinds to 50 percent.,모든 블라인드 50퍼센트까지 내려.,execute,,D1,T0,none,HOME08_LivingRoom_WindowCovering_1,
G00486,집,HOME13,기기제어,please lower the blinds to 70 percent.,블라인드 전부 70퍼센트까지 좀 내려 줘.,execute,,D1,T0,none,HOME13_LivingRoom_WindowCovering_1 HOME13_LivingRoom_WindowCovering_2 HOME13_LivingRoom_WindowCovering_3 HOME13_Bedroom_WindowCovering_1 HOME13_Bedroom_WindowCovering_2 HOME13_Study_WindowCovering_1,
G00487,집,HOME03,기기제어,can you raise all the blinds?,모든 블라인드 올려 줄래?,execute,,D1,T0,none,HOME03_LivingRoom_WindowCovering_1 HOME03_LivingRoom_WindowCovering_2,
G00494,집,HOME18,기기제어,Pull all the blinds shut.,모든 블라인드 닫아.,execute,,D1,T0,none,HOME18_LivingRoom_WindowCovering_1 HOME18_LivingRoom_WindowCovering_2,
G00496,집,HOME03,기기제어,Close all the blinds.,모든 블라인드 닫아.,execute,,D1,T0,none,HOME03_LivingRoom_WindowCovering_1 HOME03_LivingRoom_WindowCovering_2,
G00497,집,HOME04,기기제어,Raise all the blinds,모든 블라인드 올려,execute,,D1,T0,none,HOME04_LivingRoom_WindowCovering_1 HOME04_LivingRoom_WindowCovering_2,
G00498,집,HOME04,기기제어,please block the sun.,햇빛 좀 막아 줘.,execute,,D1,T0,none,HOME04_LivingRoom_WindowCovering_1 HOME04_LivingRoom_WindowCovering_2,
G00499,집,HOME05,기기제어,please lower all the blinds to 80 percent.,모든 블라인드 80퍼센트까지 내려 주세요.,execute,,D1,T0,none,HOME05_LivingRoom_WindowCovering_1 HOME05_LivingRoom_WindowCovering_2,
G00505,집,HOME07,기기제어,can you make sure the entrance door lock is locked?,현관 도어락 잠겼는지 봐 줄래?,execute,,D1,T0,none,HOME07_Entrance_DoorLock_1,
G00506,집,HOME15,기기제어,I'd like you to lock the entrance door lock.,현관 도어락 잠가 줬으면 해.,execute,,D1,T0,none,HOME15_Entrance_DoorLock_1,
G00509,집,HOME07,기기제어,Lock the entrance door lock.,현관 도어락 잠가.,execute,,D1,T0,none,HOME07_Entrance_DoorLock_1,
G00510,집,HOME05,기기제어,can you unlock the entrance door lock?,현관 도어락 열어 줄래?,execute,,D1,T0,none,HOME05_Entrance_DoorLock_1,
G00512,집,HOME12,기기제어,could you lock the entrance door lock?,현관 도어락 잠가 줄 수 있어?,execute,,D1,T0,none,HOME12_Entrance_DoorLock_1,
G00513,집,HOME07,기기제어,could you unlock the entrance door lock?,현관 도어락 열어 줄 수 있어?,execute,,D1,T0,none,HOME07_Entrance_DoorLock_1,
G00514,집,HOME10,기기제어,Lock the entrance door lock,현관 도어락 잠가,execute,,D1,T0,none,HOME10_Entrance_DoorLock_1,
G00517,집,HOME10,기기제어,Unlock the door lock,도어락 열어,execute,,D1,T0,none,HOME10_Entrance_DoorLock_1,
G00518,집,HOME18,기기제어,can you lock the entrance door lock?,현관 도어락 잠가 줄래?,execute,,D1,T0,none,HOME18_Entrance_DoorLock_1,
G00520,집,HOME19,기기제어,can you make sure the door lock is locked?,도어락 잠겼는지 봐 줄래?,execute,,D1,T0,none,HOME19_Entrance_DoorLock_1,
G00523,집,HOME12,기기제어,can you lock the door lock?,도어락 잠가 줄래?,execute,,D1,T0,none,HOME12_Entrance_DoorLock_1,
G00526,집,HOME07,기기제어,I do not feel safe,불안해,execute,,D1,T0,none,HOME07_Entrance_DoorLock_1,
G00527,집,HOME05,기기제어,please lock the entrance door lock.,현관 도어락 좀 잠가 줘.,execute,,D1,T0,none,HOME05_Entrance_DoorLock_1,
G00528,집,HOME03,기기제어,Unlock the door lock.,도어락 열어.,execute,,D1,T0,none,HOME03_Entrance_DoorLock_1,
G00529,집,HOME18,기기제어,Lock all the door locks,모든 도어락 잠가,execute,,D1,T0,none,HOME18_Entrance_DoorLock_1,
G00530,집,HOME09,기기제어,please lock the door lock.,도어락 좀 잠가 줘.,execute,,D1,T0,none,HOME09_Entrance_DoorLock_1,
G00532,집,HOME08,기기제어,could you make sure the door lock is locked?,도어락 잠겼는지 봐 줄 수 있어?,execute,,D1,T0,none,HOME08_Entrance_DoorLock_1,
G00533,집,HOME15,기기제어,I'd like you to unlock the entrance door lock.,현관 도어락 열어 줬으면 해.,execute,,D1,T0,none,HOME15_Entrance_DoorLock_1,
G00534,집,HOME08,기기제어,Unlock the entrance door lock.,현관 도어락 열어.,execute,,D1,T0,none,HOME08_Entrance_DoorLock_1,
G00537,집,HOME15,기기제어,I'd like you to unlock the door lock.,도어락 열어 줬으면 해.,execute,,D1,T0,none,HOME15_Entrance_DoorLock_1,
G00539,집,HOME13,기기제어,could you lock all the door locks?,모든 도어락 잠가 줄 수 있어?,execute,,D1,T0,none,HOME13_Entrance_DoorLock_1,
G00540,집,HOME12,기기제어,please unlock all the door locks.,모든 도어락 좀 열어 줘.,execute,,D1,T0,none,HOME12_Entrance_DoorLock_1,
G00543,집,HOME03,기기제어,I'd like you to run the fan for 3 minutes.,선풍기를 3분 동안 돌려 줬으면 해.,ask,,D1,T0,none,HOME03_Bathroom_Fan_1 HOME03_LivingRoom_Fan_1 HOME03_LivingRoom_Fan_2,
G00544,집,HOME01,기기제어,It feels stuffy.,답답해.,ask,,D1,T0,none,HOME01_Room_AirConditioner_1 HOME01_Room_Fan_1 HOME01_Room_Fan_2,
G00546,집,HOME17,기기제어,Turn the fan off.,선풍기 꺼.,ask,,D1,T0,none,HOME17_Bathroom_Fan_1 HOME17_Room_Fan_1 HOME17_Room_Fan_2,
G00547,집,HOME03,기기제어,please run the fan for 2 minutes.,선풍기를 2분 동안 돌려 주세요.,ask,,D1,T0,none,HOME03_Bathroom_Fan_1 HOME03_LivingRoom_Fan_1 HOME03_LivingRoom_Fan_2,
G00548,집,HOME08,기기제어,can you turn on the living room fan?,거실 선풍기 켜 줄래?,execute,,D1,T0,none,HOME08_LivingRoom_Fan_1,
G00549,집,HOME19,기기제어,I'd like you to set the study fan to high.,서재 선풍기 세게 틀어 줬으면 해.,execute,,D1,T0,none,HOME19_Study_Fan_1,
G00550,집,HOME04,기기제어,could you turn the living room fan off?,거실 선풍기 꺼 줄 수 있어?,execute,,D1,T0,none,HOME04_LivingRoom_Fan_1,
G00551,집,HOME13,기기제어,Run the bedroom fan for 20 minutes,침실 선풍기를 20분 동안 돌려,execute,,D1,T0,none,HOME13_Bedroom_Fan_1,
G00553,집,HOME09,기기제어,The air is not moving,바람이 하나도 없어,ask,,D1,T0,none,HOME09_BabyRoom_AirConditioner_1 HOME09_BabyRoom_AirPurifier_1 HOME09_BabyRoom_Fan_1 HOME09_LivingRoom_AirConditioner_1 HOME09_LivingRoom_AirPurifier_1,
G00554,집,HOME20,기기제어,can you turn the kitchen fan off?,주방 선풍기 꺼 줄래?,execute,,D1,T0,none,HOME20_Kitchen_Fan_1,
G00555,집,HOME05,기기제어,I'd like you to run the living room fan for 10 minutes.,거실 선풍기를 10분 동안 돌려 줬으면 해.,execute,,D1,T0,none,HOME05_LivingRoom_Fan_1,
G00556,집,HOME14,기기제어,could you turn on the bathroom fan?,욕실 선풍기 켜 줄 수 있어?,execute,,D1,T0,none,HOME14_Bathroom_Fan_1,
G00557,집,HOME01,기기제어,Set the room fan to high,방 선풍기 세게 틀어,execute,,D1,T0,none,HOME01_Room_Fan_1 HOME01_Room_Fan_2,
G00558,집,HOME10,기기제어,Turn the living room fan off.,거실 선풍기 꺼.,execute,,D1,T0,none,HOME10_LivingRoom_Fan_1,
G00560,집,HOME06,기기제어,can you turn on the bathroom fan?,욕실 선풍기 켜 줄래?,execute,,D1,T0,none,HOME06_Bathroom_Fan_1,
G00561,집,HOME17,기기제어,I'd like you to set the room fan to high.,방 선풍기 세게 틀어 줬으면 해.,execute,,D1,T0,none,HOME17_Room_Fan_1 HOME17_Room_Fan_2,
G00562,집,HOME03,기기제어,could you get some air moving?,바람 좀 통하게 해 줄 수 있어?,ask,,D1,T0,none,HOME03_Bathroom_Fan_1 HOME03_Bedroom_AirConditioner_1 HOME03_LivingRoom_AirConditioner_1 HOME03_LivingRoom_AirPurifier_1 HOME03_LivingRoom_Fan_1 HOME03_LivingRoom_Fan_2,
G00563,집,HOME12,기기제어,Run the living room fan for 30 minutes,거실 선풍기를 30분 동안 돌려,execute,,D1,T0,none,HOME12_LivingRoom_Fan_1,
G00564,집,HOME20,기기제어,There is no air in here.,여기 공기가 안 통해.,ask,,D1,T0,none,HOME20_Kitchen_Fan_1 HOME20_Kitchen_RangeHood_1 HOME20_LivingRoom_AirConditioner_1 HOME20_LivingRoom_Thermostat_1,
G00566,집,HOME14,기기제어,I'd like you to set the bathroom fan to high.,욕실 선풍기 세게 틀어 줬으면 해.,execute,,D1,T0,none,HOME14_Bathroom_Fan_1,
G00567,집,HOME01,기기제어,could you turn the room fan off?,방 선풍기 꺼 줄 수 있어?,execute,,D1,T0,none,HOME01_Room_Fan_1 HOME01_Room_Fan_2,
G00568,집,HOME10,기기제어,Run the living room fan for 3 minutes,거실 선풍기를 3분 동안 돌려,execute,,D1,T0,none,HOME10_LivingRoom_Fan_1,
G00570,집,HOME06,기기제어,please set the bathroom fan to high.,욕실 선풍기 세게 틀어 주세요.,execute,,D1,T0,none,HOME06_Bathroom_Fan_1,
G00571,집,HOME17,기기제어,can you turn the room fan off?,방 선풍기 꺼 줄래?,execute,,D1,T0,none,HOME17_Room_Fan_1 HOME17_Room_Fan_2,
G00572,집,HOME03,기기제어,The air is not moving.,바람이 하나도 없어.,ask,,D1,T0,none,HOME03_Bathroom_Fan_1 HOME03_Bedroom_AirConditioner_1 HOME03_LivingRoom_AirConditioner_1 HOME03_LivingRoom_AirPurifier_1 HOME03_LivingRoom_Fan_1 HOME03_LivingRoom_Fan_2,
G00573,집,HOME12,기기제어,could you turn on the living room fan?,거실 선풍기 켜 줄 수 있어?,execute,,D1,T0,none,HOME12_LivingRoom_Fan_1,
G00575,집,HOME08,기기제어,I'd like you to turn on the living room fan.,거실 선풍기 켜 줬으면 해.,execute,,D1,T0,none,HOME08_LivingRoom_Fan_1,
G00576,집,HOME19,기기제어,please run the study fan for 60 minutes.,서재 선풍기를 60분 동안 돌려 주세요.,execute,,D1,T0,none,HOME19_Study_Fan_1,
G00577,집,HOME13,기기제어,can you run the bedroom fan for 2 minutes?,침실 선풍기를 2분 동안 돌려 줄래?,execute,,D1,T0,none,HOME13_Bedroom_Fan_1,
G00578,집,HOME13,기기제어,I'd like you to set the bedroom fan to high.,침실 선풍기 세게 틀어 줬으면 해.,execute,,D1,T0,none,HOME13_Bedroom_Fan_1,
G00580,집,HOME09,기기제어,Run the nursery fan for 60 minutes,아기방 선풍기를 60분 동안 돌려,execute,,D1,T0,none,HOME09_BabyRoom_Fan_1,
G00581,집,HOME13,기기제어,Get some air moving,바람 좀 통하게 해 줘,ask,,D1,T0,none,HOME13_Bedroom_AirConditioner_1 HOME13_Bedroom_Fan_1 HOME13_LivingRoom_AirConditioner_1 HOME13_LivingRoom_AirPurifier_1,
G00582,집,HOME05,기기제어,please set the living room fan to high.,거실 선풍기 세게 좀 틀어 줘.,execute,,D1,T0,none,HOME05_LivingRoom_Fan_1,
G00583,집,HOME14,기기제어,can you turn the bathroom fan off?,욕실 선풍기 꺼 줄래?,execute,,D1,T0,none,HOME14_Bathroom_Fan_1,
G00584,집,HOME01,기기제어,I'd like you to run the room fan for 20 minutes.,방 선풍기를 20분 동안 돌려 줬으면 해.,execute,,D1,T0,none,HOME01_Room_Fan_1 HOME01_Room_Fan_2,
G00585,집,HOME01,기기제어,could you set the room fan to high?,방 선풍기 세게 틀어 줄 수 있어?,execute,,D1,T0,none,HOME01_Room_Fan_1 HOME01_Room_Fan_2,
G00586,집,HOME17,상태조회,How much power is the plug pulling,플러그 전력 얼마나 쓰고 있어?,ask,,D1,T0,none,HOME17_Room_Plug_1 HOME17_Room_Plug_2,Speaker.Speak
G00590,집,HOME05,상태조회,How much power is the fan pulling.,선풍기 전력 얼마나 쓰고 있어?,execute,,D1,T0,none,HOME05_LivingRoom_Fan_1,NotificationProvider.SendPush
G00591,집,HOME12,상태조회,Is everything alright at home,집에 별일 없어,ask,,D1,T0,none,HOME12_LivingRoom_RobotVacuumCleaner_1 HOME12_System_GlobalVariable HOME12_System_WeatherProvider,Speaker.Speak
G00592,집,HOME19,상태조회,How much power is the plug pulling.,플러그 전력 얼마나 쓰고 있어?,ask,,D1,T0,none,HOME19_Study_Plug_1 HOME19_Study_Plug_2 HOME19_Study_Plug_3,NotificationProvider.SendPush
G00599,집,HOME20,상태조회,Is anyone in the bedroom,침실에 사람 있어?,execute,,D1,T0,none,HOME20_System_PersonTracker,NotificationProvider.SendPush
G00604,집,HOME08,상태조회,Is anyone in the living room.,거실에 사람 있어?,execute,,D1,T0,none,,NotificationProvider.SendPush
G00605,집,HOME19,상태조회,Is anyone in the living room,거실에 사람 있어?,execute,,D1,T0,none,HOME19_Study_PresenceSensor_1,NotificationProvider.SendPush
G00610,집,HOME11,상태조회,How humid is room.,방 습도 얼마야?,refuse,no_device,D1,T0,none,,
G00611,집,HOME10,상태조회,Tell me if the entrance door sensor is open,현관 문열림 센서 열려 있는지 알려 줘,execute,,D1,T0,none,HOME10_Entrance_ContactSensor_1,Speaker.Speak
G00612,집,HOME14,상태조회,What is the fan set to.,선풍기 몇으로 맞춰져 있어?,execute,,D1,T0,none,HOME14_Bathroom_Fan_1,Speaker.Speak
G00613,집,HOME08,상태조회,Is all the plugs on right now.,모든 플러그 지금 켜져 있어?,execute,,D1,T0,none,HOME08_LivingRoom_Plug_1 HOME08_LivingRoom_Plug_2,NotificationProvider.SendPush
G00618,집,HOME17,상태조회,What is the situation.,지금 상황이 어때.,execute,,D1,T0,none,HOME17_System_GlobalVariable,Speaker.Speak
G00623,집,HOME02,기기제어,Turn off the switch,스위치 꺼,ask,,D1,T0,none,HOME02_LivingRoom_Light_1 HOME02_LivingRoom_Light_2 HOME02_Bedroom_Light_1 HOME02_Kitchen_Light_1 HOME02_LivingRoom_AirConditioner_1 HOME02_LivingRoom_Television_1 HOME02_LivingRoom_AirPurifier_1,
G00624,집,HOME09,기기제어,Turn on the switch.,스위치 켜.,ask,,D1,T0,none,HOME09_LivingRoom_Light_1 HOME09_LivingRoom_Light_2 HOME09_BabyRoom_Light_1 HOME09_BabyRoom_ColorControl_1 HOME09_Bedroom_Light_1 HOME09_Kitchen_Light_1 HOME09_LivingRoom_AirConditioner_1 HOME09_BabyRoom_AirConditioner_1 HOME09_BabyRoom_Humidifier_1 HOME09_BabyRoom_AirPurifier_1 HOME09_LivingRoom_AirPurifier_1,
G00625,집,HOME16,기기제어,please switch the switch on.,스위치 켜 주세요.,ask,,D1,T0,none,HOME16_LivingRoom_Light_1 HOME16_LivingRoom_Light_2 HOME16_Bedroom_Light_1 HOME16_Garden_Light_1 HOME16_Entrance_Siren_1,
G00628,집,HOME06,기기제어,Shut everything down in here,여기 다 꺼 줘,ask,,D1,T0,none,HOME06_Bathroom_Fan_1 HOME06_Bathroom_Light_1 HOME06_Bathroom_Light_2 HOME06_Bedroom_AirConditioner_1 HOME06_Bedroom_Light_1 HOME06_Bedroom_Light_2 HOME06_Entrance_Siren_1 HOME06_Garage_Light_1 HOME06_Garden_Light_1 HOME06_Garden_Light_2 HOME06_Hallway_Light_1 HOME06_Kitchen_Light_1 HOME06_Kitchen_Light_2 HOME06_LivingRoom_AirConditioner_1 HOME06_LivingRoom_AirConditioner_2 HOME06_LivingRoom_Light_1 HOME06_LivingRoom_Light_2 HOME06_LivingRoom_Light_3 HOME06_LivingRoom_Light_4 HOME06_LivingRoom_Television_1 HOME06_LivingRoom_Thermostat_1 HOME06_Study_Light_1 HOME06_Utility_WaterHeater_1,
G00629,집,HOME13,기기제어,Turn on all the switches.,모든 스위치 켜.,execute,,D1,T0,none,HOME13_LivingRoom_Light_1 HOME13_LivingRoom_Light_2 HOME13_LivingRoom_Light_3 HOME13_Bedroom_Light_1 HOME13_Bedroom_Light_2 HOME13_Kitchen_Light_1 HOME13_Study_Light_1 HOME13_LivingRoom_AirConditioner_1 HOME13_Bedroom_AirConditioner_1 HOME13_LivingRoom_AirPurifier_1 HOME13_LivingRoom_Television_1,
G00630,집,HOME20,기기제어,please switch all the switches on.,모든 스위치 켜 주세요.,execute,,D1,T0,none,HOME20_LivingRoom_Light_1 HOME20_LivingRoom_Light_2 HOME20_Kitchen_Light_1 HOME20_Bedroom_Light_1 HOME20_LivingRoom_AirConditioner_1,
G00633,집,HOME01,기기제어,could you turn on all the switches?,모든 스위치 켜 줄 수 있어?,execute,,D1,T0,none,HOME01_Room_Light_1 HOME01_Room_Light_2 HOME01_Room_AirConditioner_1 HOME01_Room_Fan_1 HOME01_Room_Plug_1 HOME01_Room_Plug_2,
G00634,집,HOME08,기기제어,Switch all the switches on,모든 스위치 켜,execute,,D1,T0,none,HOME08_LivingRoom_Light_1 HOME08_LivingRoom_Light_2 HOME08_Bedroom_Light_1 HOME08_Kitchen_Light_1 HOME08_LivingRoom_AirConditioner_1 HOME08_LivingRoom_AirPurifier_1 HOME08_LivingRoom_Television_1 HOME08_LivingRoom_Plug_1 HOME08_LivingRoom_Plug_2,
G00635,집,HOME15,기기제어,Toggle all the switches.,모든 스위치 껐다 켜.,execute,,D1,T0,none,HOME15_LivingRoom_Light_1 HOME15_LivingRoom_Light_2 HOME15_LivingRoom_Light_3 HOME15_LivingRoom_Light_4 HOME15_Bedroom_Light_1 HOME15_Bedroom_Light_2 HOME15_Study_Light_1 HOME15_Study_Light_2 HOME15_LivingRoom_ColorControl_1 HOME15_LivingRoom_ColorControl_2 HOME15_Hallway_Switch_1 HOME15_Hallway_Switch_2 HOME15_Hallway_Switch_3 HOME15_Hallway_Switch_4 HOME15_Hallway_Switch_5 HOME15_Hallway_Switch_6 HOME15_Kitchen_Light_1 HOME15_LivingRoom_LevelControl_1 HOME15_LivingRoom_LevelControl_2 HOME15_LivingRoom_AirConditioner_1 HOME15_LivingRoom_AirPurifier_1 HOME15_Bedroom_AirPurifier_1 HOME15_Bedroom_Humidifier_1 HOME15_LivingRoom_Plug_1 HOME15_LivingRoom_Plug_2 HOME15_LivingRoom_Plug_3 HOME15_LivingRoom_Television_1,
G00639,집,HOME03,기기제어,could you toggle all the switches?,모든 스위치 껐다 켜 줄 수 있어?,execute,,D1,T0,none,HOME03_LivingRoom_Light_1 HOME03_LivingRoom_Light_2 HOME03_LivingRoom_Light_3 HOME03_Bedroom_Light_1 HOME03_Bedroom_Light_2 HOME03_Kitchen_Light_1 HOME03_Bathroom_Light_1 HOME03_Hallway_Light_1 HOME03_LivingRoom_AirConditioner_1 HOME03_Bedroom_AirConditioner_1 HOME03_LivingRoom_Television_1 HOME03_LivingRoom_Fan_1 HOME03_LivingRoom_Fan_2 HOME03_LivingRoom_AirPurifier_1,
G00640,집,HOME10,기기제어,Turn off all the switches,모든 스위치 꺼,execute,,D1,T0,none,HOME10_LivingRoom_Light_1 HOME10_LivingRoom_Light_2 HOME10_Bedroom_Light_1 HOME10_Bathroom_Light_1 HOME10_Hallway_Light_1 HOME10_LivingRoom_Siren_1,
G00641,집,HOME20,기기제어,I'd like you to switch the kitchen switch on.,주방 스위치 켜 줬으면 해.,execute,,D1,T0,none,HOME20_Kitchen_Light_1,
G00646,집,HOME05,기기제어,could you shut everything down in here?,여기 다 꺼 줄 수 있어?,ask,,D1,T0,none,HOME05_Bedroom_AirConditioner_1 HOME05_Bedroom_Light_1 HOME05_Bedroom_Light_2 HOME05_Kitchen_Light_1 HOME05_LivingRoom_AirConditioner_1 HOME05_LivingRoom_Fan_1 HOME05_LivingRoom_Light_1 HOME05_LivingRoom_Light_2 HOME05_LivingRoom_Light_3 HOME05_LivingRoom_Thermostat_1 HOME05_LivingRoom_Thermostat_2 HOME05_Stairs_Light_1 HOME05_Study_Light_1 HOME05_Utility_WaterHeater_1,
G00648,집,HOME18,기기제어,Switch the bedroom switch on,침실 스위치 켜,execute,,D1,T0,none,HOME18_Bedroom_Light_1 HOME18_Bedroom_Light_2 HOME18_Bedroom_AirConditioner_1,
G00651,집,HOME06,기기제어,I'd like you to switch the hallway switch on.,복도 스위치 켜 줬으면 해.,execute,,D1,T0,none,HOME06_Hallway_Light_1,
G00659,집,HOME05,기기제어,I'd like you to stop the vacuum.,로봇청소기 멈춰 줬으면 해.,execute,,D1,T0,none,HOME05_LivingRoom_RobotVacuumCleaner_1,
G00660,집,HOME18,기기제어,could you run the vacuum in the utility?,로봇청소기로 다용도실 청소해 줄 수 있어?,execute,,D1,T0,none,HOME18_LivingRoom_RobotVacuumCleaner_1,
G00661,집,HOME07,기기제어,Send the vacuum back to its dock,로봇청소기 충전대로 보내,execute,,D1,T0,none,HOME07_LivingRoom_RobotVacuumCleaner_1,
G00662,집,HOME02,기기제어,Start the vacuum.,로봇청소기 켜.,execute,,D1,T0,none,HOME02_LivingRoom_RobotVacuumCleaner_1,
G00663,집,HOME12,기기제어,please stop the living room vacuum.,거실 로봇청소기 멈춰 주세요.,execute,,D1,T0,none,HOME12_LivingRoom_RobotVacuumCleaner_1,
G00664,집,HOME04,기기제어,The floor is dirty.,바닥이 더러워.,execute,,D1,T0,none,HOME04_LivingRoom_RobotVacuumCleaner_1,
G00665,집,HOME15,기기제어,I'd like you to send the Samsung robot vacuum back to its dock.,삼성 로봇청소기 충전대로 보내 줬으면 해.,execute,,D1,T0,none,HOME15_LivingRoom_RobotVacuumCleaner_1,
G00666,집,HOME06,기기제어,could you start the living room vacuum?,거실 로봇청소기 켜 줄 수 있어?,execute,,D1,T0,none,HOME06_LivingRoom_RobotVacuumCleaner_1,
G00668,집,HOME08,기기제어,Run the vacuum in the bedroom.,로봇청소기로 침실 청소해.,execute,,D1,T0,none,HOME08_LivingRoom_RobotVacuumCleaner_1,
G00669,집,HOME03,기기제어,please send the living room vacuum back to its dock.,거실 로봇청소기 충전대로 좀 보내 줘.,execute,,D1,T0,none,HOME03_LivingRoom_RobotVacuumCleaner_1,
G00670,집,HOME18,기기제어,Send the living room vacuum back to its dock,거실 로봇청소기 충전대로 보내,execute,,D1,T0,none,HOME18_LivingRoom_RobotVacuumCleaner_1,
G00671,집,HOME13,기기제어,please run the vacuum in the kitchen.,로봇청소기로 주방 청소해 주세요.,execute,,D1,T0,none,HOME13_LivingRoom_RobotVacuumCleaner_1,
G00672,집,HOME12,기기제어,can you send the living room vacuum back to its dock?,거실 로봇청소기 충전대로 보내 줄래?,execute,,D1,T0,none,HOME12_LivingRoom_RobotVacuumCleaner_1,
G00673,집,HOME08,기기제어,Run the vacuum in the living room.,로봇청소기로 거실 청소해.,execute,,D1,T0,none,HOME08_LivingRoom_RobotVacuumCleaner_1,
G00674,집,HOME03,기기제어,The floor is dirty,바닥이 더러워,execute,,D1,T0,none,HOME03_LivingRoom_RobotVacuumCleaner_1,
G00675,집,HOME13,기기제어,can you start the living room vacuum?,거실 로봇청소기 켜 줄래?,execute,,D1,T0,none,HOME13_LivingRoom_RobotVacuumCleaner_1,
G00676,집,HOME05,기기제어,I'd like you to stop the living room vacuum.,거실 로봇청소기 멈춰 줬으면 해.,execute,,D1,T0,none,HOME05_LivingRoom_RobotVacuumCleaner_1,
G00677,집,HOME18,기기제어,could you run the vacuum in the living room?,로봇청소기로 거실 청소해 줄 수 있어?,execute,,D1,T0,none,HOME18_LivingRoom_RobotVacuumCleaner_1,
G00678,집,HOME18,기기제어,could you send the living room vacuum back to its dock?,거실 로봇청소기 충전대로 보내 줄 수 있어?,execute,,D1,T0,none,HOME18_LivingRoom_RobotVacuumCleaner_1,
G00679,집,HOME02,기기제어,Start the living room vacuum.,거실 로봇청소기 켜.,execute,,D1,T0,none,HOME02_LivingRoom_RobotVacuumCleaner_1,
G00680,집,HOME15,기기제어,Run the vacuum in the entrance,로봇청소기로 현관 청소해,execute,,D1,T0,none,HOME15_LivingRoom_RobotVacuumCleaner_1,
G00681,집,HOME04,기기제어,can you run the vacuum in the living room?,로봇청소기로 거실 청소해 줄래?,execute,,D1,T0,none,HOME04_LivingRoom_RobotVacuumCleaner_1,
G00682,집,HOME04,기기제어,I'd like you to run the vacuum in the study.,로봇청소기로 서재 청소해 줬으면 해.,execute,,D1,T0,none,HOME04_LivingRoom_RobotVacuumCleaner_1,
G00683,집,HOME06,기기제어,There are crumbs everywhere.,부스러기가 여기저기 있어.,ask,,D1,T0,none,HOME06_Garden_Mower_1 HOME06_LivingRoom_RobotVacuumCleaner_1,
G00684,집,HOME15,기기제어,Send the living room vacuum back to its dock.,거실 로봇청소기 충전대로 보내.,execute,,D1,T0,none,HOME15_LivingRoom_RobotVacuumCleaner_1,
G00685,집,HOME06,기기제어,Stop the living room vacuum,거실 로봇청소기 멈춰,execute,,D1,T0,none,HOME06_LivingRoom_RobotVacuumCleaner_1,
G00686,집,HOME06,기기제어,can you stop the vacuum?,로봇청소기 멈춰 줄래?,execute,,D1,T0,none,HOME06_LivingRoom_RobotVacuumCleaner_1,
G00687,집,HOME02,기기제어,Run the vacuum in the entrance.,로봇청소기로 현관 청소해.,execute,,D1,T0,none,HOME02_LivingRoom_RobotVacuumCleaner_1,
G00688,집,HOME03,기기제어,Start the living room vacuum,거실 로봇청소기 켜,execute,,D1,T0,none,HOME03_LivingRoom_RobotVacuumCleaner_1,
G00689,집,HOME12,기기제어,can you stop the living room vacuum?,거실 로봇청소기 멈춰 줄래?,execute,,D1,T0,none,HOME12_LivingRoom_RobotVacuumCleaner_1,
G00690,집,HOME18,기기제어,I'd like you to send the vacuum back to its dock.,로봇청소기 충전대로 보내 줬으면 해.,execute,,D1,T0,none,HOME18_LivingRoom_RobotVacuumCleaner_1,
G00691,집,HOME19,기기제어,can you set the living room thermostat to 22 degrees?,거실 온도조절기 22도로 맞춰 줄래?,execute,,D1,T0,none,HOME19_LivingRoom_Thermostat_1,
G00692,집,HOME07,기기제어,I'd like you to warm this room up.,이 방 좀 따뜻하게 해 줬으면 해.,ask,,D1,T0,none,HOME07_Bedroom_ElectricBlanket_1 HOME07_LivingRoom_AirConditioner_1 HOME07_LivingRoom_Thermostat_1,
G00694,집,HOME14,기기제어,Turn the heating up to 24,난방 24도로 올려,execute,,D1,T0,none,HOME14_LivingRoom_Thermostat_1,
G00695,집,HOME02,기기제어,Set the living room thermostat to 18 degrees.,거실 온도조절기 18도로 맞춰.,execute,,D1,T0,none,HOME02_LivingRoom_Thermostat_1,
G00696,집,HOME18,기기제어,please turn the heating off.,난방 좀 꺼 줘.,execute,,D1,T0,none,HOME18_LivingRoom_Thermostat_1,
G00697,집,HOME06,기기제어,can you put the living room thermostat on 19 degrees?,거실 온도조절기 19도로 해 줄래?,execute,,D1,T0,none,HOME06_LivingRoom_Thermostat_1,
G00698,집,HOME20,기기제어,I'd like you to turn the heating up to 20.,난방 20도로 올려 줬으면 해.,execute,,D1,T0,none,HOME20_LivingRoom_Thermostat_1,
G00699,집,HOME11,기기제어,could you set the room thermostat to 22 degrees?,방 온도조절기 22도로 맞춰 줄 수 있어?,execute,,D1,T0,none,HOME11_Room_Thermostat_1,
G00701,집,HOME16,기기제어,Warm this room up.,이 방 좀 따뜻하게 해 줘.,execute,,D1,T0,none,HOME16_LivingRoom_Thermostat_1,
G00702,집,HOME05,기기제어,please turn the heating up to 24.,난방 24도로 좀 올려 줘.,execute,,D1,T0,none,HOME05_LivingRoom_Thermostat_1 HOME05_LivingRoom_Thermostat_2,
G00703,집,HOME19,기기제어,can you set the living room thermostat to 18 degrees?,거실 온도조절기 18도로 맞춰 줄래?,execute,,D1,T0,none,HOME19_LivingRoom_Thermostat_1,
G00704,집,HOME07,기기제어,I'd like you to turn the heating off.,난방 꺼 줬으면 해.,execute,,D1,T0,none,HOME07_LivingRoom_Thermostat_1,
G00706,집,HOME14,기기제어,Turn the heating up to 20,난방 20도로 올려,execute,,D1,T0,none,HOME14_LivingRoom_Thermostat_1,
G00707,집,HOME02,기기제어,Set the living room thermostat to 25 degrees.,거실 온도조절기 25도로 맞춰.,execute,,D1,T0,none,HOME02_LivingRoom_Thermostat_1,
G00708,집,HOME14,기기제어,Set the thermostat to 21 degrees,온도조절기 21도로 맞춰,execute,,D1,T0,none,HOME14_LivingRoom_Thermostat_1,
G00709,집,HOME07,기기제어,Put the thermostat on 19 degrees,온도조절기 19도로 해,execute,,D1,T0,none,HOME07_LivingRoom_Thermostat_1,
G00710,집,HOME02,기기제어,It is freezing in here,여기 얼어 죽겠어,ask,,D1,T0,none,HOME02_LivingRoom_AirConditioner_1 HOME02_LivingRoom_Thermostat_1,
G00711,집,HOME16,기기제어,can you turn the heating up to 19?,난방 19도로 올려 줄래?,execute,,D1,T0,none,HOME16_LivingRoom_Thermostat_1,
G00712,집,HOME14,기기제어,I'd like you to take the chill off.,한기 좀 없애 줬으면 해.,ask,,D1,T0,none,HOME14_Bedroom_ElectricBlanket_1 HOME14_LivingRoom_Thermostat_1,
G00713,집,HOME06,기기제어,can you put the thermostat on 19 degrees?,온도조절기 19도로 해 줄래?,execute,,D1,T0,none,HOME06_LivingRoom_Thermostat_1,
G00715,집,HOME01,기기제어,can you cancel the timer?,타이머 취소해 줄래?,refuse,no_service,D1,T0,none,,
G00716,집,HOME08,기기제어,I'd like you to set a 30 minute timer.,30분 타이머 맞춰 줬으면 해.,refuse,no_service,D1,T0,none,,
G00717,집,HOME15,기기제어,could you start a countdown for 15 minutes?,15분 카운트다운 시작해 줄 수 있어?,refuse,no_service,D1,T0,none,,
G00721,집,HOME19,기기제어,please cancel the timer.,타이머 취소해 주세요.,refuse,no_service,D1,T0,none,,
G00722,집,HOME10,기기제어,I'd like you to set a 5 minute timer.,5분 타이머 맞춰 줬으면 해.,refuse,no_service,D1,T0,none,,
G00723,집,HOME17,기기제어,could you start a countdown for 30 minutes?,30분 카운트다운 시작해 줄 수 있어?,refuse,no_service,D1,T0,none,,
G00728,집,HOME12,기기제어,I'd like you to set a 45 minute timer.,45분 타이머 맞춰 줬으면 해.,refuse,no_service,D1,T0,none,,
G00729,집,HOME05,기기제어,I'd like you to remind me in a bit.,조금 있다 알려 줬으면 해.,refuse,no_service,D1,T0,none,,
G00733,집,HOME10,기기제어,Start a countdown for 2 minutes.,2분 카운트다운 시작해 줘.,refuse,no_service,D1,T0,none,,
G00735,집,HOME19,기기제어,could you cancel the timer?,타이머 취소해 줄 수 있어?,refuse,no_service,D1,T0,none,,
G00737,집,HOME04,기기제어,please start a countdown for 30 minutes.,30분 카운트다운 시작해 주세요.,refuse,no_service,D1,T0,none,,
G00738,집,HOME16,기기제어,Set a 10 minute timer,10분 타이머 맞춰 줘,refuse,no_service,D1,T0,none,,
G00739,집,HOME17,기기제어,Give me a few minutes,몇 분만 줘,refuse,no_service,D1,T0,none,,
G00741,집,HOME04,기기제어,Set a 3 minute timer,3분 타이머 맞춰 줘,refuse,no_service,D1,T0,none,,
G00751,집,HOME16,기기제어,Shut the garden garage door.,마당 차고문 닫아.,execute,,D1,T0,none,HOME16_Garden_GarageDoor_1,
G00754,집,HOME07,기기제어,please open the garage door.,차고문 열어 주세요.,execute,,D1,T0,none,HOME07_Garage_GarageDoor_1,
G00757,집,HOME06,기기제어,I parked already,주차 다 했어,ask,,D1,T0,none,HOME06_Bedroom_WindowCovering_1 HOME06_Bedroom_WindowCovering_2 HOME06_Garage_GarageDoor_1 HOME06_Garden_Valve_1 HOME06_LivingRoom_WindowCovering_1 HOME06_LivingRoom_WindowCovering_2 HOME06_LivingRoom_WindowCovering_3,
G00758,집,HOME06,기기제어,Shut the garage door.,차고문 닫아.,execute,,D1,T0,none,HOME06_Garage_GarageDoor_1,
G00759,집,HOME15,기기제어,can you shut the entrance garage door?,현관 차고문 닫아 줄래?,execute,,D1,T0,none,HOME15_Entrance_GarageDoor_1,
G00760,집,HOME16,기기제어,I'd like you to close the garden garage door.,마당 차고문 닫아 줬으면 해.,execute,,D1,T0,none,HOME16_Garden_GarageDoor_1,
G00761,집,HOME16,기기제어,can you shut the garden garage door?,마당 차고문 닫아 줄래?,execute,,D1,T0,none,HOME16_Garden_GarageDoor_1,
G00762,집,HOME15,기기제어,please close the entrance garage door.,현관 차고문 좀 닫아 줘.,execute,,D1,T0,none,HOME15_Entrance_GarageDoor_1,
G00763,집,HOME15,기기제어,I'd like you to open the entrance garage door.,현관 차고문 열어 줬으면 해.,execute,,D1,T0,none,HOME15_Entrance_GarageDoor_1,
G00764,집,HOME06,기기제어,Open the garage door,차고문 열어,execute,,D1,T0,none,HOME06_Garage_GarageDoor_1,
G00765,집,HOME15,기기제어,could you close the entrance garage door?,현관 차고문 닫아 줄 수 있어?,execute,,D1,T0,none,HOME15_Entrance_GarageDoor_1,
G00766,집,HOME16,기기제어,I parked already.,주차 다 했어.,ask,,D1,T0,none,HOME16_Garden_GarageDoor_1 HOME16_Utility_Valve_1,
G00768,집,HOME16,기기제어,could you shut the garden garage door?,마당 차고문 닫아 줄 수 있어?,execute,,D1,T0,none,HOME16_Garden_GarageDoor_1,
G00773,집,HOME09,기기제어,Turn off the light.,조명 꺼.,ask,,D1,T0,none,HOME09_LivingRoom_Light_1 HOME09_LivingRoom_Light_2 HOME09_BabyRoom_Light_1 HOME09_BabyRoom_ColorControl_1 HOME09_Bedroom_Light_1 HOME09_Kitchen_Light_1,
G00774,집,HOME16,기기제어,please put the light on.,조명 좀 켜 줘.,ask,,D1,T0,none,HOME16_LivingRoom_Light_1 HOME16_LivingRoom_Light_2 HOME16_Bedroom_Light_1 HOME16_Garden_Light_1,
G00775,집,HOME16,기기제어,I'd like you to kill the lights in here.,여기 불 다 꺼 줬으면 해.,execute,,D1,T0,none,HOME16_Bedroom_Light_1 HOME16_Garden_Light_1 HOME16_LivingRoom_Light_1 HOME16_LivingRoom_Light_2,
G00777,집,HOME03,기기제어,Switch the lights off.,조명 전부 꺼.,execute,,D1,T0,none,HOME03_LivingRoom_Light_1 HOME03_LivingRoom_Light_2 HOME03_LivingRoom_Light_3 HOME03_Bedroom_Light_1 HOME03_Bedroom_Light_2 HOME03_Kitchen_Light_1 HOME03_Bathroom_Light_1 HOME03_Hallway_Light_1,
G00778,집,HOME17,기기제어,Turn off the room lights.,방 조명 꺼.,execute,,D1,T0,none,HOME17_Room_Light_1,
G00779,집,HOME19,기기제어,please switch the living room lights off.,거실 조명 좀 꺼 줘.,execute,,D1,T0,none,HOME19_LivingRoom_Light_1 HOME19_LivingRoom_Light_2,
G00782,집,HOME07,기기제어,could you put the garden lights on?,마당 조명 켜 줄 수 있어?,execute,,D1,T0,none,HOME07_Garden_Light_1 HOME07_Garden_Light_2 HOME07_Garden_Light_3,
G00783,집,HOME14,기기제어,Switch the living room switch on,거실 스위치 켜,execute,,D1,T0,none,HOME14_LivingRoom_Light_1 HOME14_LivingRoom_Light_2 HOME14_LivingRoom_Television_1,
G00787,집,HOME04,기기제어,I'd like you to kill the bedroom lights.,침실 조명 꺼 줬으면 해.,execute,,D1,T0,none,HOME04_Bedroom_Light_1 HOME04_Bedroom_Light_2,
G00788,집,HOME11,기기제어,could you light up the kitchen lights?,주방 조명 켜 줄 수 있어?,execute,,D1,T0,none,HOME11_Kitchen_Light_1,
G00789,집,HOME06,기기제어,could you set the humidifier to 60 percent?,가습기 60퍼센트로 맞춰 줄 수 있어?,refuse,no_device,D1,T0,none,,
G00790,집,HOME14,기기제어,Turn the humidifier off,가습기 꺼,refuse,no_device,D1,T0,none,,
G00791,집,HOME02,기기제어,Turn on the humidifier.,가습기 켜.,refuse,no_device,D1,T0,none,,
G00793,집,HOME09,기기제어,can you turn the humidifier off?,가습기 꺼 줄래?,execute,,D1,T0,none,HOME09_BabyRoom_Humidifier_1,
G00798,집,HOME15,기기제어,could you turn all the humidifiers off?,모든 가습기 꺼 줄 수 있어?,execute,,D1,T0,none,HOME15_Bedroom_Humidifier_1,
G00803,집,HOME15,기기제어,The windows are fogging up.,창문에 김이 서려.,ask,,D1,T0,none,HOME15_Bedroom_Humidifier_1 HOME15_LivingRoom_AirConditioner_1,
G00805,집,HOME09,기기제어,could you set the humidifier to 50 percent?,가습기 50퍼센트로 맞춰 줄 수 있어?,execute,,D1,T0,none,HOME09_BabyRoom_Humidifier_1,
G00808,집,HOME15,기기제어,please set the humidifier to 60 percent.,가습기 60퍼센트로 좀 맞춰 줘.,execute,,D1,T0,none,HOME15_Bedroom_Humidifier_1,
G00809,집,HOME15,기기제어,I'd like you to set the humidifier to 55 percent.,가습기 55퍼센트로 맞춰 줬으면 해.,execute,,D1,T0,none,HOME15_Bedroom_Humidifier_1,
G00811,집,HOME20,기기제어,Lower the blinds to 30 percent.,블라인드 30퍼센트까지 내려.,refuse,no_device,D1,T0,none,,
G00813,집,HOME18,기기제어,can you open the blind?,블라인드 열어 줄래?,ask,,D1,T0,none,HOME18_LivingRoom_WindowCovering_1 HOME18_LivingRoom_WindowCovering_2,
G00814,집,HOME06,기기제어,I'd like you to get the light on.,조명 켜 줬으면 해.,ask,,D1,T0,none,HOME06_LivingRoom_Light_1 HOME06_LivingRoom_Light_2 HOME06_LivingRoom_Light_3 HOME06_LivingRoom_Light_4 HOME06_Kitchen_Light_1 HOME06_Kitchen_Light_2 HOME06_Bedroom_Light_1 HOME06_Bedroom_Light_2 HOME06_Study_Light_1 HOME06_Bathroom_Light_1 HOME06_Bathroom_Light_2 HOME06_Hallway_Light_1 HOME06_Garden_Light_1 HOME06_Garden_Light_2 HOME06_Garage_Light_1,
G00815,집,HOME03,기기제어,could you close the blind?,블라인드 닫아 줄 수 있어?,ask,,D1,T0,none,HOME03_LivingRoom_WindowCovering_1 HOME03_LivingRoom_WindowCovering_2,
G00816,집,HOME18,기기제어,Put all the lights on,모든 조명 켜,execute,,D1,T0,none,HOME18_LivingRoom_Light_1 HOME18_LivingRoom_Light_2 HOME18_LivingRoom_Light_3 HOME18_Bedroom_Light_1 HOME18_Bedroom_Light_2 HOME18_Kitchen_Light_1 HOME18_Garage_Light_1,
G00818,집,HOME13,기기제어,can you light up the study lights?,서재 조명 켜 줄래?,execute,,D1,T0,none,HOME13_Study_Light_1,
G00819,집,HOME12,기기제어,I'd like you to put all the lights on.,모든 조명 켜 줬으면 해.,execute,,D1,T0,none,HOME12_RoomA_Light_1 HOME12_RoomB_Light_1 HOME12_RoomC_Light_1 HOME12_LivingRoom_Light_1 HOME12_LivingRoom_Light_2 HOME12_LivingRoom_Light_3 HOME12_Kitchen_Light_1 HOME12_Bathroom_Light_1 HOME12_Bathroom_Light_2,
G00820,집,HOME19,기기제어,could you raise all the blinds?,모든 블라인드 올려 줄 수 있어?,execute,,D1,T0,none,HOME19_Study_WindowCovering_1,
G00823,집,HOME19,기기제어,please open the study blinds.,서재 블라인드 열어 주세요.,execute,,D1,T0,none,HOME19_Study_WindowCovering_1,
G00824,집,HOME09,기기제어,can you lower all the blinds to 20 percent?,모든 블라인드 20퍼센트까지 내려 줄래?,execute,,D1,T0,none,HOME09_BabyRoom_WindowCovering_1,
G00825,집,HOME16,기기제어,I'd like you to light up all the lights.,모든 조명 켜 줬으면 해.,execute,,D1,T0,none,HOME16_LivingRoom_Light_1 HOME16_LivingRoom_Light_2 HOME16_Bedroom_Light_1 HOME16_Garden_Light_1,
G00826,집,HOME02,기기제어,Turn on the kitchen lights.,주방 조명 켜.,execute,,D1,T0,none,HOME02_Kitchen_Light_1,
G00829,집,HOME06,기기제어,please put all the lights on.,모든 조명 좀 켜 줘.,execute,,D1,T0,none,HOME06_LivingRoom_Light_1 HOME06_LivingRoom_Light_2 HOME06_LivingRoom_Light_3 HOME06_LivingRoom_Light_4 HOME06_Kitchen_Light_1 HOME06_Kitchen_Light_2 HOME06_Bedroom_Light_1 HOME06_Bedroom_Light_2 HOME06_Study_Light_1 HOME06_Bathroom_Light_1 HOME06_Bathroom_Light_2 HOME06_Hallway_Light_1 HOME06_Garden_Light_1 HOME06_Garden_Light_2 HOME06_Garage_Light_1,
G00830,집,HOME06,기기제어,I'd like you to light up the hallway lights.,복도 조명 켜 줬으면 해.,execute,,D1,T0,none,HOME06_Hallway_Light_1,
G00837,집,HOME19,기기제어,Start the kitchen coffee maker.,주방 커피포트 켜.,execute,,D1,T0,none,HOME19_Kitchen_CoffeeMaker_1,
G00838,집,HOME20,기기제어,please brew a cup on the kitchen coffee maker.,주방 커피포트로 한 잔 좀 내려 줘.,execute,,D1,T0,none,HOME20_Kitchen_CoffeeMaker_1,
G00841,집,HOME19,기기제어,Turn the kitchen coffee maker off,주방 커피포트 꺼,execute,,D1,T0,none,HOME19_Kitchen_CoffeeMaker_1,
G00846,집,HOME12,기기제어,please stop recording on the camera.,카메라 녹화 좀 멈춰 줘.,refuse,no_device,D1,T0,none,,
G00851,집,HOME07,기기제어,Turn on the garden camera.,마당 카메라 켜.,execute,,D1,T0,none,HOME07_Garden_Camera_1 HOME07_Garden_Camera_2,
G00855,집,HOME15,기기제어,could you turn on the living room camera?,거실 카메라 켜 줄 수 있어?,execute,,D1,T0,none,HOME15_LivingRoom_Camera_1,
G00858,집,HOME06,기기제어,Keep an eye on the place.,집 좀 지켜봐 줘.,execute,,D1,T0,none,HOME06_Garage_Camera_1 HOME06_Garden_Camera_1 HOME06_Garden_Camera_2,
G00859,집,HOME19,기기제어,can you turn on the study camera?,서재 카메라 켜 줄래?,execute,,D1,T0,none,HOME19_Study_Camera_1,
G00862,집,HOME05,기기제어,I'd like you to pause the TV.,TV 일시정지해 줬으면 해.,refuse,no_device,D1,T0,none,,
G00863,집,HOME04,기기제어,could you turn the TV off?,TV 꺼 줄 수 있어?,ask,,D1,T0,none,HOME04_LivingRoom_Television_1 HOME04_Bedroom_Television_1,
G00864,집,HOME04,기기제어,can you play some music on the TV?,TV로 음악 좀 틀어 줄래?,ask,,D1,T0,none,HOME04_LivingRoom_Television_1 HOME04_Bedroom_Television_1,
G00865,집,HOME02,기기제어,Play some music on the TV.,TV로 음악 좀 틀어.,execute,,D1,T0,none,HOME02_LivingRoom_Television_1,
G00866,집,HOME02,기기제어,I'd like you to set the volume on all the TVs to 10.,모든 TV 볼륨 10으로 맞춰 줬으면 해.,execute,,D1,T0,none,HOME02_LivingRoom_Television_1,
G00867,집,HOME04,기기제어,can you pause the TV?,TV 일시정지해 줄래?,ask,,D1,T0,none,HOME04_LivingRoom_Television_1 HOME04_Bedroom_Television_1,
G00868,집,HOME12,기기제어,I want some music,음악 좀 듣고 싶어,ask,,D1,T0,none,HOME12_LivingRoom_Speaker_1 HOME12_LivingRoom_Television_1,
G00869,집,HOME07,기기제어,could you turn on the TV?,TV 켜 줄 수 있어?,execute,,D1,T0,none,HOME07_LivingRoom_Television_1,
G00870,집,HOME18,기기제어,Switch the switch on,스위치 켜,ask,,D1,T0,none,HOME18_LivingRoom_Light_1 HOME18_LivingRoom_Light_2 HOME18_LivingRoom_Light_3 HOME18_Bedroom_Light_1 HOME18_Bedroom_Light_2 HOME18_Kitchen_Light_1 HOME18_Garage_Light_1 HOME18_LivingRoom_AirConditioner_1 HOME18_Bedroom_AirConditioner_1 HOME18_LivingRoom_Television_1,
G00871,집,HOME11,기기제어,Set the volume on the TV to 40.,TV 볼륨 40으로 맞춰.,execute,,D1,T0,none,HOME11_Room_Television_1,
G00872,집,HOME03,기기제어,please turn off the switch.,스위치 꺼 주세요.,ask,,D1,T0,none,HOME03_LivingRoom_Light_1 HOME03_LivingRoom_Light_2 HOME03_LivingRoom_Light_3 HOME03_Bedroom_Light_1 HOME03_Bedroom_Light_2 HOME03_Kitchen_Light_1 HOME03_Bathroom_Light_1 HOME03_Hallway_Light_1 HOME03_LivingRoom_AirConditioner_1 HOME03_Bedroom_AirConditioner_1 HOME03_LivingRoom_Television_1 HOME03_LivingRoom_Fan_1 HOME03_LivingRoom_Fan_2 HOME03_LivingRoom_AirPurifier_1,
G00873,집,HOME13,기기제어,can you turn the TV off?,TV 꺼 줄래?,execute,,D1,T0,none,HOME13_LivingRoom_Television_1,
G00874,집,HOME06,기기제어,I'd like you to switch the switch on.,스위치 켜 줬으면 해.,ask,,D1,T0,none,HOME06_LivingRoom_Light_1 HOME06_LivingRoom_Light_2 HOME06_LivingRoom_Light_3 HOME06_LivingRoom_Light_4 HOME06_Kitchen_Light_1 HOME06_Kitchen_Light_2 HOME06_Bedroom_Light_1 HOME06_Bedroom_Light_2 HOME06_Study_Light_1 HOME06_Bathroom_Light_1 HOME06_Bathroom_Light_2 HOME06_Hallway_Light_1 HOME06_Garden_Light_1 HOME06_Garden_Light_2 HOME06_Garage_Light_1 HOME06_LivingRoom_AirConditioner_1 HOME06_LivingRoom_AirConditioner_2 HOME06_Bedroom_AirConditioner_1 HOME06_LivingRoom_Television_1 HOME06_Entrance_Siren_1,
G00875,집,HOME15,기기제어,could you play some music on the TV?,TV로 음악 좀 틀어 줄 수 있어?,execute,,D1,T0,none,HOME15_LivingRoom_Television_1,
G00876,집,HOME04,기기제어,Set the volume on all the TVs to 10.,모든 TV 볼륨 10으로 맞춰.,execute,,D1,T0,none,HOME04_LivingRoom_Television_1 HOME04_Bedroom_Television_1,
G00879,집,HOME04,기기제어,Switch the study lights on,서재 조명 켜,execute,,D1,T0,none,HOME04_Study_Light_1 HOME04_Study_Light_2,
G00880,집,HOME11,기기제어,Shut the room lights off.,방 조명 꺼.,execute,,D1,T0,none,HOME11_Room_Light_1 HOME11_Room_Light_2,
G00881,집,HOME18,기기제어,please turn on the kitchen lights.,주방 조명 켜 주세요.,execute,,D1,T0,none,HOME18_Kitchen_Light_1,
G00885,집,HOME01,기기제어,Turn on the fan.,선풍기 켜.,ask,,D1,T0,none,HOME01_Room_Fan_1 HOME01_Room_Fan_2,
G00887,집,HOME19,기기제어,It feels stuffy,답답해,ask,,D1,T0,none,HOME19_LivingRoom_AirConditioner_1 HOME19_LivingRoom_Thermostat_1 HOME19_Study_AirConditioner_1 HOME19_Study_AirPurifier_1 HOME19_Study_Fan_1,
G00888,집,HOME04,기기제어,I'd like you to turn off the kitchen switch.,주방 스위치 꺼 줬으면 해.,execute,,D1,T0,none,HOME04_Kitchen_Light_1,
G00889,집,HOME13,기기제어,could you turn on the bedroom fan?,침실 선풍기 켜 줄 수 있어?,execute,,D1,T0,none,HOME13_Bedroom_Fan_1,
G00891,집,HOME09,기기제어,Turn the nursery fan off.,아기방 선풍기 꺼.,execute,,D1,T0,none,HOME09_BabyRoom_Fan_1,
G00892,집,HOME20,기기제어,please turn off the living room switch.,거실 스위치 꺼 주세요.,execute,,D1,T0,none,HOME20_LivingRoom_Light_1 HOME20_LivingRoom_Light_2 HOME20_LivingRoom_AirConditioner_1,
G00894,집,HOME13,기기제어,please run the bedroom fan for 15 minutes.,침실 선풍기를 15분 동안 돌려 주세요.,execute,,D1,T0,none,HOME13_Bedroom_Fan_1,
G00895,집,HOME06,기기제어,Switch the entrance switch on.,현관 스위치 켜.,execute,,D1,T0,none,HOME06_Entrance_Siren_1,
G00897,집,HOME03,기기제어,could you toggle the living room switch?,거실 스위치 껐다 켜 줄 수 있어?,execute,,D1,T0,none,HOME03_LivingRoom_Light_1 HOME03_LivingRoom_Light_2 HOME03_LivingRoom_Light_3 HOME03_LivingRoom_AirConditioner_1 HOME03_LivingRoom_Television_1 HOME03_LivingRoom_Fan_1 HOME03_LivingRoom_Fan_2 HOME03_LivingRoom_AirPurifier_1,
G00898,집,HOME06,기기제어,Switch the plug off,플러그 꺼,refuse,no_device,D1,T0,none,,
G00899,집,HOME11,기기제어,Turn on the plug.,플러그 켜.,ask,,D1,T0,none,HOME11_Room_Plug_1 HOME11_Room_Plug_2,
G00901,집,HOME19,기기제어,can you switch the plug off?,플러그 꺼 줄래?,ask,,D1,T0,none,HOME19_Study_Plug_1 HOME19_Study_Plug_2 HOME19_Study_Plug_3,
G00903,집,HOME11,기기제어,can you turn the fan off?,선풍기 꺼 줄래?,refuse,no_device,D1,T0,none,,
G00904,집,HOME01,기기제어,I'd like you to set the fan to high.,선풍기 세게 틀어 줬으면 해.,ask,,D1,T0,none,HOME01_Room_Fan_1 HOME01_Room_Fan_2,
G00906,집,HOME12,기기제어,I'd like you to run all the fans for 10 minutes.,모든 선풍기를 10분 동안 돌려 줬으면 해.,execute,,D1,T0,none,HOME12_LivingRoom_Fan_1,
G00907,집,HOME19,기기제어,could you light up all the lights?,모든 조명 켜 줄 수 있어?,execute,,D1,T0,none,HOME19_LivingRoom_Light_1 HOME19_LivingRoom_Light_2 HOME19_Study_Light_1 HOME19_Study_Light_2 HOME19_Bedroom_Light_1 HOME19_Kitchen_Light_1,
G00910,집,HOME15,기기제어,Run the fan for 5 minutes.,선풍기를 5분 동안 돌려.,refuse,no_device,D1,T0,none,,
G00916,집,HOME11,기기제어,can you switch the light on?,조명 켜 줄래?,ask,,D1,T0,none,HOME11_Room_Light_1 HOME11_Room_Light_2 HOME11_Kitchen_Light_1 HOME11_Bathroom_Light_1,
G00917,집,HOME18,기기제어,I'd like you to turn the kitchen lights green.,주방 조명 초록색으로 켜 줬으면 해.,execute,,D1,T0,none,HOME18_Kitchen_Light_1,
G00920,집,HOME01,기기제어,Set the room lights to blue.,방 조명 파란색으로 바꿔.,execute,,D1,T0,none,HOME01_Room_Light_1 HOME01_Room_Light_2,
G00921,집,HOME08,기기제어,please turn the bedroom lights up to 100 percent.,침실 조명 밝기를 100퍼센트까지 좀 올려 줘.,execute,,D1,T0,none,HOME08_Bedroom_Light_1,
G00922,집,HOME15,기기제어,can you get the Skylight 1 on?,스카이라이트 1 켜 줄래?,execute,,D1,T0,none,HOME15_Study_Light_1,
G00929,집,HOME06,기기제어,Set the lights brightness to 90 percent,조명 전부 밝기를 90퍼센트로 맞춰,execute,,D1,T0,none,HOME06_LivingRoom_Light_1 HOME06_LivingRoom_Light_2 HOME06_LivingRoom_Light_3 HOME06_LivingRoom_Light_4 HOME06_Kitchen_Light_1 HOME06_Kitchen_Light_2 HOME06_Bedroom_Light_1 HOME06_Bedroom_Light_2 HOME06_Study_Light_1 HOME06_Bathroom_Light_1 HOME06_Bathroom_Light_2 HOME06_Hallway_Light_1 HOME06_Garden_Light_1 HOME06_Garden_Light_2 HOME06_Garage_Light_1,
G00930,집,HOME13,기기제어,Dim the lights to 5 percent.,조명 전부 밝기를 5퍼센트로 낮춰.,execute,,D1,T0,none,HOME13_LivingRoom_Light_1 HOME13_LivingRoom_Light_2 HOME13_LivingRoom_Light_3 HOME13_Bedroom_Light_1 HOME13_Bedroom_Light_2 HOME13_Kitchen_Light_1 HOME13_Study_Light_1,
G00931,집,HOME20,기기제어,please turn the lights up to 70 percent.,조명 전부 밝기를 70퍼센트까지 좀 올려 줘.,execute,,D1,T0,none,HOME20_LivingRoom_Light_1 HOME20_LivingRoom_Light_2 HOME20_Kitchen_Light_1 HOME20_Bedroom_Light_1,
G00934,집,HOME03,기기제어,could you dim the lights to 5 percent?,조명 전부 밝기를 5퍼센트로 낮춰 줄 수 있어?,execute,,D1,T0,none,HOME03_LivingRoom_Light_1 HOME03_LivingRoom_Light_2 HOME03_LivingRoom_Light_3 HOME03_Bedroom_Light_1 HOME03_Bedroom_Light_2 HOME03_Kitchen_Light_1 HOME03_Bathroom_Light_1 HOME03_Hallway_Light_1,
G00936,집,HOME12,기기제어,Run the night scene on the lights,조명 취침 모드 실행해,execute,,D1,T0,none,HOME12_RoomA_Light_1 HOME12_RoomB_Light_1 HOME12_RoomC_Light_1 HOME12_LivingRoom_Light_1 HOME12_LivingRoom_Light_2 HOME12_LivingRoom_Light_3 HOME12_Kitchen_Light_1 HOME12_Bathroom_Light_1 HOME12_Bathroom_Light_2,
G00937,집,HOME19,기기제어,Put the study light 2 into movie mode.,서재 조명 2 영화 모드로 해.,execute,,D1,T0,none,HOME19_Study_Light_2,
G00940,집,HOME02,기기제어,I'd like you to run the night scene on the lights.,조명 취침 모드 실행해 줬으면 해.,execute,,D1,T0,none,HOME02_LivingRoom_Light_1 HOME02_LivingRoom_Light_2 HOME02_Bedroom_Light_1 HOME02_Kitchen_Light_1,
G00941,집,HOME09,기기제어,could you put the nursery color mood light into morning mode?,아기방 컬러 무드등 아침 모드로 해 줄 수 있어?,execute,,D1,T0,none,HOME09_BabyRoom_ColorControl_1,
G00942,집,HOME16,기기제어,Make it feel like morning,아침 같은 분위기로 해 줘,execute,,D1,T0,none,HOME16_Bedroom_Light_1 HOME16_Garden_Light_1 HOME16_LivingRoom_Light_1 HOME16_LivingRoom_Light_2,
G00943,집,HOME14,기기제어,I'd like you to shut the garage door.,차고문 닫아 줬으면 해.,refuse,no_device,D1,T0,none,,
G00946,집,HOME04,기기제어,Start the mower.,잔디깎이 켜.,refuse,no_device,D1,T0,none,,
G00947,집,HOME07,기기제어,please send the mower back to the dock.,잔디깎이 충전대로 좀 보내 줘.,execute,,D1,T0,none,HOME07_Garden_Mower_1,
G00948,집,HOME06,기기제어,can you park the mower?,잔디깎이 정위치로 보내 줄래?,execute,,D1,T0,none,HOME06_Garden_Mower_1,
G00949,집,HOME07,기기제어,I'd like you to start the mower.,잔디깎이 켜 줬으면 해.,execute,,D1,T0,none,HOME07_Garden_Mower_1,
G00950,집,HOME06,기기제어,could you send the mower back to the dock?,잔디깎이 충전대로 보내 줄 수 있어?,execute,,D1,T0,none,HOME06_Garden_Mower_1,
G00951,집,HOME07,기기제어,Deal with the lawn,잔디 좀 처리해 줘,ask,,D1,T0,none,HOME07_Garden_Mower_1 HOME07_LivingRoom_RobotVacuumCleaner_1,
G00952,집,HOME06,기기제어,Park the mower,잔디깎이 정위치로 보내,execute,,D1,T0,none,HOME06_Garden_Mower_1,
G00953,집,HOME07,기기제어,please send all the mowers back to the dock.,모든 잔디깎이 충전대로 좀 보내 줘.,execute,,D1,T0,none,HOME07_Garden_Mower_1,
G00954,집,HOME06,기기제어,I'd like you to park the mower.,잔디깎이 정위치로 보내 줬으면 해.,execute,,D1,T0,none,HOME06_Garden_Mower_1,
G00955,집,HOME06,기기제어,Start all the mowers.,모든 잔디깎이 켜.,execute,,D1,T0,none,HOME06_Garden_Mower_1,
G00958,집,HOME17,기기제어,Turn on the room lights.,방 조명 켜.,execute,,D1,T0,none,HOME17_Room_Light_1,
G00961,집,HOME03,기기제어,Turn on the camera.,카메라 켜.,refuse,no_device,D1,T0,none,,
G00962,집,HOME10,기기제어,please make all the lights pink.,모든 조명 분홍색으로 좀 해 줘.,execute,,D1,T0,none,HOME10_LivingRoom_Light_1 HOME10_LivingRoom_Light_2 HOME10_Bedroom_Light_1 HOME10_Bathroom_Light_1 HOME10_Hallway_Light_1,
G00963,집,HOME17,기기제어,could you set the bathroom lights to red?,욕실 조명 빨간색으로 바꿔 줄 수 있어?,execute,,D1,T0,none,HOME17_Bathroom_Light_1,
G00964,집,HOME08,기기제어,I'd like you to turn the kitchen lights daylight white.,주방 조명 주광색으로 켜 줬으면 해.,execute,,D1,T0,none,HOME08_Kitchen_Light_1,
G00967,집,HOME15,기기제어,could you cut power to the smart plug 1?,스마트 Wi-Fi 플러그 1 전원 차단해 줄 수 있어?,execute,,D1,T0,none,HOME15_LivingRoom_Plug_1,
G00970,집,HOME04,기기제어,Set the mood for a movie.,영화 볼 분위기로 맞춰 줘.,execute,,D1,T0,none,HOME04_Bedroom_Light_1 HOME04_Bedroom_Light_2 HOME04_Kitchen_Light_1 HOME04_LivingRoom_Light_1 HOME04_LivingRoom_Light_2 HOME04_LivingRoom_Light_3 HOME04_Study_Light_1 HOME04_Study_Light_2,
G00971,집,HOME08,기기제어,Run the relax scene on the lights,조명 휴식 모드 실행해,execute,,D1,T0,none,HOME08_LivingRoom_Light_1 HOME08_LivingRoom_Light_2 HOME08_Bedroom_Light_1 HOME08_Kitchen_Light_1,
G00972,집,HOME15,기기제어,Raise the living room blinds.,거실 블라인드 올려.,execute,,D1,T0,none,HOME15_LivingRoom_WindowCovering_1 HOME15_LivingRoom_WindowCovering_2 HOME15_LivingRoom_WindowCovering_3,
G00976,집,HOME05,기기제어,could you lower the living room blinds to 30 percent?,거실 블라인드 30퍼센트까지 내려 줄 수 있어?,execute,,D1,T0,none,HOME05_LivingRoom_WindowCovering_1 HOME05_LivingRoom_WindowCovering_2,
G00977,집,HOME12,기기제어,Switch the room B lights to the dinner scene,B방 조명 저녁 식사 모드로 바꿔,execute,,D1,T0,none,HOME12_RoomB_Light_1,
G00979,집,HOME12,기기제어,I cannot hear the show.,소리가 안 들려.,ask,,D1,T0,none,HOME12_LivingRoom_Speaker_1 HOME12_LivingRoom_Television_1,
G00983,집,HOME12,기기제어,can you get all the lights on?,모든 조명 켜 줄래?,execute,,D1,T0,none,HOME12_RoomA_Light_1 HOME12_RoomB_Light_1 HOME12_RoomC_Light_1 HOME12_LivingRoom_Light_1 HOME12_LivingRoom_Light_2 HOME12_LivingRoom_Light_3 HOME12_Kitchen_Light_1 HOME12_Bathroom_Light_1 HOME12_Bathroom_Light_2,
G00984,집,HOME07,기기제어,I'd like you to turn all the TVs off.,모든 TV 꺼 줬으면 해.,execute,,D1,T0,none,HOME07_LivingRoom_Television_1,
G00987,집,HOME08,기기제어,I'd like you to change the light to green.,조명 초록색으로 바꿔 줬으면 해.,ask,,D1,T0,none,HOME08_LivingRoom_Light_1 HOME08_LivingRoom_Light_2 HOME08_Bedroom_Light_1 HOME08_Kitchen_Light_1,
G00989,집,HOME16,기기제어,I'd like you to make the living room lights orange.,거실 조명 주황색으로 해 줬으면 해.,execute,,D1,T0,none,HOME16_LivingRoom_Light_1 HOME16_LivingRoom_Light_2,
G00990,집,HOME16,기기제어,could you make the living room lights red?,거실 조명 빨간색으로 해 줄 수 있어?,execute,,D1,T0,none,HOME16_LivingRoom_Light_1 HOME16_LivingRoom_Light_2,
G00993,집,HOME07,기기제어,Turn on the switch,스위치 켜,ask,,D1,T0,none,HOME07_LivingRoom_Light_1 HOME07_LivingRoom_Light_2 HOME07_LivingRoom_Light_3 HOME07_Bedroom_Light_1 HOME07_Bedroom_Light_2 HOME07_Kitchen_Light_1 HOME07_Garden_Light_1 HOME07_Garden_Light_2 HOME07_Garden_Light_3 HOME07_Barn_Light_1 HOME07_LivingRoom_AirConditioner_1 HOME07_LivingRoom_Television_1 HOME07_Entrance_Siren_1,
G00994,집,HOME19,기기제어,can you turn on the switch?,스위치 켜 줄래?,ask,,D1,T0,none,HOME19_LivingRoom_Light_1 HOME19_LivingRoom_Light_2 HOME19_Study_Light_1 HOME19_Study_Light_2 HOME19_Bedroom_Light_1 HOME19_Kitchen_Light_1 HOME19_Study_AirConditioner_1 HOME19_LivingRoom_AirConditioner_1 HOME19_Study_AirPurifier_1 HOME19_Study_Plug_1 HOME19_Study_Plug_2 HOME19_Study_Plug_3,
G00995,집,HOME16,기기제어,can you toggle the garden switch?,마당 스위치 껐다 켜 줄래?,execute,,D1,T0,none,HOME16_Garden_Light_1,
G00996,집,HOME02,기기제어,Turn the heating off.,난방 꺼.,execute,,D1,T0,none,HOME02_LivingRoom_Thermostat_1,
G00997,집,HOME14,기기제어,Take the chill off,한기 좀 없애 줘,ask,,D1,T0,none,HOME14_Bedroom_ElectricBlanket_1 HOME14_LivingRoom_Thermostat_1,
G00998,집,HOME05,기기제어,please put the thermostat on 23 degrees.,온도조절기 23도로 좀 해 줘.,ask,,D1,T0,none,HOME05_LivingRoom_Thermostat_1 HOME05_LivingRoom_Thermostat_2,
G00999,집,HOME19,기기제어,can you switch the switch on?,스위치 켜 줄래?,ask,,D1,T0,none,HOME19_LivingRoom_Light_1 HOME19_LivingRoom_Light_2 HOME19_Study_Light_1 HOME19_Study_Light_2 HOME19_Bedroom_Light_1 HOME19_Kitchen_Light_1 HOME19_Study_AirConditioner_1 HOME19_LivingRoom_AirConditioner_1 HOME19_Study_AirPurifier_1 HOME19_Study_Plug_1 HOME19_Study_Plug_2 HOME19_Study_Plug_3,
G01000,집,HOME11,기기제어,can you turn the heating up to 24?,난방 24도로 올려 줄래?,execute,,D1,T0,none,HOME11_Room_Thermostat_1,
G01004,집,HOME04,기기제어,Turn all the lights warm white,모든 조명 전구색으로 켜,execute,,D1,T0,none,HOME04_LivingRoom_Light_1 HOME04_LivingRoom_Light_2 HOME04_LivingRoom_Light_3 HOME04_Bedroom_Light_1 HOME04_Bedroom_Light_2 HOME04_Study_Light_1 HOME04_Study_Light_2 HOME04_Kitchen_Light_1,
G01005,집,HOME11,기기제어,Change all the lights to warm white.,모든 조명 전구색으로 바꿔.,execute,,D1,T0,none,HOME11_Room_Light_1 HOME11_Room_Light_2 HOME11_Kitchen_Light_1 HOME11_Bathroom_Light_1,
G01010,집,HOME18,기기제어,Put the living room air conditioner on cool.,거실 에어컨 냉방으로 해.,execute,,D1,T0,none,HOME18_LivingRoom_AirConditioner_1,
G01012,집,HOME03,기기제어,can you turn on the bedroom air conditioner?,침실 에어컨 켜 줄래?,execute,,D1,T0,none,HOME03_Bedroom_AirConditioner_1,
G01017,집,HOME13,기기제어,Get all the lights on.,모든 조명 켜.,execute,,D1,T0,none,HOME13_LivingRoom_Light_1 HOME13_LivingRoom_Light_2 HOME13_LivingRoom_Light_3 HOME13_Bedroom_Light_1 HOME13_Bedroom_Light_2 HOME13_Kitchen_Light_1 HOME13_Study_Light_1,
G01018,집,HOME12,기기제어,I'd like you to set the lights brightness to 30 percent.,조명 전부 밝기를 30퍼센트로 맞춰 줬으면 해.,execute,,D1,T0,none,HOME12_RoomA_Light_1 HOME12_RoomB_Light_1 HOME12_RoomC_Light_1 HOME12_LivingRoom_Light_1 HOME12_LivingRoom_Light_2 HOME12_LivingRoom_Light_3 HOME12_Kitchen_Light_1 HOME12_Bathroom_Light_1 HOME12_Bathroom_Light_2,
G01019,집,HOME17,기기제어,Stop recording on the camera,카메라 녹화 멈춰,refuse,no_device,D1,T0,none,,
G01021,집,HOME11,기기제어,can you start recording on the camera?,카메라 녹화 시작해 줄래?,refuse,no_device,D1,T0,none,,
G01022,집,HOME18,기기제어,I'd like you to turn the living room lights purple.,거실 조명 보라색으로 켜 줬으면 해.,execute,,D1,T0,none,HOME18_LivingRoom_Light_1 HOME18_LivingRoom_Light_2 HOME18_LivingRoom_Light_3,
G01025,집,HOME13,기기제어,The carpet needs a pass.,카펫 한 번 밀어야겠어.,execute,,D1,T0,none,HOME13_LivingRoom_RobotVacuumCleaner_1,
G01026,집,HOME04,기기제어,can you toggle the study switch?,서재 스위치 껐다 켜 줄래?,execute,,D1,T0,none,HOME04_Study_Light_1 HOME04_Study_Light_2 HOME04_Study_AirConditioner_1,
G01027,집,HOME15,기기제어,I'd like you to send the living room vacuum back to its dock.,거실 로봇청소기 충전대로 보내 줬으면 해.,execute,,D1,T0,none,HOME15_LivingRoom_RobotVacuumCleaner_1,
G01028,집,HOME06,기기제어,could you turn on the bathroom switch?,욕실 스위치 켜 줄 수 있어?,execute,,D1,T0,none,HOME06_Bathroom_Light_1 HOME06_Bathroom_Light_2,
G01030,집,HOME01,기기제어,could you turn on the fan?,선풍기 켜 줄 수 있어?,ask,,D1,T0,none,HOME01_Room_Fan_1 HOME01_Room_Fan_2,
G01031,집,HOME20,기기제어,Run the kitchen fan for 10 minutes,주방 선풍기를 10분 동안 돌려,execute,,D1,T0,none,HOME20_Kitchen_Fan_1,
G01033,집,HOME20,기기제어,Turn the kitchen fan off.,주방 선풍기 꺼.,execute,,D1,T0,none,HOME20_Kitchen_Fan_1,
G01034,집,HOME19,기기제어,can you turn on all the fans?,모든 선풍기 켜 줄래?,execute,,D1,T0,none,HOME19_Study_Fan_1,
G01035,집,HOME16,기기제어,It is too bright.,너무 밝아.,execute,,D1,T0,none,HOME16_Bedroom_Light_1 HOME16_Garden_Light_1 HOME16_LivingRoom_Light_1 HOME16_LivingRoom_Light_2,
G01039,집,HOME01,기기제어,can you turn on the room lights?,방 조명 켜 줄래?,execute,,D1,T0,none,HOME01_Room_Light_1 HOME01_Room_Light_2,
G01047,집,HOME06,기기제어,could you shut the garage door?,차고문 닫아 줄 수 있어?,execute,,D1,T0,none,HOME06_Garage_GarageDoor_1,
G01049,집,HOME12,기기제어,please set the room C light brightness to 50 percent.,C방 조명 밝기를 50퍼센트로 좀 맞춰 줘.,execute,,D1,T0,none,HOME12_RoomC_Light_1,
G01050,집,HOME19,기기제어,can you get the study light 1 on?,서재 조명 1 켜 줄래?,execute,,D1,T0,none,HOME19_Study_Light_1,
G01051,집,HOME09,기기제어,Pull the nursery blinds shut,아기방 블라인드 닫아,execute,,D1,T0,none,HOME09_BabyRoom_WindowCovering_1,
G01052,집,HOME03,기기제어,Toggle the bedroom switch.,침실 스위치 껐다 켜.,execute,,D1,T0,none,HOME03_Bedroom_Light_1 HOME03_Bedroom_Light_2 HOME03_Bedroom_AirConditioner_1,
G01053,집,HOME13,기기제어,The glare is bad,눈부심이 심해,execute,,D1,T0,none,HOME13_Bedroom_WindowCovering_1 HOME13_Bedroom_WindowCovering_2 HOME13_LivingRoom_WindowCovering_1 HOME13_LivingRoom_WindowCovering_2 HOME13_LivingRoom_WindowCovering_3 HOME13_Study_WindowCovering_1,
G01054,집,HOME06,기기제어,Pull the blinds shut.,블라인드 전부 닫아.,execute,,D1,T0,none,HOME06_LivingRoom_WindowCovering_1 HOME06_LivingRoom_WindowCovering_2 HOME06_LivingRoom_WindowCovering_3 HOME06_Bedroom_WindowCovering_1 HOME06_Bedroom_WindowCovering_2,
G01056,집,HOME13,기기제어,could you turn on all the lights?,모든 조명 켜 줄 수 있어?,execute,,D1,T0,none,HOME13_LivingRoom_Light_1 HOME13_LivingRoom_Light_2 HOME13_LivingRoom_Light_3 HOME13_Bedroom_Light_1 HOME13_Bedroom_Light_2 HOME13_Kitchen_Light_1 HOME13_Study_Light_1,
G01057,집,HOME20,기기제어,Run the focus scene on the lights,조명 집중 모드 실행해,execute,,D1,T0,none,HOME20_LivingRoom_Light_1 HOME20_LivingRoom_Light_2 HOME20_Kitchen_Light_1 HOME20_Bedroom_Light_1,
G01061,집,HOME18,기기제어,please turn the fan off.,선풍기 좀 꺼 줘.,refuse,no_device,D1,T0,none,,
G01062,집,HOME02,기기제어,please make it breezy.,시원한 바람 좀 주세요.,ask,,D1,T0,none,HOME02_LivingRoom_AirConditioner_1 HOME02_LivingRoom_AirPurifier_1 HOME02_LivingRoom_Thermostat_1,
G01063,집,HOME09,기기제어,can you light up the nursery mood light?,아기방 무드등 켜 줄래?,execute,,D1,T0,none,HOME09_BabyRoom_Light_1,
G01064,집,HOME06,기기제어,could you light up the living room lights?,거실 조명 켜 줄 수 있어?,execute,,D1,T0,none,HOME06_LivingRoom_Light_1 HOME06_LivingRoom_Light_2 HOME06_LivingRoom_Light_3 HOME06_LivingRoom_Light_4,
G01065,집,HOME20,기기제어,Change the lights to daylight white,조명 전부 주광색으로 바꿔,execute,,D1,T0,none,HOME20_LivingRoom_Light_1 HOME20_LivingRoom_Light_2 HOME20_Kitchen_Light_1 HOME20_Bedroom_Light_1,
G01066,집,HOME08,기기제어,please make the kitchen lights warm white.,주방 조명 전구색으로 좀 해 줘.,execute,,D1,T0,none,HOME08_Kitchen_Light_1,
G01067,집,HOME15,기기제어,can you turn on the study lights?,서재 조명 켜 줄래?,execute,,D1,T0,none,HOME15_Study_Light_1 HOME15_Study_Light_2,
G01068,집,HOME11,기기제어,Turn the lights amber.,조명 전부 호박색으로 켜.,execute,,D1,T0,none,HOME11_Room_Light_1 HOME11_Room_Light_2 HOME11_Kitchen_Light_1 HOME11_Bathroom_Light_1,
G01070,집,HOME14,기기제어,please say it out loud on the speaker.,스피커로 소리 내서 알려 주세요.,execute,,D1,T0,none,HOME14_LivingRoom_Speaker_1,
G01072,집,HOME06,기기제어,could you shut out the light from outside?,바깥 빛 좀 차단해 줄 수 있어?,ask,,D1,T0,none,HOME06_Bedroom_WindowCovering_1 HOME06_Bedroom_WindowCovering_2 HOME06_Garage_GarageDoor_1 HOME06_Garden_Valve_1 HOME06_LivingRoom_WindowCovering_1 HOME06_LivingRoom_WindowCovering_2 HOME06_LivingRoom_WindowCovering_3,
G01073,집,HOME08,기기제어,please raise the living room blinds.,거실 블라인드 올려 주세요.,execute,,D1,T0,none,HOME08_LivingRoom_WindowCovering_1,
G01074,집,HOME03,기기제어,Open the living room blinds.,거실 블라인드 열어.,execute,,D1,T0,none,HOME03_LivingRoom_WindowCovering_1 HOME03_LivingRoom_WindowCovering_2,
G01077,집,HOME19,기기제어,Start the coffee maker.,커피포트 켜.,execute,,D1,T0,none,HOME19_Kitchen_CoffeeMaker_1,
G01078,집,HOME20,기기제어,please start a countdown for 20 minutes.,20분 카운트다운 좀 시작해 줘.,refuse,no_service,D1,T0,none,,
G01080,집,HOME02,기기제어,Get the living room lights on,거실 조명 켜,execute,,D1,T0,none,HOME02_LivingRoom_Light_1 HOME02_LivingRoom_Light_2,
G01082,집,HOME11,기기제어,can you put all the lights on?,모든 조명 켜 줄래?,execute,,D1,T0,none,HOME11_Room_Light_1 HOME11_Room_Light_2 HOME11_Kitchen_Light_1 HOME11_Bathroom_Light_1,
G01083,집,HOME03,기기제어,Turn on the living room fan.,거실 선풍기 켜.,execute,,D1,T0,none,HOME03_LivingRoom_Fan_1 HOME03_LivingRoom_Fan_2,
G01084,집,HOME10,기기제어,please switch the hallway lights on.,복도 조명 켜 주세요.,execute,,D1,T0,none,HOME10_Hallway_Light_1,
G01085,집,HOME08,기기제어,Turn on the living room lights.,거실 조명 켜.,execute,,D1,T0,none,HOME08_LivingRoom_Light_1 HOME08_LivingRoom_Light_2,
G01087,집,HOME07,기기제어,please turn off the garden switch.,마당 스위치 좀 꺼 줘.,execute,,D1,T0,none,HOME07_Garden_Light_1 HOME07_Garden_Light_2 HOME07_Garden_Light_3,
G01088,집,HOME16,기기제어,Close the garage door,차고문 닫아,execute,,D1,T0,none,HOME16_Garden_GarageDoor_1,
G01089,집,HOME16,기기제어,I'd like you to switch the garden switch on.,마당 스위치 켜 줬으면 해.,execute,,D1,T0,none,HOME16_Garden_Light_1,
G01090,집,HOME18,기기제어,I am pulling out.,차 뺄게.,ask,,D1,T0,none,HOME18_Garage_GarageDoor_1 HOME18_LivingRoom_WindowCovering_1 HOME18_LivingRoom_WindowCovering_2,
G01091,집,HOME19,기기제어,could you switch the study light 1 on?,서재 조명 1 켜 줄 수 있어?,execute,,D1,T0,none,HOME19_Study_Light_1,
G01092,집,HOME13,기기제어,can you switch all the switches on?,모든 스위치 켜 줄래?,execute,,D1,T0,none,HOME13_LivingRoom_Light_1 HOME13_LivingRoom_Light_2 HOME13_LivingRoom_Light_3 HOME13_Bedroom_Light_1 HOME13_Bedroom_Light_2 HOME13_Kitchen_Light_1 HOME13_Study_Light_1 HOME13_LivingRoom_AirConditioner_1 HOME13_Bedroom_AirConditioner_1 HOME13_LivingRoom_AirPurifier_1 HOME13_LivingRoom_Television_1,
G01093,집,HOME08,기기제어,Play a chime on the speaker,스피커로 알림음 울려,execute,,D1,T0,none,HOME08_LivingRoom_Speaker_1,
G01094,집,HOME04,기기제어,Say it out loud on the speaker.,스피커로 소리 내서 알려.,ask,,D1,T0,none,HOME04_LivingRoom_Speaker_1 HOME04_LivingRoom_Speaker_2,
G01095,집,HOME03,기기제어,could you announce it on all the speakers?,모든 스피커로 알려 줄 수 있어?,execute,,D1,T0,none,HOME03_LivingRoom_Speaker_1 HOME03_Kitchen_Speaker_1,
G01096,집,HOME13,기기제어,I'd like you to play a chime on the speaker.,스피커로 알림음 울려 줬으면 해.,ask,,D1,T0,none,HOME13_LivingRoom_Speaker_1 HOME13_LivingRoom_Speaker_2,
G01098,집,HOME12,기기제어,please switch all the lights off.,모든 조명 좀 꺼 줘.,execute,,D1,T0,none,HOME12_RoomA_Light_1 HOME12_RoomB_Light_1 HOME12_RoomC_Light_1 HOME12_LivingRoom_Light_1 HOME12_LivingRoom_Light_2 HOME12_LivingRoom_Light_3 HOME12_Kitchen_Light_1 HOME12_Bathroom_Light_1 HOME12_Bathroom_Light_2,
G01101,집,HOME12,기기제어,can you toggle the room C switch?,C방 스위치 껐다 켜 줄래?,execute,,D1,T0,none,HOME12_RoomC_Light_1 HOME12_RoomC_AirConditioner_1,
G01103,집,HOME08,기기제어,I'd like you to raise the living room blinds.,거실 블라인드 올려 줬으면 해.,execute,,D1,T0,none,HOME08_LivingRoom_WindowCovering_1,
G01104,집,HOME19,기기제어,could you turn on the study fan?,서재 선풍기 켜 줄 수 있어?,execute,,D1,T0,none,HOME19_Study_Fan_1,
G01105,집,HOME01,기기제어,can you turn on the room air conditioner?,방 에어컨 켜 줄래?,execute,,D1,T0,none,HOME01_Room_AirConditioner_1,
G01106,집,HOME08,기기제어,I'd like you to turn the living room air conditioner off.,거실 에어컨 꺼 줬으면 해.,execute,,D1,T0,none,HOME08_LivingRoom_AirConditioner_1,
G01107,집,HOME18,기기제어,could you put the living room air conditioner on cool?,거실 에어컨 냉방으로 해 줄 수 있어?,execute,,D1,T0,none,HOME18_LivingRoom_AirConditioner_1,
G01108,집,HOME14,기기제어,No hot water again,또 온수가 안 나와,execute,,D1,T0,none,HOME14_Bathroom_WaterHeater_1,
G01109,집,HOME16,기기제어,could you set the water heater to 50 degrees?,온수기 50도로 맞춰 줄 수 있어?,execute,,D1,T0,none,HOME16_Utility_WaterHeater_1,
G01111,집,HOME15,기기제어,Take a snapshot with the living room camera.,거실 카메라로 사진 찍어.,execute,,D1,T0,none,HOME15_LivingRoom_Camera_1,
G01112,집,HOME06,기기제어,Turn on the garden camera,마당 카메라 켜,execute,,D1,T0,none,HOME06_Garden_Camera_1 HOME06_Garden_Camera_2,
G01113,집,HOME02,기기제어,Start recording on the camera.,카메라 녹화 시작해.,refuse,no_device,D1,T0,none,,
G01114,집,HOME14,기기제어,could you switch the bedroom lights on?,침실 조명 켜 줄 수 있어?,execute,,D1,T0,none,HOME14_Bedroom_Light_1,
G01115,집,HOME17,기기제어,Start the coffee maker,커피포트 켜,refuse,no_device,D1,T0,none,,
G01116,집,HOME18,기기제어,can you turn on the garage camera?,차고 카메라 켜 줄래?,execute,,D1,T0,none,HOME18_Garage_Camera_1,
G01119,집,HOME07,기기제어,I'd like you to stop the sprinkler.,스프링클러 멈춰 줬으면 해.,ask,,D1,T0,none,HOME07_Garden_Sprinkler_1 HOME07_Garden_Sprinkler_2,
G01126,집,HOME19,기기제어,Turn on the study air purifier.,서재 공기청정기 켜.,execute,,D1,T0,none,HOME19_Study_AirPurifier_1,
G01127,집,HOME02,기기제어,please clean the air in here.,여기 공기 좀 정화해 주세요.,execute,,D1,T0,none,HOME02_LivingRoom_AirPurifier_1,
G01128,집,HOME09,기기제어,Get the bedroom lights on.,침실 조명 켜.,execute,,D1,T0,none,HOME09_Bedroom_Light_1,
G01129,집,HOME16,기기제어,please cut power to the plug.,플러그 전원 차단해 주세요.,refuse,no_device,D1,T0,none,,
G01131,집,HOME12,상태조회,please text me the humidity in the entrance.,현관 습도 문자로 좀 보내 줘.,execute,,D1,T0,none,,Speaker.Speak
G01132,집,HOME07,상태조회,Text me the humidity in the bedroom,침실 습도 문자로 보내 줘,execute,,D1,T0,none,,NotificationProvider.SendPush
G01133,집,HOME14,상태조회,I'd like you to text me the humidity in the living room.,거실 습도 문자로 보내 줬으면 해.,execute,,D1,T0,none,,Speaker.Speak
G01135,집,HOME05,기기제어,please turn on the camera.,카메라 켜 주세요.,refuse,no_device,D1,T0,none,,
G01136,집,HOME03,기기제어,Let me see what is going on.,지금 상황 좀 보여 줘.,refuse,no_device,D1,T0,none,,
G01137,집,HOME13,기기제어,please lower the blinds to 10 percent.,블라인드 전부 10퍼센트까지 좀 내려 줘.,execute,,D1,T0,none,HOME13_LivingRoom_WindowCovering_1 HOME13_LivingRoom_WindowCovering_2 HOME13_LivingRoom_WindowCovering_3 HOME13_Bedroom_WindowCovering_1 HOME13_Bedroom_WindowCovering_2 HOME13_Study_WindowCovering_1,
G01138,집,HOME15,기기제어,please close all the garage doors.,모든 차고문 좀 닫아 줘.,execute,,D1,T0,none,HOME15_Entrance_GarageDoor_1,
G01139,집,HOME15,기기제어,Open the entrance garage door,현관 차고문 열어,execute,,D1,T0,none,HOME15_Entrance_GarageDoor_1,
G01140,집,HOME06,기기제어,can you set a 5 minute timer?,5분 타이머 맞춰 줄래?,refuse,no_service,D1,T0,none,,
G01141,집,HOME13,기기제어,I'd like you to switch the lights to the reading scene.,조명 전부 독서 모드로 바꿔 줬으면 해.,execute,,D1,T0,none,HOME13_LivingRoom_Light_1 HOME13_LivingRoom_Light_2 HOME13_LivingRoom_Light_3 HOME13_Bedroom_Light_1 HOME13_Bedroom_Light_2 HOME13_Kitchen_Light_1 HOME13_Study_Light_1,
G01144,집,HOME06,기기제어,can you put the thermostat on 25 degrees?,온도조절기 25도로 해 줄래?,execute,,D1,T0,none,HOME06_LivingRoom_Thermostat_1,
G01145,집,HOME19,기기제어,It is freezing in here.,여기 얼어 죽겠어.,ask,,D1,T0,none,HOME19_LivingRoom_AirConditioner_1 HOME19_LivingRoom_Thermostat_1 HOME19_Study_AirConditioner_1,
G01146,집,HOME11,기기제어,could you turn on the switch?,스위치 켜 줄 수 있어?,ask,,D1,T0,none,HOME11_Room_Light_1 HOME11_Room_Light_2 HOME11_Kitchen_Light_1 HOME11_Bathroom_Light_1 HOME11_Room_AirConditioner_1 HOME11_Room_Television_1 HOME11_Room_Plug_1 HOME11_Room_Plug_2,
G01147,집,HOME12,기기제어,I'd like you to kill all the lights.,모든 조명 꺼 줬으면 해.,execute,,D1,T0,none,HOME12_RoomA_Light_1 HOME12_RoomB_Light_1 HOME12_RoomC_Light_1 HOME12_LivingRoom_Light_1 HOME12_LivingRoom_Light_2 HOME12_LivingRoom_Light_3 HOME12_Kitchen_Light_1 HOME12_Bathroom_Light_1 HOME12_Bathroom_Light_2,
G01148,집,HOME19,기기제어,could you put all the lights on?,모든 조명 켜 줄 수 있어?,execute,,D1,T0,none,HOME19_LivingRoom_Light_1 HOME19_LivingRoom_Light_2 HOME19_Study_Light_1 HOME19_Study_Light_2 HOME19_Bedroom_Light_1 HOME19_Kitchen_Light_1,
G01149,집,HOME12,기기제어,I'd like you to light up the room C light.,C방 조명 켜 줬으면 해.,execute,,D1,T0,none,HOME12_RoomC_Light_1,
G01150,집,HOME06,기기제어,could you start the garden sprinkler?,마당 스프링클러 켜 줄 수 있어?,execute,,D1,T0,none,HOME06_Garden_Sprinkler_1,
G01154,집,HOME02,기기제어,I'd like you to shut everything down in here.,여기 다 꺼 줬으면 해.,ask,,D1,T0,none,HOME02_Bedroom_Light_1 HOME02_Kitchen_Light_1 HOME02_LivingRoom_AirConditioner_1 HOME02_LivingRoom_AirPurifier_1 HOME02_LivingRoom_Light_1 HOME02_LivingRoom_Light_2 HOME02_LivingRoom_Television_1 HOME02_LivingRoom_Thermostat_1,
G01155,집,HOME13,기기제어,please toggle the switch.,스위치 껐다 켜 주세요.,ask,,D1,T0,none,HOME13_LivingRoom_Light_1 HOME13_LivingRoom_Light_2 HOME13_LivingRoom_Light_3 HOME13_Bedroom_Light_1 HOME13_Bedroom_Light_2 HOME13_Kitchen_Light_1 HOME13_Study_Light_1 HOME13_LivingRoom_AirConditioner_1 HOME13_Bedroom_AirConditioner_1 HOME13_LivingRoom_AirPurifier_1 HOME13_LivingRoom_Television_1,
G01156,집,HOME01,기기제어,I'd like you to make sure the place is secure.,문단속 좀 해 줬으면 해.,execute,,D1,T0,none,HOME01_Entrance_DoorLock_1,
G01157,집,HOME08,기기제어,I'd like you to turn on the fan.,선풍기 켜 줬으면 해.,execute,,D1,T0,none,HOME08_LivingRoom_Fan_1,
G01158,집,HOME08,기기제어,can you turn on the living room TV?,거실 TV 켜 줄래?,execute,,D1,T0,none,HOME08_LivingRoom_Television_1,
G01159,집,HOME08,기기제어,please run the vacuum in the bedroom.,로봇청소기로 침실 좀 청소해 줘.,execute,,D1,T0,none,HOME08_LivingRoom_RobotVacuumCleaner_1,
G01160,집,HOME18,기기제어,can you run the vacuum in the kitchen?,로봇청소기로 주방 청소해 줄래?,execute,,D1,T0,none,HOME18_LivingRoom_RobotVacuumCleaner_1,
G01162,집,HOME18,상태조회,please send me the garage temperature.,차고 온도 보내 주세요.,execute,,D1,T0,none,,NotificationProvider.SendPush
G01163,집,HOME02,알림예약,Remind me to check all the lights.,모든 조명 확인하라고 알려 줘.,execute,,D1,T0,none,,NotificationProvider.SendPush
G01164,집,HOME02,알림예약,Keep me posted,계속 알려 줘,execute,,D1,T0,none,,NotificationProvider.SendPush
G01165,집,HOME09,기기제어,Change the nursery color mood light to warm white.,아기방 컬러 무드등 전구색으로 바꿔.,execute,,D1,T0,none,HOME09_BabyRoom_ColorControl_1,
G01166,집,HOME16,기기제어,please get the garden lights on.,마당 조명 켜 주세요.,execute,,D1,T0,none,HOME16_Garden_Light_1,
G01167,집,HOME15,기기제어,Put the study lights on.,서재 조명 켜.,execute,,D1,T0,none,HOME15_Study_Light_1 HOME15_Study_Light_2,
G01170,집,HOME09,기기제어,can you run all the fans for 45 minutes?,모든 선풍기를 45분 동안 돌려 줄래?,execute,,D1,T0,none,HOME09_BabyRoom_Fan_1,
G01172,집,HOME19,기기제어,I'd like you to set all the fans to high.,모든 선풍기 세게 틀어 줬으면 해.,execute,,D1,T0,none,HOME19_Study_Fan_1,
G01173,집,HOME08,기기제어,Clean up in here.,여기 좀 치워 줘.,execute,,D1,T0,none,HOME08_LivingRoom_RobotVacuumCleaner_1,
G01174,집,HOME02,알림예약,please remind me to check the bedroom lights.,침실 조명 확인하라고 알려 주세요.,execute,,D1,T0,none,,NotificationProvider.SendPush
G01175,집,HOME06,알림예약,could you send me a note if the garage lights stays on?,차고 조명 계속 켜져 있으면 알려 줄 수 있어?,execute,,D1,T0,none,,NotificationProvider.SendPush
G01176,집,HOME16,기기제어,I'd like you to kill the garden lights.,마당 조명 꺼 줬으면 해.,execute,,D1,T0,none,HOME16_Garden_Light_1,
G01178,집,HOME18,기기제어,Announce it on the living room speaker.,거실 스피커로 알려.,execute,,D1,T0,none,HOME18_LivingRoom_Speaker_1 HOME18_LivingRoom_Speaker_2,
G01179,집,HOME10,기기제어,please play a chime on the bedroom speaker.,침실 스피커로 알림음 울려 주세요.,execute,,D1,T0,none,HOME10_Bedroom_Speaker_1,
G01182,집,HOME19,기기제어,can you open the study blinds?,서재 블라인드 열어 줄래?,execute,,D1,T0,none,HOME19_Study_WindowCovering_1,
G01183,집,HOME02,기기제어,I'd like you to block the sun.,햇빛 좀 막아 줬으면 해.,refuse,no_device,D1,T0,none,,
G01184,집,HOME05,기기제어,can you turn off the lights?,조명 전부 꺼 줄래?,execute,,D1,T0,none,HOME05_LivingRoom_Light_1 HOME05_LivingRoom_Light_2 HOME05_LivingRoom_Light_3 HOME05_Kitchen_Light_1 HOME05_Bedroom_Light_1 HOME05_Bedroom_Light_2 HOME05_Study_Light_1 HOME05_Stairs_Light_1,
G01189,집,HOME09,기기제어,Get the nursery color mood light on,아기방 컬러 무드등 켜,execute,,D1,T0,none,HOME09_BabyRoom_ColorControl_1,
G01191,집,HOME18,기기제어,I'd like you to unlock all the door locks.,모든 도어락 열어 줬으면 해.,execute,,D1,T0,none,HOME18_Entrance_DoorLock_1,
G01192,집,HOME13,기기제어,Shut out the light from outside.,바깥 빛 좀 차단해 줘.,execute,,D1,T0,none,HOME13_Bedroom_WindowCovering_1 HOME13_Bedroom_WindowCovering_2 HOME13_LivingRoom_WindowCovering_1 HOME13_LivingRoom_WindowCovering_2 HOME13_LivingRoom_WindowCovering_3 HOME13_Study_WindowCovering_1,
G01193,집,HOME06,기기제어,Turn the lights up to 75 percent,조명 전부 밝기를 75퍼센트까지 올려,execute,,D1,T0,none,HOME06_LivingRoom_Light_1 HOME06_LivingRoom_Light_2 HOME06_LivingRoom_Light_3 HOME06_LivingRoom_Light_4 HOME06_Kitchen_Light_1 HOME06_Kitchen_Light_2 HOME06_Bedroom_Light_1 HOME06_Bedroom_Light_2 HOME06_Study_Light_1 HOME06_Bathroom_Light_1 HOME06_Bathroom_Light_2 HOME06_Hallway_Light_1 HOME06_Garden_Light_1 HOME06_Garden_Light_2 HOME06_Garage_Light_1,
G01194,집,HOME04,기기제어,can you set the lights brightness to 60 percent?,조명 전부 밝기를 60퍼센트로 맞춰 줄래?,execute,,D1,T0,none,HOME04_LivingRoom_Light_1 HOME04_LivingRoom_Light_2 HOME04_LivingRoom_Light_3 HOME04_Bedroom_Light_1 HOME04_Bedroom_Light_2 HOME04_Study_Light_1 HOME04_Study_Light_2 HOME04_Kitchen_Light_1,
G01195,집,HOME20,기기제어,please make the lights red.,조명 전부 빨간색으로 해 주세요.,execute,,D1,T0,none,HOME20_LivingRoom_Light_1 HOME20_LivingRoom_Light_2 HOME20_Kitchen_Light_1 HOME20_Bedroom_Light_1,
G01196,집,HOME19,기기제어,Start all the coffee makers.,모든 커피포트 켜.,execute,,D1,T0,none,HOME19_Kitchen_CoffeeMaker_1,
G01198,집,HOME14,기기제어,could you change the living room lights to purple?,거실 조명 보라색으로 바꿔 줄 수 있어?,execute,,D1,T0,none,HOME14_LivingRoom_Light_1 HOME14_LivingRoom_Light_2,
G01199,집,HOME06,기기제어,can you close all the garage doors?,모든 차고문 닫아 줄래?,execute,,D1,T0,none,HOME06_Garage_GarageDoor_1,
G01200,집,HOME18,기기제어,I'd like you to put the bedroom lights on.,침실 조명 켜 줬으면 해.,execute,,D1,T0,none,HOME18_Bedroom_Light_1 HOME18_Bedroom_Light_2,
G01201,집,HOME04,기기제어,can you set the mood for a movie?,영화 볼 분위기로 맞춰 줄래?,execute,,D1,T0,none,HOME04_Bedroom_Light_1 HOME04_Bedroom_Light_2 HOME04_Kitchen_Light_1 HOME04_LivingRoom_Light_1 HOME04_LivingRoom_Light_2 HOME04_LivingRoom_Light_3 HOME04_Study_Light_1 HOME04_Study_Light_2,
G01202,집,HOME09,기기제어,Light up the nursery mood light.,아기방 무드등 켜.,execute,,D1,T0,none,HOME09_BabyRoom_Light_1,
G01204,집,HOME05,기기제어,Set the living room thermostat to 23 degrees,거실 온도조절기 23도로 맞춰,execute,,D1,T0,none,HOME05_LivingRoom_Thermostat_1 HOME05_LivingRoom_Thermostat_2,
G01206,집,HOME11,기기제어,can you turn on the room TV?,방 TV 켜 줄래?,execute,,D1,T0,none,HOME11_Room_Television_1,
G01207,집,HOME11,기기제어,can you turn the room TV off?,방 TV 꺼 줄래?,execute,,D1,T0,none,HOME11_Room_Television_1,
G01208,집,HOME03,기기제어,Turn on the TV.,TV 켜.,execute,,D1,T0,none,HOME03_LivingRoom_Television_1,
G01211,집,HOME10,기기제어,I'd like you to set all the lights brightness to 10 percent.,모든 조명 밝기를 10퍼센트로 맞춰 줬으면 해.,execute,,D1,T0,none,HOME10_LivingRoom_Light_1 HOME10_LivingRoom_Light_2 HOME10_Bedroom_Light_1 HOME10_Bathroom_Light_1 HOME10_Hallway_Light_1,
G01213,집,HOME16,기기제어,I'd like you to run the morning scene on the lights.,조명 아침 모드 실행해 줬으면 해.,execute,,D1,T0,none,HOME16_LivingRoom_Light_1 HOME16_LivingRoom_Light_2 HOME16_Bedroom_Light_1 HOME16_Garden_Light_1,
G01217,집,HOME20,기기제어,Turn the coffee maker off,커피포트 꺼,execute,,D1,T0,none,HOME20_Kitchen_CoffeeMaker_1,
G01219,집,HOME04,기기제어,Set the mood for a movie,영화 볼 분위기로 맞춰 줘,execute,,D1,T0,none,HOME04_Bedroom_Light_1 HOME04_Bedroom_Light_2 HOME04_Kitchen_Light_1 HOME04_LivingRoom_Light_1 HOME04_LivingRoom_Light_2 HOME04_LivingRoom_Light_3 HOME04_Study_Light_1 HOME04_Study_Light_2,
G01221,집,HOME05,기기제어,can you set the lights to the night scene?,조명 취침 모드로 해 줄래?,execute,,D1,T0,none,HOME05_LivingRoom_Light_1 HOME05_LivingRoom_Light_2 HOME05_LivingRoom_Light_3 HOME05_Kitchen_Light_1 HOME05_Bedroom_Light_1 HOME05_Bedroom_Light_2 HOME05_Study_Light_1 HOME05_Stairs_Light_1,
G01222,집,HOME04,기기제어,can you switch the lights to the focus scene?,조명 전부 집중 모드로 바꿔 줄래?,execute,,D1,T0,none,HOME04_LivingRoom_Light_1 HOME04_LivingRoom_Light_2 HOME04_LivingRoom_Light_3 HOME04_Bedroom_Light_1 HOME04_Bedroom_Light_2 HOME04_Study_Light_1 HOME04_Study_Light_2 HOME04_Kitchen_Light_1,
G01223,집,HOME11,알림예약,can you remind me to check all the plugs?,모든 플러그 확인하라고 알려 줄래?,execute,,D1,T0,none,,NotificationProvider.SendPush
G01230,집,HOME10,기기제어,could you turn the lights up to 90 percent?,조명 전부 밝기를 90퍼센트까지 올려 줄 수 있어?,execute,,D1,T0,none,HOME10_LivingRoom_Light_1 HOME10_LivingRoom_Light_2 HOME10_Bedroom_Light_1 HOME10_Bathroom_Light_1 HOME10_Hallway_Light_1,
G01231,집,HOME13,기기제어,Bring the living room lights down to 30 percent.,거실 조명 밝기를 30퍼센트까지 낮춰.,execute,,D1,T0,none,HOME13_LivingRoom_Light_1 HOME13_LivingRoom_Light_2 HOME13_LivingRoom_Light_3,
G01232,집,HOME06,기기제어,can you shut all the garage doors?,모든 차고문 닫아 줄래?,execute,,D1,T0,none,HOME06_Garage_GarageDoor_1,
G01233,집,HOME19,기기제어,can you turn off all the switches?,모든 스위치 꺼 줄래?,execute,,D1,T0,none,HOME19_LivingRoom_Light_1 HOME19_LivingRoom_Light_2 HOME19_Study_Light_1 HOME19_Study_Light_2 HOME19_Bedroom_Light_1 HOME19_Kitchen_Light_1 HOME19_Study_AirConditioner_1 HOME19_LivingRoom_AirConditioner_1 HOME19_Study_AirPurifier_1 HOME19_Study_Plug_1 HOME19_Study_Plug_2 HOME19_Study_Plug_3,
G01237,집,HOME01,기기제어,can you switch the room lights on?,방 조명 켜 줄래?,execute,,D1,T0,none,HOME01_Room_Light_1 HOME01_Room_Light_2,
G01238,집,HOME15,기기제어,could you remind me in a bit?,조금 있다 알려 줄 수 있어?,refuse,no_service,D1,T0,none,,
G01239,집,HOME06,기기제어,please switch the kitchen switch on.,주방 스위치 좀 켜 줘.,execute,,D1,T0,none,HOME06_Kitchen_Light_1 HOME06_Kitchen_Light_2,
G01240,집,HOME18,기기제어,I'd like you to start a countdown for 15 minutes.,15분 카운트다운 시작해 줬으면 해.,refuse,no_service,D1,T0,none,,
G01241,집,HOME15,기기제어,Turn on the HeyHome IR AC.,헤이홈 IR 에어컨 켜.,execute,,D1,T0,none,HOME15_LivingRoom_AirConditioner_1,
G01242,집,HOME14,기기제어,Turn the living room lights daylight white,거실 조명 주광색으로 켜,execute,,D1,T0,none,HOME14_LivingRoom_Light_1 HOME14_LivingRoom_Light_2,
G01244,집,HOME11,기기제어,please turn the lights red.,조명 전부 빨간색으로 켜 주세요.,execute,,D1,T0,none,HOME11_Room_Light_1 HOME11_Room_Light_2 HOME11_Kitchen_Light_1 HOME11_Bathroom_Light_1,
G01246,집,HOME05,기기제어,can you change all the lights to daylight white?,모든 조명 주광색으로 바꿔 줄래?,execute,,D1,T0,none,HOME05_LivingRoom_Light_1 HOME05_LivingRoom_Light_2 HOME05_LivingRoom_Light_3 HOME05_Kitchen_Light_1 HOME05_Bedroom_Light_1 HOME05_Bedroom_Light_2 HOME05_Study_Light_1 HOME05_Stairs_Light_1,
G01247,집,HOME02,기기제어,can you remind me in a bit?,조금 있다 알려 줄래?,refuse,no_service,D1,T0,none,,
G01248,집,HOME02,기기제어,please get the bedroom lights on.,침실 조명 좀 켜 줘.,execute,,D1,T0,none,HOME02_Bedroom_Light_1,
G01249,집,HOME09,기기제어,can you set the lights to the dinner scene?,조명 저녁 식사 모드로 해 줄래?,execute,,D1,T0,none,HOME09_LivingRoom_Light_1 HOME09_LivingRoom_Light_2 HOME09_BabyRoom_Light_1 HOME09_BabyRoom_ColorControl_1 HOME09_Bedroom_Light_1 HOME09_Kitchen_Light_1,
G01250,집,HOME16,기기제어,I'd like you to turn the bedroom lights purple.,침실 조명 보라색으로 켜 줬으면 해.,execute,,D1,T0,none,HOME16_Bedroom_Light_1,
G01251,집,HOME07,기기제어,can you turn on the garden camera?,마당 카메라 켜 줄래?,execute,,D1,T0,none,HOME07_Garden_Camera_1 HOME07_Garden_Camera_2,
G01252,집,HOME14,상태조회,I'd like you to let me know whether anyone is in the kitchen.,주방에 사람 있는지 알려 줬으면 해.,refuse,no_occupancy,D1,T0,none,,
G01255,집,HOME16,기기제어,please start the vacuum.,로봇청소기 켜 주세요.,refuse,no_device,D1,T0,none,,
G01256,집,HOME07,기기제어,Tidy the floor.,바닥 정리해 줘.,ask,,D1,T0,none,HOME07_Garden_Mower_1 HOME07_LivingRoom_RobotVacuumCleaner_1,
G01257,집,HOME05,기기제어,I'd like you to open the living room blinds.,거실 블라인드 열어 줬으면 해.,execute,,D1,T0,none,HOME05_LivingRoom_WindowCovering_1 HOME05_LivingRoom_WindowCovering_2,
G01258,집,HOME10,기기제어,Make sure all the door locks are locked,모든 도어락 잠겼는지 봐 줘,execute,,D1,T0,none,HOME10_Entrance_DoorLock_1,
G01259,집,HOME19,기기제어,Switch the study light 2 on.,서재 조명 2 켜.,execute,,D1,T0,none,HOME19_Study_Light_2,
G01260,집,HOME16,기기제어,Turn on the TV,TV 켜,refuse,no_device,D1,T0,none,,
G01265,집,HOME02,기기제어,I'd like you to put the living room air purifier on auto.,거실 공기청정기 자동 모드로 해 줬으면 해.,execute,,D1,T0,none,HOME02_LivingRoom_AirPurifier_1,
G01267,집,HOME08,기기제어,please turn on the air purifier.,공기청정기 좀 켜 줘.,execute,,D1,T0,none,HOME08_LivingRoom_AirPurifier_1,
G01268,집,HOME05,기기제어,Make the lights red,조명 전부 빨간색으로 해,execute,,D1,T0,none,HOME05_LivingRoom_Light_1 HOME05_LivingRoom_Light_2 HOME05_LivingRoom_Light_3 HOME05_Kitchen_Light_1 HOME05_Bedroom_Light_1 HOME05_Bedroom_Light_2 HOME05_Study_Light_1 HOME05_Stairs_Light_1,
G01270,집,HOME19,기기제어,Set the lights to amber.,조명 전부 호박색으로 바꿔.,execute,,D1,T0,none,HOME19_LivingRoom_Light_1 HOME19_LivingRoom_Light_2 HOME19_Study_Light_1 HOME19_Study_Light_2 HOME19_Bedroom_Light_1 HOME19_Kitchen_Light_1,
G01275,집,HOME01,기기제어,I am half asleep,반쯤 자고 있어,refuse,no_device,D1,T0,none,,
G01276,집,HOME07,기기제어,can you turn on the bedroom lights?,침실 조명 켜 줄래?,execute,,D1,T0,none,HOME07_Bedroom_Light_1 HOME07_Bedroom_Light_2,
G01277,집,HOME12,기기제어,Turn off all the lights.,모든 조명 꺼.,execute,,D1,T0,none,HOME12_RoomA_Light_1 HOME12_RoomB_Light_1 HOME12_RoomC_Light_1 HOME12_LivingRoom_Light_1 HOME12_LivingRoom_Light_2 HOME12_LivingRoom_Light_3 HOME12_Kitchen_Light_1 HOME12_Bathroom_Light_1 HOME12_Bathroom_Light_2,
G01278,집,HOME15,기기제어,Kill the lights.,조명 전부 꺼.,execute,,D1,T0,none,HOME15_LivingRoom_Light_1 HOME15_LivingRoom_Light_2 HOME15_LivingRoom_Light_3 HOME15_LivingRoom_Light_4 HOME15_Bedroom_Light_1 HOME15_Bedroom_Light_2 HOME15_Study_Light_1 HOME15_Study_Light_2 HOME15_LivingRoom_ColorControl_1 HOME15_LivingRoom_ColorControl_2 HOME15_Kitchen_Light_1,
G01280,집,HOME18,기기제어,can you turn on the water heater?,온수기 켜 줄래?,refuse,no_device,D1,T0,none,,
G01282,집,HOME07,기기제어,Turn the utility water heater off,다용도실 온수기 꺼,execute,,D1,T0,none,HOME07_Utility_WaterHeater_1,
G01288,집,HOME08,기기제어,please run the away scene on the lights with a single press of the button.,버튼을 한 번 누르면 조명 외출 모드 실행해 주세요.,execute,,D4,T1,none,HOME08_LivingRoom_Light_1 HOME08_LivingRoom_Light_2 HOME08_Bedroom_Light_1 HOME08_Kitchen_Light_1,
G01289,집,HOME16,기기제어,can you put the light into away mode with one tap on the wall switch?,벽 스위치를 한 번 누르면 조명 외출 모드로 해 줄래?,ask,,D4,T1,none,HOME16_LivingRoom_Light_1 HOME16_LivingRoom_Light_2 HOME16_Bedroom_Light_1 HOME16_Garden_Light_1,
G01291,집,HOME01,기기제어,could you set the lights to the movie scene when I double-press the button?,버튼이 연속 두 번 눌리면 조명 영화 모드로 해 줄 수 있어?,execute,,D4,T1,none,HOME01_Room_Light_1 HOME01_Room_Light_2,
G01292,집,HOME08,기기제어,Run the away scene on the lights when the scene button is pressed,씬 버튼이 눌리면 조명 외출 모드 실행해,execute,,D4,T1,none,HOME08_LivingRoom_Light_1 HOME08_LivingRoom_Light_2 HOME08_Bedroom_Light_1 HOME08_Kitchen_Light_1,
G01293,집,HOME16,기기제어,"With a single press of the button, set the mood for a movie",버튼을 한 번 누르면 영화 볼 분위기로 맞춰 줘,execute,,D4,T1,none,HOME16_Bedroom_Light_1 HOME16_Garden_Light_1 HOME16_LivingRoom_Light_1 HOME16_LivingRoom_Light_2,
G01295,집,HOME01,기기제어,can you set the lights to the dinner scene when I press the button?,내가 버튼을 누르면 조명 저녁 식사 모드로 해 줄래?,execute,,D4,T1,none,HOME01_Room_Light_1 HOME01_Room_Light_2,
G01296,집,HOME08,기기제어,I'd like you to run the movie scene on the lights when I double-press the button.,버튼이 연속 두 번 눌리면 조명 영화 모드 실행해 줬으면 해.,execute,,D4,T1,none,HOME08_LivingRoom_Light_1 HOME08_LivingRoom_Light_2 HOME08_Bedroom_Light_1 HOME08_Kitchen_Light_1,
G01297,집,HOME16,기기제어,could you put the light into reading mode when the scene button is pressed?,씬 버튼이 눌리면 조명 독서 모드로 해 줄 수 있어?,ask,,D4,T1,none,HOME16_LivingRoom_Light_1 HOME16_LivingRoom_Light_2 HOME16_Bedroom_Light_1 HOME16_Garden_Light_1,
G01299,집,HOME01,기기제어,"With one tap on the wall switch, set the lights to the away scene.",벽 스위치를 한 번 누르면 조명 외출 모드로 해.,execute,,D4,T1,none,HOME01_Room_Light_1 HOME01_Room_Light_2,
G01300,집,HOME08,기기제어,please run the party scene on the lights when I press the button.,내가 버튼을 누르면 조명 파티 모드 실행해 주세요.,execute,,D4,T1,none,HOME08_LivingRoom_Light_1 HOME08_LivingRoom_Light_2 HOME08_Bedroom_Light_1 HOME08_Kitchen_Light_1,
G01301,집,HOME16,기기제어,can you put the lights into movie mode when I double-press the button?,버튼이 연속 두 번 눌리면 조명 전부 영화 모드로 해 줄래?,execute,,D4,T1,none,HOME16_LivingRoom_Light_1 HOME16_LivingRoom_Light_2 HOME16_Bedroom_Light_1 HOME16_Garden_Light_1,
G01303,집,HOME01,기기제어,could you set the lights to the focus scene with a single press of the button?,버튼을 한 번 누르면 조명 집중 모드로 해 줄 수 있어?,execute,,D4,T1,none,HOME01_Room_Light_1 HOME01_Room_Light_2,
G01304,집,HOME01,기기제어,"When I double-press the button, set the mood for a movie",버튼이 연속 두 번 눌리면 영화 볼 분위기로 맞춰 줘,execute,,D4,T1,none,HOME01_Room_Light_1 HOME01_Room_Light_2,
G01305,집,HOME08,기기제어,please run the morning scene on the lights when the scene button is pressed.,씬 버튼이 눌리면 조명 아침 모드 실행해 주세요.,execute,,D4,T1,none,HOME08_LivingRoom_Light_1 HOME08_LivingRoom_Light_2 HOME08_Bedroom_Light_1 HOME08_Kitchen_Light_1,
G01306,집,HOME16,기기제어,can you put the lights into morning mode with a single press of the button?,버튼을 한 번 누르면 조명 전부 아침 모드로 해 줄래?,execute,,D4,T1,none,HOME16_LivingRoom_Light_1 HOME16_LivingRoom_Light_2 HOME16_Bedroom_Light_1 HOME16_Garden_Light_1,
G01308,집,HOME01,기기제어,could you set the lights to the night scene when I press the button?,내가 버튼을 누르면 조명 취침 모드로 해 줄 수 있어?,execute,,D4,T1,none,HOME01_Room_Light_1 HOME01_Room_Light_2,
G01309,집,HOME08,기기제어,Run the away scene on the lights when I double-press the button,버튼이 연속 두 번 눌리면 조명 외출 모드 실행해,execute,,D4,T1,none,HOME08_LivingRoom_Light_1 HOME08_LivingRoom_Light_2 HOME08_Bedroom_Light_1 HOME08_Kitchen_Light_1,
G01310,집,HOME16,기기제어,"When the scene button is pressed, put the lights into focus mode",씬 버튼이 눌리면 조명 전부 집중 모드로 해,execute,,D4,T1,none,HOME16_LivingRoom_Light_1 HOME16_LivingRoom_Light_2 HOME16_Bedroom_Light_1 HOME16_Garden_Light_1,
G01312,집,HOME01,기기제어,can you make it feel like morning with one tap on the wall switch?,벽 스위치를 한 번 누르면 아침 같은 분위기로 해 줄래?,execute,,D4,T1,none,HOME01_Room_Light_1 HOME01_Room_Light_2,
G01313,집,HOME08,기기제어,I'd like you to run the relax scene on the lights when I press the button.,내가 버튼을 누르면 조명 휴식 모드 실행해 줬으면 해.,execute,,D4,T1,none,HOME08_LivingRoom_Light_1 HOME08_LivingRoom_Light_2 HOME08_Bedroom_Light_1 HOME08_Kitchen_Light_1,
G01314,집,HOME16,기기제어,could you put the lights into party mode when I double-press the button?,버튼이 연속 두 번 눌리면 조명 전부 파티 모드로 해 줄 수 있어?,execute,,D4,T1,none,HOME16_LivingRoom_Light_1 HOME16_LivingRoom_Light_2 HOME16_Bedroom_Light_1 HOME16_Garden_Light_1,
G01316,집,HOME01,기기제어,"With a single press of the button, set the lights to the focus scene",버튼을 한 번 누르면 조명 집중 모드로 해,execute,,D4,T1,none,HOME01_Room_Light_1 HOME01_Room_Light_2,
G01317,집,HOME08,기기제어,please run the relax scene on the lights with one tap on the wall switch.,벽 스위치를 한 번 누르면 조명 휴식 모드 실행해 주세요.,execute,,D4,T1,none,HOME08_LivingRoom_Light_1 HOME08_LivingRoom_Light_2 HOME08_Bedroom_Light_1 HOME08_Kitchen_Light_1,
G01318,집,HOME16,기기제어,can you put the lights into night mode when I press the button?,내가 버튼을 누르면 조명 전부 취침 모드로 해 줄래?,execute,,D4,T1,none,HOME16_LivingRoom_Light_1 HOME16_LivingRoom_Light_2 HOME16_Bedroom_Light_1 HOME16_Garden_Light_1,
G01320,집,HOME01,기기제어,could you set the lights to the morning scene when the scene button is pressed?,씬 버튼이 눌리면 조명 아침 모드로 해 줄 수 있어?,execute,,D4,T1,none,HOME01_Room_Light_1 HOME01_Room_Light_2,
G01321,집,HOME08,기기제어,Make it cozy in here with a single press of the button,버튼을 한 번 누르면 여기 아늑하게 해 줘,execute,,D4,T1,none,HOME08_Bedroom_Light_1 HOME08_Kitchen_Light_1 HOME08_LivingRoom_Light_1 HOME08_LivingRoom_Light_2,
G01322,집,HOME16,기기제어,"With one tap on the wall switch, put the lights into party mode.",벽 스위치를 한 번 누르면 조명 전부 파티 모드로 해.,execute,,D4,T1,none,HOME16_LivingRoom_Light_1 HOME16_LivingRoom_Light_2 HOME16_Bedroom_Light_1 HOME16_Garden_Light_1,
G01324,집,HOME01,기기제어,can you set the lights to the movie scene when I double-press the button?,버튼이 연속 두 번 눌리면 조명 영화 모드로 해 줄래?,execute,,D4,T1,none,HOME01_Room_Light_1 HOME01_Room_Light_2,
G01325,집,HOME08,기기제어,I'd like you to run the dinner scene on the lights when the scene button is pressed.,씬 버튼이 눌리면 조명 저녁 식사 모드 실행해 줬으면 해.,execute,,D4,T1,none,HOME08_LivingRoom_Light_1 HOME08_LivingRoom_Light_2 HOME08_Bedroom_Light_1 HOME08_Kitchen_Light_1,
G01326,집,HOME08,기기제어,Run the dinner scene on the lights when I press the button,내가 버튼을 누르면 조명 저녁 식사 모드 실행해,execute,,D4,T1,none,HOME08_LivingRoom_Light_1 HOME08_LivingRoom_Light_2 HOME08_Bedroom_Light_1 HOME08_Kitchen_Light_1,
G01327,집,HOME16,기기제어,"When I double-press the button, put the lights into night mode",버튼이 연속 두 번 눌리면 조명 전부 취침 모드로 해,execute,,D4,T1,none,HOME16_LivingRoom_Light_1 HOME16_LivingRoom_Light_2 HOME16_Bedroom_Light_1 HOME16_Garden_Light_1,
G01329,집,HOME01,기기제어,can you set the lights to the dinner scene with a single press of the button?,버튼을 한 번 누르면 조명 저녁 식사 모드로 해 줄래?,execute,,D4,T1,none,HOME01_Room_Light_1 HOME01_Room_Light_2,
G01330,집,HOME08,기기제어,I'd like you to run the party scene on the lights with one tap on the wall switch.,벽 스위치를 한 번 누르면 조명 파티 모드 실행해 줬으면 해.,execute,,D4,T1,none,HOME08_LivingRoom_Light_1 HOME08_LivingRoom_Light_2 HOME08_Bedroom_Light_1 HOME08_Kitchen_Light_1,
G01331,집,HOME16,기기제어,could you make it cozy in here when I press the button?,내가 버튼을 누르면 여기 아늑하게 해 줄 수 있어?,execute,,D4,T1,none,HOME16_Bedroom_Light_1 HOME16_Garden_Light_1 HOME16_LivingRoom_Light_1 HOME16_LivingRoom_Light_2,
G01334,집,HOME08,기기제어,please run the night scene on the lights with a single press of the button.,버튼을 한 번 누르면 조명 취침 모드 실행해 주세요.,execute,,D4,T1,none,HOME08_LivingRoom_Light_1 HOME08_LivingRoom_Light_2 HOME08_Bedroom_Light_1 HOME08_Kitchen_Light_1,
G01335,집,HOME16,기기제어,can you put the lights into party mode with one tap on the wall switch?,벽 스위치를 한 번 누르면 조명 전부 파티 모드로 해 줄래?,execute,,D4,T1,none,HOME16_LivingRoom_Light_1 HOME16_LivingRoom_Light_2 HOME16_Bedroom_Light_1 HOME16_Garden_Light_1,
G01337,집,HOME01,기기제어,could you set the lights to the party scene when I double-press the button?,버튼이 연속 두 번 눌리면 조명 파티 모드로 해 줄 수 있어?,execute,,D4,T1,none,HOME01_Room_Light_1 HOME01_Room_Light_2,
G01338,집,HOME08,기기제어,Run the night scene on the lights when the scene button is pressed,씬 버튼이 눌리면 조명 취침 모드 실행해,execute,,D4,T1,none,HOME08_LivingRoom_Light_1 HOME08_LivingRoom_Light_2 HOME08_Bedroom_Light_1 HOME08_Kitchen_Light_1,
G01339,집,HOME16,기기제어,"With a single press of the button, put the lights into dinner mode",버튼을 한 번 누르면 조명 전부 저녁 식사 모드로 해,execute,,D4,T1,none,HOME16_LivingRoom_Light_1 HOME16_LivingRoom_Light_2 HOME16_Bedroom_Light_1 HOME16_Garden_Light_1,
G01341,집,HOME01,기기제어,can you set the lights to the morning scene when I press the button?,내가 버튼을 누르면 조명 아침 모드로 해 줄래?,execute,,D4,T1,none,HOME01_Room_Light_1 HOME01_Room_Light_2,
G01342,집,HOME08,기기제어,I'd like you to run the relax scene on the lights when I double-press the button.,버튼이 연속 두 번 눌리면 조명 휴식 모드 실행해 줬으면 해.,execute,,D4,T1,none,HOME08_LivingRoom_Light_1 HOME08_LivingRoom_Light_2 HOME08_Bedroom_Light_1 HOME08_Kitchen_Light_1,
G01343,집,HOME16,기기제어,could you put the lights into dinner mode when the scene button is pressed?,씬 버튼이 눌리면 조명 전부 저녁 식사 모드로 해 줄 수 있어?,execute,,D4,T1,none,HOME16_LivingRoom_Light_1 HOME16_LivingRoom_Light_2 HOME16_Bedroom_Light_1 HOME16_Garden_Light_1,
G01345,집,HOME01,기기제어,"With one tap on the wall switch, set the lights to the morning scene.",벽 스위치를 한 번 누르면 조명 아침 모드로 해.,execute,,D4,T1,none,HOME01_Room_Light_1 HOME01_Room_Light_2,
G01346,집,HOME08,기기제어,please run the movie scene on the lights when I press the button.,내가 버튼을 누르면 조명 영화 모드 좀 실행해 줘.,execute,,D4,T1,none,HOME08_LivingRoom_Light_1 HOME08_LivingRoom_Light_2 HOME08_Bedroom_Light_1 HOME08_Kitchen_Light_1,
G01347,집,HOME16,기기제어,could you put the lights into dinner mode with one tap on the wall switch?,벽 스위치를 한 번 누르면 조명 전부 저녁 식사 모드로 해 줄 수 있어?,execute,,D4,T1,none,HOME16_LivingRoom_Light_1 HOME16_LivingRoom_Light_2 HOME16_Bedroom_Light_1 HOME16_Garden_Light_1,
G01349,집,HOME01,기기제어,"When I double-press the button, make it cozy in here",버튼이 연속 두 번 눌리면 여기 아늑하게 해 줘,execute,,D4,T1,none,HOME01_Room_Light_1 HOME01_Room_Light_2,
G01350,집,HOME08,기기제어,please run the party scene on the lights when the scene button is pressed.,씬 버튼이 눌리면 조명 파티 모드 실행해 주세요.,execute,,D4,T1,none,HOME08_LivingRoom_Light_1 HOME08_LivingRoom_Light_2 HOME08_Bedroom_Light_1 HOME08_Kitchen_Light_1,
G01351,집,HOME16,기기제어,can you put the lights into away mode with a single press of the button?,버튼을 한 번 누르면 조명 전부 외출 모드로 해 줄래?,execute,,D4,T1,none,HOME16_LivingRoom_Light_1 HOME16_LivingRoom_Light_2 HOME16_Bedroom_Light_1 HOME16_Garden_Light_1,
G01353,집,HOME01,기기제어,could you set the lights to the reading scene when I press the button?,내가 버튼을 누르면 조명 독서 모드로 해 줄 수 있어?,execute,,D4,T1,none,HOME01_Room_Light_1 HOME01_Room_Light_2,
G01354,집,HOME08,기기제어,Run the dinner scene on the lights when I double-press the button,버튼이 연속 두 번 눌리면 조명 저녁 식사 모드 실행해,execute,,D4,T1,none,HOME08_LivingRoom_Light_1 HOME08_LivingRoom_Light_2 HOME08_Bedroom_Light_1 HOME08_Kitchen_Light_1,
G01355,집,HOME16,기기제어,"When the scene button is pressed, put the lights into away mode",씬 버튼이 눌리면 조명 전부 외출 모드로 해,execute,,D4,T1,none,HOME16_LivingRoom_Light_1 HOME16_LivingRoom_Light_2 HOME16_Bedroom_Light_1 HOME16_Garden_Light_1,
G01357,집,HOME01,기기제어,can you set the lights to the morning scene with one tap on the wall switch?,벽 스위치를 한 번 누르면 조명 아침 모드로 해 줄래?,execute,,D4,T1,none,HOME01_Room_Light_1 HOME01_Room_Light_2,
G01358,집,HOME08,기기제어,I'd like you to set the mood for a movie when I press the button.,내가 버튼을 누르면 영화 볼 분위기로 맞춰 줬으면 해.,execute,,D4,T1,none,HOME08_Bedroom_Light_1 HOME08_Kitchen_Light_1 HOME08_LivingRoom_Light_1 HOME08_LivingRoom_Light_2,
G01359,집,HOME16,기기제어,could you put the lights into away mode when I double-press the button?,버튼이 연속 두 번 눌리면 조명 전부 외출 모드로 해 줄 수 있어?,execute,,D4,T1,none,HOME16_LivingRoom_Light_1 HOME16_LivingRoom_Light_2 HOME16_Bedroom_Light_1 HOME16_Garden_Light_1,
G01361,집,HOME01,기기제어,"With a single press of the button, set the lights to the reading scene",버튼을 한 번 누르면 조명 독서 모드로 해,execute,,D4,T1,none,HOME01_Room_Light_1 HOME01_Room_Light_2,
G01362,집,HOME08,기기제어,please run the focus scene on the lights with one tap on the wall switch.,벽 스위치를 한 번 누르면 조명 집중 모드 좀 실행해 줘.,execute,,D4,T1,none,HOME08_LivingRoom_Light_1 HOME08_LivingRoom_Light_2 HOME08_Bedroom_Light_1 HOME08_Kitchen_Light_1,
G01363,집,HOME16,기기제어,can you put the lights into party mode when I press the button?,내가 버튼을 누르면 조명 전부 파티 모드로 해 줄래?,execute,,D4,T1,none,HOME16_LivingRoom_Light_1 HOME16_LivingRoom_Light_2 HOME16_Bedroom_Light_1 HOME16_Garden_Light_1,
G01365,집,HOME01,기기제어,could you set the lights to the party scene when the scene button is pressed?,씬 버튼이 눌리면 조명 파티 모드로 해 줄 수 있어?,execute,,D4,T1,none,HOME01_Room_Light_1 HOME01_Room_Light_2,
G01366,집,HOME08,기기제어,Run the movie scene on the lights with a single press of the button,버튼을 한 번 누르면 조명 영화 모드 실행해,execute,,D4,T1,none,HOME08_LivingRoom_Light_1 HOME08_LivingRoom_Light_2 HOME08_Bedroom_Light_1 HOME08_Kitchen_Light_1,
G01367,집,HOME16,기기제어,"With one tap on the wall switch, get this place ready for guests.",벽 스위치를 한 번 누르면 손님 맞을 준비해 줘.,execute,,D4,T1,none,HOME16_Bedroom_Light_1 HOME16_Garden_Light_1 HOME16_LivingRoom_Light_1 HOME16_LivingRoom_Light_2,
G01368,집,HOME16,기기제어,can you make it feel like morning when the scene button is pressed?,씬 버튼이 눌리면 아침 같은 분위기로 해 줄래?,execute,,D4,T1,none,HOME16_Bedroom_Light_1 HOME16_Garden_Light_1 HOME16_LivingRoom_Light_1 HOME16_LivingRoom_Light_2,
G01370,집,HOME01,기기제어,could you set the lights to the morning scene with one tap on the wall switch?,벽 스위치를 한 번 누르면 조명 아침 모드로 해 줄 수 있어?,execute,,D4,T1,none,HOME01_Room_Light_1 HOME01_Room_Light_2,
G01371,집,HOME08,기기제어,Run the reading scene on the lights when I press the button,내가 버튼을 누르면 조명 독서 모드 실행해,execute,,D4,T1,none,HOME08_LivingRoom_Light_1 HOME08_LivingRoom_Light_2 HOME08_Bedroom_Light_1 HOME08_Kitchen_Light_1,
G01372,집,HOME16,기기제어,"When I double-press the button, put the lights into relax mode.",버튼이 연속 두 번 눌리면 조명 전부 휴식 모드로 해.,execute,,D4,T1,none,HOME16_LivingRoom_Light_1 HOME16_LivingRoom_Light_2 HOME16_Bedroom_Light_1 HOME16_Garden_Light_1,
G01381,집,HOME15,기기제어,I'd like you to set the light brightness to 20 percent when the scene button is pressed.,씬 버튼이 눌리면 조명 밝기를 20퍼센트로 맞춰 줬으면 해.,ask,,D4,T1,none,HOME15_LivingRoom_Light_1 HOME15_LivingRoom_Light_2 HOME15_LivingRoom_Light_3 HOME15_LivingRoom_Light_4 HOME15_Bedroom_Light_1 HOME15_Bedroom_Light_2 HOME15_Study_Light_1 HOME15_Study_Light_2 HOME15_LivingRoom_ColorControl_1 HOME15_LivingRoom_ColorControl_2 HOME15_Kitchen_Light_1,
G01384,집,HOME07,기기제어,"When I press the button, bring the light down to 20 percent.",내가 버튼을 누르면 조명 밝기를 20퍼센트까지 낮춰.,ask,,D4,T1,none,HOME07_LivingRoom_Light_1 HOME07_LivingRoom_Light_2 HOME07_LivingRoom_Light_3 HOME07_Bedroom_Light_1 HOME07_Bedroom_Light_2 HOME07_Kitchen_Light_1 HOME07_Garden_Light_1 HOME07_Garden_Light_2 HOME07_Garden_Light_3 HOME07_Barn_Light_1,
G01385,집,HOME15,기기제어,please set the light brightness to 80 percent when I double-press the button.,버튼이 연속 두 번 눌리면 조명 밝기를 80퍼센트로 좀 맞춰 줘.,ask,,D4,T1,none,HOME15_LivingRoom_Light_1 HOME15_LivingRoom_Light_2 HOME15_LivingRoom_Light_3 HOME15_LivingRoom_Light_4 HOME15_Bedroom_Light_1 HOME15_Bedroom_Light_2 HOME15_Study_Light_1 HOME15_Study_Light_2 HOME15_LivingRoom_ColorControl_1 HOME15_LivingRoom_ColorControl_2 HOME15_Kitchen_Light_1,
G01388,집,HOME07,기기제어,could you bring the light down to 20 percent with one tap on the wall switch?,벽 스위치를 한 번 누르면 조명 밝기를 20퍼센트까지 낮춰 줄 수 있어?,ask,,D4,T1,none,HOME07_LivingRoom_Light_1 HOME07_LivingRoom_Light_2 HOME07_LivingRoom_Light_3 HOME07_Bedroom_Light_1 HOME07_Bedroom_Light_2 HOME07_Kitchen_Light_1 HOME07_Garden_Light_1 HOME07_Garden_Light_2 HOME07_Garden_Light_3 HOME07_Barn_Light_1,
G01389,집,HOME15,기기제어,please set the Skylight 2 brightness to 20 percent with a single press of the button.,버튼을 한 번 누르면 스카이라이트 2 밝기를 20퍼센트로 좀 맞춰 줘.,execute,,D4,T1,none,HOME15_Study_Light_2,
G01392,집,HOME07,기기제어,could you bring the bedroom lights down to 30 percent when I double-press the button?,버튼이 연속 두 번 눌리면 침실 조명 밝기를 30퍼센트까지 낮춰 줄 수 있어?,execute,,D4,T1,none,HOME07_Bedroom_Light_1 HOME07_Bedroom_Light_2,
G01393,집,HOME15,기기제어,Set the Skylight 1 brightness to 30 percent when the scene button is pressed,씬 버튼이 눌리면 스카이라이트 1 밝기를 30퍼센트로 맞춰,execute,,D4,T1,none,HOME15_Study_Light_1,
G01396,집,HOME07,기기제어,can you bring the kitchen lights down to 20 percent when I press the button?,내가 버튼을 누르면 주방 조명 밝기를 20퍼센트까지 낮춰 줄래?,execute,,D4,T1,none,HOME07_Kitchen_Light_1,
G01397,집,HOME15,기기제어,I'd like you to set the Hue living room 4 brightness to 50 percent when I double-press the button.,버튼이 연속 두 번 눌리면 Hue 거실 4 밝기를 50퍼센트로 맞춰 줬으면 해.,execute,,D4,T1,none,HOME15_LivingRoom_Light_4,
G01400,집,HOME07,기기제어,"With one tap on the wall switch, bring the garden lights down to 10 percent",벽 스위치를 한 번 누르면 마당 조명 밝기를 10퍼센트까지 낮춰,execute,,D4,T1,none,HOME07_Garden_Light_1 HOME07_Garden_Light_2 HOME07_Garden_Light_3,
G01401,집,HOME15,기기제어,please set the Hue living room 2 brightness to 40 percent when I press the button.,내가 버튼을 누르면 Hue 거실 2 밝기를 40퍼센트로 좀 맞춰 줘.,execute,,D4,T1,none,HOME15_LivingRoom_Light_2,
G01404,집,HOME07,기기제어,could you set the mood softer with a single press of the button?,버튼을 한 번 누르면 분위기 좀 부드럽게 해 줄 수 있어?,execute,,D4,T1,none,HOME07_Barn_Light_1 HOME07_Bedroom_Light_1 HOME07_Bedroom_Light_2 HOME07_Garden_Light_1 HOME07_Garden_Light_2 HOME07_Garden_Light_3 HOME07_Kitchen_Light_1 HOME07_LivingRoom_Light_1 HOME07_LivingRoom_Light_2 HOME07_LivingRoom_Light_3,
G01405,집,HOME15,기기제어,Set the Skylight 2 brightness to 30 percent with one tap on the wall switch,벽 스위치를 한 번 누르면 스카이라이트 2 밝기를 30퍼센트로 맞춰,execute,,D4,T1,none,HOME15_Study_Light_2,
G01408,집,HOME07,기기제어,can you bring the living room lights down to 15 percent when the scene button is pressed?,씬 버튼이 눌리면 거실 조명 밝기를 15퍼센트까지 낮춰 줄래?,execute,,D4,T1,none,HOME07_LivingRoom_Light_1 HOME07_LivingRoom_Light_2 HOME07_LivingRoom_Light_3,
G01409,집,HOME15,기기제어,I'd like you to set the Hue living room 2 brightness to 60 percent with a single press of the button.,버튼을 한 번 누르면 Hue 거실 2 밝기를 60퍼센트로 맞춰 줬으면 해.,execute,,D4,T1,none,HOME15_LivingRoom_Light_2,
G01410,집,HOME15,기기제어,Set the Hue living room 1 brightness to 70 percent when I double-press the button,버튼이 연속 두 번 눌리면 Hue 거실 1 밝기를 70퍼센트로 맞춰,execute,,D4,T1,none,HOME15_LivingRoom_Light_1,
G01413,집,HOME07,기기제어,can you bring the garden lights down to 5 percent with one tap on the wall switch?,벽 스위치를 한 번 누르면 마당 조명 밝기를 5퍼센트까지 낮춰 줄래?,execute,,D4,T1,none,HOME07_Garden_Light_1 HOME07_Garden_Light_2 HOME07_Garden_Light_3,
G01414,집,HOME15,기기제어,I'd like you to make it dimmer when I press the button.,내가 버튼을 누르면 좀 더 어둡게 해 줬으면 해.,ask,,D4,T1,none,HOME15_Bedroom_Light_1 HOME15_Bedroom_Light_2 HOME15_Kitchen_Light_1 HOME15_LivingRoom_ColorControl_1 HOME15_LivingRoom_ColorControl_2 HOME15_LivingRoom_Light_1 HOME15_LivingRoom_Light_2 HOME15_LivingRoom_Light_3 HOME15_LivingRoom_Light_4 HOME15_LivingRoom_WindowCovering_1 HOME15_LivingRoom_WindowCovering_2 HOME15_LivingRoom_WindowCovering_3 HOME15_Study_Light_1 HOME15_Study_Light_2,
G01417,집,HOME07,기기제어,"With a single press of the button, bring the bedroom lights down to 15 percent.",버튼을 한 번 누르면 침실 조명 밝기를 15퍼센트까지 낮춰.,execute,,D4,T1,none,HOME07_Bedroom_Light_1 HOME07_Bedroom_Light_2,
G01418,집,HOME15,기기제어,please set the Hue living room 1 brightness to 20 percent with one tap on the wall switch.,벽 스위치를 한 번 누르면 Hue 거실 1 밝기를 20퍼센트로 좀 맞춰 줘.,execute,,D4,T1,none,HOME15_LivingRoom_Light_1,
G01421,집,HOME07,기기제어,could you bring the kitchen lights down to 25 percent when the scene button is pressed?,씬 버튼이 눌리면 주방 조명 밝기를 25퍼센트까지 낮춰 줄 수 있어?,execute,,D4,T1,none,HOME07_Kitchen_Light_1,
G01422,집,HOME15,기기제어,Set the Skylight 2 brightness to 50 percent with a single press of the button,버튼을 한 번 누르면 스카이라이트 2 밝기를 50퍼센트로 맞춰,execute,,D4,T1,none,HOME15_Study_Light_2,
G01425,집,HOME07,기기제어,can you bring the living room lights down to 15 percent when I double-press the button?,버튼이 연속 두 번 눌리면 거실 조명 밝기를 15퍼센트까지 낮춰 줄래?,execute,,D4,T1,none,HOME07_LivingRoom_Light_1 HOME07_LivingRoom_Light_2 HOME07_LivingRoom_Light_3,
G01426,집,HOME15,기기제어,I'd like you to set the Hue bedroom 1 brightness to 20 percent when the scene button is pressed.,씬 버튼이 눌리면 Hue 침실 1 밝기를 20퍼센트로 맞춰 줬으면 해.,execute,,D4,T1,none,HOME15_Bedroom_Light_1,
G01429,집,HOME07,기기제어,"When I press the button, bring the kitchen lights down to 15 percent.",내가 버튼을 누르면 주방 조명 밝기를 15퍼센트까지 낮춰.,execute,,D4,T1,none,HOME07_Kitchen_Light_1,
G01430,집,HOME15,기기제어,please set the Hue bedroom 2 brightness to 50 percent when I double-press the button.,버튼이 연속 두 번 눌리면 Hue 침실 2 밝기를 50퍼센트로 좀 맞춰 줘.,execute,,D4,T1,none,HOME15_Bedroom_Light_2,
G01440,집,HOME07,기기제어,could you put the light on around sundown?,해 질 무렵 조명 켜 줄 수 있어?,ask,,D4,T1,sun,HOME07_LivingRoom_Light_1 HOME07_LivingRoom_Light_2 HOME07_LivingRoom_Light_3 HOME07_Bedroom_Light_1 HOME07_Bedroom_Light_2 HOME07_Kitchen_Light_1 HOME07_Garden_Light_1 HOME07_Garden_Light_2 HOME07_Garden_Light_3 HOME07_Barn_Light_1,
G01441,집,HOME14,기기제어,Give me some light to read by around sundown,해 질 무렵 책 읽을 만큼 불 좀 줘,execute,,D4,T1,sun,HOME14_Bedroom_Light_1 HOME14_Kitchen_Light_1 HOME14_LivingRoom_Light_1 HOME14_LivingRoom_Light_2,
G01445,집,HOME04,기기제어,I'd like you to put the light on around sundown.,해 질 무렵 조명 켜 줬으면 해.,ask,,D4,T1,sun,HOME04_LivingRoom_Light_1 HOME04_LivingRoom_Light_2 HOME04_LivingRoom_Light_3 HOME04_Bedroom_Light_1 HOME04_Bedroom_Light_2 HOME04_Study_Light_1 HOME04_Study_Light_2 HOME04_Kitchen_Light_1,
G01446,집,HOME11,기기제어,could you light up the light around sundown?,해 질 무렵 조명 켜 줄 수 있어?,ask,,D4,T1,sun,HOME11_Room_Light_1 HOME11_Room_Light_2 HOME11_Kitchen_Light_1 HOME11_Bathroom_Light_1,
G01447,집,HOME18,기기제어,Switch the light on around sundown,해 질 무렵 조명 켜,ask,,D4,T1,sun,HOME18_LivingRoom_Light_1 HOME18_LivingRoom_Light_2 HOME18_LivingRoom_Light_3 HOME18_Bedroom_Light_1 HOME18_Bedroom_Light_2 HOME18_Kitchen_Light_1 HOME18_Garage_Light_1,
G01450,집,HOME19,기기제어,Give me some light to read by as the sun sets.,해가 지기 시작하면 책 읽을 만큼 불 좀 줘.,ask,,D4,T1,sun,HOME19_Bedroom_Light_1 HOME19_Kitchen_Light_1 HOME19_LivingRoom_Light_1 HOME19_LivingRoom_Light_2 HOME19_Study_Light_1 HOME19_Study_Light_2 HOME19_Study_WindowCovering_1,
G01451,집,HOME08,기기제어,I'd like you to light up the living room lights around sundown.,해 질 무렵 거실 조명 켜 줬으면 해.,execute,,D4,T1,sun,HOME08_LivingRoom_Light_1 HOME08_LivingRoom_Light_2,
G01454,집,HOME02,기기제어,please light up the bedroom lights around sundown.,해 질 무렵 침실 조명 켜 주세요.,execute,,D4,T1,sun,HOME02_Bedroom_Light_1,
G01455,집,HOME09,기기제어,can you switch the nursery lights on around sundown?,해 질 무렵 아기방 조명 켜 줄래?,execute,,D4,T1,sun,HOME09_BabyRoom_Light_1 HOME09_BabyRoom_ColorControl_1,
G01456,집,HOME16,기기제어,I'd like you to get the living room lights on around sundown.,해 질 무렵 거실 조명 켜 줬으면 해.,execute,,D4,T1,sun,HOME16_LivingRoom_Light_1 HOME16_LivingRoom_Light_2,
G01461,집,HOME13,기기제어,can you get the kitchen lights on around sundown?,해 질 무렵 주방 조명 켜 줄래?,execute,,D4,T1,sun,HOME13_Kitchen_Light_1,
G01462,집,HOME20,기기제어,I'd like you to turn on the kitchen lights around sundown.,해 질 무렵 주방 조명 켜 줬으면 해.,execute,,D4,T1,sun,HOME20_Kitchen_Light_1,
G01465,집,HOME03,기기제어,"Around sundown, switch the kitchen lights on",해 질 무렵 주방 조명 켜,execute,,D4,T1,sun,HOME03_Kitchen_Light_1,
G01466,집,HOME10,기기제어,please get the bathroom lights on around sundown.,해 질 무렵 욕실 조명 좀 켜 줘.,execute,,D4,T1,sun,HOME10_Bathroom_Light_1,
G01467,집,HOME17,기기제어,can you turn on the room lights around sundown?,해 질 무렵 방 조명 켜 줄래?,execute,,D4,T1,sun,HOME17_Room_Light_1,
G01469,집,HOME04,기기제어,Give me some light to read by when the sun goes down.,해가 지면 책 읽을 만큼 불 좀 줘.,ask,,D4,T1,sun,HOME04_Bedroom_Light_1 HOME04_Bedroom_Light_2 HOME04_Kitchen_Light_1 HOME04_LivingRoom_Light_1 HOME04_LivingRoom_Light_2 HOME04_LivingRoom_Light_3 HOME04_LivingRoom_WindowCovering_1 HOME04_LivingRoom_WindowCovering_2 HOME04_Study_Light_1 HOME04_Study_Light_2,
G01471,집,HOME07,기기제어,"Around sundown, get the garden lights on",해 질 무렵 마당 조명 켜,execute,,D4,T1,sun,HOME07_Garden_Light_1 HOME07_Garden_Light_2 HOME07_Garden_Light_3,
G01472,집,HOME14,기기제어,please turn on the living room lights around sundown.,해 질 무렵 거실 조명 켜 주세요.,execute,,D4,T1,sun,HOME14_LivingRoom_Light_1 HOME14_LivingRoom_Light_2,
G01474,집,HOME01,기기제어,could you get the room lights on around sundown?,해 질 무렵 방 조명 켜 줄 수 있어?,execute,,D4,T1,sun,HOME01_Room_Light_1 HOME01_Room_Light_2,
G01475,집,HOME08,기기제어,Turn on the bedroom lights around sundown,해 질 무렵 침실 조명 켜,execute,,D4,T1,sun,HOME08_Bedroom_Light_1,
G01476,집,HOME15,기기제어,"Around sundown, put the study lights on.",해 질 무렵 서재 조명 켜.,execute,,D4,T1,sun,HOME15_Study_Light_1 HOME15_Study_Light_2,
G01480,집,HOME05,기기제어,could you turn on the kitchen lights around sundown?,해 질 무렵 주방 조명 켜 줄 수 있어?,execute,,D4,T1,sun,HOME05_Kitchen_Light_1,
G01481,집,HOME12,기기제어,Put the living room lights on around sundown,해 질 무렵 거실 조명 켜,execute,,D4,T1,sun,HOME12_LivingRoom_Light_1 HOME12_LivingRoom_Light_2 HOME12_LivingRoom_Light_3,
G01482,집,HOME19,기기제어,"Around sundown, light up the bedroom lights.",해 질 무렵 침실 조명 켜.,execute,,D4,T1,sun,HOME19_Bedroom_Light_1,
G01485,집,HOME02,기기제어,I'd like you to turn on the bedroom lights around sundown.,해 질 무렵 침실 조명 켜 줬으면 해.,execute,,D4,T1,sun,HOME02_Bedroom_Light_1,
G01486,집,HOME09,기기제어,could you put the bedroom lights on around sundown?,해 질 무렵 침실 조명 켜 줄 수 있어?,execute,,D4,T1,sun,HOME09_Bedroom_Light_1,
G01487,집,HOME16,기기제어,Light up the garden lights around sundown,해 질 무렵 마당 조명 켜,execute,,D4,T1,sun,HOME16_Garden_Light_1,
G01491,집,HOME06,기기제어,I'd like you to put the kitchen lights on around sundown.,해 질 무렵 주방 조명 켜 줬으면 해.,execute,,D4,T1,sun,HOME06_Kitchen_Light_1 HOME06_Kitchen_Light_2,
G01492,집,HOME13,기기제어,could you light up the kitchen lights around sundown?,해 질 무렵 주방 조명 켜 줄 수 있어?,execute,,D4,T1,sun,HOME13_Kitchen_Light_1,
G01493,집,HOME20,기기제어,Switch the living room lights on around sundown,해 질 무렵 거실 조명 켜,execute,,D4,T1,sun,HOME20_LivingRoom_Light_1 HOME20_LivingRoom_Light_2,
G01495,집,HOME09,알림예약,could you announce it every night at 11 pm?,매일 밤 11시에 방송해 줄 수 있어?,execute,,D6,T1,none,,Speaker.Speak
G01496,집,HOME16,알림예약,Send me a notification every night at midnight,매일 자정에 알림 보내 줘,execute,,D6,T1,none,,NotificationProvider.SendPush
G01500,집,HOME04,알림예약,I'd like you to tell me about it every night at 11 pm.,매일 밤 11시에 알려 줬으면 해.,execute,,D6,T1,none,,NotificationProvider.SendPush
G01501,집,HOME11,알림예약,could you send me a notification every night at 9 pm?,매일 밤 9시에 알림 보내 줄 수 있어?,execute,,D6,T1,none,,NotificationProvider.SendPush
G01502,집,HOME18,알림예약,Push me an alert every night at 10:30 pm,매일 밤 10시 30분에 알림 띄워 줘,execute,,D6,T1,none,,NotificationProvider.SendPush
G01506,집,HOME06,알림예약,I'd like you to tell me if something is off every morning at 6 am.,매일 오전 6시에 뭔가 이상하면 알려 줬으면 해.,execute,,D6,T1,none,,NotificationProvider.SendPush
G01507,집,HOME13,알림예약,could you announce it every night at 9 pm?,매일 밤 9시에 방송해 줄 수 있어?,execute,,D6,T1,none,,Speaker.Speak
G01508,집,HOME20,알림예약,Give me a heads-up every night at 10 pm.,매일 밤 10시에 꼭 알려 줘.,execute,,D6,T1,none,,NotificationProvider.SendPush
G01511,집,HOME18,알림예약,please tell me about it at 6:30 am on weekdays.,평일 오전 6시 30분에 알려 주세요.,execute,,D6,T1,none,,NotificationProvider.SendPush
G01512,집,HOME08,알림예약,I'd like you to push me an alert every night at 10 pm.,매일 밤 10시에 알림 띄워 줬으면 해.,execute,,D6,T1,none,,NotificationProvider.SendPush
G01513,집,HOME15,알림예약,Give me a heads-up every night at 10 pm,매일 밤 10시에 꼭 알려 줘,execute,,D6,T1,none,,NotificationProvider.SendPush
G01516,집,HOME05,알림예약,can you tell me if something is off at 7 am on weekdays?,평일 오전 7시에 뭔가 이상하면 알려 줄래?,execute,,D6,T1,none,,NotificationProvider.SendPush
G01517,집,HOME12,알림예약,I'd like you to let me know every night at 10 pm.,매일 밤 10시에 알려 줬으면 해.,execute,,D6,T1,none,,Speaker.Speak
G01518,집,HOME19,알림예약,could you tell me about it every night at 10:30 pm?,매일 밤 10시 30분에 알려 줄 수 있어?,execute,,D6,T1,none,,NotificationProvider.SendPush
G01522,집,HOME07,알림예약,can you let me know every night at 10:30 pm?,매일 밤 10시 30분에 알려 줄래?,execute,,D6,T1,none,,NotificationProvider.SendPush
G01523,집,HOME14,알림예약,I'd like you to tell me about it every night at 9 pm.,매일 밤 9시에 알려 줬으면 해.,execute,,D6,T1,none,,Speaker.Speak
G01528,집,HOME09,알림예약,can you show it on the screen every night at 11 pm?,매일 밤 11시에 화면에 띄워 줄래?,refuse,no_channel,D6,T1,none,,
G01529,집,HOME16,알림예약,I'd like you to send me a notification every night at 9 pm.,매일 밤 9시에 알림 보내 줬으면 해.,execute,,D6,T1,none,,NotificationProvider.SendPush
G01533,집,HOME03,알림예약,"At 8 pm, ping my phone",오후 8시에 폰으로 알림 보내 줘,execute,,D6,T1,none,,NotificationProvider.SendPush
G01534,집,HOME11,알림예약,can you tell me if something is off at 10 pm on weekdays?,평일 밤 10시에 뭔가 이상하면 알려 줄래?,execute,,D6,T1,none,,NotificationProvider.SendPush
G01535,집,HOME18,알림예약,I'd like you to push me an alert every night at 11:30 pm.,매일 밤 11시 30분에 알림 띄워 줬으면 해.,execute,,D6,T1,none,,NotificationProvider.SendPush
G01537,집,HOME08,알림예약,please push me an alert every night at 11 pm.,매일 밤 11시에 알림 띄워 주세요.,execute,,D6,T1,none,,NotificationProvider.SendPush
G01538,집,HOME15,알림예약,Give me a heads-up every night at midnight,매일 자정에 꼭 알려 줘,execute,,D6,T1,none,,NotificationProvider.SendPush
G01540,집,HOME16,알림예약,I'd like you to push me an alert at 8 am.,오전 8시에 알림 띄워 줬으면 해.,execute,,D6,T1,none,,NotificationProvider.SendPush
G01542,집,HOME03,알림예약,"Every night at 11:30 pm, push me an alert.",매일 밤 11시 30분에 알림 띄워 줘.,execute,,D6,T1,none,,NotificationProvider.SendPush
G01543,집,HOME10,알림예약,please tell me if something is off every day at 8 am.,매일 오전 8시에 뭔가 이상하면 좀 알려 줘.,execute,,D6,T1,none,,Speaker.Speak
G01544,집,HOME17,알림예약,can you show it on the screen every night at midnight?,매일 자정에 화면에 띄워 줄래?,refuse,no_channel,D6,T1,none,,
G01548,집,HOME05,알림예약,"Every night at 11:30 pm, send a warning to my phone.",매일 밤 11시 30분에 폰으로 경고 보내 줘.,execute,,D6,T1,none,,NotificationProvider.SendPush
G01549,집,HOME12,알림예약,please let me know every night at 9 pm.,매일 밤 9시에 좀 알려 줘.,execute,,D6,T1,none,,Speaker.Speak
G01550,집,HOME19,알림예약,can you tell me about it every night at midnight?,매일 자정에 알려 줄래?,execute,,D6,T1,none,,NotificationProvider.SendPush
G01554,집,HOME07,알림예약,"Every night at 11:30 pm, let me know",매일 밤 11시 30분에 알려 줘,execute,,D6,T1,none,,NotificationProvider.SendPush
G01558,집,HOME11,기기제어,can you put the light on when I double-press the button?,버튼이 연속 두 번 눌리면 조명 켜 줄래?,ask,,D4,T1,none,HOME11_Room_Light_1 HOME11_Room_Light_2 HOME11_Kitchen_Light_1 HOME11_Bathroom_Light_1,
G01559,집,HOME20,기기제어,I'd like you to light up the light when the scene button is pressed.,씬 버튼이 눌리면 조명 켜 줬으면 해.,ask,,D4,T1,none,HOME20_LivingRoom_Light_1 HOME20_LivingRoom_Light_2 HOME20_Kitchen_Light_1 HOME20_Bedroom_Light_1,
G01561,집,HOME04,기기제어,Get all the lights on with one tap on the wall switch,벽 스위치를 한 번 누르면 모든 조명 켜,execute,,D4,T1,none,HOME04_LivingRoom_Light_1 HOME04_LivingRoom_Light_2 HOME04_LivingRoom_Light_3 HOME04_Bedroom_Light_1 HOME04_Bedroom_Light_2 HOME04_Study_Light_1 HOME04_Study_Light_2 HOME04_Kitchen_Light_1,
G01562,집,HOME11,기기제어,"When I press the button, brighten this place up.",내가 버튼을 누르면 여기 좀 밝게 해 줘.,ask,,D4,T1,none,HOME11_Bathroom_Light_1 HOME11_Kitchen_Light_1 HOME11_Room_Light_1 HOME11_Room_Light_2 HOME11_Room_WindowCovering_1,
G01563,집,HOME20,기기제어,please put all the lights on when I double-press the button.,버튼이 연속 두 번 눌리면 모든 조명 켜 주세요.,execute,,D4,T1,none,HOME20_LivingRoom_Light_1 HOME20_LivingRoom_Light_2 HOME20_Kitchen_Light_1 HOME20_Bedroom_Light_1,
G01565,집,HOME04,기기제어,I'd like you to switch all the lights on with a single press of the button.,버튼을 한 번 누르면 모든 조명 켜 줬으면 해.,execute,,D4,T1,none,HOME04_LivingRoom_Light_1 HOME04_LivingRoom_Light_2 HOME04_LivingRoom_Light_3 HOME04_Bedroom_Light_1 HOME04_Bedroom_Light_2 HOME04_Study_Light_1 HOME04_Study_Light_2 HOME04_Kitchen_Light_1,
G01566,집,HOME11,기기제어,could you get all the lights on with one tap on the wall switch?,벽 스위치를 한 번 누르면 모든 조명 켜 줄 수 있어?,execute,,D4,T1,none,HOME11_Room_Light_1 HOME11_Room_Light_2 HOME11_Kitchen_Light_1 HOME11_Bathroom_Light_1,
G01567,집,HOME20,기기제어,Turn on all the lights when I press the button,내가 버튼을 누르면 모든 조명 켜,execute,,D4,T1,none,HOME20_LivingRoom_Light_1 HOME20_LivingRoom_Light_2 HOME20_Kitchen_Light_1 HOME20_Bedroom_Light_1,
G01569,집,HOME04,기기제어,please light up all the lights when the scene button is pressed.,씬 버튼이 눌리면 모든 조명 좀 켜 줘.,execute,,D4,T1,none,HOME04_LivingRoom_Light_1 HOME04_LivingRoom_Light_2 HOME04_LivingRoom_Light_3 HOME04_Bedroom_Light_1 HOME04_Bedroom_Light_2 HOME04_Study_Light_1 HOME04_Study_Light_2 HOME04_Kitchen_Light_1,
G01570,집,HOME11,기기제어,can you switch all the lights on with a single press of the button?,버튼을 한 번 누르면 모든 조명 켜 줄래?,execute,,D4,T1,none,HOME11_Room_Light_1 HOME11_Room_Light_2 HOME11_Kitchen_Light_1 HOME11_Bathroom_Light_1,
G01571,집,HOME20,기기제어,I'd like you to brighten this place up with one tap on the wall switch.,벽 스위치를 한 번 누르면 여기 좀 밝게 해 줬으면 해.,execute,,D4,T1,none,HOME20_Bedroom_Light_1 HOME20_Kitchen_Light_1 HOME20_LivingRoom_Light_1 HOME20_LivingRoom_Light_2,
G01573,집,HOME04,기기제어,Put all the lights on when I double-press the button,버튼이 연속 두 번 눌리면 모든 조명 켜,execute,,D4,T1,none,HOME04_LivingRoom_Light_1 HOME04_LivingRoom_Light_2 HOME04_LivingRoom_Light_3 HOME04_Bedroom_Light_1 HOME04_Bedroom_Light_2 HOME04_Study_Light_1 HOME04_Study_Light_2 HOME04_Kitchen_Light_1,
G01574,집,HOME11,기기제어,"When the scene button is pressed, light up all the lights.",씬 버튼이 눌리면 모든 조명 켜.,execute,,D4,T1,none,HOME11_Room_Light_1 HOME11_Room_Light_2 HOME11_Kitchen_Light_1 HOME11_Bathroom_Light_1,
G01575,집,HOME20,기기제어,please switch all the lights on with a single press of the button.,버튼을 한 번 누르면 모든 조명 좀 켜 줘.,execute,,D4,T1,none,HOME20_LivingRoom_Light_1 HOME20_LivingRoom_Light_2 HOME20_Kitchen_Light_1 HOME20_Bedroom_Light_1,
G01577,집,HOME04,기기제어,I'd like you to turn on all the lights when I press the button.,내가 버튼을 누르면 모든 조명 켜 줬으면 해.,execute,,D4,T1,none,HOME04_LivingRoom_Light_1 HOME04_LivingRoom_Light_2 HOME04_LivingRoom_Light_3 HOME04_Bedroom_Light_1 HOME04_Bedroom_Light_2 HOME04_Study_Light_1 HOME04_Study_Light_2 HOME04_Kitchen_Light_1,
G01578,집,HOME11,기기제어,could you put all the lights on when I double-press the button?,버튼이 연속 두 번 눌리면 모든 조명 켜 줄 수 있어?,execute,,D4,T1,none,HOME11_Room_Light_1 HOME11_Room_Light_2 HOME11_Kitchen_Light_1 HOME11_Bathroom_Light_1,
G01579,집,HOME20,기기제어,please turn on all the lights when I press the button.,내가 버튼을 누르면 모든 조명 좀 켜 줘.,execute,,D4,T1,none,HOME20_LivingRoom_Light_1 HOME20_LivingRoom_Light_2 HOME20_Kitchen_Light_1 HOME20_Bedroom_Light_1,
G01581,집,HOME04,기기제어,I'd like you to light up all the lights when the scene button is pressed.,씬 버튼이 눌리면 모든 조명 켜 줬으면 해.,execute,,D4,T1,none,HOME04_LivingRoom_Light_1 HOME04_LivingRoom_Light_2 HOME04_LivingRoom_Light_3 HOME04_Bedroom_Light_1 HOME04_Bedroom_Light_2 HOME04_Study_Light_1 HOME04_Study_Light_2 HOME04_Kitchen_Light_1,
G01582,집,HOME06,기기제어,I'd like you to turn on the bathroom lights with one tap on the wall switch.,벽 스위치를 한 번 누르면 욕실 조명 켜 줬으면 해.,execute,,D4,T1,none,HOME06_Bathroom_Light_1 HOME06_Bathroom_Light_2,
G01585,집,HOME15,기기제어,"When I press the button, get the color strip 2 on.",내가 버튼을 누르면 컬러 스트립 2 켜.,execute,,D4,T1,none,HOME15_LivingRoom_ColorControl_2,
G01586,집,HOME09,기기제어,could you light up the nursery color mood light when I press the button?,내가 버튼을 누르면 아기방 컬러 무드등 켜 줄 수 있어?,execute,,D4,T1,none,HOME09_BabyRoom_ColorControl_1,
G01587,집,HOME03,기기제어,please switch the living room lights on when I double-press the button.,버튼이 연속 두 번 눌리면 거실 조명 켜 주세요.,execute,,D4,T1,none,HOME03_LivingRoom_Light_1 HOME03_LivingRoom_Light_2 HOME03_LivingRoom_Light_3,
G01588,집,HOME07,기기제어,"With a single press of the button, switch the kitchen lights on",버튼을 한 번 누르면 주방 조명 켜,execute,,D4,T1,none,HOME07_Kitchen_Light_1,
G01589,집,HOME04,기기제어,Brighten this place up when I press the button,내가 버튼을 누르면 여기 좀 밝게 해 줘,ask,,D4,T1,none,HOME04_Bedroom_Light_1 HOME04_Bedroom_Light_2 HOME04_Kitchen_Light_1 HOME04_LivingRoom_Light_1 HOME04_LivingRoom_Light_2 HOME04_LivingRoom_Light_3 HOME04_LivingRoom_WindowCovering_1 HOME04_LivingRoom_WindowCovering_2 HOME04_Study_Light_1 HOME04_Study_Light_2,
G01590,집,HOME09,기기제어,I'd like you to switch the nursery mood light on with one tap on the wall switch.,벽 스위치를 한 번 누르면 아기방 무드등 켜 줬으면 해.,execute,,D4,T1,none,HOME09_BabyRoom_Light_1,
G01593,집,HOME04,기기제어,I'd like you to get all the lights on with one tap on the wall switch.,벽 스위치를 한 번 누르면 모든 조명 켜 줬으면 해.,execute,,D4,T1,none,HOME04_LivingRoom_Light_1 HOME04_LivingRoom_Light_2 HOME04_LivingRoom_Light_3 HOME04_Bedroom_Light_1 HOME04_Bedroom_Light_2 HOME04_Study_Light_1 HOME04_Study_Light_2 HOME04_Kitchen_Light_1,
G01594,집,HOME06,기기제어,Switch the living room lights on when I double-press the button.,버튼이 연속 두 번 눌리면 거실 조명 켜.,execute,,D4,T1,none,HOME06_LivingRoom_Light_1 HOME06_LivingRoom_Light_2 HOME06_LivingRoom_Light_3 HOME06_LivingRoom_Light_4,
G01597,집,HOME10,기기제어,"With a single press of the button, switch the living room lights on",버튼을 한 번 누르면 거실 조명 켜,execute,,D4,T1,none,HOME10_LivingRoom_Light_1 HOME10_LivingRoom_Light_2,
G01598,집,HOME11,기기제어,Give me some light to read by with one tap on the wall switch,벽 스위치를 한 번 누르면 책 읽을 만큼 불 좀 줘,ask,,D4,T1,none,HOME11_Bathroom_Light_1 HOME11_Kitchen_Light_1 HOME11_Room_Light_1 HOME11_Room_Light_2 HOME11_Room_WindowCovering_1,
G01599,집,HOME20,기기제어,can you switch the living room lights on when I press the button?,내가 버튼을 누르면 거실 조명 켜 줄래?,execute,,D4,T1,none,HOME20_LivingRoom_Light_1 HOME20_LivingRoom_Light_2,
G01600,집,HOME18,기기제어,Brighten this place up the moment something moves in the kitchen,주방에서 뭔가 움직이는 순간 여기 좀 밝게 해 줘,ask,,D4,T1,none,HOME18_Bedroom_Light_1 HOME18_Bedroom_Light_2 HOME18_Garage_Light_1 HOME18_Kitchen_Light_1 HOME18_LivingRoom_Light_1 HOME18_LivingRoom_Light_2 HOME18_LivingRoom_Light_3 HOME18_LivingRoom_WindowCovering_1 HOME18_LivingRoom_WindowCovering_2,
G01601,집,HOME06,기기제어,"If motion is detected in the bedroom, light up the light.",침실에서 움직임이 감지되면 조명 켜.,ask,,D4,T1,none,HOME06_LivingRoom_Light_1 HOME06_LivingRoom_Light_2 HOME06_LivingRoom_Light_3 HOME06_LivingRoom_Light_4 HOME06_Kitchen_Light_1 HOME06_Kitchen_Light_2 HOME06_Bedroom_Light_1 HOME06_Bedroom_Light_2 HOME06_Study_Light_1 HOME06_Bathroom_Light_1 HOME06_Bathroom_Light_2 HOME06_Hallway_Light_1 HOME06_Garden_Light_1 HOME06_Garden_Light_2 HOME06_Garage_Light_1,
G01602,집,HOME18,기기제어,please switch the light on when the motion sensor detects movement.,동작 감지 센서가 움직임을 감지하면 조명 켜 주세요.,ask,,D4,T1,none,HOME18_LivingRoom_Light_1 HOME18_LivingRoom_Light_2 HOME18_LivingRoom_Light_3 HOME18_Bedroom_Light_1 HOME18_Bedroom_Light_2 HOME18_Kitchen_Light_1 HOME18_Garage_Light_1,
G01603,집,HOME06,기기제어,can you get the light on when the motion sensor picks something up?,동작 감지 센서에 뭔가 잡히면 조명 켜 줄래?,ask,,D4,T1,none,HOME06_LivingRoom_Light_1 HOME06_LivingRoom_Light_2 HOME06_LivingRoom_Light_3 HOME06_LivingRoom_Light_4 HOME06_Kitchen_Light_1 HOME06_Kitchen_Light_2 HOME06_Bedroom_Light_1 HOME06_Bedroom_Light_2 HOME06_Study_Light_1 HOME06_Bathroom_Light_1 HOME06_Bathroom_Light_2 HOME06_Hallway_Light_1 HOME06_Garden_Light_1 HOME06_Garden_Light_2 HOME06_Garage_Light_1,
G01604,집,HOME18,기기제어,I'd like you to turn on the light the moment something moves in the utility.,다용도실에서 뭔가 움직이는 순간 조명 켜 줬으면 해.,ask,,D4,T1,none,HOME18_LivingRoom_Light_1 HOME18_LivingRoom_Light_2 HOME18_LivingRoom_Light_3 HOME18_Bedroom_Light_1 HOME18_Bedroom_Light_2 HOME18_Kitchen_Light_1 HOME18_Garage_Light_1,
G01605,집,HOME06,기기제어,could you put the light on if motion is detected in the outdoor?,실외에서 움직임이 감지되면 조명 켜 줄 수 있어?,ask,,D4,T1,none,HOME06_LivingRoom_Light_1 HOME06_LivingRoom_Light_2 HOME06_LivingRoom_Light_3 HOME06_LivingRoom_Light_4 HOME06_Kitchen_Light_1 HOME06_Kitchen_Light_2 HOME06_Bedroom_Light_1 HOME06_Bedroom_Light_2 HOME06_Study_Light_1 HOME06_Bathroom_Light_1 HOME06_Bathroom_Light_2 HOME06_Hallway_Light_1 HOME06_Garden_Light_1 HOME06_Garden_Light_2 HOME06_Garage_Light_1,
G01606,집,HOME18,기기제어,Light up the living room lights when the motion sensor detects movement,동작 감지 센서가 움직임을 감지하면 거실 조명 켜,execute,,D4,T1,none,HOME18_LivingRoom_Light_1 HOME18_LivingRoom_Light_2 HOME18_LivingRoom_Light_3,
G01607,집,HOME06,기기제어,"When the motion sensor picks something up, switch the study lights on",동작 감지 센서에 뭔가 잡히면 서재 조명 켜,execute,,D4,T1,none,HOME06_Study_Light_1,
G01608,집,HOME18,기기제어,please brighten this place up the moment something moves in the entrance.,현관에서 뭔가 움직이는 순간 여기 좀 밝게 해 주세요.,ask,,D4,T1,none,HOME18_Bedroom_Light_1 HOME18_Bedroom_Light_2 HOME18_Garage_Light_1 HOME18_Kitchen_Light_1 HOME18_LivingRoom_Light_1 HOME18_LivingRoom_Light_2 HOME18_LivingRoom_Light_3 HOME18_LivingRoom_WindowCovering_1 HOME18_LivingRoom_WindowCovering_2,
G01609,집,HOME06,기기제어,can you turn on the bathroom lights if motion is detected in the kitchen?,주방에서 움직임이 감지되면 욕실 조명 켜 줄래?,execute,,D4,T1,none,HOME06_Bathroom_Light_1 HOME06_Bathroom_Light_2,
G01610,집,HOME18,기기제어,I'd like you to put the garage lights on when the motion sensor detects movement.,동작 감지 센서가 움직임을 감지하면 차고 조명 켜 줬으면 해.,execute,,D4,T1,none,HOME18_Garage_Light_1,
G01611,집,HOME06,기기제어,could you light up the kitchen lights when the motion sensor picks something up?,동작 감지 센서에 뭔가 잡히면 주방 조명 켜 줄 수 있어?,execute,,D4,T1,none,HOME06_Kitchen_Light_1 HOME06_Kitchen_Light_2,
G01612,집,HOME18,기기제어,Switch the bedroom lights on the moment something moves in the entrance,현관에서 뭔가 움직이는 순간 침실 조명 켜,execute,,D4,T1,none,HOME18_Bedroom_Light_1 HOME18_Bedroom_Light_2,
G01613,집,HOME06,기기제어,"If motion is detected in the kitchen, get the bedroom lights on",주방에서 움직임이 감지되면 침실 조명 켜,execute,,D4,T1,none,HOME06_Bedroom_Light_1 HOME06_Bedroom_Light_2,
G01614,집,HOME18,기기제어,please turn on the living room lights when the motion sensor detects movement.,동작 감지 센서가 움직임을 감지하면 거실 조명 켜 주세요.,execute,,D4,T1,none,HOME18_LivingRoom_Light_1 HOME18_LivingRoom_Light_2 HOME18_LivingRoom_Light_3,
G01615,집,HOME06,기기제어,can you put the study lights on when the motion sensor picks something up?,동작 감지 센서에 뭔가 잡히면 서재 조명 켜 줄래?,execute,,D4,T1,none,HOME06_Study_Light_1,
G01616,집,HOME18,기기제어,I'd like you to light up the bedroom lights the moment something moves in the entrance.,현관에서 뭔가 움직이는 순간 침실 조명 켜 줬으면 해.,execute,,D4,T1,none,HOME18_Bedroom_Light_1 HOME18_Bedroom_Light_2,
G01617,집,HOME06,기기제어,Give me some light to read by if motion is detected in the bathroom,욕실에서 움직임이 감지되면 책 읽을 만큼 불 좀 줘,ask,,D4,T1,none,HOME06_Bathroom_Light_1 HOME06_Bathroom_Light_2 HOME06_Bedroom_Light_1 HOME06_Bedroom_Light_2 HOME06_Bedroom_WindowCovering_1 HOME06_Bedroom_WindowCovering_2 HOME06_Garage_Light_1 HOME06_Garden_Light_1 HOME06_Garden_Light_2 HOME06_Hallway_Light_1 HOME06_Kitchen_Light_1 HOME06_Kitchen_Light_2 HOME06_LivingRoom_Light_1 HOME06_LivingRoom_Light_2 HOME06_LivingRoom_Light_3 HOME06_LivingRoom_Light_4 HOME06_LivingRoom_WindowCovering_1 HOME06_LivingRoom_WindowCovering_2 HOME06_LivingRoom_WindowCovering_3 HOME06_Study_Light_1,
G01618,집,HOME18,기기제어,Get the kitchen lights on when the motion sensor detects movement,동작 감지 센서가 움직임을 감지하면 주방 조명 켜,execute,,D4,T1,none,HOME18_Kitchen_Light_1,
G01619,집,HOME06,기기제어,"When the motion sensor picks something up, turn on the study lights.",동작 감지 센서에 뭔가 잡히면 서재 조명 켜.,execute,,D4,T1,none,HOME06_Study_Light_1,
G01620,집,HOME18,기기제어,please put the living room lights on the moment something moves in the utility.,다용도실에서 뭔가 움직이는 순간 거실 조명 좀 켜 줘.,execute,,D4,T1,none,HOME18_LivingRoom_Light_1 HOME18_LivingRoom_Light_2 HOME18_LivingRoom_Light_3,
G01621,집,HOME06,기기제어,can you light up the kitchen lights if motion is detected in the garage?,차고에서 움직임이 감지되면 주방 조명 켜 줄래?,execute,,D4,T1,none,HOME06_Kitchen_Light_1 HOME06_Kitchen_Light_2,
G01622,집,HOME06,기기제어,could you turn on the living room lights if motion is detected in the utility?,다용도실에서 움직임이 감지되면 거실 조명 켜 줄 수 있어?,execute,,D4,T1,none,HOME06_LivingRoom_Light_1 HOME06_LivingRoom_Light_2 HOME06_LivingRoom_Light_3 HOME06_LivingRoom_Light_4,
G01623,집,HOME18,기기제어,Put the bedroom lights on when the motion sensor detects movement,동작 감지 센서가 움직임을 감지하면 침실 조명 켜,execute,,D4,T1,none,HOME18_Bedroom_Light_1 HOME18_Bedroom_Light_2,
G01624,집,HOME06,기기제어,"When the motion sensor picks something up, light up the garden lights.",동작 감지 센서에 뭔가 잡히면 마당 조명 켜.,execute,,D4,T1,none,HOME06_Garden_Light_1 HOME06_Garden_Light_2,
G01625,집,HOME18,기기제어,please switch the kitchen lights on the moment something moves in the entrance.,현관에서 뭔가 움직이는 순간 주방 조명 좀 켜 줘.,execute,,D4,T1,none,HOME18_Kitchen_Light_1,
G01626,집,HOME06,기기제어,can you get the study lights on if motion is detected in the garden?,마당에서 움직임이 감지되면 서재 조명 켜 줄래?,execute,,D4,T1,none,HOME06_Study_Light_1,
G01627,집,HOME18,기기제어,Give me some light to read by when the motion sensor detects movement.,동작 감지 센서가 움직임을 감지하면 책 읽을 만큼 불 좀 줘.,ask,,D4,T1,none,HOME18_Bedroom_Light_1 HOME18_Bedroom_Light_2 HOME18_Garage_Light_1 HOME18_Kitchen_Light_1 HOME18_LivingRoom_Light_1 HOME18_LivingRoom_Light_2 HOME18_LivingRoom_Light_3 HOME18_LivingRoom_WindowCovering_1 HOME18_LivingRoom_WindowCovering_2,
G01628,집,HOME06,기기제어,could you put the bathroom lights on when the motion sensor picks something up?,동작 감지 센서에 뭔가 잡히면 욕실 조명 켜 줄 수 있어?,execute,,D4,T1,none,HOME06_Bathroom_Light_1 HOME06_Bathroom_Light_2,
G01629,집,HOME18,기기제어,Light up the kitchen lights the moment something moves in the garage,차고에서 뭔가 움직이는 순간 주방 조명 켜,execute,,D4,T1,none,HOME18_Kitchen_Light_1,
G01630,집,HOME06,기기제어,"If motion is detected in the back entrance, switch the hallway lights on",뒷문에서 움직임이 감지되면 복도 조명 켜,execute,,D4,T1,none,HOME06_Hallway_Light_1,
G01631,집,HOME18,기기제어,please get the garage lights on when the motion sensor detects movement.,동작 감지 센서가 움직임을 감지하면 차고 조명 켜 주세요.,execute,,D4,T1,none,HOME18_Garage_Light_1,
G01632,집,HOME06,기기제어,can you turn on the kitchen lights when the motion sensor picks something up?,동작 감지 센서에 뭔가 잡히면 주방 조명 켜 줄래?,execute,,D4,T1,none,HOME06_Kitchen_Light_1 HOME06_Kitchen_Light_2,
G01633,집,HOME18,기기제어,I'd like you to put the living room lights on the moment something moves in the living room.,거실에서 뭔가 움직이는 순간 거실 조명 켜 줬으면 해.,execute,,D4,T1,none,HOME18_LivingRoom_Light_1 HOME18_LivingRoom_Light_2 HOME18_LivingRoom_Light_3,
G01634,집,HOME06,기기제어,could you light up the bedroom lights if motion is detected in the bathroom?,욕실에서 움직임이 감지되면 침실 조명 켜 줄 수 있어?,execute,,D4,T1,none,HOME06_Bedroom_Light_1 HOME06_Bedroom_Light_2,
G01635,집,HOME18,기기제어,Switch the living room lights on when the motion sensor detects movement,동작 감지 센서가 움직임을 감지하면 거실 조명 켜,execute,,D4,T1,none,HOME18_LivingRoom_Light_1 HOME18_LivingRoom_Light_2 HOME18_LivingRoom_Light_3,
G01636,집,HOME06,기기제어,"When the motion sensor picks something up, brighten this place up",동작 감지 센서에 뭔가 잡히면 여기 좀 밝게 해 줘,ask,,D4,T1,none,HOME06_Bathroom_Light_1 HOME06_Bathroom_Light_2 HOME06_Bedroom_Light_1 HOME06_Bedroom_Light_2 HOME06_Bedroom_WindowCovering_1 HOME06_Bedroom_WindowCovering_2 HOME06_Garage_Light_1 HOME06_Garden_Light_1 HOME06_Garden_Light_2 HOME06_Hallway_Light_1 HOME06_Kitchen_Light_1 HOME06_Kitchen_Light_2 HOME06_LivingRoom_Light_1 HOME06_LivingRoom_Light_2 HOME06_LivingRoom_Light_3 HOME06_LivingRoom_Light_4 HOME06_LivingRoom_WindowCovering_1 HOME06_LivingRoom_WindowCovering_2 HOME06_LivingRoom_WindowCovering_3 HOME06_Study_Light_1,
G01637,집,HOME18,기기제어,please turn on the kitchen lights the moment something moves in the utility.,다용도실에서 뭔가 움직이는 순간 주방 조명 켜 주세요.,execute,,D4,T1,none,HOME18_Kitchen_Light_1,
G01638,집,HOME06,기기제어,can you put the bedroom lights on if motion is detected in the outdoor?,실외에서 움직임이 감지되면 침실 조명 켜 줄래?,execute,,D4,T1,none,HOME06_Bedroom_Light_1 HOME06_Bedroom_Light_2,
G01639,집,HOME18,기기제어,I'd like you to light up the garage lights when the motion sensor detects movement.,동작 감지 센서가 움직임을 감지하면 차고 조명 켜 줬으면 해.,execute,,D4,T1,none,HOME18_Garage_Light_1,
G01640,집,HOME06,기기제어,could you switch the bedroom lights on when the motion sensor picks something up?,동작 감지 센서에 뭔가 잡히면 침실 조명 켜 줄 수 있어?,execute,,D4,T1,none,HOME06_Bedroom_Light_1 HOME06_Bedroom_Light_2,
G01641,집,HOME18,기기제어,Get the bedroom lights on the moment something moves in the garage,차고에서 뭔가 움직이는 순간 침실 조명 켜,execute,,D4,T1,none,HOME18_Bedroom_Light_1 HOME18_Bedroom_Light_2,
G01642,집,HOME06,기기제어,"If motion is detected in the kitchen, turn on the kitchen lights.",주방에서 움직임이 감지되면 주방 조명 켜.,execute,,D4,T1,none,HOME06_Kitchen_Light_1 HOME06_Kitchen_Light_2,
G01644,집,HOME02,기기제어,please get some air moving when the temperature goes above 24 degrees.,온도가 24도를 넘으면 바람 좀 통하게 해 줘.,ask,,D4,T1,none,HOME02_LivingRoom_AirConditioner_1 HOME02_LivingRoom_AirPurifier_1 HOME02_LivingRoom_Thermostat_1,
G01645,집,HOME17,기기제어,can you turn the fan off if the temperature drops below 10 degrees?,온도가 10도 아래로 떨어지면 선풍기 꺼 줄래?,ask,,D4,T1,none,HOME17_Bathroom_Fan_1 HOME17_Room_Fan_1 HOME17_Room_Fan_2,
G01646,집,HOME01,기기제어,could you turn on the fan when the temperature goes above 28 degrees?,온도가 28도를 넘으면 선풍기 켜 줄 수 있어?,ask,,D4,T1,none,HOME01_Room_Fan_1 HOME01_Room_Fan_2,
G01647,집,HOME17,기기제어,"If the temperature drops below 10 degrees, turn the fan off.",온도가 10도 아래로 떨어지면 선풍기 꺼.,ask,,D4,T1,none,HOME17_Bathroom_Fan_1 HOME17_Room_Fan_1 HOME17_Room_Fan_2,
G01648,집,HOME01,기기제어,can you turn on the fan when the temperature goes above 35 degrees?,온도가 35도를 넘으면 선풍기 켜 줄래?,ask,,D4,T1,none,HOME01_Room_Fan_1 HOME01_Room_Fan_2,
G01649,집,HOME05,기기제어,could you turn the living room fan off if the temperature drops below 10 degrees?,온도가 10도 아래로 떨어지면 거실 선풍기 꺼 줄 수 있어?,execute,,D4,T1,none,HOME05_LivingRoom_Fan_1,
G01650,집,HOME01,기기제어,"When the temperature goes above 26 degrees, turn on the room fan",온도가 26도를 넘으면 방 선풍기 켜,execute,,D4,T1,none,HOME01_Room_Fan_1 HOME01_Room_Fan_2,
G01652,집,HOME17,기기제어,could you turn on the room fan when the temperature goes above 30 degrees?,온도가 30도를 넘으면 방 선풍기 켜 줄 수 있어?,execute,,D4,T1,none,HOME17_Room_Fan_1 HOME17_Room_Fan_2,
G01653,집,HOME12,기기제어,"When the temperature goes above 35 degrees, get some air moving.",온도가 35도를 넘으면 바람 좀 통하게 해 줘.,ask,,D4,T1,none,HOME12_LivingRoom_AirConditioner_1 HOME12_LivingRoom_Fan_1 HOME12_RoomA_AirConditioner_1 HOME12_RoomB_AirConditioner_1 HOME12_RoomC_AirConditioner_1,
G01654,집,HOME20,기기제어,can you make it breezy when the temperature goes above 28 degrees?,온도가 28도를 넘으면 시원한 바람 좀 줄래?,ask,,D4,T1,none,HOME20_Kitchen_Fan_1 HOME20_Kitchen_RangeHood_1 HOME20_LivingRoom_AirConditioner_1 HOME20_LivingRoom_Thermostat_1,
G01655,집,HOME14,기기제어,could you turn on the bathroom fan when the temperature goes above 28 degrees?,온도가 28도를 넘으면 욕실 선풍기 켜 줄 수 있어?,execute,,D4,T1,none,HOME14_Bathroom_Fan_1,
G01656,집,HOME10,기기제어,"If the temperature drops below 5 degrees, turn the living room fan off",온도가 5도 아래로 떨어지면 거실 선풍기 꺼,execute,,D4,T1,none,HOME10_LivingRoom_Fan_1,
G01657,집,HOME06,기기제어,can you turn on the bathroom fan when the temperature goes above 35 degrees?,온도가 35도를 넘으면 욕실 선풍기 켜 줄래?,execute,,D4,T1,none,HOME06_Bathroom_Fan_1,
G01658,집,HOME01,기기제어,could you run the fan for 30 minutes when the temperature goes above 28 degrees?,온도가 28도를 넘으면 선풍기를 30분 동안 돌려 줄 수 있어?,ask,,D4,T1,none,HOME01_Room_Fan_1 HOME01_Room_Fan_2,
G01660,집,HOME19,기기제어,can you turn the study fan off if the temperature drops below 18 degrees?,온도가 18도 아래로 떨어지면 서재 선풍기 꺼 줄래?,execute,,D4,T1,none,HOME19_Study_Fan_1,
G01661,집,HOME13,기기제어,could you turn on the bedroom fan when the temperature goes above 35 degrees?,온도가 35도를 넘으면 침실 선풍기 켜 줄 수 있어?,execute,,D4,T1,none,HOME13_Bedroom_Fan_1,
G01662,집,HOME09,기기제어,"If the temperature drops below 0 degrees, turn the nursery fan off",온도가 0도 아래로 떨어지면 아기방 선풍기 꺼,execute,,D4,T1,none,HOME09_BabyRoom_Fan_1,
G01663,집,HOME05,기기제어,can you get some air moving when the temperature goes above 35 degrees?,온도가 35도를 넘으면 바람 좀 통하게 해 줄래?,ask,,D4,T1,none,HOME05_Bedroom_AirConditioner_1 HOME05_LivingRoom_AirConditioner_1 HOME05_LivingRoom_Fan_1 HOME05_LivingRoom_Thermostat_1 HOME05_LivingRoom_Thermostat_2,
G01664,집,HOME01,기기제어,could you turn the room fan off if the temperature drops below 10 degrees?,온도가 10도 아래로 떨어지면 방 선풍기 꺼 줄 수 있어?,execute,,D4,T1,none,HOME01_Room_Fan_1 HOME01_Room_Fan_2,
G01665,집,HOME04,기기제어,can you turn on the living room fan when the temperature goes above 24 degrees?,온도가 24도를 넘으면 거실 선풍기 켜 줄래?,execute,,D4,T1,none,HOME04_LivingRoom_Fan_1,
G01667,집,HOME20,기기제어,"When the temperature goes above 26 degrees, turn on the kitchen fan.",온도가 26도를 넘으면 주방 선풍기 켜.,execute,,D4,T1,none,HOME20_Kitchen_Fan_1,
G01668,집,HOME14,기기제어,can you turn the bathroom fan off if the temperature drops below 18 degrees?,온도가 18도 아래로 떨어지면 욕실 선풍기 꺼 줄래?,execute,,D4,T1,none,HOME14_Bathroom_Fan_1,
G01669,집,HOME10,기기제어,could you turn on the living room fan when the temperature goes above 32 degrees?,온도가 32도를 넘으면 거실 선풍기 켜 줄 수 있어?,execute,,D4,T1,none,HOME10_LivingRoom_Fan_1,
G01670,집,HOME06,기기제어,"If the temperature drops below 10 degrees, turn the bathroom fan off.",온도가 10도 아래로 떨어지면 욕실 선풍기 꺼.,execute,,D4,T1,none,HOME06_Bathroom_Fan_1,
G01671,집,HOME03,기기제어,can you turn on the living room fan when the temperature goes above 30 degrees?,온도가 30도를 넘으면 거실 선풍기 켜 줄래?,execute,,D4,T1,none,HOME03_LivingRoom_Fan_1 HOME03_LivingRoom_Fan_2,
G01676,집,HOME14,알림예약,could you announce it when snow is expected?,눈이 올 것 같으면 방송해 줄 수 있어?,execute,,D4,T1,weather,,Speaker.Speak
G01677,집,HOME01,알림예약,"When it starts raining, send a warning to my phone",비가 오기 시작하면 폰으로 경고 보내 줘,refuse,no_channel,D4,T1,weather,,
G01678,집,HOME08,알림예약,please send me a notification if rain is in the forecast.,비 예보가 있으면 알림 보내 주세요.,execute,,D4,T1,weather,,NotificationProvider.SendPush
G01679,집,HOME18,알림예약,can you push me an alert when it gets hot outside?,바깥이 더워지면 알림 띄워 줄래?,execute,,D4,T1,weather,,NotificationProvider.SendPush
G01681,집,HOME01,알림예약,"When snow is expected, I want to know when it changes",눈이 올 것 같을 때 상태가 바뀌면 알려 줘,execute,,D4,T1,weather,,Speaker.Speak
G01682,집,HOME08,알림예약,Tell me about it if the forecast says frost,서리 예보가 있으면 알려 줘,execute,,D4,T1,weather,,NotificationProvider.SendPush
G01683,집,HOME18,알림예약,"When it starts raining, send me a notification.",비가 오기 시작하면 알림 보내 줘.,execute,,D4,T1,weather,,NotificationProvider.SendPush
G01685,집,HOME01,알림예약,can you show it on the screen when it gets hot outside?,바깥이 더워지면 화면에 띄워 줄래?,refuse,no_channel,D4,T1,weather,,
G01686,집,HOME08,알림예약,I'd like you to let me know if the outside temperature drops below 5.,바깥 온도가 5도 아래로 떨어지면 알려 줬으면 해.,execute,,D4,T1,weather,,NotificationProvider.SendPush
G01687,집,HOME18,알림예약,could you tell me about it when snow is expected?,눈이 올 것 같으면 알려 줄 수 있어?,execute,,D4,T1,weather,,NotificationProvider.SendPush
G01689,집,HOME18,알림예약,Let me know when it starts raining,비가 오기 시작하면 알려 줘,execute,,D4,T1,weather,,NotificationProvider.SendPush
G01690,집,HOME08,알림예약,please tell me if something is off if rain is in the forecast.,비 예보가 있을 때 뭔가 이상하면 좀 알려 줘.,execute,,D4,T1,weather,,NotificationProvider.SendPush
G01691,집,HOME18,알림예약,can you let me know when it gets hot outside?,바깥이 더워지면 알려 줄래?,execute,,D4,T1,weather,,NotificationProvider.SendPush
G01693,집,HOME01,알림예약,"If rain is in the forecast, push me an alert",비 예보가 있으면 알림 띄워 줘,execute,,D4,T1,weather,,Speaker.Speak
G01694,집,HOME08,알림예약,Push me an alert if the forecast says frost,서리 예보가 있으면 알림 띄워 줘,execute,,D4,T1,weather,,NotificationProvider.SendPush
G01695,집,HOME18,알림예약,"When it starts raining, give me a heads-up.",비가 오기 시작하면 꼭 알려 줘.,execute,,D4,T1,weather,,NotificationProvider.SendPush
G01696,집,HOME01,알림예약,Give me a heads-up if the forecast says frost.,서리 예보가 있으면 꼭 알려 줘.,execute,,D4,T1,weather,,Speaker.Speak
G01698,집,HOME08,알림예약,Let me know if the forecast says frost,서리 예보가 있으면 알려 줘,execute,,D4,T1,weather,,NotificationProvider.SendPush
G01699,집,HOME18,알림예약,"When it starts raining, tell me if something is off",비가 오기 시작할 때 뭔가 이상하면 알려 줘,execute,,D4,T1,weather,,NotificationProvider.SendPush
G01702,집,HOME08,알림예약,Give me a heads-up if the outside temperature drops below 0.,바깥 온도가 0도 아래로 떨어지면 꼭 알려 줘.,execute,,D4,T1,weather,,NotificationProvider.SendPush
G01703,집,HOME18,알림예약,could you let me know when snow is expected?,눈이 올 것 같으면 알려 줄 수 있어?,execute,,D4,T1,weather,,NotificationProvider.SendPush
G01706,집,HOME03,알림예약,"If rain is in the forecast, ping my phone",비 예보가 있으면 폰으로 알림 보내 줘,execute,,D4,T1,weather,,NotificationProvider.SendPush
G01707,집,HOME18,알림예약,Give me a heads-up when it gets hot outside,바깥이 더워지면 꼭 알려 줘,execute,,D4,T1,weather,,NotificationProvider.SendPush
G01709,집,HOME04,알림예약,Send me a notification when snow is expected.,눈이 올 것 같으면 알림 보내 줘.,execute,,D4,T1,weather,,NotificationProvider.SendPush
G01710,집,HOME02,알림예약,could you announce it if rain is in the forecast?,비 예보가 있으면 방송해 줄 수 있어?,execute,,D4,T1,weather,,Speaker.Speak
G01711,집,HOME18,알림예약,"When it starts raining, push me an alert",비가 오기 시작하면 알림 띄워 줘,execute,,D4,T1,weather,,NotificationProvider.SendPush
G01713,집,HOME03,알림예약,Tell me about it if rain is in the forecast.,비 예보가 있으면 알려 줘.,execute,,D4,T1,weather,,NotificationProvider.SendPush
G01714,집,HOME08,알림예약,I'd like you to tell me about it if the outside temperature drops below 0.,바깥 온도가 0도 아래로 떨어지면 알려 줬으면 해.,execute,,D4,T1,weather,,NotificationProvider.SendPush
G01715,집,HOME18,알림예약,could you send me a notification when snow is expected?,눈이 올 것 같으면 알림 보내 줄 수 있어?,execute,,D4,T1,weather,,NotificationProvider.SendPush
G01716,집,HOME18,알림예약,I'd like you to push me an alert when it starts raining.,비가 오기 시작하면 알림 띄워 줬으면 해.,execute,,D4,T1,weather,,NotificationProvider.SendPush
G01717,집,HOME01,알림예약,"When it starts raining, tell me if something is off.",비가 오기 시작할 때 뭔가 이상하면 알려 줘.,execute,,D4,T1,weather,,Speaker.Speak
G01719,집,HOME08,알림예약,I'd like you to tell me if something is off if the outside temperature drops below 18.,바깥 온도가 18도 아래로 떨어질 때 뭔가 이상하면 알려 줬으면 해.,execute,,D4,T1,weather,,NotificationProvider.SendPush
G01720,집,HOME03,알림예약,could you push me an alert when snow is expected?,눈이 올 것 같으면 알림 띄워 줄 수 있어?,execute,,D4,T1,weather,,NotificationProvider.SendPush
G01723,집,HOME10,알림예약,I'd like you to send a warning to my phone if the forecast says frost.,서리 예보가 있으면 폰으로 경고 보내 줬으면 해.,refuse,no_channel,D4,T1,weather,,
G01725,집,HOME03,알림예약,Give me a heads-up if the outside temperature drops below 18,바깥 온도가 18도 아래로 떨어지면 꼭 알려 줘,execute,,D4,T1,weather,,NotificationProvider.SendPush
G01727,집,HOME08,알림예약,Tell me if something is off if the forecast says frost,서리 예보가 있을 때 뭔가 이상하면 알려 줘,execute,,D4,T1,weather,,NotificationProvider.SendPush
G01732,집,HOME02,기기제어,I'd like you to make the light red when the temperature goes above 35 degrees.,온도가 35도를 넘으면 조명 빨간색으로 해 줬으면 해.,ask,,D4,T1,none,HOME02_LivingRoom_Light_1 HOME02_LivingRoom_Light_2 HOME02_Bedroom_Light_1 HOME02_Kitchen_Light_1,
G01733,집,HOME09,기기제어,could you make it feel warmer in here if the temperature drops below 15 degrees?,온도가 15도 아래로 떨어지면 여기 분위기 좀 따뜻하게 해 줄 수 있어?,ask,,D4,T1,none,HOME09_BabyRoom_ColorControl_1 HOME09_BabyRoom_Light_1 HOME09_Bedroom_Light_1 HOME09_Kitchen_Light_1 HOME09_LivingRoom_Light_1 HOME09_LivingRoom_Light_2,
G01736,집,HOME17,기기제어,could you set the room lights to amber if the temperature drops below 10 degrees?,온도가 10도 아래로 떨어지면 방 조명 호박색으로 바꿔 줄 수 있어?,execute,,D4,T1,none,HOME17_Room_Light_1,
G01739,집,HOME14,기기제어,Give this room some color when the temperature goes above 32 degrees.,온도가 32도를 넘으면 방에 색 좀 넣어 줘.,execute,,D4,T1,none,HOME14_Bedroom_Light_1 HOME14_Kitchen_Light_1 HOME14_LivingRoom_Light_1 HOME14_LivingRoom_Light_2,
G01742,집,HOME04,기기제어,please turn the study lights green if the temperature drops below 10 degrees.,온도가 10도 아래로 떨어지면 서재 조명 초록색으로 켜 주세요.,execute,,D4,T1,none,HOME04_Study_Light_1 HOME04_Study_Light_2,
G01743,집,HOME18,기기제어,I'd like you to make the kitchen lights orange when the temperature goes above 24 degrees.,온도가 24도를 넘으면 주방 조명 주황색으로 해 줬으면 해.,execute,,D4,T1,none,HOME18_Kitchen_Light_1,
G01745,집,HOME01,기기제어,"When the temperature goes above 32 degrees, set a calmer tone",온도가 32도를 넘으면 차분한 톤으로 맞춰 줘,execute,,D4,T1,none,HOME01_Room_Light_1 HOME01_Room_Light_2,
G01746,집,HOME08,기기제어,please make the kitchen lights warm white if the temperature drops below 10 degrees.,온도가 10도 아래로 떨어지면 주방 조명 전구색으로 해 주세요.,execute,,D4,T1,none,HOME08_Kitchen_Light_1,
G01749,집,HOME05,기기제어,"When the temperature goes above 24 degrees, set the study lights to green.",온도가 24도를 넘으면 서재 조명 초록색으로 바꿔.,execute,,D4,T1,none,HOME05_Study_Light_1,
G01750,집,HOME07,기기제어,Open the blinds when the sun comes up,해가 뜨면 블라인드 열어,refuse,no_device,D4,T1,sun,,
G01752,집,HOME05,기기제어,please block the sun when the sun comes up.,해가 뜨면 햇빛 좀 막아 줘.,execute,,D4,T1,sun,HOME05_LivingRoom_WindowCovering_1 HOME05_LivingRoom_WindowCovering_2,
G01754,집,HOME15,기기제어,I'd like you to raise the blind when the sun comes up.,해가 뜨면 블라인드 올려 줬으면 해.,ask,,D4,T1,sun,HOME15_LivingRoom_WindowCovering_1 HOME15_LivingRoom_WindowCovering_2 HOME15_LivingRoom_WindowCovering_3,
G01755,집,HOME04,기기제어,could you open the blind at sunrise?,해 뜰 때 블라인드 열어 줄 수 있어?,ask,,D4,T1,sun,HOME04_LivingRoom_WindowCovering_1 HOME04_LivingRoom_WindowCovering_2,
G01756,집,HOME15,기기제어,Pull the living room blinds shut when the sun comes up,해가 뜨면 거실 블라인드 닫아,execute,,D4,T1,sun,HOME15_LivingRoom_WindowCovering_1 HOME15_LivingRoom_WindowCovering_2 HOME15_LivingRoom_WindowCovering_3,
G01757,집,HOME03,기기제어,"Around sundown, close the living room blinds",해 질 무렵 거실 블라인드 닫아,execute,,D4,T1,sun,HOME03_LivingRoom_WindowCovering_1 HOME03_LivingRoom_WindowCovering_2,
G01758,집,HOME13,기기제어,please lower the living room blinds to 30 percent around sundown.,해 질 무렵 거실 블라인드 30퍼센트까지 내려 주세요.,execute,,D4,T1,sun,HOME13_LivingRoom_WindowCovering_1 HOME13_LivingRoom_WindowCovering_2 HOME13_LivingRoom_WindowCovering_3,
G01760,집,HOME11,기기제어,I'd like you to open the room blinds when the sun comes up.,해가 뜨면 방 블라인드 열어 줬으면 해.,execute,,D4,T1,sun,HOME11_Room_WindowCovering_1,
G01762,집,HOME09,기기제어,Close the nursery blinds around sundown,해 질 무렵 아기방 블라인드 닫아,execute,,D4,T1,sun,HOME09_BabyRoom_WindowCovering_1,
G01764,집,HOME08,기기제어,please raise the living room blinds when the sun comes up.,해가 뜨면 거실 블라인드 올려 주세요.,execute,,D4,T1,sun,HOME08_LivingRoom_WindowCovering_1,
G01766,집,HOME06,기기제어,I'd like you to pull the bedroom blinds shut when the sun comes up.,해가 뜨면 침실 블라인드 닫아 줬으면 해.,execute,,D4,T1,sun,HOME06_Bedroom_WindowCovering_1 HOME06_Bedroom_WindowCovering_2,
G01767,집,HOME19,기기제어,could you close the study blinds around sundown?,해 질 무렵 서재 블라인드 닫아 줄 수 있어?,execute,,D4,T1,sun,HOME19_Study_WindowCovering_1,
G01768,집,HOME05,기기제어,Lower the living room blinds to 70 percent around sundown,해 질 무렵 거실 블라인드 70퍼센트까지 내려,execute,,D4,T1,sun,HOME05_LivingRoom_WindowCovering_1 HOME05_LivingRoom_WindowCovering_2,
G01769,집,HOME18,기기제어,"At sunrise, raise the living room blinds.",해 뜰 때 거실 블라인드 올려.,execute,,D4,T1,sun,HOME18_LivingRoom_WindowCovering_1 HOME18_LivingRoom_WindowCovering_2,
G01770,집,HOME04,기기제어,Give me some privacy when the sun comes up,해가 뜨면 안 보이게 가려 줘,execute,,D4,T1,sun,HOME04_LivingRoom_WindowCovering_1 HOME04_LivingRoom_WindowCovering_2,
G01772,집,HOME08,기기제어,could you raise the living room blinds at sunrise?,해 뜰 때 거실 블라인드 올려 줄 수 있어?,execute,,D4,T1,sun,HOME08_LivingRoom_WindowCovering_1,
G01774,집,HOME06,기기제어,"At sunrise, pull the living room blinds shut.",해 뜰 때 거실 블라인드 닫아.,execute,,D4,T1,sun,HOME06_LivingRoom_WindowCovering_1 HOME06_LivingRoom_WindowCovering_2 HOME06_LivingRoom_WindowCovering_3,
G01775,집,HOME19,기기제어,please close the study blinds around sundown.,해 질 무렵 서재 블라인드 닫아 주세요.,execute,,D4,T1,sun,HOME19_Study_WindowCovering_1,
G01776,집,HOME05,기기제어,can you lower the living room blinds to 50 percent around sundown?,해 질 무렵 거실 블라인드 50퍼센트까지 내려 줄래?,execute,,D4,T1,sun,HOME05_LivingRoom_WindowCovering_1 HOME05_LivingRoom_WindowCovering_2,
G01777,집,HOME18,기기제어,I'd like you to raise the living room blinds when the sun comes up.,해가 뜨면 거실 블라인드 올려 줬으면 해.,execute,,D4,T1,sun,HOME18_LivingRoom_WindowCovering_1 HOME18_LivingRoom_WindowCovering_2,
G01778,집,HOME04,기기제어,could you open the living room blinds at sunrise?,해 뜰 때 거실 블라인드 열어 줄 수 있어?,execute,,D4,T1,sun,HOME04_LivingRoom_WindowCovering_1 HOME04_LivingRoom_WindowCovering_2,
G01780,집,HOME03,기기제어,"Around sundown, shut out the light from outside.",해 질 무렵 바깥 빛 좀 차단해 줘.,execute,,D4,T1,sun,HOME03_LivingRoom_WindowCovering_1 HOME03_LivingRoom_WindowCovering_2,
G01781,집,HOME13,기기제어,please lower the living room blinds to 50 percent around sundown.,해 질 무렵 거실 블라인드 50퍼센트까지 내려 주세요.,execute,,D4,T1,sun,HOME13_LivingRoom_WindowCovering_1 HOME13_LivingRoom_WindowCovering_2 HOME13_LivingRoom_WindowCovering_3,
G01782,집,HOME06,기기제어,Lower the bedroom blinds to 30 percent around sundown,해 질 무렵 침실 블라인드 30퍼센트까지 내려,execute,,D4,T1,sun,HOME06_Bedroom_WindowCovering_1 HOME06_Bedroom_WindowCovering_2,
G01783,집,HOME13,기기제어,I'd like you to close the bedroom blinds around sundown.,해 질 무렵 침실 블라인드 닫아 줬으면 해.,execute,,D4,T1,sun,HOME13_Bedroom_WindowCovering_1 HOME13_Bedroom_WindowCovering_2,
G01786,집,HOME03,알림예약,Push me an alert at the start of my next event,다음 일정이 시작되면 알림 띄워 줘,execute,,D4,T1,calendar,,NotificationProvider.SendPush
G01787,집,HOME13,알림예약,"When a meeting is about to start, send a warning to my phone.",회의가 곧 시작되면 폰으로 경고 보내 줘.,execute,,D4,T1,calendar,,NotificationProvider.SendPush
G01788,집,HOME12,알림예약,please let me know when today's first event begins.,오늘 첫 일정이 시작되면 좀 알려 줘.,execute,,D4,T1,calendar,,Speaker.Speak
G01798,집,HOME19,알림예약,"At the start of my next event, I want to know when it changes",다음 일정이 시작될 때 상태가 바뀌면 알려 줘,execute,,D4,T1,calendar,,NotificationProvider.SendPush
G01803,집,HOME15,알림예약,"When a meeting is about to start, send a warning to my phone",회의가 곧 시작되면 폰으로 경고 보내 줘,execute,,D4,T1,calendar,,NotificationProvider.SendPush
G01810,집,HOME19,알림예약,please let me know at the start of my next event.,다음 일정이 시작되면 알려 주세요.,execute,,D4,T1,calendar,,NotificationProvider.SendPush
G01815,집,HOME13,기기제어,can you set the light to daylight white at sunrise?,해 뜰 때 조명 주광색으로 바꿔 줄래?,ask,,D4,T1,sun,HOME13_LivingRoom_Light_1 HOME13_LivingRoom_Light_2 HOME13_LivingRoom_Light_3 HOME13_Bedroom_Light_1 HOME13_Bedroom_Light_2 HOME13_Kitchen_Light_1 HOME13_Study_Light_1,
G01816,집,HOME20,기기제어,I'd like you to turn the light daylight white at sunrise.,해 뜰 때 조명 주광색으로 켜 줬으면 해.,ask,,D4,T1,sun,HOME20_LivingRoom_Light_1 HOME20_LivingRoom_Light_2 HOME20_Kitchen_Light_1 HOME20_Bedroom_Light_1,
G01819,집,HOME03,기기제어,"At sunrise, set all the lights to daylight white",해 뜰 때 모든 조명 주광색으로 바꿔,execute,,D4,T1,sun,HOME03_LivingRoom_Light_1 HOME03_LivingRoom_Light_2 HOME03_LivingRoom_Light_3 HOME03_Bedroom_Light_1 HOME03_Bedroom_Light_2 HOME03_Kitchen_Light_1 HOME03_Bathroom_Light_1 HOME03_Hallway_Light_1,
G01820,집,HOME10,기기제어,please turn all the lights warm white at sunrise.,해 뜰 때 모든 조명 전구색으로 켜 주세요.,execute,,D4,T1,sun,HOME10_LivingRoom_Light_1 HOME10_LivingRoom_Light_2 HOME10_Bedroom_Light_1 HOME10_Bathroom_Light_1 HOME10_Hallway_Light_1,
G01821,집,HOME17,기기제어,can you change all the lights to red at sunrise?,해 뜰 때 모든 조명 빨간색으로 바꿔 줄래?,execute,,D4,T1,sun,HOME17_Room_Light_1 HOME17_Bathroom_Light_1,
G01825,집,HOME07,기기제어,"At sunrise, change all the lights to daylight white.",해 뜰 때 모든 조명 주광색으로 바꿔.,execute,,D4,T1,sun,HOME07_LivingRoom_Light_1 HOME07_LivingRoom_Light_2 HOME07_LivingRoom_Light_3 HOME07_Bedroom_Light_1 HOME07_Bedroom_Light_2 HOME07_Kitchen_Light_1 HOME07_Garden_Light_1 HOME07_Garden_Light_2 HOME07_Garden_Light_3 HOME07_Barn_Light_1,
G01826,집,HOME13,기기제어,"At sunrise, give this room some color.",해 뜰 때 방에 색 좀 넣어 줘.,execute,,D4,T1,sun,HOME13_Bedroom_Light_1 HOME13_Bedroom_Light_2 HOME13_Kitchen_Light_1 HOME13_LivingRoom_Light_1 HOME13_LivingRoom_Light_2 HOME13_LivingRoom_Light_3 HOME13_Study_Light_1,
G01830,집,HOME04,기기제어,Make all the lights amber at sunrise,해 뜰 때 모든 조명 호박색으로 해,execute,,D4,T1,sun,HOME04_LivingRoom_Light_1 HOME04_LivingRoom_Light_2 HOME04_LivingRoom_Light_3 HOME04_Bedroom_Light_1 HOME04_Bedroom_Light_2 HOME04_Study_Light_1 HOME04_Study_Light_2 HOME04_Kitchen_Light_1,
G01831,집,HOME11,기기제어,"At sunrise, set all the lights to green",해 뜰 때 모든 조명 초록색으로 바꿔,execute,,D4,T1,sun,HOME11_Room_Light_1 HOME11_Room_Light_2 HOME11_Kitchen_Light_1 HOME11_Bathroom_Light_1,
G01832,집,HOME18,기기제어,please turn all the lights daylight white at sunrise.,해 뜰 때 모든 조명 주광색으로 좀 켜 줘.,execute,,D4,T1,sun,HOME18_LivingRoom_Light_1 HOME18_LivingRoom_Light_2 HOME18_LivingRoom_Light_3 HOME18_Bedroom_Light_1 HOME18_Bedroom_Light_2 HOME18_Kitchen_Light_1 HOME18_Garage_Light_1,
G01834,집,HOME10,기기제어,could you make the living room lights pink at sunrise?,해 뜰 때 거실 조명 분홍색으로 해 줄 수 있어?,execute,,D4,T1,sun,HOME10_LivingRoom_Light_1 HOME10_LivingRoom_Light_2,
G01835,집,HOME06,알림예약,"When the washing machine finishes, tell me if something is off",세탁기가 끝날 때 뭔가 이상하면 알려 줘,execute,,D4,T1,none,,NotificationProvider.SendPush
G01836,집,HOME12,알림예약,please tell me about it as soon as the load is finished.,세탁이 끝나자마자 알려 주세요.,execute,,D4,T1,none,,Speaker.Speak
G01837,집,HOME02,알림예약,can you send me a notification when the wash cycle ends?,세탁 코스가 끝나면 알림 보내 줄래?,execute,,D4,T1,none,,NotificationProvider.SendPush
G01838,집,HOME07,알림예약,I'd like you to push me an alert when the washing machine finishes.,세탁기가 끝나면 알림 띄워 줬으면 해.,execute,,D4,T1,none,,NotificationProvider.SendPush
G01839,집,HOME18,알림예약,could you announce it as soon as the load is finished?,세탁이 끝나자마자 방송해 줄 수 있어?,execute,,D4,T1,none,,Speaker.Speak
G01840,집,HOME06,알림예약,Let me know when the wash cycle ends,세탁 코스가 끝나면 알려 줘,execute,,D4,T1,none,,NotificationProvider.SendPush
G01841,집,HOME12,알림예약,"When the washing machine finishes, tell me about it",세탁기가 끝나면 알려 줘,execute,,D4,T1,none,,Speaker.Speak
G01842,집,HOME02,알림예약,please send me a notification as soon as the load is finished.,세탁이 끝나자마자 알림 보내 주세요.,execute,,D4,T1,none,,NotificationProvider.SendPush
G01843,집,HOME07,알림예약,can you show it on the screen when the wash cycle ends?,세탁 코스가 끝나면 화면에 띄워 줄래?,refuse,no_channel,D4,T1,none,,
G01844,집,HOME18,알림예약,"When the washing machine finishes, I want to know when it changes.",세탁기가 끝날 때 상태가 바뀌면 알려 줘.,execute,,D4,T1,none,,NotificationProvider.SendPush
G01845,집,HOME06,알림예약,could you let me know as soon as the load is finished?,세탁이 끝나자마자 알려 줄 수 있어?,execute,,D4,T1,none,,NotificationProvider.SendPush
G01846,집,HOME12,알림예약,Tell me about it when the wash cycle ends,세탁 코스가 끝나면 알려 줘,execute,,D4,T1,none,,Speaker.Speak
G01847,집,HOME02,알림예약,"When the washing machine finishes, send a warning to my phone",세탁기가 끝나면 폰으로 경고 보내 줘,execute,,D4,T1,none,,NotificationProvider.SendPush
G01848,집,HOME07,알림예약,please push me an alert as soon as the load is finished.,세탁이 끝나자마자 알림 띄워 주세요.,execute,,D4,T1,none,,NotificationProvider.SendPush
G01849,집,HOME18,알림예약,Give me a heads-up when the wash cycle ends.,세탁 코스가 끝나면 꼭 알려 줘.,execute,,D4,T1,none,,NotificationProvider.SendPush
G01850,집,HOME06,알림예약,I'd like you to let me know when the washing machine finishes.,세탁기가 끝나면 알려 줬으면 해.,execute,,D4,T1,none,,NotificationProvider.SendPush
G01851,집,HOME06,알림예약,"When the wash cycle ends, send me a notification",세탁 코스가 끝나면 알림 보내 줘,execute,,D4,T1,none,,NotificationProvider.SendPush
G01852,집,HOME02,알림예약,Send me a notification when the wash cycle ends,세탁 코스가 끝나면 알림 보내 줘,execute,,D4,T1,none,,NotificationProvider.SendPush
G01853,집,HOME07,알림예약,"When the washing machine finishes, keep me posted",세탁기가 끝나면 계속 알려 줘,execute,,D4,T1,none,,NotificationProvider.SendPush
G01854,집,HOME18,알림예약,Give me a heads-up as soon as the load is finished,세탁이 끝나자마자 꼭 알려 줘,execute,,D4,T1,none,,NotificationProvider.SendPush
G01855,집,HOME02,알림예약,Keep me posted when the washing machine finishes,세탁기가 끝나면 계속 알려 줘,execute,,D4,T1,none,,NotificationProvider.SendPush
G01856,집,HOME06,알림예약,I'd like you to send me a notification as soon as the load is finished.,세탁이 끝나자마자 알림 보내 줬으면 해.,execute,,D4,T1,none,,NotificationProvider.SendPush
G01857,집,HOME18,알림예약,Give me a heads-up when the wash cycle ends,세탁 코스가 끝나면 꼭 알려 줘,execute,,D4,T1,none,,NotificationProvider.SendPush
G01858,집,HOME06,알림예약,"When the washing machine finishes, let me know",세탁기가 끝나면 알려 줘,execute,,D4,T1,none,,NotificationProvider.SendPush
G01859,집,HOME07,알림예약,I'd like you to send me a notification when the washing machine finishes.,세탁기가 끝나면 알림 보내 줬으면 해.,execute,,D4,T1,none,,NotificationProvider.SendPush
G01860,집,HOME02,알림예약,Give me a heads-up as soon as the load is finished.,세탁이 끝나자마자 꼭 알려 줘.,execute,,D4,T1,none,,NotificationProvider.SendPush
G01861,집,HOME02,알림예약,I'd like you to show it on the screen when the washing machine finishes.,세탁기가 끝나면 화면에 띄워 줬으면 해.,refuse,no_channel,D4,T1,none,,
G01862,집,HOME18,알림예약,"When the wash cycle ends, give me a heads-up.",세탁 코스가 끝나면 꼭 알려 줘.,execute,,D4,T1,none,,NotificationProvider.SendPush
G01863,집,HOME06,알림예약,Keep me posted when the wash cycle ends.,세탁 코스가 끝나면 계속 알려 줘.,execute,,D4,T1,none,,NotificationProvider.SendPush
G01864,집,HOME12,알림예약,"When the washing machine finishes, send a warning to my phone.",세탁기가 끝나면 폰으로 경고 보내 줘.,refuse,no_channel,D4,T1,none,,
G01865,집,HOME07,알림예약,Send a warning to my phone when the wash cycle ends.,세탁 코스가 끝나면 폰으로 경고 보내 줘.,execute,,D4,T1,none,,NotificationProvider.SendPush
G01866,집,HOME07,알림예약,can you push me an alert when the wash cycle ends?,세탁 코스가 끝나면 알림 띄워 줄래?,execute,,D4,T1,none,,NotificationProvider.SendPush
G01867,집,HOME10,알림예약,Give me a heads-up if the temperature drops below 10 degrees,온도가 10도 아래로 떨어지면 꼭 알려 줘,execute,,D4,T1,none,,Speaker.Speak
G01870,집,HOME05,알림예약,"When the temperature goes above 24 degrees, I want to know when it changes.",온도가 24도를 넘을 때 상태가 바뀌면 알려 줘.,execute,,D4,T1,none,,NotificationProvider.SendPush
G01871,집,HOME12,알림예약,please let me know if the temperature drops below 0 degrees.,온도가 0도 아래로 떨어지면 알려 주세요.,execute,,D4,T1,none,,Speaker.Speak
G01874,집,HOME09,알림예약,"When the temperature goes above 35 degrees, send a warning to my phone.",온도가 35도를 넘으면 폰으로 경고 보내 줘.,refuse,no_channel,D4,T1,none,,
G01875,집,HOME16,알림예약,please send me a notification if the temperature drops below 12 degrees.,온도가 12도 아래로 떨어지면 알림 좀 보내 줘.,execute,,D4,T1,none,,NotificationProvider.SendPush
G01878,집,HOME11,알림예약,"When the temperature goes above 24 degrees, send me a notification",온도가 24도를 넘으면 알림 보내 줘,execute,,D4,T1,none,,NotificationProvider.SendPush
G01879,집,HOME18,알림예약,please push me an alert if the temperature drops below 15 degrees.,온도가 15도 아래로 떨어지면 알림 띄워 주세요.,execute,,D4,T1,none,,NotificationProvider.SendPush
G01880,집,HOME14,알림예약,Push me an alert when the temperature goes above 28 degrees.,온도가 28도를 넘으면 알림 띄워 줘.,execute,,D4,T1,none,,Speaker.Speak
G01883,집,HOME13,알림예약,"When the temperature goes above 30 degrees, send a warning to my phone.",온도가 30도를 넘으면 폰으로 경고 보내 줘.,execute,,D4,T1,none,,NotificationProvider.SendPush
G01884,집,HOME20,알림예약,Give me a heads-up if the temperature drops below 5 degrees,온도가 5도 아래로 떨어지면 꼭 알려 줘,execute,,D4,T1,none,,NotificationProvider.SendPush
G01886,집,HOME01,알림예약,could you announce it if the temperature drops below 15 degrees?,온도가 15도 아래로 떨어지면 방송해 줄 수 있어?,execute,,D4,T1,none,,Speaker.Speak
G01887,집,HOME15,알림예약,"When the temperature goes above 35 degrees, give me a heads-up.",온도가 35도를 넘으면 꼭 알려 줘.,execute,,D4,T1,none,,NotificationProvider.SendPush
G01890,집,HOME14,기기제어,Turn the heating up to 22 if the temperature drops below 10 degrees,온도가 10도 아래로 떨어지면 난방 22도로 올려,execute,,D4,T1,none,HOME14_LivingRoom_Thermostat_1,
G01891,집,HOME02,기기제어,"When the temperature goes above 26 degrees, take the chill off",온도가 26도를 넘으면 한기 좀 없애 줘,ask,,D4,T1,none,HOME02_LivingRoom_AirConditioner_1 HOME02_LivingRoom_Thermostat_1,
G01892,집,HOME06,기기제어,can you put the thermostat on 19 degrees if the temperature drops below 5 degrees?,온도가 5도 아래로 떨어지면 온도조절기 19도로 해 줄래?,execute,,D4,T1,none,HOME06_LivingRoom_Thermostat_1,
G01893,집,HOME20,기기제어,I'd like you to turn the heating up to 19 if the temperature drops below 10 degrees.,온도가 10도 아래로 떨어지면 난방 19도로 올려 줬으면 해.,execute,,D4,T1,none,HOME20_LivingRoom_Thermostat_1,
G01894,집,HOME11,기기제어,could you set the thermostat to 22 degrees if the temperature drops below 15 degrees?,온도가 15도 아래로 떨어지면 온도조절기 22도로 맞춰 줄 수 있어?,execute,,D4,T1,none,HOME11_Room_Thermostat_1,
G01895,집,HOME16,기기제어,"If the temperature drops below 0 degrees, put the thermostat on 23 degrees",온도가 0도 아래로 떨어지면 온도조절기 23도로 해,execute,,D4,T1,none,HOME16_LivingRoom_Thermostat_1,
G01896,집,HOME05,기기제어,please turn the heating up to 23 if the temperature drops below 10 degrees.,온도가 10도 아래로 떨어지면 난방 23도로 좀 올려 줘.,execute,,D4,T1,none,HOME05_LivingRoom_Thermostat_1 HOME05_LivingRoom_Thermostat_2,
G01897,집,HOME19,기기제어,can you set the thermostat to 21 degrees if the temperature drops below 12 degrees?,온도가 12도 아래로 떨어지면 온도조절기 21도로 맞춰 줄래?,execute,,D4,T1,none,HOME19_LivingRoom_Thermostat_1,
G01899,집,HOME14,기기제어,Turn the heating up to 25 if the temperature drops below 15 degrees,온도가 15도 아래로 떨어지면 난방 25도로 올려,execute,,D4,T1,none,HOME14_LivingRoom_Thermostat_1,
G01900,집,HOME02,기기제어,"If the temperature drops below 0 degrees, set the thermostat to 23 degrees.",온도가 0도 아래로 떨어지면 온도조절기 23도로 맞춰.,execute,,D4,T1,none,HOME02_LivingRoom_Thermostat_1,
G01901,집,HOME06,기기제어,can you put the thermostat on 19 degrees if the temperature drops below 10 degrees?,온도가 10도 아래로 떨어지면 온도조절기 19도로 해 줄래?,execute,,D4,T1,none,HOME06_LivingRoom_Thermostat_1,
G01902,집,HOME20,기기제어,I'd like you to turn the heating up to 24 if the temperature drops below 12 degrees.,온도가 12도 아래로 떨어지면 난방 24도로 올려 줬으면 해.,execute,,D4,T1,none,HOME20_LivingRoom_Thermostat_1,
G01903,집,HOME11,기기제어,could you set the thermostat to 22 degrees if the temperature drops below 18 degrees?,온도가 18도 아래로 떨어지면 온도조절기 22도로 맞춰 줄 수 있어?,execute,,D4,T1,none,HOME11_Room_Thermostat_1,
G01904,집,HOME16,기기제어,"When the temperature goes above 35 degrees, take the chill off.",온도가 35도를 넘으면 한기 좀 없애 줘.,execute,,D4,T1,none,HOME16_LivingRoom_Thermostat_1,
G01905,집,HOME06,기기제어,can you make it cozy if the temperature drops below 18 degrees?,온도가 18도 아래로 떨어지면 포근하게 해 줄래?,ask,,D4,T1,none,HOME06_Bedroom_AirConditioner_1 HOME06_LivingRoom_AirConditioner_1 HOME06_LivingRoom_AirConditioner_2 HOME06_LivingRoom_Thermostat_1,
G01906,집,HOME20,기기제어,I'd like you to turn the heating up to 21 if the temperature drops below 0 degrees.,온도가 0도 아래로 떨어지면 난방 21도로 올려 줬으면 해.,execute,,D4,T1,none,HOME20_LivingRoom_Thermostat_1,
G01907,집,HOME12,기기제어,I'd like you to stop recording on the camera when the motion sensor picks something up.,동작 감지 센서에 뭔가 잡히면 카메라 녹화 멈춰 줬으면 해.,refuse,no_device,D4,T1,none,,
G01909,집,HOME14,기기제어,"When the motion sensor detects movement, start recording on the camera.",동작 감지 센서가 움직임을 감지하면 카메라 녹화 시작해.,refuse,no_device,D4,T1,none,,
G01910,집,HOME08,기기제어,please stop recording on the camera the moment something moves in the living room.,거실에서 뭔가 움직이는 순간 카메라 녹화 멈춰 주세요.,ask,,D4,T1,none,HOME08_LivingRoom_Camera_1 HOME08_LivingRoom_Camera_2,
G01911,집,HOME16,기기제어,can you turn on the camera when the motion sensor picks something up?,동작 감지 센서에 뭔가 잡히면 카메라 켜 줄래?,ask,,D4,T1,none,HOME16_Garden_Camera_1 HOME16_Garden_Camera_2,
G01915,집,HOME18,기기제어,please take a snapshot with the garage camera when the motion sensor picks something up.,동작 감지 센서에 뭔가 잡히면 차고 카메라로 사진 찍어 주세요.,execute,,D4,T1,none,HOME18_Garage_Camera_1,
G01916,집,HOME09,기기제어,can you start recording on the baby monitor if motion is detected in the kitchen?,주방에서 움직임이 감지되면 베이비 모니터 녹화 시작해 줄래?,execute,,D4,T1,none,HOME09_BabyRoom_Camera_1,
G01919,집,HOME16,기기제어,"When the motion sensor picks something up, start recording on the garden camera",동작 감지 센서에 뭔가 잡히면 마당 카메라 녹화 시작해,execute,,D4,T1,none,HOME16_Garden_Camera_1 HOME16_Garden_Camera_2,
G01920,집,HOME08,기기제어,please record this if motion is detected in the entrance.,현관에서 움직임이 감지되면 이거 녹화해 주세요.,execute,,D4,T1,none,HOME08_LivingRoom_Camera_1 HOME08_LivingRoom_Camera_2,
G01922,집,HOME18,기기제어,please stop recording on the garage camera when the motion sensor detects movement.,동작 감지 센서가 움직임을 감지하면 차고 카메라 녹화 멈춰 주세요.,execute,,D4,T1,none,HOME18_Garage_Camera_1,
G01923,집,HOME09,기기제어,can you turn on the baby monitor the moment something moves in the kitchen?,주방에서 뭔가 움직이는 순간 베이비 모니터 켜 줄래?,execute,,D4,T1,none,HOME09_BabyRoom_Camera_1,
G01924,집,HOME06,기기제어,I'd like you to take a snapshot with the garage camera when the motion sensor picks something up.,동작 감지 센서에 뭔가 잡히면 차고 카메라로 사진 찍어 줬으면 해.,execute,,D4,T1,none,HOME06_Garage_Camera_1,
G01926,집,HOME16,기기제어,"When the motion sensor detects movement, record this.",동작 감지 센서가 움직임을 감지하면 이거 녹화해 줘.,execute,,D4,T1,none,HOME16_Garden_Camera_1 HOME16_Garden_Camera_2,
G01927,집,HOME08,기기제어,please take a snapshot with the pet cam 2 the moment something moves in the entrance.,현관에서 뭔가 움직이는 순간 펫캠 2로 사진 좀 찍어 줘.,execute,,D4,T1,none,HOME08_LivingRoom_Camera_2,
G01930,집,HOME12,기기제어,please make the lights blue every day at 7 am.,매일 오전 7시에 조명 전부 파란색으로 좀 해 줘.,execute,,D6,T1,none,HOME12_RoomA_Light_1 HOME12_RoomB_Light_1 HOME12_RoomC_Light_1 HOME12_LivingRoom_Light_1 HOME12_LivingRoom_Light_2 HOME12_LivingRoom_Light_3 HOME12_Kitchen_Light_1 HOME12_Bathroom_Light_1 HOME12_Bathroom_Light_2,
G01931,집,HOME19,기기제어,Give this room some color at 10 pm on weekdays.,평일 밤 10시에 방에 색 좀 넣어 줘.,execute,,D6,T1,none,HOME19_Bedroom_Light_1 HOME19_Kitchen_Light_1 HOME19_LivingRoom_Light_1 HOME19_LivingRoom_Light_2 HOME19_Study_Light_1 HOME19_Study_Light_2,
G01934,집,HOME02,기기제어,Make the lights orange on Monday at 7 am,월요일 오전 7시에 조명 전부 주황색으로 해,execute,,D6,T1,none,HOME02_LivingRoom_Light_1 HOME02_LivingRoom_Light_2 HOME02_Bedroom_Light_1 HOME02_Kitchen_Light_1,
G01935,집,HOME09,기기제어,"At 6:30 am, set the lights to blue.",오전 6시 30분에 조명 전부 파란색으로 바꿔.,execute,,D6,T1,none,HOME09_LivingRoom_Light_1 HOME09_LivingRoom_Light_2 HOME09_BabyRoom_Light_1 HOME09_BabyRoom_ColorControl_1 HOME09_Bedroom_Light_1 HOME09_Kitchen_Light_1,
G01936,집,HOME16,기기제어,please turn the lights blue every day at 9 am.,매일 오전 9시에 조명 전부 파란색으로 좀 켜 줘.,execute,,D6,T1,none,HOME16_LivingRoom_Light_1 HOME16_LivingRoom_Light_2 HOME16_Bedroom_Light_1 HOME16_Garden_Light_1,
G01940,집,HOME06,기기제어,Make it feel warmer in here on weekends at 8 am,주말 오전 8시에 여기 분위기 좀 따뜻하게 해 줘,execute,,D6,T1,none,HOME06_Bathroom_Light_1 HOME06_Bathroom_Light_2 HOME06_Bedroom_Light_1 HOME06_Bedroom_Light_2 HOME06_Garage_Light_1 HOME06_Garden_Light_1 HOME06_Garden_Light_2 HOME06_Hallway_Light_1 HOME06_Kitchen_Light_1 HOME06_Kitchen_Light_2 HOME06_LivingRoom_Light_1 HOME06_LivingRoom_Light_2 HOME06_LivingRoom_Light_3 HOME06_LivingRoom_Light_4 HOME06_Study_Light_1,
G01941,집,HOME13,기기제어,"At 8 am, change the lights to green.",오전 8시에 조명 전부 초록색으로 바꿔.,execute,,D6,T1,none,HOME13_LivingRoom_Light_1 HOME13_LivingRoom_Light_2 HOME13_LivingRoom_Light_3 HOME13_Bedroom_Light_1 HOME13_Bedroom_Light_2 HOME13_Kitchen_Light_1 HOME13_Study_Light_1,
G01942,집,HOME20,기기제어,please make the lights purple every day at 10:30 pm.,매일 밤 10시 30분에 조명 전부 보라색으로 해 주세요.,execute,,D6,T1,none,HOME20_LivingRoom_Light_1 HOME20_LivingRoom_Light_2 HOME20_Kitchen_Light_1 HOME20_Bedroom_Light_1,
G01945,집,HOME03,기기제어,could you change the lights to red every night at midnight?,매일 자정에 조명 전부 빨간색으로 바꿔 줄 수 있어?,execute,,D6,T1,none,HOME03_LivingRoom_Light_1 HOME03_LivingRoom_Light_2 HOME03_LivingRoom_Light_3 HOME03_Bedroom_Light_1 HOME03_Bedroom_Light_2 HOME03_Kitchen_Light_1 HOME03_Bathroom_Light_1 HOME03_Hallway_Light_1,
G01946,집,HOME10,기기제어,Make the lights pink on Thursday at 8 am,목요일 오전 8시에 조명 전부 분홍색으로 해,execute,,D6,T1,none,HOME10_LivingRoom_Light_1 HOME10_LivingRoom_Light_2 HOME10_Bedroom_Light_1 HOME10_Bathroom_Light_1 HOME10_Hallway_Light_1,
G01947,집,HOME17,기기제어,"At 7 am, set the lights to orange.",오전 7시에 조명 전부 주황색으로 바꿔.,execute,,D6,T1,none,HOME17_Room_Light_1 HOME17_Bathroom_Light_1,
G01952,집,HOME01,기기제어,I'd like you to make all the lights amber when the door sensor says the door is open.,문열림 센서가 문이 열렸다고 알리면 모든 조명 호박색으로 해 줬으면 해.,execute,,D4,T1,none,HOME01_Room_Light_1 HOME01_Room_Light_2,
G01953,집,HOME08,기기제어,could you set all the lights to green when the door closes?,문이 닫히면 모든 조명 초록색으로 바꿔 줄 수 있어?,execute,,D4,T1,none,HOME08_LivingRoom_Light_1 HOME08_LivingRoom_Light_2 HOME08_Bedroom_Light_1 HOME08_Kitchen_Light_1,
G01954,집,HOME15,기기제어,Turn all the lights red if a window is left open,창문이 열린 채로 있으면 모든 조명 빨간색으로 켜,execute,,D4,T1,none,HOME15_LivingRoom_Light_1 HOME15_LivingRoom_Light_2 HOME15_LivingRoom_Light_3 HOME15_LivingRoom_Light_4 HOME15_Bedroom_Light_1 HOME15_Bedroom_Light_2 HOME15_Study_Light_1 HOME15_Study_Light_2 HOME15_LivingRoom_ColorControl_1 HOME15_LivingRoom_ColorControl_2 HOME15_Kitchen_Light_1,
G01955,집,HOME02,기기제어,please make all the lights red when the living room door opens.,거실 문이 열리면 모든 조명 빨간색으로 해 주세요.,execute,,D4,T1,none,HOME02_LivingRoom_Light_1 HOME02_LivingRoom_Light_2 HOME02_Bedroom_Light_1 HOME02_Kitchen_Light_1,
G01956,집,HOME09,기기제어,can you set all the lights to purple when the door sensor says the door is open?,문열림 센서가 문이 열렸다고 알리면 모든 조명 보라색으로 바꿔 줄래?,execute,,D4,T1,none,HOME09_LivingRoom_Light_1 HOME09_LivingRoom_Light_2 HOME09_BabyRoom_Light_1 HOME09_BabyRoom_ColorControl_1 HOME09_Bedroom_Light_1 HOME09_Kitchen_Light_1,
G01957,집,HOME16,기기제어,I'd like you to turn all the lights pink when the door closes.,문이 닫히면 모든 조명 분홍색으로 켜 줬으면 해.,execute,,D4,T1,none,HOME16_LivingRoom_Light_1 HOME16_LivingRoom_Light_2 HOME16_Bedroom_Light_1 HOME16_Garden_Light_1,
G01959,집,HOME10,기기제어,"When the hallway door opens, set all the lights to amber.",복도 문이 열리면 모든 조명 호박색으로 바꿔.,execute,,D4,T1,none,HOME10_LivingRoom_Light_1 HOME10_LivingRoom_Light_2 HOME10_Bedroom_Light_1 HOME10_Bathroom_Light_1 HOME10_Hallway_Light_1,
G01960,집,HOME17,기기제어,please turn all the lights daylight white when the door sensor says the door is open.,문열림 센서가 문이 열렸다고 알리면 모든 조명 주광색으로 좀 켜 줘.,execute,,D4,T1,none,HOME17_Room_Light_1 HOME17_Bathroom_Light_1,
G01962,집,HOME04,기기제어,I'd like you to make all the lights pink if a window is left open.,창문이 열린 채로 있으면 모든 조명 분홍색으로 해 줬으면 해.,execute,,D4,T1,none,HOME04_LivingRoom_Light_1 HOME04_LivingRoom_Light_2 HOME04_LivingRoom_Light_3 HOME04_Bedroom_Light_1 HOME04_Bedroom_Light_2 HOME04_Study_Light_1 HOME04_Study_Light_2 HOME04_Kitchen_Light_1,
G01963,집,HOME18,기기제어,Turn all the lights amber when the living room door opens,거실 문이 열리면 모든 조명 호박색으로 켜,execute,,D4,T1,none,HOME18_LivingRoom_Light_1 HOME18_LivingRoom_Light_2 HOME18_LivingRoom_Light_3 HOME18_Bedroom_Light_1 HOME18_Bedroom_Light_2 HOME18_Kitchen_Light_1 HOME18_Garage_Light_1,
G01965,집,HOME05,기기제어,Give this room some color when the door closes.,문이 닫히면 방에 색 좀 넣어 줘.,execute,,D4,T1,none,HOME05_Bedroom_Light_1 HOME05_Bedroom_Light_2 HOME05_Kitchen_Light_1 HOME05_LivingRoom_Light_1 HOME05_LivingRoom_Light_2 HOME05_LivingRoom_Light_3 HOME05_Stairs_Light_1 HOME05_Study_Light_1,
G01966,집,HOME12,기기제어,can you set all the lights to daylight white if a window is left open?,창문이 열린 채로 있으면 모든 조명 주광색으로 바꿔 줄래?,execute,,D4,T1,none,HOME12_RoomA_Light_1 HOME12_RoomB_Light_1 HOME12_RoomC_Light_1 HOME12_LivingRoom_Light_1 HOME12_LivingRoom_Light_2 HOME12_LivingRoom_Light_3 HOME12_Kitchen_Light_1 HOME12_Bathroom_Light_1 HOME12_Bathroom_Light_2,
G01969,집,HOME04,기기제어,could you turn on the bedroom TV when I press the button?,내가 버튼을 누르면 침실 TV 켜 줄 수 있어?,execute,,D4,T1,none,HOME04_Bedroom_Television_1,
G01970,집,HOME15,기기제어,Play some music on the living room TV when I double-press the button,버튼이 연속 두 번 눌리면 거실 TV로 음악 좀 틀어,execute,,D4,T1,none,HOME15_LivingRoom_Television_1,
G01971,집,HOME08,기기제어,"When the scene button is pressed, set the volume on the living room TV to 40.",씬 버튼이 눌리면 거실 TV 볼륨 40으로 맞춰.,execute,,D4,T1,none,HOME08_LivingRoom_Television_1,
G01972,집,HOME03,기기제어,please pause the living room TV with a single press of the button.,버튼을 한 번 누르면 거실 TV 좀 일시정지해 줘.,execute,,D4,T1,none,HOME03_LivingRoom_Television_1,
G01973,집,HOME13,기기제어,can you turn the living room TV off with one tap on the wall switch?,벽 스위치를 한 번 누르면 거실 TV 꺼 줄래?,execute,,D4,T1,none,HOME13_LivingRoom_Television_1,
G01974,집,HOME07,기기제어,I'd like you to turn it down a bit when I press the button.,내가 버튼을 누르면 소리 좀 줄여 줬으면 해.,ask,,D4,T1,none,HOME07_LivingRoom_Speaker_1 HOME07_LivingRoom_Speaker_2 HOME07_LivingRoom_Television_1,
G01975,집,HOME02,기기제어,could you play some music on the living room TV when I double-press the button?,버튼이 연속 두 번 눌리면 거실 TV로 음악 좀 틀어 줄 수 있어?,execute,,D4,T1,none,HOME02_LivingRoom_Television_1,
G01976,집,HOME12,기기제어,Set the volume on the living room TV to 20 when the scene button is pressed,씬 버튼이 눌리면 거실 TV 볼륨 20으로 맞춰,execute,,D4,T1,none,HOME12_LivingRoom_Television_1,
G01977,집,HOME06,기기제어,"With a single press of the button, pause the living room TV.",버튼을 한 번 누르면 거실 TV 일시정지해.,execute,,D4,T1,none,HOME06_LivingRoom_Television_1,
G01978,집,HOME18,기기제어,please turn the living room TV off with one tap on the wall switch.,벽 스위치를 한 번 누르면 거실 TV 좀 꺼 줘.,execute,,D4,T1,none,HOME18_LivingRoom_Television_1,
G01979,집,HOME11,기기제어,can you turn on the room TV when I press the button?,내가 버튼을 누르면 방 TV 켜 줄래?,execute,,D4,T1,none,HOME11_Room_Television_1,
G01980,집,HOME04,기기제어,I'd like you to play some music on the living room TV when I double-press the button.,버튼이 연속 두 번 눌리면 거실 TV로 음악 좀 틀어 줬으면 해.,execute,,D4,T1,none,HOME04_LivingRoom_Television_1,
G01981,집,HOME15,기기제어,could you set the volume on the living room TV to 20 when the scene button is pressed?,씬 버튼이 눌리면 거실 TV 볼륨 20으로 맞춰 줄 수 있어?,execute,,D4,T1,none,HOME15_LivingRoom_Television_1,
G01982,집,HOME08,기기제어,Pause the living room TV with a single press of the button,버튼을 한 번 누르면 거실 TV 일시정지해,execute,,D4,T1,none,HOME08_LivingRoom_Television_1,
G01983,집,HOME03,기기제어,"With one tap on the wall switch, turn it down a bit",벽 스위치를 한 번 누르면 소리 좀 줄여 줘,ask,,D4,T1,none,HOME03_Kitchen_Speaker_1 HOME03_LivingRoom_Speaker_1 HOME03_LivingRoom_Television_1,
G01984,집,HOME13,기기제어,please turn on the living room TV when I press the button.,내가 버튼을 누르면 거실 TV 켜 주세요.,execute,,D4,T1,none,HOME13_LivingRoom_Television_1,
G01985,집,HOME07,기기제어,can you play some music on the living room TV when I double-press the button?,버튼이 연속 두 번 눌리면 거실 TV로 음악 좀 틀어 줄래?,execute,,D4,T1,none,HOME07_LivingRoom_Television_1,
G01986,집,HOME02,기기제어,I'd like you to set the volume on the living room TV to 50 when the scene button is pressed.,씬 버튼이 눌리면 거실 TV 볼륨 50으로 맞춰 줬으면 해.,execute,,D4,T1,none,HOME02_LivingRoom_Television_1,
G01987,집,HOME12,기기제어,could you pause the living room TV with a single press of the button?,버튼을 한 번 누르면 거실 TV 일시정지해 줄 수 있어?,execute,,D4,T1,none,HOME12_LivingRoom_Television_1,
G01988,집,HOME06,기기제어,Turn the living room TV off with one tap on the wall switch,벽 스위치를 한 번 누르면 거실 TV 꺼,execute,,D4,T1,none,HOME06_LivingRoom_Television_1,
G01989,집,HOME18,기기제어,"When I press the button, turn on the living room TV",내가 버튼을 누르면 거실 TV 켜,execute,,D4,T1,none,HOME18_LivingRoom_Television_1,
G01990,집,HOME15,알림예약,Give me a heads-up when the battery drops below 30 percent.,배터리가 30퍼센트 아래로 떨어지면 꼭 알려 줘.,execute,,D4,T1,none,,NotificationProvider.SendPush
G01991,집,HOME07,알림예약,could you announce it if any sensor battery is running low?,센서 배터리가 얼마 안 남으면 방송해 줄 수 있어?,execute,,D4,T1,none,,Speaker.Speak
G01994,집,HOME15,알림예약,please push me an alert if any sensor battery is running low.,센서 배터리가 얼마 안 남으면 알림 띄워 주세요.,execute,,D4,T1,none,,NotificationProvider.SendPush
G01995,집,HOME07,알림예약,can you show it on the screen once the battery is full?,배터리가 다 차면 화면에 띄워 줄래?,refuse,no_channel,D4,T1,none,,
G01998,집,HOME15,알림예약,Send me a notification once the battery is full,배터리가 다 차면 알림 보내 줘,execute,,D4,T1,none,,NotificationProvider.SendPush
G01999,집,HOME07,알림예약,"When the battery drops below 50 percent, send a warning to my phone",배터리가 50퍼센트 아래로 떨어지면 폰으로 경고 보내 줘,execute,,D4,T1,none,,NotificationProvider.SendPush
G02002,집,HOME15,알림예약,I'd like you to tell me about it when the battery drops below 40 percent.,배터리가 40퍼센트 아래로 떨어지면 알려 줬으면 해.,execute,,D4,T1,none,,NotificationProvider.SendPush
G02006,집,HOME15,알림예약,please let me know if any sensor battery is running low.,센서 배터리가 얼마 안 남으면 알려 주세요.,execute,,D4,T1,none,,NotificationProvider.SendPush
G02007,집,HOME15,알림예약,Give me a heads-up when the battery drops below 80 percent,배터리가 80퍼센트 아래로 떨어지면 꼭 알려 줘,execute,,D4,T1,none,,NotificationProvider.SendPush
G02010,집,HOME15,알림예약,Keep me posted if any sensor battery is running low,센서 배터리가 얼마 안 남으면 계속 알려 줘,execute,,D4,T1,none,,NotificationProvider.SendPush
G02011,집,HOME06,기기제어,I'd like you to close the garage door when the study door opens.,서재 문이 열리면 차고문 닫아 줬으면 해.,execute,,D4,T1,none,HOME06_Garage_GarageDoor_1,
G02012,집,HOME15,기기제어,could you open the garage door when the door sensor says the door is open?,문열림 센서가 문이 열렸다고 알리면 차고문 열어 줄 수 있어?,execute,,D4,T1,none,HOME15_Entrance_GarageDoor_1,
G02013,집,HOME18,기기제어,Shut the garage door when the door closes,문이 닫히면 차고문 닫아,execute,,D4,T1,none,HOME18_Garage_GarageDoor_1,
G02014,집,HOME07,기기제어,"If a window is left open, close the garage door",창문이 열린 채로 있으면 차고문 닫아,execute,,D4,T1,none,HOME07_Garage_GarageDoor_1,
G02015,집,HOME06,기기제어,can you shut the garage door when the garden door opens?,마당 문이 열리면 차고문 닫아 줄래?,execute,,D4,T1,none,HOME06_Garage_GarageDoor_1,
G02016,집,HOME15,기기제어,I'd like you to close the garage door when the door sensor says the door is open.,문열림 센서가 문이 열렸다고 알리면 차고문 닫아 줬으면 해.,execute,,D4,T1,none,HOME15_Entrance_GarageDoor_1,
G02017,집,HOME18,기기제어,could you open the garage door when the door closes?,문이 닫히면 차고문 열어 줄 수 있어?,execute,,D4,T1,none,HOME18_Garage_GarageDoor_1,
G02018,집,HOME07,기기제어,Close things up out front if a window is left open,창문이 열린 채로 있으면 바깥쪽 다 닫아 줘,ask,,D4,T1,none,HOME07_Garage_GarageDoor_1 HOME07_Garden_Valve_1 HOME07_Garden_Valve_2,
G02019,집,HOME06,기기제어,please open the garage door when the living room door opens.,거실 문이 열리면 차고문 열어 주세요.,execute,,D4,T1,none,HOME06_Garage_GarageDoor_1,
G02020,집,HOME15,기기제어,can you shut the garage door when the door sensor says the door is open?,문열림 센서가 문이 열렸다고 알리면 차고문 닫아 줄래?,execute,,D4,T1,none,HOME15_Entrance_GarageDoor_1,
G02021,집,HOME18,기기제어,I'd like you to close the garage door when the door closes.,문이 닫히면 차고문 닫아 줬으면 해.,execute,,D4,T1,none,HOME18_Garage_GarageDoor_1,
G02022,집,HOME07,기기제어,could you open the garage door if a window is left open?,창문이 열린 채로 있으면 차고문 열어 줄 수 있어?,execute,,D4,T1,none,HOME07_Garage_GarageDoor_1,
G02023,집,HOME06,기기제어,"When the hallway door opens, close the garage door",복도 문이 열리면 차고문 닫아,execute,,D4,T1,none,HOME06_Garage_GarageDoor_1,
G02024,집,HOME15,기기제어,please open the garage door when the door sensor says the door is open.,문열림 센서가 문이 열렸다고 알리면 차고문 열어 주세요.,execute,,D4,T1,none,HOME15_Entrance_GarageDoor_1,
G02025,집,HOME18,기기제어,can you close things up out front when the door closes?,문이 닫히면 바깥쪽 다 닫아 줄래?,ask,,D4,T1,none,HOME18_Garage_GarageDoor_1 HOME18_LivingRoom_WindowCovering_1 HOME18_LivingRoom_WindowCovering_2,
G02026,집,HOME07,기기제어,I'd like you to close the garage door if a window is left open.,창문이 열린 채로 있으면 차고문 닫아 줬으면 해.,execute,,D4,T1,none,HOME07_Garage_GarageDoor_1,
G02027,집,HOME04,기기제어,can you set the volume on the TV to 40 at 5 pm on weekdays?,평일 오후 5시에 TV 볼륨 40으로 맞춰 줄래?,ask,,D6,T1,none,HOME04_LivingRoom_Television_1 HOME04_Bedroom_Television_1,
G02028,집,HOME04,기기제어,I'd like you to pause the TV every morning at 6:30 am.,매일 오전 6시 30분에 TV 일시정지해 줬으면 해.,ask,,D6,T1,none,HOME04_LivingRoom_Television_1 HOME04_Bedroom_Television_1,
G02029,집,HOME07,기기제어,could you turn the living room TV off every night at 11 pm?,매일 밤 11시에 거실 TV 꺼 줄 수 있어?,execute,,D6,T1,none,HOME07_LivingRoom_Television_1,
G02030,집,HOME18,기기제어,Turn on the living room TV on Wednesday at 6 pm,수요일 오후 6시에 거실 TV 켜,execute,,D6,T1,none,HOME18_LivingRoom_Television_1,
G02031,집,HOME11,기기제어,"At 6:30 am, play some music on the room TV.",오전 6시 30분에 방 TV로 음악 좀 틀어.,execute,,D6,T1,none,HOME11_Room_Television_1,
G02032,집,HOME03,기기제어,please set the volume on the living room TV to 10 every day at 10:30 pm.,매일 밤 10시 30분에 거실 TV 볼륨 10으로 좀 맞춰 줘.,execute,,D6,T1,none,HOME03_LivingRoom_Television_1,
G02033,집,HOME13,기기제어,can you turn it down a bit at 6 pm on weekdays?,평일 오후 6시에 소리 좀 줄여 줄래?,ask,,D6,T1,none,HOME13_LivingRoom_Speaker_1 HOME13_LivingRoom_Speaker_2 HOME13_LivingRoom_Television_1,
G02034,집,HOME06,기기제어,I'd like you to turn the living room TV off every morning at 5:30 am.,매일 새벽 5시 30분에 거실 TV 꺼 줬으면 해.,execute,,D6,T1,none,HOME06_LivingRoom_Television_1,
G02035,집,HOME15,기기제어,could you turn on the living room TV every night at 11:30 pm?,매일 밤 11시 30분에 거실 TV 켜 줄 수 있어?,execute,,D6,T1,none,HOME15_LivingRoom_Television_1,
G02036,집,HOME08,기기제어,Play some music on the living room TV on Friday at 8 am,금요일 오전 8시에 거실 TV로 음악 좀 틀어,execute,,D6,T1,none,HOME08_LivingRoom_Television_1,
G02037,집,HOME02,기기제어,"At 10:30 pm, set the volume on the living room TV to 30",밤 10시 30분에 거실 TV 볼륨 30으로 맞춰,execute,,D6,T1,none,HOME02_LivingRoom_Television_1,
G02038,집,HOME12,기기제어,please pause the living room TV every day at 6:30 am.,매일 오전 6시 30분에 거실 TV 일시정지해 주세요.,execute,,D6,T1,none,HOME12_LivingRoom_Television_1,
G02039,집,HOME04,기기제어,can you turn the bedroom TV off at 8 am on weekdays?,평일 오전 8시에 침실 TV 꺼 줄래?,execute,,D6,T1,none,HOME04_Bedroom_Television_1,
G02040,집,HOME14,기기제어,I'd like you to turn on the living room TV every morning at 7 am.,매일 오전 7시에 거실 TV 켜 줬으면 해.,execute,,D6,T1,none,HOME14_LivingRoom_Television_1,
G02041,집,HOME07,기기제어,could you play some music on the living room TV every night at 11 pm?,매일 밤 11시에 거실 TV로 음악 좀 틀어 줄 수 있어?,execute,,D6,T1,none,HOME07_LivingRoom_Television_1,
G02042,집,HOME18,기기제어,Turn it down a bit on Tuesday at 6 pm,화요일 오후 6시에 소리 좀 줄여 줘,ask,,D6,T1,none,HOME18_LivingRoom_Speaker_1 HOME18_LivingRoom_Speaker_2 HOME18_LivingRoom_Television_1,
G02043,집,HOME11,기기제어,"At 8 pm, pause the room TV",오후 8시에 방 TV 일시정지해,execute,,D6,T1,none,HOME11_Room_Television_1,
G02044,집,HOME03,기기제어,please turn the living room TV off every day at 6 pm.,매일 오후 6시에 거실 TV 꺼 주세요.,execute,,D6,T1,none,HOME03_LivingRoom_Television_1,
G02045,집,HOME13,기기제어,can you turn on the living room TV at 7 am on weekdays?,평일 오전 7시에 거실 TV 켜 줄래?,execute,,D6,T1,none,HOME13_LivingRoom_Television_1,
G02046,집,HOME06,기기제어,I'd like you to play some music on the living room TV every morning at 7 am.,매일 오전 7시에 거실 TV로 음악 좀 틀어 줬으면 해.,execute,,D6,T1,none,HOME06_LivingRoom_Television_1,
G02047,집,HOME15,기기제어,could you set the volume on the living room TV to 10 every night at 9 pm?,매일 밤 9시에 거실 TV 볼륨 10으로 맞춰 줄 수 있어?,execute,,D6,T1,none,HOME15_LivingRoom_Television_1,
G02048,집,HOME20,알림예약,I'd like you to push me an alert when the door sensor says the door is open.,문열림 센서가 문이 열렸다고 알리면 알림 띄워 줬으면 해.,execute,,D4,T1,none,,NotificationProvider.SendPush
G02050,집,HOME06,알림예약,Let me know if a window is left open,창문이 열린 채로 있으면 알려 줘,execute,,D4,T1,none,,NotificationProvider.SendPush
G02051,집,HOME20,알림예약,Keep me posted when the entrance door opens,현관 문이 열리면 계속 알려 줘,execute,,D4,T1,none,,NotificationProvider.SendPush
G02054,집,HOME13,알림예약,could you announce it if a window is left open?,창문이 열린 채로 있으면 방송해 줄 수 있어?,execute,,D4,T1,none,,Speaker.Speak
G02056,집,HOME06,알림예약,please push me an alert when the door sensor says the door is open.,문열림 센서가 문이 열렸다고 알리면 알림 띄워 주세요.,execute,,D4,T1,none,,NotificationProvider.SendPush
G02057,집,HOME13,알림예약,can you show it on the screen when the door closes?,문이 닫히면 화면에 띄워 줄래?,refuse,no_channel,D4,T1,none,,
G02058,집,HOME20,알림예약,I'd like you to let me know if a window is left open.,창문이 열린 채로 있으면 알려 줬으면 해.,execute,,D4,T1,none,,NotificationProvider.SendPush
G02059,집,HOME06,알림예약,Send me a notification when the entrance door opens,현관 문이 열리면 알림 보내 줘,execute,,D4,T1,none,,NotificationProvider.SendPush
G02060,집,HOME13,알림예약,"When the door sensor says the door is open, send a warning to my phone",문열림 센서가 문이 열렸다고 알리면 폰으로 경고 보내 줘,execute,,D4,T1,none,,NotificationProvider.SendPush
G02061,집,HOME20,알림예약,Give me a heads-up when the door closes.,문이 닫히면 꼭 알려 줘.,execute,,D4,T1,none,,NotificationProvider.SendPush
G02063,집,HOME13,알림예약,could you announce it when the living room door opens?,거실 문이 열리면 방송해 줄 수 있어?,execute,,D4,T1,none,,Speaker.Speak
G02064,집,HOME20,알림예약,Push me an alert when the door sensor says the door is open,문열림 센서가 문이 열렸다고 알리면 알림 띄워 줘,execute,,D4,T1,none,,NotificationProvider.SendPush
G02067,집,HOME09,알림예약,can you show it on the screen the moment something moves in the nursery?,아기방에서 뭔가 움직이는 순간 화면에 띄워 줄래?,refuse,no_channel,D4,T1,none,,
G02069,집,HOME09,알림예약,could you push me an alert if motion is detected in the kitchen?,주방에서 움직임이 감지되면 알림 띄워 줄 수 있어?,execute,,D4,T1,none,,Speaker.Speak
G02070,집,HOME09,알림예약,"When the motion sensor detects movement, send a warning to my phone.",동작 감지 센서가 움직임을 감지하면 폰으로 경고 보내 줘.,refuse,no_channel,D4,T1,none,,
G02072,집,HOME09,알림예약,can you send me a notification when the motion sensor picks something up?,동작 감지 센서에 뭔가 잡히면 알림 보내 줄래?,execute,,D4,T1,none,,Speaker.Speak
G02075,집,HOME09,알림예약,"The moment something moves in the hallway, tell me about it",복도에서 뭔가 움직이는 순간 알려 줘,execute,,D4,T1,none,,Speaker.Speak
G02077,집,HOME09,알림예약,can you show it on the screen if motion is detected in the nursery?,아기방에서 움직임이 감지되면 화면에 띄워 줄래?,refuse,no_channel,D4,T1,none,,
G02078,집,HOME09,알림예약,could you let me know when the motion sensor detects movement?,동작 감지 센서가 움직임을 감지하면 알려 줄 수 있어?,execute,,D4,T1,none,,Speaker.Speak
G02080,집,HOME09,알림예약,"When the motion sensor picks something up, keep me posted",동작 감지 센서에 뭔가 잡히면 계속 알려 줘,execute,,D4,T1,none,,Speaker.Speak
G02084,집,HOME02,기기제어,I'd like you to switch all the lights on every morning at 5:30 am.,매일 새벽 5시 30분에 모든 조명 켜 줬으면 해.,execute,,D6,T1,none,HOME02_LivingRoom_Light_1 HOME02_LivingRoom_Light_2 HOME02_Bedroom_Light_1 HOME02_Kitchen_Light_1,
G02085,집,HOME09,기기제어,could you get all the lights on every night at 10:30 pm?,매일 밤 10시 30분에 모든 조명 켜 줄 수 있어?,execute,,D6,T1,none,HOME09_LivingRoom_Light_1 HOME09_LivingRoom_Light_2 HOME09_BabyRoom_Light_1 HOME09_BabyRoom_ColorControl_1 HOME09_Bedroom_Light_1 HOME09_Kitchen_Light_1,
G02086,집,HOME16,기기제어,Turn on all the lights on Thursday at 9 am,목요일 오전 9시에 모든 조명 켜,execute,,D6,T1,none,HOME16_LivingRoom_Light_1 HOME16_LivingRoom_Light_2 HOME16_Bedroom_Light_1 HOME16_Garden_Light_1,
G02090,집,HOME06,기기제어,I'd like you to brighten this place up every morning at 7 am.,매일 오전 7시에 여기 좀 밝게 해 줬으면 해.,ask,,D6,T1,none,HOME06_Bathroom_Light_1 HOME06_Bathroom_Light_2 HOME06_Bedroom_Light_1 HOME06_Bedroom_Light_2 HOME06_Bedroom_WindowCovering_1 HOME06_Bedroom_WindowCovering_2 HOME06_Garage_Light_1 HOME06_Garden_Light_1 HOME06_Garden_Light_2 HOME06_Hallway_Light_1 HOME06_Kitchen_Light_1 HOME06_Kitchen_Light_2 HOME06_LivingRoom_Light_1 HOME06_LivingRoom_Light_2 HOME06_LivingRoom_Light_3 HOME06_LivingRoom_Light_4 HOME06_LivingRoom_WindowCovering_1 HOME06_LivingRoom_WindowCovering_2 HOME06_LivingRoom_WindowCovering_3 HOME06_Study_Light_1,
G02091,집,HOME13,기기제어,could you turn on all the lights every night at midnight?,매일 자정에 모든 조명 켜 줄 수 있어?,execute,,D6,T1,none,HOME13_LivingRoom_Light_1 HOME13_LivingRoom_Light_2 HOME13_LivingRoom_Light_3 HOME13_Bedroom_Light_1 HOME13_Bedroom_Light_2 HOME13_Kitchen_Light_1 HOME13_Study_Light_1,
G02092,집,HOME20,기기제어,Put all the lights on on Thursday at 6 pm,목요일 오후 6시에 모든 조명 켜,execute,,D6,T1,none,HOME20_LivingRoom_Light_1 HOME20_LivingRoom_Light_2 HOME20_Kitchen_Light_1 HOME20_Bedroom_Light_1,
G02095,집,HOME03,기기제어,can you get all the lights on at 8 am on weekdays?,평일 오전 8시에 모든 조명 켜 줄래?,execute,,D6,T1,none,HOME03_LivingRoom_Light_1 HOME03_LivingRoom_Light_2 HOME03_LivingRoom_Light_3 HOME03_Bedroom_Light_1 HOME03_Bedroom_Light_2 HOME03_Kitchen_Light_1 HOME03_Bathroom_Light_1 HOME03_Hallway_Light_1,
G02096,집,HOME11,알림예약,can you tell me about it when energy use spikes?,전력 사용이 급증하면 알려 줄래?,execute,,D4,T1,none,,NotificationProvider.SendPush
G02098,집,HOME19,알림예약,could you announce it when power draw goes over 800 watts?,전력 사용이 800와트를 넘으면 방송해 줄 수 있어?,execute,,D4,T1,none,,Speaker.Speak
G02101,집,HOME08,알림예약,please tell me about it if the meter reads above 500.,계량기가 500을 넘으면 알려 주세요.,execute,,D4,T1,none,,NotificationProvider.SendPush
G02103,집,HOME15,알림예약,I'd like you to push me an alert if power draw stays above 800 watts.,전력 사용이 800와트를 계속 넘고 있으면 알림 띄워 줬으면 해.,execute,,D4,T1,none,,NotificationProvider.SendPush
G02106,집,HOME08,알림예약,please push me an alert if the meter reads above 1000.,계량기가 1000을 넘으면 알림 띄워 주세요.,execute,,D4,T1,none,,NotificationProvider.SendPush
G02107,집,HOME15,알림예약,Give me a heads-up when power draw goes over 3000 watts.,전력 사용이 3000와트를 넘으면 꼭 알려 줘.,execute,,D4,T1,none,,NotificationProvider.SendPush
G02108,집,HOME15,알림예약,I'd like you to let me know if power draw stays above 3000 watts.,전력 사용이 3000와트를 계속 넘고 있으면 알려 줬으면 해.,execute,,D4,T1,none,,NotificationProvider.SendPush
G02111,집,HOME01,알림예약,"When power draw goes over 3000 watts, send a warning to my phone.",전력 사용이 3000와트를 넘으면 폰으로 경고 보내 줘.,refuse,no_channel,D4,T1,none,,
G02113,집,HOME11,알림예약,can you let me know when energy use spikes?,전력 사용이 급증하면 알려 줄래?,execute,,D4,T1,none,,NotificationProvider.SendPush
G02115,집,HOME10,기기제어,could you open the garage door with one tap on the wall switch?,벽 스위치를 한 번 누르면 차고문 열어 줄 수 있어?,refuse,no_device,D4,T1,none,,
G02118,집,HOME07,기기제어,please close things up out front when the scene button is pressed.,씬 버튼이 눌리면 바깥쪽 좀 다 닫아 줘.,ask,,D4,T1,none,HOME07_Garage_GarageDoor_1 HOME07_Garden_Valve_1 HOME07_Garden_Valve_2,
G02119,집,HOME15,기기제어,can you shut the entrance garage door with a single press of the button?,버튼을 한 번 누르면 현관 차고문 닫아 줄래?,execute,,D4,T1,none,HOME15_Entrance_GarageDoor_1,
G02120,집,HOME16,기기제어,I'd like you to close the garden garage door with one tap on the wall switch.,벽 스위치를 한 번 누르면 마당 차고문 닫아 줬으면 해.,execute,,D4,T1,none,HOME16_Garden_GarageDoor_1,
G02121,집,HOME18,기기제어,could you open the garage door when I press the button?,내가 버튼을 누르면 차고문 열어 줄 수 있어?,execute,,D4,T1,none,HOME18_Garage_GarageDoor_1,
G02123,집,HOME06,기기제어,"When the scene button is pressed, close the garage door",씬 버튼이 눌리면 차고문 닫아,execute,,D4,T1,none,HOME06_Garage_GarageDoor_1,
G02124,집,HOME07,기기제어,please open the garage door with a single press of the button.,버튼을 한 번 누르면 차고문 열어 주세요.,execute,,D4,T1,none,HOME07_Garage_GarageDoor_1,
G02125,집,HOME18,기기제어,could you open the garage door when the scene button is pressed?,씬 버튼이 눌리면 차고문 열어 줄 수 있어?,execute,,D4,T1,none,HOME18_Garage_GarageDoor_1,
G02127,집,HOME06,기기제어,"With one tap on the wall switch, close things up out front",벽 스위치를 한 번 누르면 바깥쪽 다 닫아 줘,ask,,D4,T1,none,HOME06_Bedroom_WindowCovering_1 HOME06_Bedroom_WindowCovering_2 HOME06_Garage_GarageDoor_1 HOME06_Garden_Valve_1 HOME06_LivingRoom_WindowCovering_1 HOME06_LivingRoom_WindowCovering_2 HOME06_LivingRoom_WindowCovering_3,
G02128,집,HOME07,기기제어,please open the garage door when I press the button.,내가 버튼을 누르면 차고문 열어 주세요.,execute,,D4,T1,none,HOME07_Garage_GarageDoor_1,
G02129,집,HOME15,기기제어,can you shut the entrance garage door when I double-press the button?,버튼이 연속 두 번 눌리면 현관 차고문 닫아 줄래?,execute,,D4,T1,none,HOME15_Entrance_GarageDoor_1,
G02133,집,HOME07,기기제어,please take a snapshot with the camera at noon.,정오에 카메라로 사진 찍어 주세요.,ask,,D6,T1,none,HOME07_Garden_Camera_1 HOME07_Garden_Camera_2,
G02136,집,HOME18,기기제어,could you let me see what is going on every night at 10:30 pm?,매일 밤 10시 30분에 지금 상황 좀 보여 줄 수 있어?,execute,,D6,T1,none,HOME18_Garage_Camera_1,
G02139,집,HOME08,기기제어,please stop recording on the camera every day at 5 pm.,매일 오후 5시에 카메라 녹화 멈춰 주세요.,ask,,D6,T1,none,HOME08_LivingRoom_Camera_1 HOME08_LivingRoom_Camera_2,
G02143,집,HOME16,기기제어,Stop recording on the camera on weekends at 8 am,주말 오전 8시에 카메라 녹화 멈춰,ask,,D6,T1,none,HOME16_Garden_Camera_1 HOME16_Garden_Camera_2,
G02146,집,HOME06,기기제어,I'd like you to record this every morning at 6 am.,매일 오전 6시에 이거 녹화해 줬으면 해.,execute,,D6,T1,none,HOME06_Garage_Camera_1 HOME06_Garden_Camera_1 HOME06_Garden_Camera_2,
G02149,집,HOME18,기기제어,please switch the light on as soon as I arrive home.,집에 도착하자마자 조명 좀 켜 줘.,ask,,D4,T1,phone,HOME18_LivingRoom_Light_1 HOME18_LivingRoom_Light_2 HOME18_LivingRoom_Light_3 HOME18_Bedroom_Light_1 HOME18_Bedroom_Light_2 HOME18_Kitchen_Light_1 HOME18_Garage_Light_1,
G02151,집,HOME07,기기제어,I'd like you to turn on the garden lights when I get home.,내가 집에 오면 마당 조명 켜 줬으면 해.,execute,,D4,T1,phone,HOME07_Garden_Light_1 HOME07_Garden_Light_2 HOME07_Garden_Light_3,
G02152,집,HOME19,기기제어,could you put the study light 2 on when I pull into the driveway?,차를 집 앞에 대면 서재 조명 2 켜 줄 수 있어?,execute,,D4,T1,phone,HOME19_Study_Light_2,
G02154,집,HOME08,기기제어,"As soon as I arrive home, switch the kitchen lights on.",집에 도착하자마자 주방 조명 켜.,execute,,D4,T1,phone,HOME08_Kitchen_Light_1,
G02155,집,HOME20,기기제어,please brighten this place up once I am back home.,내가 집에 돌아오면 여기 좀 밝게 해 주세요.,execute,,D4,T1,phone,HOME20_Bedroom_Light_1 HOME20_Kitchen_Light_1 HOME20_LivingRoom_Light_1 HOME20_LivingRoom_Light_2,
G02156,집,HOME02,기기제어,can you turn on the living room lights when I get home?,내가 집에 오면 거실 조명 켜 줄래?,execute,,D4,T1,phone,HOME02_LivingRoom_Light_1 HOME02_LivingRoom_Light_2,
G02157,집,HOME11,기기제어,I'd like you to put the kitchen lights on when I pull into the driveway.,차를 집 앞에 대면 주방 조명 켜 줬으면 해.,execute,,D4,T1,phone,HOME11_Kitchen_Light_1,
G02159,집,HOME03,기기제어,Switch the living room lights on as soon as I arrive home,집에 도착하자마자 거실 조명 켜,execute,,D4,T1,phone,HOME03_LivingRoom_Light_1 HOME03_LivingRoom_Light_2 HOME03_LivingRoom_Light_3,
G02160,집,HOME13,기기제어,"Once I am back home, get the bedroom lights on",내가 집에 돌아오면 침실 조명 켜,execute,,D4,T1,phone,HOME13_Bedroom_Light_1 HOME13_Bedroom_Light_2,
G02162,집,HOME04,기기제어,can you put the bedroom lights on when I pull into the driveway?,차를 집 앞에 대면 침실 조명 켜 줄래?,execute,,D4,T1,phone,HOME04_Bedroom_Light_1 HOME04_Bedroom_Light_2,
G02163,집,HOME15,기기제어,I'd like you to light up the Hue bedroom 2 when I am close to home.,내가 집 근처에 오면 Hue 침실 2 켜 줬으면 해.,execute,,D4,T1,phone,HOME15_Bedroom_Light_2,
G02164,집,HOME06,알림예약,"When a water leak is detected, keep me posted.",누수가 감지되면 계속 알려 줘.,execute,,D4,T1,none,,NotificationProvider.SendPush
G02165,집,HOME07,알림예약,please let me know if the leak sensor finds water on the floor.,누수 센서가 바닥의 물을 감지하면 좀 알려 줘.,execute,,D4,T1,none,,NotificationProvider.SendPush
G02166,집,HOME14,알림예약,can you show it on the screen when the leak sensor trips?,누수 센서가 작동하면 화면에 띄워 줄래?,refuse,no_channel,D4,T1,none,,
G02168,집,HOME06,알림예약,"When a water leak is detected, push me an alert",누수가 감지되면 알림 띄워 줘,execute,,D4,T1,none,,NotificationProvider.SendPush
G02169,집,HOME07,알림예약,could you tell me about it if the leak sensor finds water on the floor?,누수 센서가 바닥의 물을 감지하면 알려 줄 수 있어?,execute,,D4,T1,none,,NotificationProvider.SendPush
G02170,집,HOME06,알림예약,could you push me an alert if the leak sensor finds water on the floor?,누수 센서가 바닥의 물을 감지하면 알림 띄워 줄 수 있어?,execute,,D4,T1,none,,NotificationProvider.SendPush
G02171,집,HOME16,알림예약,I'd like you to tell me about it when a water leak is detected.,누수가 감지되면 알려 줬으면 해.,execute,,D4,T1,none,,NotificationProvider.SendPush
G02172,집,HOME16,알림예약,"When the leak sensor trips, send me a notification",누수 센서가 작동하면 알림 보내 줘,execute,,D4,T1,none,,NotificationProvider.SendPush
G02174,집,HOME06,알림예약,"When a water leak is detected, send a warning to my phone",누수가 감지되면 폰으로 경고 보내 줘,execute,,D4,T1,none,,NotificationProvider.SendPush
G02175,집,HOME07,알림예약,please tell me about it if the leak sensor finds water on the floor.,누수 센서가 바닥의 물을 감지하면 좀 알려 줘.,execute,,D4,T1,none,,NotificationProvider.SendPush
G02176,집,HOME14,알림예약,can you push me an alert when the leak sensor trips?,누수 센서가 작동하면 알림 띄워 줄래?,execute,,D4,T1,none,,Speaker.Speak
G02179,집,HOME07,기기제어,could you dim the light to 25 percent if the temperature drops below 15 degrees?,온도가 15도 아래로 떨어지면 조명 밝기를 25퍼센트로 낮춰 줄 수 있어?,ask,,D4,T1,none,HOME07_LivingRoom_Light_1 HOME07_LivingRoom_Light_2 HOME07_LivingRoom_Light_3 HOME07_Bedroom_Light_1 HOME07_Bedroom_Light_2 HOME07_Kitchen_Light_1 HOME07_Garden_Light_1 HOME07_Garden_Light_2 HOME07_Garden_Light_3 HOME07_Barn_Light_1,
G02182,집,HOME04,기기제어,I'd like you to turn the lights up to 85 percent when the temperature goes above 26 degrees.,온도가 26도를 넘으면 조명 전부 밝기를 85퍼센트까지 올려 줬으면 해.,execute,,D4,T1,none,HOME04_LivingRoom_Light_1 HOME04_LivingRoom_Light_2 HOME04_LivingRoom_Light_3 HOME04_Bedroom_Light_1 HOME04_Bedroom_Light_2 HOME04_Study_Light_1 HOME04_Study_Light_2 HOME04_Kitchen_Light_1,
G02183,집,HOME11,기기제어,could you bring the lights down to 10 percent if the temperature drops below 10 degrees?,온도가 10도 아래로 떨어지면 조명 전부 밝기를 10퍼센트까지 낮춰 줄 수 있어?,execute,,D4,T1,none,HOME11_Room_Light_1 HOME11_Room_Light_2 HOME11_Kitchen_Light_1 HOME11_Bathroom_Light_1,
G02186,집,HOME06,기기제어,"At 7 am, start the mower",오전 7시에 잔디깎이 켜,execute,,D6,T1,none,HOME06_Garden_Mower_1,
G02187,집,HOME07,기기제어,please send the mower back to the dock every day at 9 am.,매일 오전 9시에 잔디깎이 충전대로 보내 주세요.,execute,,D6,T1,none,HOME07_Garden_Mower_1,
G02188,집,HOME06,기기제어,can you park the garden mower at 7 am on weekdays?,평일 오전 7시에 마당 잔디깎이 정위치로 보내 줄래?,execute,,D6,T1,none,HOME06_Garden_Mower_1,
G02189,집,HOME07,기기제어,I'd like you to start the garden mower every morning at 7 am.,매일 오전 7시에 마당 잔디깎이 켜 줬으면 해.,execute,,D6,T1,none,HOME07_Garden_Mower_1,
G02190,집,HOME06,기기제어,could you send the garden mower back to the dock every night at 10 pm?,매일 밤 10시에 마당 잔디깎이 충전대로 보내 줄 수 있어?,execute,,D6,T1,none,HOME06_Garden_Mower_1,
G02191,집,HOME07,기기제어,Park the garden mower on Thursday at 8 am,목요일 오전 8시에 마당 잔디깎이 정위치로 보내,execute,,D6,T1,none,HOME07_Garden_Mower_1,
G02192,집,HOME06,기기제어,"At midnight, start the garden mower",자정에 마당 잔디깎이 켜,execute,,D6,T1,none,HOME06_Garden_Mower_1,
G02193,집,HOME07,기기제어,please deal with the lawn every day at 6 pm.,매일 오후 6시에 잔디 좀 처리해 주세요.,ask,,D6,T1,none,HOME07_Garden_Mower_1 HOME07_LivingRoom_RobotVacuumCleaner_1,
G02194,집,HOME06,기기제어,can you park the garden mower at 8 am on weekdays?,평일 오전 8시에 마당 잔디깎이 정위치로 보내 줄래?,execute,,D6,T1,none,HOME06_Garden_Mower_1,
G02195,집,HOME07,기기제어,I'd like you to start the garden mower every morning at 6:30 am.,매일 오전 6시 30분에 마당 잔디깎이 켜 줬으면 해.,execute,,D6,T1,none,HOME07_Garden_Mower_1,
G02196,집,HOME06,기기제어,could you send the garden mower back to the dock every night at midnight?,매일 자정에 마당 잔디깎이 충전대로 보내 줄 수 있어?,execute,,D6,T1,none,HOME06_Garden_Mower_1,
G02197,집,HOME07,기기제어,Park the garden mower on Thursday at noon,목요일 정오에 마당 잔디깎이 정위치로 보내,execute,,D6,T1,none,HOME07_Garden_Mower_1,
G02198,집,HOME06,기기제어,"At 9 am, start the garden mower.",오전 9시에 마당 잔디깎이 켜.,execute,,D6,T1,none,HOME06_Garden_Mower_1,
G02199,집,HOME07,기기제어,please send the garden mower back to the dock every day at 10:30 pm.,매일 밤 10시 30분에 마당 잔디깎이 충전대로 보내 주세요.,execute,,D6,T1,none,HOME07_Garden_Mower_1,
G02200,집,HOME06,기기제어,can you park the garden mower at 10:30 pm on weekdays?,평일 밤 10시 30분에 마당 잔디깎이 정위치로 보내 줄래?,execute,,D6,T1,none,HOME06_Garden_Mower_1,
G02201,집,HOME07,기기제어,could you send the mower back to the dock at 9 am?,오전 9시에 잔디깎이 충전대로 보내 줄 수 있어?,execute,,D6,T1,none,HOME07_Garden_Mower_1,
G02205,집,HOME07,알림예약,I'd like you to send me a notification when I get home.,내가 집에 오면 알림 보내 줬으면 해.,execute,,D4,T1,phone,,NotificationProvider.SendPush
G02206,집,HOME19,알림예약,could you announce it when I pull into the driveway?,차를 집 앞에 대면 방송해 줄 수 있어?,execute,,D4,T1,phone,,Speaker.Speak
G02208,집,HOME08,알림예약,"As soon as I arrive home, let me know.",집에 도착하자마자 알려 줘.,execute,,D4,T1,phone,,NotificationProvider.SendPush
G02209,집,HOME20,알림예약,please tell me about it once I am back home.,내가 집에 돌아오면 좀 알려 줘.,execute,,D4,T1,phone,,NotificationProvider.SendPush
G02210,집,HOME02,알림예약,can you show it on the screen when I get home?,내가 집에 오면 화면에 띄워 줄래?,refuse,no_channel,D4,T1,phone,,
G02211,집,HOME11,알림예약,I'd like you to push me an alert when I pull into the driveway.,차를 집 앞에 대면 알림 띄워 줬으면 해.,execute,,D4,T1,phone,,NotificationProvider.SendPush
G02215,집,HOME08,기기제어,could you say it out loud on the living room speaker when the living room is occupied?,거실에 사람이 있으면 거실 스피커로 소리 내서 알려 줄 수 있어?,execute,,D4,T1,none,HOME08_LivingRoom_Speaker_1,
G02217,집,HOME15,기기제어,can you let me hear it when someone shows up in the living room?,거실에 누가 나타나면 들려 줄래?,execute,,D4,T1,none,HOME15_LivingRoom_Speaker_1 HOME15_LivingRoom_Speaker_2,
G02221,집,HOME07,기기제어,Make sure the entrance door lock is locked if my phone battery falls under 50 percent,내 폰 배터리가 50퍼센트 아래로 떨어지면 현관 도어락 잠겼는지 봐 줘,execute,,D4,T1,phone,HOME07_Entrance_DoorLock_1,
G02222,집,HOME19,기기제어,"When my phone connects to the home wi-fi, lock the entrance door lock",내 폰이 집 와이파이에 붙으면 현관 도어락 잠가,execute,,D4,T1,phone,HOME19_Entrance_DoorLock_1,
G02223,집,HOME13,기기제어,can you make sure the place is secure when my phone goes into sleep mode?,내 폰이 취침 모드로 들어가면 문단속 좀 해 줄래?,execute,,D4,T1,phone,HOME13_Entrance_DoorLock_1,
G02225,집,HOME06,기기제어,could you unlock the entrance door lock when my phone connects to the home wi-fi?,내 폰이 집 와이파이에 붙으면 현관 도어락 열어 줄 수 있어?,execute,,D4,T1,phone,HOME06_Entrance_DoorLock_1,
G02226,집,HOME02,기기제어,"When my phone goes into sleep mode, lock the entrance door lock",내 폰이 취침 모드로 들어가면 현관 도어락 잠가,execute,,D4,T1,phone,HOME02_Entrance_DoorLock_1,
G02227,집,HOME11,기기제어,please unlock the entrance door lock if my phone battery falls under 40 percent.,내 폰 배터리가 40퍼센트 아래로 떨어지면 현관 도어락 좀 열어 줘.,execute,,D4,T1,phone,HOME11_Entrance_DoorLock_1,
G02229,집,HOME16,기기제어,could you unlock the entrance door lock when my phone goes into sleep mode?,내 폰이 취침 모드로 들어가면 현관 도어락 열어 줄 수 있어?,execute,,D4,T1,phone,HOME16_Entrance_DoorLock_1,
G02232,집,HOME14,기기제어,Switch the switch on once I am back home.,내가 집에 돌아오면 스위치 켜.,refuse,no_context,D4,T1,phone,,
G02233,집,HOME13,기기제어,could you turn on the switch once I am back home?,내가 집에 돌아오면 스위치 켜 줄 수 있어?,ask,,D4,T1,phone,HOME13_LivingRoom_Light_1 HOME13_LivingRoom_Light_2 HOME13_LivingRoom_Light_3 HOME13_Bedroom_Light_1 HOME13_Bedroom_Light_2 HOME13_Kitchen_Light_1 HOME13_Study_Light_1 HOME13_LivingRoom_AirConditioner_1 HOME13_Bedroom_AirConditioner_1 HOME13_LivingRoom_AirPurifier_1 HOME13_LivingRoom_Television_1,
G02235,집,HOME04,기기제어,"When I pull into the driveway, toggle the switch",차를 집 앞에 대면 스위치 껐다 켜,ask,,D4,T1,phone,HOME04_LivingRoom_Light_1 HOME04_LivingRoom_Light_2 HOME04_LivingRoom_Light_3 HOME04_Bedroom_Light_1 HOME04_Bedroom_Light_2 HOME04_Study_Light_1 HOME04_Study_Light_2 HOME04_Kitchen_Light_1 HOME04_LivingRoom_AirConditioner_1 HOME04_Bedroom_AirConditioner_1 HOME04_Study_AirConditioner_1 HOME04_LivingRoom_AirPurifier_1 HOME04_Bedroom_AirPurifier_1 HOME04_LivingRoom_Television_1 HOME04_Bedroom_Television_1,
G02237,집,HOME19,기기제어,could you turn on the switch when I pull into the driveway?,차를 집 앞에 대면 스위치 켜 줄 수 있어?,ask,,D4,T1,phone,HOME19_LivingRoom_Light_1 HOME19_LivingRoom_Light_2 HOME19_Study_Light_1 HOME19_Study_Light_2 HOME19_Bedroom_Light_1 HOME19_Kitchen_Light_1 HOME19_Study_AirConditioner_1 HOME19_LivingRoom_AirConditioner_1 HOME19_Study_AirPurifier_1 HOME19_Study_Plug_1 HOME19_Study_Plug_2 HOME19_Study_Plug_3,
G02238,집,HOME02,기기제어,can you shut everything down in here when I pull into the driveway?,차를 집 앞에 대면 여기 다 꺼 줄래?,ask,,D4,T1,phone,HOME02_Bedroom_Light_1 HOME02_Kitchen_Light_1 HOME02_LivingRoom_AirConditioner_1 HOME02_LivingRoom_AirPurifier_1 HOME02_LivingRoom_Light_1 HOME02_LivingRoom_Light_2 HOME02_LivingRoom_Television_1 HOME02_LivingRoom_Thermostat_1,
G02239,집,HOME08,기기제어,"As soon as I arrive home, toggle the switch",집에 도착하자마자 스위치 껐다 켜,ask,,D4,T1,phone,HOME08_LivingRoom_Light_1 HOME08_LivingRoom_Light_2 HOME08_Bedroom_Light_1 HOME08_Kitchen_Light_1 HOME08_LivingRoom_AirConditioner_1 HOME08_LivingRoom_AirPurifier_1 HOME08_LivingRoom_Television_1 HOME08_LivingRoom_Plug_1 HOME08_LivingRoom_Plug_2,
G02241,집,HOME06,기기제어,Switch all the lights on when someone shows up in the garden,마당에 누가 나타나면 모든 조명 켜,execute,,D4,T1,none,HOME06_LivingRoom_Light_1 HOME06_LivingRoom_Light_2 HOME06_LivingRoom_Light_3 HOME06_LivingRoom_Light_4 HOME06_Kitchen_Light_1 HOME06_Kitchen_Light_2 HOME06_Bedroom_Light_1 HOME06_Bedroom_Light_2 HOME06_Study_Light_1 HOME06_Bathroom_Light_1 HOME06_Bathroom_Light_2 HOME06_Hallway_Light_1 HOME06_Garden_Light_1 HOME06_Garden_Light_2 HOME06_Garage_Light_1,
G02242,집,HOME08,기기제어,please turn on all the lights when the entrance is occupied.,현관에 사람이 있으면 모든 조명 좀 켜 줘.,execute,,D4,T1,none,HOME08_LivingRoom_Light_1 HOME08_LivingRoom_Light_2 HOME08_Bedroom_Light_1 HOME08_Kitchen_Light_1,
G02245,집,HOME15,기기제어,Get all the lights on when someone shows up in the entrance,현관에 누가 나타나면 모든 조명 켜,execute,,D4,T1,none,HOME15_LivingRoom_Light_1 HOME15_LivingRoom_Light_2 HOME15_LivingRoom_Light_3 HOME15_LivingRoom_Light_4 HOME15_Bedroom_Light_1 HOME15_Bedroom_Light_2 HOME15_Study_Light_1 HOME15_Study_Light_2 HOME15_LivingRoom_ColorControl_1 HOME15_LivingRoom_ColorControl_2 HOME15_Kitchen_Light_1,
G02246,집,HOME19,기기제어,please put all the lights on when the bedroom is occupied.,침실에 사람이 있으면 모든 조명 좀 켜 줘.,execute,,D4,T1,none,HOME19_LivingRoom_Light_1 HOME19_LivingRoom_Light_2 HOME19_Study_Light_1 HOME19_Study_Light_2 HOME19_Bedroom_Light_1 HOME19_Kitchen_Light_1,
G02248,집,HOME04,기기제어,could you get all the lights on when the kitchen is occupied?,주방에 사람이 있으면 모든 조명 켜 줄 수 있어?,execute,,D4,T1,none,HOME04_LivingRoom_Light_1 HOME04_LivingRoom_Light_2 HOME04_LivingRoom_Light_3 HOME04_Bedroom_Light_1 HOME04_Bedroom_Light_2 HOME04_Study_Light_1 HOME04_Study_Light_2 HOME04_Kitchen_Light_1,
G02251,집,HOME08,기기제어,"At 8 pm, clean up in here",오후 8시에 여기 좀 치워 줘,execute,,D6,T1,none,HOME08_LivingRoom_RobotVacuumCleaner_1,
G02252,집,HOME04,기기제어,can you tidy the floor at 8 am on weekdays?,평일 오전 8시에 바닥 정리해 줄래?,execute,,D6,T1,none,HOME04_LivingRoom_RobotVacuumCleaner_1,
G02253,집,HOME15,기기제어,I'd like you to send the Samsung robot vacuum back to its dock every morning at 7:30 am.,매일 오전 7시 30분에 삼성 로봇청소기 충전대로 보내 줬으면 해.,execute,,D6,T1,none,HOME15_LivingRoom_RobotVacuumCleaner_1,
G02254,집,HOME06,기기제어,could you start the living room vacuum every night at 9 pm?,매일 밤 9시에 거실 로봇청소기 켜 줄 수 있어?,execute,,D6,T1,none,HOME06_LivingRoom_RobotVacuumCleaner_1,
G02256,집,HOME08,기기제어,"At 11 pm, run the vacuum in the living room.",밤 11시에 로봇청소기로 거실 청소해.,execute,,D6,T1,none,HOME08_LivingRoom_RobotVacuumCleaner_1,
G02257,집,HOME03,기기제어,please send the living room vacuum back to its dock every day at 10 pm.,매일 밤 10시에 거실 로봇청소기 충전대로 보내 주세요.,execute,,D6,T1,none,HOME03_LivingRoom_RobotVacuumCleaner_1,
G02258,집,HOME13,기기제어,can you start the living room vacuum at 6 pm on weekdays?,평일 오후 6시에 거실 로봇청소기 켜 줄래?,execute,,D6,T1,none,HOME13_LivingRoom_RobotVacuumCleaner_1,
G02260,집,HOME01,기기제어,"When I press the button, turn on the switch",내가 버튼을 누르면 스위치 켜,ask,,D4,T1,none,HOME01_Room_Light_1 HOME01_Room_Light_2 HOME01_Room_AirConditioner_1 HOME01_Room_Fan_1 HOME01_Room_Plug_1 HOME01_Room_Plug_2,
G02261,집,HOME08,기기제어,please shut everything down in here when I double-press the button.,버튼이 연속 두 번 눌리면 여기 좀 다 꺼 줘.,ask,,D4,T1,none,HOME08_Bedroom_Light_1 HOME08_Kitchen_Light_1 HOME08_LivingRoom_AirConditioner_1 HOME08_LivingRoom_AirPurifier_1 HOME08_LivingRoom_Fan_1 HOME08_LivingRoom_Light_1 HOME08_LivingRoom_Light_2 HOME08_LivingRoom_Plug_1 HOME08_LivingRoom_Plug_2 HOME08_LivingRoom_Television_1,
G02262,집,HOME16,기기제어,can you toggle the garden switch when the scene button is pressed?,씬 버튼이 눌리면 마당 스위치 껐다 켜 줄래?,execute,,D4,T1,none,HOME16_Garden_Light_1,
G02265,집,HOME06,기기제어,Switch the living room switch on when I press the button,내가 버튼을 누르면 거실 스위치 켜,execute,,D4,T1,none,HOME06_LivingRoom_Light_1 HOME06_LivingRoom_Light_2 HOME06_LivingRoom_Light_3 HOME06_LivingRoom_Light_4 HOME06_LivingRoom_AirConditioner_1 HOME06_LivingRoom_AirConditioner_2 HOME06_LivingRoom_Television_1,
G02266,집,HOME13,기기제어,"When I double-press the button, toggle the bedroom switch.",버튼이 연속 두 번 눌리면 침실 스위치 껐다 켜.,execute,,D4,T1,none,HOME13_Bedroom_Light_1 HOME13_Bedroom_Light_2 HOME13_Bedroom_AirConditioner_1,
G02269,집,HOME04,기기제어,I'd like you to switch the bedroom switch on with one tap on the wall switch.,벽 스위치를 한 번 누르면 침실 스위치 켜 줬으면 해.,execute,,D4,T1,none,HOME04_Bedroom_Light_1 HOME04_Bedroom_Light_2 HOME04_Bedroom_AirConditioner_1 HOME04_Bedroom_AirPurifier_1 HOME04_Bedroom_Television_1,
G02270,집,HOME11,기기제어,could you shut everything down in here when I press the button?,내가 버튼을 누르면 여기 다 꺼 줄 수 있어?,ask,,D4,T1,none,HOME11_Bathroom_Light_1 HOME11_Kitchen_Light_1 HOME11_Room_AirConditioner_1 HOME11_Room_Light_1 HOME11_Room_Light_2 HOME11_Room_Plug_1 HOME11_Room_Plug_2 HOME11_Room_Television_1 HOME11_Room_Thermostat_1,
G02271,집,HOME20,기기제어,Turn off the living room switch when I double-press the button,버튼이 연속 두 번 눌리면 거실 스위치 꺼,execute,,D4,T1,none,HOME20_LivingRoom_Light_1 HOME20_LivingRoom_Light_2 HOME20_LivingRoom_AirConditioner_1,
G02275,집,HOME05,기기제어,can you put the lights on when it gets hot outside?,바깥이 더워지면 조명 전부 켜 줄래?,execute,,D4,T1,weather,HOME05_LivingRoom_Light_1 HOME05_LivingRoom_Light_2 HOME05_LivingRoom_Light_3 HOME05_Kitchen_Light_1 HOME05_Bedroom_Light_1 HOME05_Bedroom_Light_2 HOME05_Study_Light_1 HOME05_Stairs_Light_1,
G02276,집,HOME13,기기제어,I'd like you to light up the lights if the outside temperature drops below 10.,바깥 온도가 10도 아래로 떨어지면 조명 전부 켜 줬으면 해.,execute,,D4,T1,weather,HOME13_LivingRoom_Light_1 HOME13_LivingRoom_Light_2 HOME13_LivingRoom_Light_3 HOME13_Bedroom_Light_1 HOME13_Bedroom_Light_2 HOME13_Kitchen_Light_1 HOME13_Study_Light_1,
G02279,집,HOME07,기기제어,"When it starts raining, give me some light to read by.",비가 오기 시작하면 책 읽을 만큼 불 좀 줘.,execute,,D4,T1,weather,HOME07_Barn_Light_1 HOME07_Bedroom_Light_1 HOME07_Bedroom_Light_2 HOME07_Garden_Light_1 HOME07_Garden_Light_2 HOME07_Garden_Light_3 HOME07_Kitchen_Light_1 HOME07_LivingRoom_Light_1 HOME07_LivingRoom_Light_2 HOME07_LivingRoom_Light_3,
G02282,집,HOME05,기기제어,I'd like you to turn the heating up to 23 once I am back home.,내가 집에 돌아오면 난방 23도로 올려 줬으면 해.,execute,,D4,T1,phone,HOME05_LivingRoom_Thermostat_1 HOME05_LivingRoom_Thermostat_2,
G02283,집,HOME05,기기제어,could you set the thermostat to 20 degrees when I get home?,내가 집에 오면 온도조절기 20도로 맞춰 줄 수 있어?,ask,,D4,T1,phone,HOME05_LivingRoom_Thermostat_1 HOME05_LivingRoom_Thermostat_2,
G02284,집,HOME11,기기제어,Turn the heating off when I pull into the driveway,차를 집 앞에 대면 난방 꺼,execute,,D4,T1,phone,HOME11_Room_Thermostat_1,
G02285,집,HOME02,기기제어,"When I am close to home, put the living room thermostat on 24 degrees",내가 집 근처에 오면 거실 온도조절기 24도로 해,execute,,D4,T1,phone,HOME02_LivingRoom_Thermostat_1,
G02286,집,HOME19,기기제어,please turn the heating up to 21 as soon as I arrive home.,집에 도착하자마자 난방 21도로 올려 주세요.,execute,,D4,T1,phone,HOME19_LivingRoom_Thermostat_1,
G02287,집,HOME07,기기제어,can you set the living room thermostat to 24 degrees once I am back home?,내가 집에 돌아오면 거실 온도조절기 24도로 맞춰 줄래?,execute,,D4,T1,phone,HOME07_LivingRoom_Thermostat_1,
G02289,집,HOME18,기기제어,could you put the living room thermostat on 20 degrees when I pull into the driveway?,차를 집 앞에 대면 거실 온도조절기 20도로 해 줄 수 있어?,execute,,D4,T1,phone,HOME18_LivingRoom_Thermostat_1,
G02290,집,HOME06,기기제어,Turn the heating up to 23 when I am close to home,내가 집 근처에 오면 난방 23도로 올려,execute,,D4,T1,phone,HOME06_LivingRoom_Thermostat_1,
G02292,집,HOME16,기기제어,please turn the heating off once I am back home.,내가 집에 돌아오면 난방 꺼 주세요.,execute,,D4,T1,phone,HOME16_LivingRoom_Thermostat_1,
G02293,집,HOME05,기기제어,can you put the living room thermostat on 18 degrees when I get home?,내가 집에 오면 거실 온도조절기 18도로 해 줄래?,execute,,D4,T1,phone,HOME05_LivingRoom_Thermostat_1 HOME05_LivingRoom_Thermostat_2,
G02294,집,HOME10,기기제어,please turn the bathroom lights green if rain is in the forecast.,비 예보가 있으면 욕실 조명 초록색으로 켜 주세요.,execute,,D4,T1,weather,HOME10_Bathroom_Light_1,
G02297,집,HOME05,기기제어,could you set the kitchen lights to blue when snow is expected?,눈이 올 것 같으면 주방 조명 파란색으로 바꿔 줄 수 있어?,execute,,D4,T1,weather,HOME05_Kitchen_Light_1,
G02298,집,HOME13,기기제어,Make it feel warmer in here if the forecast says frost,서리 예보가 있으면 여기 분위기 좀 따뜻하게 해 줘,execute,,D4,T1,weather,HOME13_Bedroom_Light_1 HOME13_Bedroom_Light_2 HOME13_Kitchen_Light_1 HOME13_LivingRoom_Light_1 HOME13_LivingRoom_Light_2 HOME13_LivingRoom_Light_3 HOME13_Study_Light_1,
G02301,집,HOME07,기기제어,can you set the bedroom lights to amber when it gets hot outside?,바깥이 더워지면 침실 조명 호박색으로 바꿔 줄래?,execute,,D4,T1,weather,HOME07_Bedroom_Light_1 HOME07_Bedroom_Light_2,
G02303,집,HOME11,기기제어,could you turn on the fan when I double-press the button?,버튼이 연속 두 번 눌리면 선풍기 켜 줄 수 있어?,refuse,no_device,D4,T1,none,,
G02304,집,HOME03,기기제어,Set the fan to high when the scene button is pressed,씬 버튼이 눌리면 선풍기 세게 틀어,ask,,D4,T1,none,HOME03_Bathroom_Fan_1 HOME03_LivingRoom_Fan_1 HOME03_LivingRoom_Fan_2,
G02305,집,HOME01,기기제어,"With a single press of the button, turn the fan off",버튼을 한 번 누르면 선풍기 꺼,ask,,D4,T1,none,HOME01_Room_Fan_1 HOME01_Room_Fan_2,
G02306,집,HOME04,기기제어,please run the fan for 20 minutes with one tap on the wall switch.,벽 스위치를 한 번 누르면 선풍기를 20분 동안 좀 돌려 줘.,execute,,D4,T1,none,HOME04_LivingRoom_Fan_1,
G02307,집,HOME13,기기제어,can you make it breezy when I press the button?,내가 버튼을 누르면 시원한 바람 좀 줄래?,ask,,D4,T1,none,HOME13_Bedroom_AirConditioner_1 HOME13_Bedroom_Fan_1 HOME13_LivingRoom_AirConditioner_1 HOME13_LivingRoom_AirPurifier_1,
G02308,집,HOME05,기기제어,I'd like you to set the fan to high when I double-press the button.,버튼이 연속 두 번 눌리면 선풍기 세게 틀어 줬으면 해.,execute,,D4,T1,none,HOME05_LivingRoom_Fan_1,
G02309,집,HOME19,기기제어,could you turn the fan off when the scene button is pressed?,씬 버튼이 눌리면 선풍기 꺼 줄 수 있어?,execute,,D4,T1,none,HOME19_Study_Fan_1,
G02310,집,HOME06,기기제어,Run the fan for 45 minutes with a single press of the button,버튼을 한 번 누르면 선풍기를 45분 동안 돌려,execute,,D4,T1,none,HOME06_Bathroom_Fan_1,
G02311,집,HOME20,기기제어,"With one tap on the wall switch, turn on the fan.",벽 스위치를 한 번 누르면 선풍기 켜.,execute,,D4,T1,none,HOME20_Kitchen_Fan_1,
G02312,집,HOME08,기기제어,please set the fan to high when I press the button.,내가 버튼을 누르면 선풍기 세게 좀 틀어 줘.,execute,,D4,T1,none,HOME08_LivingRoom_Fan_1,
G02314,집,HOME09,기기제어,I'd like you to run the fan for 10 minutes when the scene button is pressed.,씬 버튼이 눌리면 선풍기를 10분 동안 돌려 줬으면 해.,execute,,D4,T1,none,HOME09_BabyRoom_Fan_1,
G02315,집,HOME08,기기제어,could you close all the blinds when the entrance door opens?,현관 문이 열리면 모든 블라인드 닫아 줄 수 있어?,execute,,D4,T1,none,HOME08_LivingRoom_WindowCovering_1,
G02317,집,HOME11,기기제어,"When the door closes, raise all the blinds",문이 닫히면 모든 블라인드 올려,execute,,D4,T1,none,HOME11_Room_WindowCovering_1,
G02318,집,HOME04,기기제어,please open all the blinds if a window is left open.,창문이 열린 채로 있으면 모든 블라인드 좀 열어 줘.,execute,,D4,T1,none,HOME04_LivingRoom_WindowCovering_1 HOME04_LivingRoom_WindowCovering_2,
G02319,집,HOME06,기기제어,I'd like you to close all the blinds when the garden door opens.,마당 문이 열리면 모든 블라인드 닫아 줬으면 해.,execute,,D4,T1,none,HOME06_LivingRoom_WindowCovering_1 HOME06_LivingRoom_WindowCovering_2 HOME06_LivingRoom_WindowCovering_3 HOME06_Bedroom_WindowCovering_1 HOME06_Bedroom_WindowCovering_2,
G02320,집,HOME19,기기제어,could you lower all the blinds to 30 percent when the door sensor says the door is open?,문열림 센서가 문이 열렸다고 알리면 모든 블라인드 30퍼센트까지 내려 줄 수 있어?,execute,,D4,T1,none,HOME19_Study_WindowCovering_1,
G02321,집,HOME09,기기제어,Raise all the blinds when the door closes,문이 닫히면 모든 블라인드 올려,execute,,D4,T1,none,HOME09_BabyRoom_WindowCovering_1,
G02322,집,HOME03,기기제어,"If a window is left open, open all the blinds.",창문이 열린 채로 있으면 모든 블라인드 열어.,execute,,D4,T1,none,HOME03_LivingRoom_WindowCovering_1 HOME03_LivingRoom_WindowCovering_2,
G02323,집,HOME09,기기제어,Turn the heating off when the smoke detector reports smoke,연기 감지기가 연기를 알리면 난방 꺼,refuse,no_device,D4,T1,none,,
G02325,집,HOME05,기기제어,please turn the heating off if the smoke alarm sounds.,화재 경보가 울리면 난방 꺼 주세요.,execute,,D4,T1,none,HOME05_LivingRoom_Thermostat_1 HOME05_LivingRoom_Thermostat_2,
G02326,집,HOME05,기기제어,can you turn the heating off when the smoke detector reports smoke?,연기 감지기가 연기를 알리면 난방 꺼 줄래?,execute,,D4,T1,none,HOME05_LivingRoom_Thermostat_1 HOME05_LivingRoom_Thermostat_2,
G02327,집,HOME14,기기제어,I'd like you to turn the heating off when the smoke detector goes off.,연기 감지기가 울리면 난방 꺼 줬으면 해.,execute,,D4,T1,none,HOME14_LivingRoom_Thermostat_1,
G02328,집,HOME18,기기제어,could you turn the heating off if the smoke alarm sounds?,화재 경보가 울리면 난방 꺼 줄 수 있어?,execute,,D4,T1,none,HOME18_LivingRoom_Thermostat_1,
G02329,집,HOME20,기기제어,can you turn the heating off if the smoke alarm sounds?,화재 경보가 울리면 난방 꺼 줄래?,execute,,D4,T1,none,HOME20_LivingRoom_Thermostat_1,
G02330,집,HOME05,기기제어,"When the smoke detector goes off, turn the heating off.",연기 감지기가 울리면 난방 꺼.,execute,,D4,T1,none,HOME05_LivingRoom_Thermostat_1 HOME05_LivingRoom_Thermostat_2,
G02331,집,HOME18,기기제어,"When the smoke detector reports smoke, turn the heating off",연기 감지기가 연기를 알리면 난방 꺼,execute,,D4,T1,none,HOME18_LivingRoom_Thermostat_1,
G02332,집,HOME20,기기제어,could you turn the heating off when the smoke detector reports smoke?,연기 감지기가 연기를 알리면 난방 꺼 줄 수 있어?,execute,,D4,T1,none,HOME20_LivingRoom_Thermostat_1,
G02333,집,HOME14,기기제어,I'd like you to take the chill off when the smoke detector goes off.,연기 감지기가 울리면 한기 좀 없애 줬으면 해.,ask,,D4,T1,none,HOME14_Bedroom_ElectricBlanket_1 HOME14_LivingRoom_Thermostat_1,
G02334,집,HOME07,기기제어,"When the smoke detector goes off, turn the heating off",연기 감지기가 울리면 난방 꺼,execute,,D4,T1,none,HOME07_LivingRoom_Thermostat_1,
G02335,집,HOME17,기기제어,could you make it feel warmer in here if motion is detected in room?,방에서 움직임이 감지되면 여기 분위기 좀 따뜻하게 해 줄 수 있어?,execute,,D4,T1,none,HOME17_Bathroom_Light_1 HOME17_Room_Light_1,
G02336,집,HOME17,기기제어,"When the motion sensor detects movement, change the bathroom lights to orange.",동작 감지 센서가 움직임을 감지하면 욕실 조명 주황색으로 바꿔.,execute,,D4,T1,none,HOME17_Bathroom_Light_1,
G02337,집,HOME05,기기제어,please make the kitchen lights purple the moment something moves in the study.,서재에서 뭔가 움직이는 순간 주방 조명 보라색으로 해 주세요.,execute,,D4,T1,none,HOME05_Kitchen_Light_1,
G02338,집,HOME17,기기제어,can you set the bathroom lights to red when the motion sensor picks something up?,동작 감지 센서에 뭔가 잡히면 욕실 조명 빨간색으로 바꿔 줄래?,execute,,D4,T1,none,HOME17_Bathroom_Light_1,
G02339,집,HOME05,기기제어,I'd like you to turn the bedroom lights orange if motion is detected in the stairs.,계단에서 움직임이 감지되면 침실 조명 주황색으로 켜 줬으면 해.,execute,,D4,T1,none,HOME05_Bedroom_Light_1 HOME05_Bedroom_Light_2,
G02342,집,HOME06,기기제어,I'd like you to kill the lights every morning at 8 am.,매일 오전 8시에 조명 전부 꺼 줬으면 해.,execute,,D6,T1,none,HOME06_LivingRoom_Light_1 HOME06_LivingRoom_Light_2 HOME06_LivingRoom_Light_3 HOME06_LivingRoom_Light_4 HOME06_Kitchen_Light_1 HOME06_Kitchen_Light_2 HOME06_Bedroom_Light_1 HOME06_Bedroom_Light_2 HOME06_Study_Light_1 HOME06_Bathroom_Light_1 HOME06_Bathroom_Light_2 HOME06_Hallway_Light_1 HOME06_Garden_Light_1 HOME06_Garden_Light_2 HOME06_Garage_Light_1,
G02343,집,HOME13,기기제어,could you shut the lights off every night at 10:30 pm?,매일 밤 10시 30분에 조명 전부 꺼 줄 수 있어?,execute,,D6,T1,none,HOME13_LivingRoom_Light_1 HOME13_LivingRoom_Light_2 HOME13_LivingRoom_Light_3 HOME13_Bedroom_Light_1 HOME13_Bedroom_Light_2 HOME13_Kitchen_Light_1 HOME13_Study_Light_1,
G02344,집,HOME20,기기제어,Switch the lights off on Friday at 9 am,금요일 오전 9시에 조명 전부 꺼,execute,,D6,T1,none,HOME20_LivingRoom_Light_1 HOME20_LivingRoom_Light_2 HOME20_Kitchen_Light_1 HOME20_Bedroom_Light_1,
G02347,집,HOME03,기기제어,can you shut the lights off at 8 am on weekdays?,평일 오전 8시에 조명 전부 꺼 줄래?,execute,,D6,T1,none,HOME03_LivingRoom_Light_1 HOME03_LivingRoom_Light_2 HOME03_LivingRoom_Light_3 HOME03_Bedroom_Light_1 HOME03_Bedroom_Light_2 HOME03_Kitchen_Light_1 HOME03_Bathroom_Light_1 HOME03_Hallway_Light_1,
G02348,집,HOME10,기기제어,I'd like you to switch the lights off every morning at 6:30 am.,매일 오전 6시 30분에 조명 전부 꺼 줬으면 해.,execute,,D6,T1,none,HOME10_LivingRoom_Light_1 HOME10_LivingRoom_Light_2 HOME10_Bedroom_Light_1 HOME10_Bathroom_Light_1 HOME10_Hallway_Light_1,
G02349,집,HOME17,기기제어,could you turn off the lights every night at 11:30 pm?,매일 밤 11시 30분에 조명 전부 꺼 줄 수 있어?,execute,,D6,T1,none,HOME17_Room_Light_1 HOME17_Bathroom_Light_1,
G02351,집,HOME04,기기제어,can you turn on the camera when I press the button?,내가 버튼을 누르면 카메라 켜 줄래?,refuse,no_device,D4,T1,none,,
G02354,집,HOME18,기기제어,Stop recording on the garage camera with a single press of the button,버튼을 한 번 누르면 차고 카메라 녹화 멈춰,execute,,D4,T1,none,HOME18_Garage_Camera_1,
G02355,집,HOME16,기기제어,please stop recording on the garden camera when I double-press the button.,버튼이 연속 두 번 눌리면 마당 카메라 녹화 좀 멈춰 줘.,execute,,D4,T1,none,HOME16_Garden_Camera_1 HOME16_Garden_Camera_2,
G02357,집,HOME01,기기제어,I'd like you to turn the heating off when snow is expected.,눈이 올 것 같으면 난방 꺼 줬으면 해.,refuse,no_device,D4,T1,weather,,
G02358,집,HOME05,기기제어,could you put the thermostat on 21 degrees when it starts raining?,비가 오기 시작하면 온도조절기 21도로 해 줄 수 있어?,ask,,D4,T1,weather,HOME05_LivingRoom_Thermostat_1 HOME05_LivingRoom_Thermostat_2,
G02359,집,HOME18,기기제어,Turn the heating up to 22 if the outside temperature drops below 10,바깥 온도가 10도 아래로 떨어지면 난방 22도로 올려,execute,,D4,T1,weather,HOME18_LivingRoom_Thermostat_1,
G02360,집,HOME16,기기제어,"If the forecast says frost, take the chill off",서리 예보가 있으면 한기 좀 없애 줘,execute,,D4,T1,weather,HOME16_LivingRoom_Thermostat_1,
G02361,집,HOME07,기기제어,please turn the heating off if rain is in the forecast.,비 예보가 있으면 난방 좀 꺼 줘.,execute,,D4,T1,weather,HOME07_LivingRoom_Thermostat_1,
G02362,집,HOME06,기기제어,can you put the living room thermostat on 22 degrees when snow is expected?,눈이 올 것 같으면 거실 온도조절기 22도로 해 줄래?,execute,,D4,T1,weather,HOME06_LivingRoom_Thermostat_1,
G02363,집,HOME05,기기제어,I'd like you to turn the heating up to 18 when it starts raining.,비가 오기 시작하면 난방 18도로 올려 줬으면 해.,execute,,D4,T1,weather,HOME05_LivingRoom_Thermostat_1 HOME05_LivingRoom_Thermostat_2,
G02364,집,HOME02,기기제어,could you set the living room thermostat to 25 degrees if the outside temperature drops below 18?,바깥 온도가 18도 아래로 떨어지면 거실 온도조절기 25도로 맞춰 줄 수 있어?,execute,,D4,T1,weather,HOME02_LivingRoom_Thermostat_1,
G02366,집,HOME19,기기제어,"If rain is in the forecast, put the living room thermostat on 22 degrees",비 예보가 있으면 거실 온도조절기 22도로 해,execute,,D4,T1,weather,HOME19_LivingRoom_Thermostat_1,
G02367,집,HOME18,기기제어,please turn the heating up to 20 when snow is expected.,눈이 올 것 같으면 난방 20도로 좀 올려 줘.,execute,,D4,T1,weather,HOME18_LivingRoom_Thermostat_1,
G02368,집,HOME16,기기제어,can you set the living room thermostat to 25 degrees when it starts raining?,비가 오기 시작하면 거실 온도조절기 25도로 맞춰 줄래?,execute,,D4,T1,weather,HOME16_LivingRoom_Thermostat_1,
G02371,집,HOME19,기기제어,please make the lights pink if the camera comes on.,카메라가 켜지면 조명 전부 분홍색으로 좀 해 줘.,execute,,D4,T1,none,HOME19_LivingRoom_Light_1 HOME19_LivingRoom_Light_2 HOME19_Study_Light_1 HOME19_Study_Light_2 HOME19_Bedroom_Light_1 HOME19_Kitchen_Light_1,
G02374,집,HOME04,기기제어,Turn all the lights daylight white with a single press of the button,버튼을 한 번 누르면 모든 조명 주광색으로 켜,execute,,D4,T1,none,HOME04_LivingRoom_Light_1 HOME04_LivingRoom_Light_2 HOME04_LivingRoom_Light_3 HOME04_Bedroom_Light_1 HOME04_Bedroom_Light_2 HOME04_Study_Light_1 HOME04_Study_Light_2 HOME04_Kitchen_Light_1,
G02375,집,HOME11,기기제어,"With one tap on the wall switch, change all the lights to pink.",벽 스위치를 한 번 누르면 모든 조명 분홍색으로 바꿔.,execute,,D4,T1,none,HOME11_Room_Light_1 HOME11_Room_Light_2 HOME11_Kitchen_Light_1 HOME11_Bathroom_Light_1,
G02381,집,HOME07,알림예약,please tell me about it once the camera goes offline.,카메라 연결이 끊기면 알려 주세요.,execute,,D4,T1,none,,NotificationProvider.SendPush
G02385,집,HOME03,알림예약,can you push me an alert when I double-press the button?,버튼이 연속 두 번 눌리면 알림 띄워 줄래?,execute,,D4,T1,none,,NotificationProvider.SendPush
G02386,집,HOME10,알림예약,Give me a heads-up when the scene button is pressed,씬 버튼이 눌리면 꼭 알려 줘,execute,,D4,T1,none,,Speaker.Speak
G02387,집,HOME19,알림예약,could you announce it with a single press of the button?,버튼을 한 번 누르면 방송해 줄 수 있어?,execute,,D4,T1,none,,Speaker.Speak
G02389,집,HOME01,알림예약,"When I press the button, send me a notification",내가 버튼을 누르면 알림 보내 줘,execute,,D4,T1,none,,Speaker.Speak
G02390,집,HOME08,알림예약,please push me an alert when I double-press the button.,버튼이 연속 두 번 눌리면 알림 좀 띄워 줘.,execute,,D4,T1,none,,NotificationProvider.SendPush
G02391,집,HOME16,알림예약,can you tell me if something is off when the scene button is pressed?,씬 버튼이 눌릴 때 뭔가 이상하면 알려 줄래?,execute,,D4,T1,none,,NotificationProvider.SendPush
G02392,집,HOME11,기기제어,please make it cozy with one tap on the wall switch.,벽 스위치를 한 번 누르면 포근하게 좀 해 줘.,ask,,D4,T1,none,HOME11_Room_AirConditioner_1 HOME11_Room_Thermostat_1,
G02393,집,HOME02,기기제어,can you put the thermostat on 19 degrees when I press the button?,내가 버튼을 누르면 온도조절기 19도로 해 줄래?,execute,,D4,T1,none,HOME02_LivingRoom_Thermostat_1,
G02394,집,HOME19,기기제어,I'd like you to turn the heating up to 23 when I double-press the button.,버튼이 연속 두 번 눌리면 난방 23도로 올려 줬으면 해.,execute,,D4,T1,none,HOME19_LivingRoom_Thermostat_1,
G02395,집,HOME07,기기제어,could you set the thermostat to 18 degrees when the scene button is pressed?,씬 버튼이 눌리면 온도조절기 18도로 맞춰 줄 수 있어?,execute,,D4,T1,none,HOME07_LivingRoom_Thermostat_1,
G02398,집,HOME13,기기제어,could you set the lights to the morning scene once I am back home?,내가 집에 돌아오면 조명 아침 모드로 해 줄 수 있어?,execute,,D4,T1,phone,HOME13_LivingRoom_Light_1 HOME13_LivingRoom_Light_2 HOME13_LivingRoom_Light_3 HOME13_Bedroom_Light_1 HOME13_Bedroom_Light_2 HOME13_Kitchen_Light_1 HOME13_Study_Light_1,
G02400,집,HOME04,기기제어,"When I pull into the driveway, put the study lights into morning mode",차를 집 앞에 대면 서재 조명 아침 모드로 해,execute,,D4,T1,phone,HOME04_Study_Light_1 HOME04_Study_Light_2,
G02401,집,HOME15,기기제어,please get this place ready for guests when I am close to home.,내가 집 근처에 오면 손님 맞을 좀 준비해 줘.,ask,,D4,T1,phone,HOME15_Bedroom_Light_1 HOME15_Bedroom_Light_2 HOME15_Kitchen_Light_1 HOME15_LivingRoom_ColorControl_1 HOME15_LivingRoom_ColorControl_2 HOME15_LivingRoom_Light_1 HOME15_LivingRoom_Light_2 HOME15_LivingRoom_Light_3 HOME15_LivingRoom_Light_4 HOME15_Study_Light_1 HOME15_Study_Light_2,
G02403,집,HOME05,기기제어,I'd like you to run the focus scene on the lights once I am back home.,내가 집에 돌아오면 조명 집중 모드 실행해 줬으면 해.,execute,,D4,T1,phone,HOME05_LivingRoom_Light_1 HOME05_LivingRoom_Light_2 HOME05_LivingRoom_Light_3 HOME05_Kitchen_Light_1 HOME05_Bedroom_Light_1 HOME05_Bedroom_Light_2 HOME05_Study_Light_1 HOME05_Stairs_Light_1,
G02404,집,HOME16,기기제어,could you put the living room lights into party mode when I get home?,내가 집에 오면 거실 조명 파티 모드로 해 줄 수 있어?,execute,,D4,T1,phone,HOME16_LivingRoom_Light_1 HOME16_LivingRoom_Light_2,
G02405,집,HOME10,알림예약,Give me a heads-up when my phone goes into sleep mode,내 폰이 취침 모드로 들어가면 꼭 알려 줘,execute,,D4,T1,phone,,Speaker.Speak
G02406,집,HOME03,알림예약,Let me know if my phone battery falls under 40 percent,내 폰 배터리가 40퍼센트 아래로 떨어지면 알려 줘,execute,,D4,T1,phone,,NotificationProvider.SendPush
G02407,집,HOME13,알림예약,"When my phone connects to the home wi-fi, send a warning to my phone",내 폰이 집 와이파이에 붙으면 폰으로 경고 보내 줘,execute,,D4,T1,phone,,NotificationProvider.SendPush
G02408,집,HOME04,알림예약,can you push me an alert when my phone goes into sleep mode?,내 폰이 취침 모드로 들어가면 알림 띄워 줄래?,execute,,D4,T1,phone,,NotificationProvider.SendPush
G02409,집,HOME15,알림예약,Keep me posted if my phone battery falls under 70 percent,내 폰 배터리가 70퍼센트 아래로 떨어지면 계속 알려 줘,execute,,D4,T1,phone,,NotificationProvider.SendPush
G02411,집,HOME10,기기제어,Turn off the switch when the sun comes up,해가 뜨면 스위치 꺼,ask,,D4,T1,sun,HOME10_LivingRoom_Light_1 HOME10_LivingRoom_Light_2 HOME10_Bedroom_Light_1 HOME10_Bathroom_Light_1 HOME10_Hallway_Light_1 HOME10_LivingRoom_Siren_1,
G02412,집,HOME17,기기제어,"When the sun comes up, turn on the switch.",해가 뜨면 스위치 켜.,ask,,D4,T1,sun,HOME17_Room_Light_1 HOME17_Bathroom_Light_1 HOME17_Room_AirConditioner_1 HOME17_Room_Plug_1 HOME17_Room_Plug_2 HOME17_Room_Fan_1 HOME17_Room_Fan_2,
G02417,집,HOME02,기기제어,I'd like you to shut everything down in here every morning at 6:30 am.,매일 오전 6시 30분에 여기 다 꺼 줬으면 해.,ask,,D6,T1,none,HOME02_Bedroom_Light_1 HOME02_Kitchen_Light_1 HOME02_LivingRoom_AirConditioner_1 HOME02_LivingRoom_AirPurifier_1 HOME02_LivingRoom_Light_1 HOME02_LivingRoom_Light_2 HOME02_LivingRoom_Television_1 HOME02_LivingRoom_Thermostat_1,
G02418,집,HOME09,기기제어,could you turn on all the switches every night at 10:30 pm?,매일 밤 10시 30분에 모든 스위치 켜 줄 수 있어?,execute,,D6,T1,none,HOME09_LivingRoom_Light_1 HOME09_LivingRoom_Light_2 HOME09_BabyRoom_Light_1 HOME09_BabyRoom_ColorControl_1 HOME09_Bedroom_Light_1 HOME09_Kitchen_Light_1 HOME09_LivingRoom_AirConditioner_1 HOME09_BabyRoom_AirConditioner_1 HOME09_BabyRoom_Humidifier_1 HOME09_BabyRoom_AirPurifier_1 HOME09_LivingRoom_AirPurifier_1,
G02419,집,HOME16,기기제어,Switch all the switches on on Monday at 6:30 am,월요일 오전 6시 30분에 모든 스위치 켜,execute,,D6,T1,none,HOME16_LivingRoom_Light_1 HOME16_LivingRoom_Light_2 HOME16_Bedroom_Light_1 HOME16_Garden_Light_1 HOME16_Entrance_Siren_1,
G02423,집,HOME12,기기제어,please take a snapshot with the camera the moment something moves in the utility.,다용도실에서 뭔가 움직이는 순간 카메라로 사진 좀 찍어 줘.,refuse,no_device,D4,T1,none,,
G02424,집,HOME06,기기제어,can you start recording on the camera when the motion sensor picks something up?,동작 감지 센서에 뭔가 잡히면 카메라 녹화 시작해 줄래?,ask,,D4,T1,none,HOME06_Garden_Camera_1 HOME06_Garden_Camera_2 HOME06_Garage_Camera_1,
G02425,집,HOME08,기기제어,can you take a snapshot with the living room camera when the motion sensor detects movement?,동작 감지 센서가 움직임을 감지하면 거실 카메라로 사진 찍어 줄래?,execute,,D4,T1,none,HOME08_LivingRoom_Camera_1 HOME08_LivingRoom_Camera_2,
G02427,집,HOME09,기기제어,"The moment something moves in the bedroom, start recording on the baby monitor",침실에서 뭔가 움직이는 순간 베이비 모니터 녹화 시작해,execute,,D4,T1,none,HOME09_BabyRoom_Camera_1,
G02429,집,HOME06,기기제어,I'd like you to turn on the camera the moment something moves in the utility.,다용도실에서 뭔가 움직이는 순간 카메라 켜 줬으면 해.,ask,,D4,T1,none,HOME06_Garden_Camera_1 HOME06_Garden_Camera_2 HOME06_Garage_Camera_1,
G02430,집,HOME05,기기제어,I'd like you to turn the heating off when the motion sensor picks something up.,동작 감지 센서에 뭔가 잡히면 난방 꺼 줬으면 해.,execute,,D4,T1,none,HOME05_LivingRoom_Thermostat_1 HOME05_LivingRoom_Thermostat_2,
G02431,집,HOME16,기기제어,could you put the living room thermostat on 18 degrees if motion is detected in the living room?,거실에서 움직임이 감지되면 거실 온도조절기 18도로 해 줄 수 있어?,execute,,D4,T1,none,HOME16_LivingRoom_Thermostat_1,
G02434,집,HOME05,기기제어,"When the temperature goes above 24 degrees, turn on the lights",온도가 24도를 넘으면 조명 전부 켜,execute,,D4,T1,none,HOME05_LivingRoom_Light_1 HOME05_LivingRoom_Light_2 HOME05_LivingRoom_Light_3 HOME05_Kitchen_Light_1 HOME05_Bedroom_Light_1 HOME05_Bedroom_Light_2 HOME05_Study_Light_1 HOME05_Stairs_Light_1,
G02435,집,HOME12,기기제어,please put the lights on if the temperature drops below 0 degrees.,온도가 0도 아래로 떨어지면 조명 전부 좀 켜 줘.,execute,,D4,T1,none,HOME12_RoomA_Light_1 HOME12_RoomB_Light_1 HOME12_RoomC_Light_1 HOME12_LivingRoom_Light_1 HOME12_LivingRoom_Light_2 HOME12_LivingRoom_Light_3 HOME12_Kitchen_Light_1 HOME12_Bathroom_Light_1 HOME12_Bathroom_Light_2,
G02438,집,HOME18,기기제어,Turn the light purple when the wash cycle ends,세탁 코스가 끝나면 조명 보라색으로 켜,ask,,D4,T1,none,HOME18_LivingRoom_Light_1 HOME18_LivingRoom_Light_2 HOME18_LivingRoom_Light_3 HOME18_Bedroom_Light_1 HOME18_Bedroom_Light_2 HOME18_Kitchen_Light_1 HOME18_Garage_Light_1,
G02439,집,HOME06,기기제어,"When the washing machine finishes, change the living room lights to purple.",세탁기가 끝나면 거실 조명 보라색으로 바꿔.,execute,,D4,T1,none,HOME06_LivingRoom_Light_1 HOME06_LivingRoom_Light_2 HOME06_LivingRoom_Light_3 HOME06_LivingRoom_Light_4,
G02440,집,HOME12,기기제어,please make the room C light pink as soon as the load is finished.,세탁이 끝나자마자 C방 조명 분홍색으로 좀 해 줘.,execute,,D4,T1,none,HOME12_RoomC_Light_1,
G02441,집,HOME02,기기제어,can you make it feel warmer in here when the wash cycle ends?,세탁 코스가 끝나면 여기 분위기 좀 따뜻하게 해 줄래?,execute,,D4,T1,none,HOME02_Bedroom_Light_1 HOME02_Kitchen_Light_1 HOME02_LivingRoom_Light_1 HOME02_LivingRoom_Light_2,
G02442,집,HOME07,기기제어,I'd like you to turn the garden lights purple when the washing machine finishes.,세탁기가 끝나면 마당 조명 보라색으로 켜 줬으면 해.,execute,,D4,T1,none,HOME07_Garden_Light_1 HOME07_Garden_Light_2 HOME07_Garden_Light_3,
G02443,집,HOME18,기기제어,could you change the living room lights to amber as soon as the load is finished?,세탁이 끝나자마자 거실 조명 호박색으로 바꿔 줄 수 있어?,execute,,D4,T1,none,HOME18_LivingRoom_Light_1 HOME18_LivingRoom_Light_2 HOME18_LivingRoom_Light_3,
G02445,집,HOME07,기기제어,"When the camera starts recording, put the light on",카메라가 녹화를 시작하면 조명 켜,ask,,D4,T1,none,HOME07_LivingRoom_Light_1 HOME07_LivingRoom_Light_2 HOME07_LivingRoom_Light_3 HOME07_Bedroom_Light_1 HOME07_Bedroom_Light_2 HOME07_Kitchen_Light_1 HOME07_Garden_Light_1 HOME07_Garden_Light_2 HOME07_Garden_Light_3 HOME07_Barn_Light_1,
G02448,집,HOME02,기기제어,"When I get home, turn on the TV.",내가 집에 오면 TV 켜.,execute,,D4,T1,phone,HOME02_LivingRoom_Television_1,
G02449,집,HOME13,기기제어,I want some music when I pull into the driveway.,차를 집 앞에 대면 음악 좀 듣고 싶어.,ask,,D4,T1,phone,HOME13_LivingRoom_Speaker_1 HOME13_LivingRoom_Speaker_2 HOME13_LivingRoom_Television_1,
G02450,집,HOME07,기기제어,can you set the volume on the TV to 40 when I am close to home?,내가 집 근처에 오면 TV 볼륨 40으로 맞춰 줄래?,execute,,D4,T1,phone,HOME07_LivingRoom_Television_1,
G02452,집,HOME16,기기제어,can you turn on the camera once I am back home?,내가 집에 돌아오면 카메라 켜 줄래?,ask,,D4,T1,phone,HOME16_Garden_Camera_1 HOME16_Garden_Camera_2,
G02453,집,HOME18,기기제어,I'd like you to take a snapshot with all the cameras when I get home.,내가 집에 오면 모든 카메라로 사진 찍어 줬으면 해.,execute,,D4,T1,phone,HOME18_Garage_Camera_1,
G02454,집,HOME07,기기제어,could you start recording on all the cameras when I pull into the driveway?,차를 집 앞에 대면 모든 카메라 녹화 시작해 줄 수 있어?,execute,,D4,T1,phone,HOME07_Garden_Camera_1 HOME07_Garden_Camera_2,
G02455,집,HOME06,기기제어,can you turn on the garage camera as soon as I arrive home?,집에 도착하자마자 차고 카메라 켜 줄래?,execute,,D4,T1,phone,HOME06_Garage_Camera_1,
G02456,집,HOME16,기기제어,"As soon as I arrive home, turn on all the cameras.",집에 도착하자마자 모든 카메라 켜.,execute,,D4,T1,phone,HOME16_Garden_Camera_1 HOME16_Garden_Camera_2,
G02457,집,HOME06,기기제어,please take a snapshot with all the cameras once I am back home.,내가 집에 돌아오면 모든 카메라로 사진 찍어 주세요.,execute,,D4,T1,phone,HOME06_Garden_Camera_1 HOME06_Garden_Camera_2 HOME06_Garage_Camera_1,
G02461,집,HOME18,기기제어,I'd like you to kill the light when the sun comes up.,해가 뜨면 조명 꺼 줬으면 해.,ask,,D4,T1,sun,HOME18_LivingRoom_Light_1 HOME18_LivingRoom_Light_2 HOME18_LivingRoom_Light_3 HOME18_Bedroom_Light_1 HOME18_Bedroom_Light_2 HOME18_Kitchen_Light_1 HOME18_Garage_Light_1,
G02464,집,HOME01,기기제어,"At sunrise, turn off the room lights.",해 뜰 때 방 조명 꺼.,execute,,D4,T1,sun,HOME01_Room_Light_1 HOME01_Room_Light_2,
G02465,집,HOME08,기기제어,please kill the bedroom lights when the sun comes up.,해가 뜨면 침실 조명 좀 꺼 줘.,execute,,D4,T1,sun,HOME08_Bedroom_Light_1,
G02466,집,HOME10,기기제어,I'd like you to turn the heating up to 21 every morning at 7:30 am.,매일 오전 7시 30분에 난방 21도로 올려 줬으면 해.,refuse,no_device,D6,T1,none,,
G02467,집,HOME05,기기제어,could you take the chill off every night at 10 pm?,매일 밤 10시에 한기 좀 없애 줄 수 있어?,ask,,D6,T1,none,HOME05_Bedroom_AirConditioner_1 HOME05_LivingRoom_AirConditioner_1 HOME05_LivingRoom_Thermostat_1 HOME05_LivingRoom_Thermostat_2,
G02469,집,HOME06,기기제어,"When I am close to home, make it feel warmer in here.",내가 집 근처에 오면 여기 분위기 좀 따뜻하게 해 줘.,execute,,D4,T1,phone,HOME06_Bathroom_Light_1 HOME06_Bathroom_Light_2 HOME06_Bedroom_Light_1 HOME06_Bedroom_Light_2 HOME06_Garage_Light_1 HOME06_Garden_Light_1 HOME06_Garden_Light_2 HOME06_Hallway_Light_1 HOME06_Kitchen_Light_1 HOME06_Kitchen_Light_2 HOME06_LivingRoom_Light_1 HOME06_LivingRoom_Light_2 HOME06_LivingRoom_Light_3 HOME06_LivingRoom_Light_4 HOME06_Study_Light_1,
G02470,집,HOME18,기기제어,please turn the lights blue as soon as I arrive home.,집에 도착하자마자 조명 전부 파란색으로 켜 주세요.,execute,,D4,T1,phone,HOME18_LivingRoom_Light_1 HOME18_LivingRoom_Light_2 HOME18_LivingRoom_Light_3 HOME18_Bedroom_Light_1 HOME18_Bedroom_Light_2 HOME18_Kitchen_Light_1 HOME18_Garage_Light_1,
G02472,집,HOME07,기기제어,I'd like you to make the lights purple when I get home.,내가 집에 오면 조명 전부 보라색으로 해 줬으면 해.,execute,,D4,T1,phone,HOME07_LivingRoom_Light_1 HOME07_LivingRoom_Light_2 HOME07_LivingRoom_Light_3 HOME07_Bedroom_Light_1 HOME07_Bedroom_Light_2 HOME07_Kitchen_Light_1 HOME07_Garden_Light_1 HOME07_Garden_Light_2 HOME07_Garden_Light_3 HOME07_Barn_Light_1,
G02474,집,HOME11,기기제어,"When the door closes, lock the door lock",문이 닫히면 도어락 잠가,execute,,D4,T1,none,HOME11_Entrance_DoorLock_1,
G02476,집,HOME02,기기제어,can you make sure the entrance door lock is locked when the door closes?,문이 닫히면 현관 도어락 잠겼는지 봐 줄래?,execute,,D4,T1,none,HOME02_Entrance_DoorLock_1,
G02477,집,HOME09,기기제어,I'd like you to make sure the place is secure if a window is left open.,창문이 열린 채로 있으면 문단속 좀 해 줬으면 해.,execute,,D4,T1,none,HOME09_Entrance_DoorLock_1,
G02478,집,HOME18,기기제어,could you unlock the entrance door lock when the door closes?,문이 닫히면 현관 도어락 열어 줄 수 있어?,execute,,D4,T1,none,HOME18_Entrance_DoorLock_1,
G02480,집,HOME07,기기제어,"When the door closes, lock the entrance door lock",문이 닫히면 현관 도어락 잠가,execute,,D4,T1,none,HOME07_Entrance_DoorLock_1,
G02481,집,HOME02,기기제어,"As soon as I arrive home, turn on the plug",집에 도착하자마자 플러그 켜,refuse,no_device,D4,T1,phone,,
G02482,집,HOME11,기기제어,please cut power to the plug once I am back home.,내가 집에 돌아오면 플러그 전원 좀 차단해 줘.,ask,,D4,T1,phone,HOME11_Room_Plug_1 HOME11_Room_Plug_2,
G02483,집,HOME15,기기제어,can you switch the living room plug off when I get home?,내가 집에 오면 거실 플러그 꺼 줄래?,execute,,D4,T1,phone,HOME15_LivingRoom_Plug_1 HOME15_LivingRoom_Plug_2 HOME15_LivingRoom_Plug_3,
G02484,집,HOME19,기기제어,I'd like you to turn on the study plug when I pull into the driveway.,차를 집 앞에 대면 서재 플러그 켜 줬으면 해.,execute,,D4,T1,phone,HOME19_Study_Plug_1 HOME19_Study_Plug_2 HOME19_Study_Plug_3,
G02487,집,HOME08,기기제어,"Once I am back home, turn on the living room plug",내가 집에 돌아오면 거실 플러그 켜,execute,,D4,T1,phone,HOME08_LivingRoom_Plug_1 HOME08_LivingRoom_Plug_2,
G02488,집,HOME11,기기제어,please cut power to the room plug when I get home.,내가 집에 오면 방 플러그 전원 차단해 주세요.,execute,,D4,T1,phone,HOME11_Room_Plug_1 HOME11_Room_Plug_2,
G02491,집,HOME05,기기제어,Kill all the lights when I am away from home,내가 집에 없으면 모든 조명 꺼,execute,,D4,T1,phone,HOME05_LivingRoom_Light_1 HOME05_LivingRoom_Light_2 HOME05_LivingRoom_Light_3 HOME05_Kitchen_Light_1 HOME05_Bedroom_Light_1 HOME05_Bedroom_Light_2 HOME05_Study_Light_1 HOME05_Stairs_Light_1,
G02492,집,HOME16,기기제어,"After I head out, shut all the lights off",내가 나간 뒤에 모든 조명 꺼,execute,,D4,T1,phone,HOME16_LivingRoom_Light_1 HOME16_LivingRoom_Light_2 HOME16_Bedroom_Light_1 HOME16_Garden_Light_1,
G02493,집,HOME10,기기제어,I'd like you to turn on the plug if power draw stays above 1000 watts.,전력 사용이 1000와트를 계속 넘고 있으면 플러그 켜 줬으면 해.,refuse,no_device,D4,T1,none,,
G02494,집,HOME08,기기제어,could you cut power to the plug when energy use spikes?,전력 사용이 급증하면 플러그 전원 차단해 줄 수 있어?,ask,,D4,T1,none,HOME08_LivingRoom_Plug_1 HOME08_LivingRoom_Plug_2,
G02497,집,HOME19,기기제어,please cut power to the study plug if power draw stays above 1500 watts.,전력 사용이 1500와트를 계속 넘고 있으면 서재 플러그 전원 좀 차단해 줘.,execute,,D4,T1,none,HOME19_Study_Plug_1 HOME19_Study_Plug_2 HOME19_Study_Plug_3,
G02498,집,HOME11,기기제어,can you switch the room plug off when energy use spikes?,전력 사용이 급증하면 방 플러그 꺼 줄래?,execute,,D4,T1,none,HOME11_Room_Plug_1 HOME11_Room_Plug_2,
G02499,집,HOME14,기기제어,could you cut power to the plug every night at 11 pm?,매일 밤 11시에 플러그 전원 차단해 줄 수 있어?,refuse,no_device,D6,T1,none,,
G02500,집,HOME19,기기제어,Switch the plug off on Tuesday at 7 am,화요일 오전 7시에 플러그 꺼,ask,,D6,T1,none,HOME19_Study_Plug_1 HOME19_Study_Plug_2 HOME19_Study_Plug_3,
G02501,집,HOME08,기기제어,"At 6:30 am, turn on the living room plug",오전 6시 30분에 거실 플러그 켜,execute,,D6,T1,none,HOME08_LivingRoom_Plug_1 HOME08_LivingRoom_Plug_2,
G02503,집,HOME17,기기제어,can you switch the room plug off at noon on weekdays?,평일 정오에 방 플러그 꺼 줄래?,execute,,D6,T1,none,HOME17_Room_Plug_1 HOME17_Room_Plug_2,
G02504,집,HOME01,기기제어,I'd like you to turn on the room plug every morning at 6:30 am.,매일 오전 6시 30분에 방 플러그 켜 줬으면 해.,execute,,D6,T1,none,HOME01_Room_Plug_1 HOME01_Room_Plug_2,
G02505,집,HOME18,기기제어,Make it feel warmer in here when there is somebody at the door,문 앞에 누가 있으면 여기 분위기 좀 따뜻하게 해 줘,execute,,D4,T1,none,HOME18_Bedroom_Light_1 HOME18_Bedroom_Light_2 HOME18_Garage_Light_1 HOME18_Kitchen_Light_1 HOME18_LivingRoom_Light_1 HOME18_LivingRoom_Light_2 HOME18_LivingRoom_Light_3,
G02506,집,HOME06,기기제어,"When someone rings the doorbell, set the lights to daylight white",누가 초인종을 누르면 조명 전부 주광색으로 바꿔,execute,,D4,T1,none,HOME06_LivingRoom_Light_1 HOME06_LivingRoom_Light_2 HOME06_LivingRoom_Light_3 HOME06_LivingRoom_Light_4 HOME06_Kitchen_Light_1 HOME06_Kitchen_Light_2 HOME06_Bedroom_Light_1 HOME06_Bedroom_Light_2 HOME06_Study_Light_1 HOME06_Bathroom_Light_1 HOME06_Bathroom_Light_2 HOME06_Hallway_Light_1 HOME06_Garden_Light_1 HOME06_Garden_Light_2 HOME06_Garage_Light_1,
G02507,집,HOME10,기기제어,please turn the lights purple if the doorbell goes off.,초인종이 울리면 조명 전부 보라색으로 좀 켜 줘.,execute,,D4,T1,none,HOME10_LivingRoom_Light_1 HOME10_LivingRoom_Light_2 HOME10_Bedroom_Light_1 HOME10_Bathroom_Light_1 HOME10_Hallway_Light_1,
G02508,집,HOME18,기기제어,can you change the lights to pink when there is somebody at the door?,문 앞에 누가 있으면 조명 전부 분홍색으로 바꿔 줄래?,execute,,D4,T1,none,HOME18_LivingRoom_Light_1 HOME18_LivingRoom_Light_2 HOME18_LivingRoom_Light_3 HOME18_Bedroom_Light_1 HOME18_Bedroom_Light_2 HOME18_Kitchen_Light_1 HOME18_Garage_Light_1,
G02509,집,HOME06,기기제어,I'd like you to make the lights amber when someone rings the doorbell.,누가 초인종을 누르면 조명 전부 호박색으로 해 줬으면 해.,execute,,D4,T1,none,HOME06_LivingRoom_Light_1 HOME06_LivingRoom_Light_2 HOME06_LivingRoom_Light_3 HOME06_LivingRoom_Light_4 HOME06_Kitchen_Light_1 HOME06_Kitchen_Light_2 HOME06_Bedroom_Light_1 HOME06_Bedroom_Light_2 HOME06_Study_Light_1 HOME06_Bathroom_Light_1 HOME06_Bathroom_Light_2 HOME06_Hallway_Light_1 HOME06_Garden_Light_1 HOME06_Garden_Light_2 HOME06_Garage_Light_1,
G02512,집,HOME06,기기제어,"When someone rings the doorbell, turn on the garden camera",누가 초인종을 누르면 마당 카메라 켜,execute,,D4,T1,none,HOME06_Garden_Camera_1 HOME06_Garden_Camera_2,
G02513,집,HOME04,기기제어,I'd like you to put something on when my phone connects to the home wi-fi.,내 폰이 집 와이파이에 붙으면 뭐라도 틀어 줬으면 해.,ask,,D4,T1,phone,HOME04_Bedroom_Television_1 HOME04_LivingRoom_Speaker_1 HOME04_LivingRoom_Speaker_2 HOME04_LivingRoom_Television_1,
G02514,집,HOME07,기기제어,could you set the volume on the TV to 50 when my phone goes into sleep mode?,내 폰이 취침 모드로 들어가면 TV 볼륨 50으로 맞춰 줄 수 있어?,execute,,D4,T1,phone,HOME07_LivingRoom_Television_1,
G02515,집,HOME03,기기제어,Pause the TV if my phone battery falls under 40 percent,내 폰 배터리가 40퍼센트 아래로 떨어지면 TV 일시정지해,execute,,D4,T1,phone,HOME03_LivingRoom_Television_1,
G02516,집,HOME15,기기제어,"When my phone connects to the home wi-fi, turn the TV off",내 폰이 집 와이파이에 붙으면 TV 꺼,execute,,D4,T1,phone,HOME15_LivingRoom_Television_1,
G02517,집,HOME08,기기제어,please turn on the TV when my phone goes into sleep mode.,내 폰이 취침 모드로 들어가면 TV 켜 주세요.,execute,,D4,T1,phone,HOME08_LivingRoom_Television_1,
G02518,집,HOME14,알림예약,I'd like you to tell me about it at sunrise.,해 뜰 때 알려 줬으면 해.,execute,,D4,T1,sun,,Speaker.Speak
G02522,집,HOME02,알림예약,Keep me posted at sunrise,해 뜰 때 계속 알려 줘,execute,,D4,T1,sun,,NotificationProvider.SendPush
G02523,집,HOME09,알림예약,can you show it on the screen at sunrise?,해 뜰 때 화면에 띄워 줄래?,refuse,no_channel,D4,T1,sun,,
G02525,집,HOME05,기기제어,Turn the heating up to 22 once everyone has left,다들 나가고 나면 난방 22도로 올려,execute,,D4,T1,phone,HOME05_LivingRoom_Thermostat_1 HOME05_LivingRoom_Thermostat_2,
G02526,집,HOME06,기기제어,"When I leave home, set the living room thermostat to 21 degrees.",내가 집을 나서면 거실 온도조절기 21도로 맞춰.,execute,,D4,T1,phone,HOME06_LivingRoom_Thermostat_1,
G02528,집,HOME16,기기제어,can you put the living room thermostat on 22 degrees after I head out?,내가 나간 뒤에 거실 온도조절기 22도로 해 줄래?,execute,,D4,T1,phone,HOME16_LivingRoom_Thermostat_1,
G02529,집,HOME05,기기제어,I'd like you to turn the heating up to 24 once everyone has left.,다들 나가고 나면 난방 24도로 올려 줬으면 해.,execute,,D4,T1,phone,HOME05_LivingRoom_Thermostat_1 HOME05_LivingRoom_Thermostat_2,
G02533,집,HOME01,상태조회,could you tell me the temperature in the entrance at 10 pm?,밤 10시에 현관 온도 알려 줄 수 있어?,execute,,D6,T1,none,HOME01_Room_TemperatureSensor_1,Speaker.Speak
G02534,집,HOME08,상태조회,Check whether the fan is on at 7 am.,오전 7시에 선풍기 켜져 있는지 확인해 줘.,execute,,D6,T1,none,HOME08_LivingRoom_Fan_1,NotificationProvider.SendPush
G02535,집,HOME04,기기제어,please switch the study lights to the relax scene once it gets dark outside.,바깥이 어두워지면 서재 조명 휴식 모드로 좀 바꿔 줘.,execute,,D4,T1,sun,HOME04_Study_Light_1 HOME04_Study_Light_2,
G02536,집,HOME11,기기제어,can you set the lights to the movie scene once it gets dark outside?,바깥이 어두워지면 조명 영화 모드로 해 줄래?,execute,,D4,T1,sun,HOME11_Room_Light_1 HOME11_Room_Light_2 HOME11_Kitchen_Light_1 HOME11_Bathroom_Light_1,
G02537,집,HOME18,기기제어,I'd like you to run the dinner scene on the lights once it gets dark outside.,바깥이 어두워지면 조명 저녁 식사 모드 실행해 줬으면 해.,execute,,D4,T1,sun,HOME18_LivingRoom_Light_1 HOME18_LivingRoom_Light_2 HOME18_LivingRoom_Light_3 HOME18_Bedroom_Light_1 HOME18_Bedroom_Light_2 HOME18_Kitchen_Light_1 HOME18_Garage_Light_1,
G02540,집,HOME10,기기제어,can you toggle the living room switch after I head out?,내가 나간 뒤에 거실 스위치 껐다 켜 줄래?,refuse,no_context,D4,T1,phone,,
G02541,집,HOME07,기기제어,I'd like you to shut everything down in here once everyone has left.,다들 나가고 나면 여기 다 꺼 줬으면 해.,ask,,D4,T1,phone,HOME07_Barn_Light_1 HOME07_Bedroom_ElectricBlanket_1 HOME07_Bedroom_Light_1 HOME07_Bedroom_Light_2 HOME07_Entrance_Siren_1 HOME07_Garden_Light_1 HOME07_Garden_Light_2 HOME07_Garden_Light_3 HOME07_Kitchen_Light_1 HOME07_LivingRoom_AirConditioner_1 HOME07_LivingRoom_Light_1 HOME07_LivingRoom_Light_2 HOME07_LivingRoom_Light_3 HOME07_LivingRoom_Television_1 HOME07_LivingRoom_Thermostat_1 HOME07_Utility_WaterHeater_1,
G02542,집,HOME19,기기제어,could you turn on the kitchen switch when I leave home?,내가 집을 나서면 주방 스위치 켜 줄 수 있어?,execute,,D4,T1,phone,HOME19_Kitchen_Light_1,
G02544,집,HOME08,기기제어,"After I head out, toggle the living room switch",내가 나간 뒤에 거실 스위치 껐다 켜,execute,,D4,T1,phone,HOME08_LivingRoom_Light_1 HOME08_LivingRoom_Light_2 HOME08_LivingRoom_AirConditioner_1 HOME08_LivingRoom_AirPurifier_1 HOME08_LivingRoom_Television_1 HOME08_LivingRoom_Plug_1 HOME08_LivingRoom_Plug_2,
G02545,집,HOME20,기기제어,please turn off the kitchen switch once everyone has left.,다들 나가고 나면 주방 스위치 좀 꺼 줘.,execute,,D4,T1,phone,HOME20_Kitchen_Light_1,
G02546,집,HOME12,기기제어,I'd like you to kill the lights with a single press of the button.,버튼을 한 번 누르면 조명 전부 꺼 줬으면 해.,execute,,D4,T1,none,HOME12_RoomA_Light_1 HOME12_RoomB_Light_1 HOME12_RoomC_Light_1 HOME12_LivingRoom_Light_1 HOME12_LivingRoom_Light_2 HOME12_LivingRoom_Light_3 HOME12_Kitchen_Light_1 HOME12_Bathroom_Light_1 HOME12_Bathroom_Light_2,
G02549,집,HOME05,기기제어,"When I double-press the button, turn off the lights",버튼이 연속 두 번 눌리면 조명 전부 꺼,execute,,D4,T1,none,HOME05_LivingRoom_Light_1 HOME05_LivingRoom_Light_2 HOME05_LivingRoom_Light_3 HOME05_Kitchen_Light_1 HOME05_Bedroom_Light_1 HOME05_Bedroom_Light_2 HOME05_Study_Light_1 HOME05_Stairs_Light_1,
G02550,집,HOME12,기기제어,please kill the lights in here when the scene button is pressed.,씬 버튼이 눌리면 여기 불 다 꺼 주세요.,execute,,D4,T1,none,HOME12_Bathroom_Light_1 HOME12_Bathroom_Light_2 HOME12_Kitchen_Light_1 HOME12_LivingRoom_Light_1 HOME12_LivingRoom_Light_2 HOME12_LivingRoom_Light_3 HOME12_RoomA_Light_1 HOME12_RoomB_Light_1 HOME12_RoomC_Light_1,
G02552,집,HOME06,기기제어,Turn the air conditioner off if rain is in the forecast,비 예보가 있으면 에어컨 꺼,ask,,D4,T1,weather,HOME06_LivingRoom_AirConditioner_1 HOME06_LivingRoom_AirConditioner_2 HOME06_Bedroom_AirConditioner_1,
G02553,집,HOME07,기기제어,I'd like you to turn on the kitchen lights if my phone battery falls under 70 percent.,내 폰 배터리가 70퍼센트 아래로 떨어지면 주방 조명 켜 줬으면 해.,execute,,D4,T1,phone,HOME07_Kitchen_Light_1,
G02554,집,HOME02,기기제어,"When the washing machine finishes, run the vacuum in the living room.",세탁기가 끝나면 로봇청소기로 거실 청소해.,execute,,D4,T1,none,HOME02_LivingRoom_RobotVacuumCleaner_1,
G02555,집,HOME07,기기제어,please send the living room vacuum back to its dock as soon as the load is finished.,세탁이 끝나자마자 거실 로봇청소기 충전대로 좀 보내 줘.,execute,,D4,T1,none,HOME07_LivingRoom_RobotVacuumCleaner_1,
G02556,집,HOME18,기기제어,can you start the living room vacuum when the wash cycle ends?,세탁 코스가 끝나면 거실 로봇청소기 켜 줄래?,execute,,D4,T1,none,HOME18_LivingRoom_RobotVacuumCleaner_1,
G02557,집,HOME06,기기제어,I'd like you to stop the living room vacuum when the washing machine finishes.,세탁기가 끝나면 거실 로봇청소기 멈춰 줬으면 해.,execute,,D4,T1,none,HOME06_LivingRoom_RobotVacuumCleaner_1,
G02558,집,HOME12,기기제어,could you run the vacuum in room C as soon as the load is finished?,세탁이 끝나자마자 로봇청소기로 C방 청소해 줄 수 있어?,execute,,D4,T1,none,HOME12_LivingRoom_RobotVacuumCleaner_1,
G02559,집,HOME19,기기제어,please record this when I am away from home.,내가 집에 없으면 이거 녹화해 주세요.,execute,,D4,T1,phone,HOME19_Study_Camera_1,
G02560,집,HOME08,기기제어,can you turn on the camera after I head out?,내가 나간 뒤에 카메라 켜 줄래?,ask,,D4,T1,phone,HOME08_LivingRoom_Camera_1 HOME08_LivingRoom_Camera_2,
G02562,집,HOME18,기기제어,could you start recording on the camera when I leave home?,내가 집을 나서면 카메라 녹화 시작해 줄 수 있어?,execute,,D4,T1,phone,HOME18_Garage_Camera_1,
G02563,집,HOME07,기기제어,Stop recording on the camera when I am away from home,내가 집에 없으면 카메라 녹화 멈춰,ask,,D4,T1,phone,HOME07_Garden_Camera_1 HOME07_Garden_Camera_2,
G02565,집,HOME09,기기제어,I'd like you to make sure the entrance door lock is locked once the camera goes offline.,카메라 연결이 끊기면 현관 도어락 잠겼는지 봐 줬으면 해.,execute,,D4,T1,none,HOME09_Entrance_DoorLock_1,
G02566,집,HOME07,기기제어,Make sure the entrance door lock is locked if the camera comes on,카메라가 켜지면 현관 도어락 잠겼는지 봐 줘,execute,,D4,T1,none,HOME07_Entrance_DoorLock_1,
G02568,집,HOME20,기기제어,could you switch the bedroom lights on once everyone has left?,다들 나가고 나면 침실 조명 켜 줄 수 있어?,execute,,D4,T1,phone,HOME20_Bedroom_Light_1,
G02570,집,HOME04,기기제어,"When I am away from home, get the living room lights on.",내가 집에 없으면 거실 조명 켜.,execute,,D4,T1,phone,HOME04_LivingRoom_Light_1 HOME04_LivingRoom_Light_2 HOME04_LivingRoom_Light_3,
G02571,집,HOME05,기기제어,I'd like you to get the kitchen lights on after I head out.,내가 나간 뒤에 주방 조명 켜 줬으면 해.,execute,,D4,T1,phone,HOME05_Kitchen_Light_1,
G02572,집,HOME01,기기제어,could you put the air conditioner on cool when the temperature goes above 35 degrees?,온도가 35도를 넘으면 에어컨 냉방으로 해 줄 수 있어?,execute,,D4,T1,none,HOME01_Room_AirConditioner_1,
G02573,집,HOME03,기기제어,can you dim all the lights to 5 percent at sunrise?,해 뜰 때 모든 조명 밝기를 5퍼센트로 낮춰 줄래?,execute,,D4,T1,sun,HOME03_LivingRoom_Light_1 HOME03_LivingRoom_Light_2 HOME03_LivingRoom_Light_3 HOME03_Bedroom_Light_1 HOME03_Bedroom_Light_2 HOME03_Kitchen_Light_1 HOME03_Bathroom_Light_1 HOME03_Hallway_Light_1,
G02574,집,HOME06,기기제어,"When someone rings the doorbell, get the bathroom lights on.",누가 초인종을 누르면 욕실 조명 켜.,execute,,D4,T1,none,HOME06_Bathroom_Light_1 HOME06_Bathroom_Light_2,
G02575,집,HOME10,기기제어,please turn on the living room lights if the doorbell goes off.,초인종이 울리면 거실 조명 켜 주세요.,execute,,D4,T1,none,HOME10_LivingRoom_Light_1 HOME10_LivingRoom_Light_2,
G02576,집,HOME18,기기제어,can you put the bedroom lights on when there is somebody at the door?,문 앞에 누가 있으면 침실 조명 켜 줄래?,execute,,D4,T1,none,HOME18_Bedroom_Light_1 HOME18_Bedroom_Light_2,
G02577,집,HOME06,기기제어,I'd like you to brighten this place up when someone rings the doorbell.,누가 초인종을 누르면 여기 좀 밝게 해 줬으면 해.,ask,,D4,T1,none,HOME06_Bathroom_Light_1 HOME06_Bathroom_Light_2 HOME06_Bedroom_Light_1 HOME06_Bedroom_Light_2 HOME06_Bedroom_WindowCovering_1 HOME06_Bedroom_WindowCovering_2 HOME06_Garage_Light_1 HOME06_Garden_Light_1 HOME06_Garden_Light_2 HOME06_Hallway_Light_1 HOME06_Kitchen_Light_1 HOME06_Kitchen_Light_2 HOME06_LivingRoom_Light_1 HOME06_LivingRoom_Light_2 HOME06_LivingRoom_Light_3 HOME06_LivingRoom_Light_4 HOME06_LivingRoom_WindowCovering_1 HOME06_LivingRoom_WindowCovering_2 HOME06_LivingRoom_WindowCovering_3 HOME06_Study_Light_1,
G02578,집,HOME16,기기제어,please switch the bedroom lights to the movie scene if rain is in the forecast.,비 예보가 있으면 침실 조명 영화 모드로 바꿔 주세요.,execute,,D4,T1,weather,HOME16_Bedroom_Light_1,
G02580,집,HOME02,기기제어,I'd like you to run the night scene on the lights if the outside temperature drops below 12.,바깥 온도가 12도 아래로 떨어지면 조명 취침 모드 실행해 줬으면 해.,execute,,D4,T1,weather,HOME02_LivingRoom_Light_1 HOME02_LivingRoom_Light_2 HOME02_Bedroom_Light_1 HOME02_Kitchen_Light_1,
G02581,집,HOME09,기기제어,could you put the nursery lights into morning mode when snow is expected?,눈이 올 것 같으면 아기방 조명 아침 모드로 해 줄 수 있어?,execute,,D4,T1,weather,HOME09_BabyRoom_Light_1 HOME09_BabyRoom_ColorControl_1,
G02583,집,HOME06,기기제어,I'd like you to set the air conditioner to 24 degrees with a single press of the button.,버튼을 한 번 누르면 에어컨 24도로 맞춰 줬으면 해.,ask,,D4,T1,none,HOME06_LivingRoom_AirConditioner_1 HOME06_LivingRoom_AirConditioner_2 HOME06_Bedroom_AirConditioner_1,
G02584,집,HOME15,기기제어,could you turn on the air conditioner with one tap on the wall switch?,벽 스위치를 한 번 누르면 에어컨 켜 줄 수 있어?,execute,,D4,T1,none,HOME15_LivingRoom_AirConditioner_1,
G02586,집,HOME05,기기제어,"When I double-press the button, bring the temperature down.",버튼이 연속 두 번 눌리면 온도 좀 낮춰 줘.,ask,,D4,T1,none,HOME05_Bedroom_AirConditioner_1 HOME05_LivingRoom_AirConditioner_1 HOME05_LivingRoom_Fan_1 HOME05_LivingRoom_Thermostat_1 HOME05_LivingRoom_Thermostat_2,
G02591,집,HOME19,기기제어,could you brew a cup on the kitchen coffee maker when I press the button?,내가 버튼을 누르면 주방 커피포트로 한 잔 내려 줄 수 있어?,execute,,D4,T1,none,HOME19_Kitchen_CoffeeMaker_1,
G02594,집,HOME05,기기제어,please brighten this place up if the smoke alarm sounds.,화재 경보가 울리면 여기 좀 밝게 해 주세요.,ask,,D4,T1,none,HOME05_Bedroom_Light_1 HOME05_Bedroom_Light_2 HOME05_Kitchen_Light_1 HOME05_LivingRoom_Light_1 HOME05_LivingRoom_Light_2 HOME05_LivingRoom_Light_3 HOME05_LivingRoom_WindowCovering_1 HOME05_LivingRoom_WindowCovering_2 HOME05_Stairs_Light_1 HOME05_Study_Light_1,
G02595,집,HOME18,기기제어,can you turn on all the lights when the smoke detector reports smoke?,연기 감지기가 연기를 알리면 모든 조명 켜 줄래?,execute,,D4,T1,none,HOME18_LivingRoom_Light_1 HOME18_LivingRoom_Light_2 HOME18_LivingRoom_Light_3 HOME18_Bedroom_Light_1 HOME18_Bedroom_Light_2 HOME18_Kitchen_Light_1 HOME18_Garage_Light_1,
G02596,집,HOME08,기기제어,can you toggle the living room switch when my phone goes into sleep mode?,내 폰이 취침 모드로 들어가면 거실 스위치 껐다 켜 줄래?,execute,,D4,T1,phone,HOME08_LivingRoom_Light_1 HOME08_LivingRoom_Light_2 HOME08_LivingRoom_AirConditioner_1 HOME08_LivingRoom_AirPurifier_1 HOME08_LivingRoom_Television_1 HOME08_LivingRoom_Plug_1 HOME08_LivingRoom_Plug_2,
G02597,집,HOME20,기기제어,I'd like you to turn off the living room switch if my phone battery falls under 30 percent.,내 폰 배터리가 30퍼센트 아래로 떨어지면 거실 스위치 꺼 줬으면 해.,execute,,D4,T1,phone,HOME20_LivingRoom_Light_1 HOME20_LivingRoom_Light_2 HOME20_LivingRoom_AirConditioner_1,
G02598,집,HOME02,기기제어,could you turn on the bedroom switch when my phone connects to the home wi-fi?,내 폰이 집 와이파이에 붙으면 침실 스위치 켜 줄 수 있어?,execute,,D4,T1,phone,HOME02_Bedroom_Light_1,
G02599,집,HOME07,기기제어,can you play some music on the living room TV when the wash cycle ends?,세탁 코스가 끝나면 거실 TV로 음악 좀 틀어 줄래?,execute,,D4,T1,none,HOME07_LivingRoom_Television_1,
G02600,집,HOME18,기기제어,I'd like you to set the volume on the living room TV to 20 when the washing machine finishes.,세탁기가 끝나면 거실 TV 볼륨 20으로 맞춰 줬으면 해.,execute,,D4,T1,none,HOME18_LivingRoom_Television_1,
G02601,집,HOME06,기기제어,could you pause the living room TV as soon as the load is finished?,세탁이 끝나자마자 거실 TV 일시정지해 줄 수 있어?,execute,,D4,T1,none,HOME06_LivingRoom_Television_1,
G02602,집,HOME12,기기제어,Put something on when the wash cycle ends,세탁 코스가 끝나면 뭐라도 틀어 줘,ask,,D4,T1,none,HOME12_LivingRoom_Speaker_1 HOME12_LivingRoom_Television_1,
G02603,집,HOME15,기기제어,I'd like you to close the blinds if the outside temperature drops below 5.,바깥 온도가 5도 아래로 떨어지면 블라인드 전부 닫아 줬으면 해.,execute,,D4,T1,weather,HOME15_LivingRoom_WindowCovering_1 HOME15_LivingRoom_WindowCovering_2 HOME15_LivingRoom_WindowCovering_3,
G02604,집,HOME03,기기제어,could you lower the blinds to 50 percent when snow is expected?,눈이 올 것 같으면 블라인드 전부 50퍼센트까지 내려 줄 수 있어?,execute,,D4,T1,weather,HOME03_LivingRoom_WindowCovering_1 HOME03_LivingRoom_WindowCovering_2,
G02605,집,HOME15,기기제어,Raise the blinds if the outside temperature drops below 5,바깥 온도가 5도 아래로 떨어지면 블라인드 전부 올려,execute,,D4,T1,weather,HOME15_LivingRoom_WindowCovering_1 HOME15_LivingRoom_WindowCovering_2 HOME15_LivingRoom_WindowCovering_3,
G02606,집,HOME03,기기제어,"When it gets hot outside, open the blinds.",바깥이 더워지면 블라인드 전부 열어.,execute,,D4,T1,weather,HOME03_LivingRoom_WindowCovering_1 HOME03_LivingRoom_WindowCovering_2,
G02607,집,HOME12,기기제어,could you toggle the room B light the moment something moves in the entrance?,현관에서 뭔가 움직이는 순간 B방 조명 껐다 켜 줄 수 있어?,execute,,D4,T1,none,HOME12_RoomB_Light_1,
G02609,집,HOME12,기기제어,"If motion is detected in the kitchen, turn on the room B light.",주방에서 움직임이 감지되면 B방 조명 켜.,execute,,D4,T1,none,HOME12_RoomB_Light_1,
G02610,집,HOME19,기기제어,Take the chill off if power draw stays above 500 watts,전력 사용이 500와트를 계속 넘고 있으면 한기 좀 없애 줘,ask,,D4,T1,none,HOME19_LivingRoom_AirConditioner_1 HOME19_LivingRoom_Thermostat_1 HOME19_Study_AirConditioner_1,
G02611,집,HOME11,기기제어,"When energy use spikes, put the room thermostat on 19 degrees.",전력 사용이 급증하면 방 온도조절기 19도로 해.,execute,,D4,T1,none,HOME11_Room_Thermostat_1,
G02612,집,HOME06,기기제어,can you get water to the field if the forecast says frost?,서리 예보가 있으면 밭에 물 좀 줄래?,ask,,D4,T1,weather,HOME06_Garden_Sprinkler_1 HOME06_Garden_Valve_1,
G02617,집,HOME01,기기제어,could you dim the room lights to 20 percent every night at midnight?,매일 자정에 방 조명 밝기를 20퍼센트로 낮춰 줄 수 있어?,execute,,D6,T1,none,HOME01_Room_Light_1 HOME01_Room_Light_2,
G02618,집,HOME16,기기제어,I'd like you to turn the bedroom lights up to 80 percent if the outside temperature drops below 0.,바깥 온도가 0도 아래로 떨어지면 침실 조명 밝기를 80퍼센트까지 올려 줬으면 해.,execute,,D4,T1,weather,HOME16_Bedroom_Light_1,
G02620,집,HOME02,기기제어,Make it dimmer if the forecast says frost,서리 예보가 있으면 좀 더 어둡게 해 줘,execute,,D4,T1,weather,HOME02_Bedroom_Light_1 HOME02_Kitchen_Light_1 HOME02_LivingRoom_Light_1 HOME02_LivingRoom_Light_2,
G02621,집,HOME04,알림예약,could you announce it when the living room is occupied?,거실에 사람이 있으면 방송해 줄 수 있어?,execute,,D4,T1,none,,Speaker.Speak
G02623,집,HOME16,상태조회,How much power is the bedroom switch using if the forecast says frost,서리 예보가 있으면 침실 스위치 전력 얼마나 쓰고 있어,execute,,D4,T1,weather,HOME16_Bedroom_Light_1,NotificationProvider.SendPush
G02626,집,HOME07,상태조회,can you tell me the temperature in the living room when it gets hot outside?,바깥이 더워지면 거실 온도 알려 줄래?,execute,,D4,T1,weather,HOME07_LivingRoom_TemperatureSensor_1 HOME07_LivingRoom_TemperatureSensor_2,NotificationProvider.SendPush
G02628,집,HOME05,기기제어,please light up the study lights when the door closes.,문이 닫히면 서재 조명 켜 주세요.,execute,,D4,T1,none,HOME05_Study_Light_1,
G02629,집,HOME12,기기제어,can you switch the room C lights on if a window is left open?,창문이 열린 채로 있으면 C방 조명 켜 줄래?,execute,,D4,T1,none,HOME12_RoomC_Light_1,
G02631,집,HOME11,기기제어,"When the temperature goes above 26 degrees, turn on the room plug",온도가 26도를 넘으면 방 플러그 켜,execute,,D4,T1,none,HOME11_Room_Plug_1 HOME11_Room_Plug_2,
G02633,집,HOME03,기기제어,Set the bedroom lights brightness to 10 percent as soon as I arrive home,집에 도착하자마자 침실 조명 밝기를 10퍼센트로 맞춰,execute,,D4,T1,phone,HOME03_Bedroom_Light_1 HOME03_Bedroom_Light_2,
G02634,집,HOME13,기기제어,"Once I am back home, dim the living room lights to 25 percent",내가 집에 돌아오면 거실 조명 밝기를 25퍼센트로 낮춰,execute,,D4,T1,phone,HOME13_LivingRoom_Light_1 HOME13_LivingRoom_Light_2 HOME13_LivingRoom_Light_3,
G02635,집,HOME13,기기제어,Tidy the floor when I pull into the driveway,차를 집 앞에 대면 바닥 정리해 줘,execute,,D4,T1,phone,HOME13_LivingRoom_RobotVacuumCleaner_1,
G02636,집,HOME05,기기제어,"When I am close to home, run the vacuum in the entrance.",내가 집 근처에 오면 로봇청소기로 현관 청소해.,execute,,D4,T1,phone,HOME05_LivingRoom_RobotVacuumCleaner_1,
G02638,집,HOME08,기기제어,can you start the vacuum once I am back home?,내가 집에 돌아오면 로봇청소기 켜 줄래?,execute,,D4,T1,phone,HOME08_LivingRoom_RobotVacuumCleaner_1,
G02640,집,HOME07,기기제어,please stop recording on the garden camera if rain is in the forecast.,비 예보가 있으면 마당 카메라 녹화 멈춰 주세요.,execute,,D4,T1,weather,HOME07_Garden_Camera_1 HOME07_Garden_Camera_2,
G02643,집,HOME16,기기제어,please switch the living room lights to the dinner scene if the temperature drops below 12 degrees.,온도가 12도 아래로 떨어지면 거실 조명 저녁 식사 모드로 바꿔 주세요.,execute,,D4,T1,none,HOME16_LivingRoom_Light_1 HOME16_LivingRoom_Light_2,
G02647,집,HOME05,기기제어,could you turn on the switch when snow is expected?,눈이 올 것 같으면 스위치 켜 줄 수 있어?,ask,,D4,T1,weather,HOME05_LivingRoom_Light_1 HOME05_LivingRoom_Light_2 HOME05_LivingRoom_Light_3 HOME05_Kitchen_Light_1 HOME05_Bedroom_Light_1 HOME05_Bedroom_Light_2 HOME05_Study_Light_1 HOME05_Stairs_Light_1 HOME05_LivingRoom_AirConditioner_1 HOME05_Bedroom_AirConditioner_1,
G02648,집,HOME06,알림예약,Give me a heads-up when someone rings the doorbell.,누가 초인종을 누르면 꼭 알려 줘.,execute,,D4,T1,none,,NotificationProvider.SendPush
G02649,집,HOME10,알림예약,could you let me know if the doorbell goes off?,초인종이 울리면 알려 줄 수 있어?,execute,,D4,T1,none,,Speaker.Speak
G02650,집,HOME07,기기제어,please send the mower back to the dock if rain is in the forecast.,비 예보가 있으면 잔디깎이 충전대로 좀 보내 줘.,execute,,D4,T1,weather,HOME07_Garden_Mower_1,
G02651,집,HOME06,기기제어,can you park the mower if the forecast says frost?,서리 예보가 있으면 잔디깎이 정위치로 보내 줄래?,execute,,D4,T1,weather,HOME06_Garden_Mower_1,
G02652,집,HOME08,기기제어,please cut the standby draw if rain is in the forecast.,비 예보가 있으면 대기전력 좀 줄여 줘.,ask,,D4,T1,weather,HOME08_Bedroom_Light_1 HOME08_Kitchen_Light_1 HOME08_LivingRoom_AirConditioner_1 HOME08_LivingRoom_AirPurifier_1 HOME08_LivingRoom_Fan_1 HOME08_LivingRoom_Light_1 HOME08_LivingRoom_Light_2 HOME08_LivingRoom_Plug_1 HOME08_LivingRoom_Plug_2 HOME08_LivingRoom_Television_1,
G02653,집,HOME15,기기제어,can you switch the smart plug 2 off when it gets hot outside?,바깥이 더워지면 스마트 Wi-Fi 플러그 2 꺼 줄래?,execute,,D4,T1,weather,HOME15_LivingRoom_Plug_2,
G02654,집,HOME19,기기제어,I'd like you to turn on the study plug if the outside temperature drops below 5.,바깥 온도가 5도 아래로 떨어지면 서재 플러그 켜 줬으면 해.,execute,,D4,T1,weather,HOME19_Study_Plug_1 HOME19_Study_Plug_2 HOME19_Study_Plug_3,
G02656,집,HOME17,기기제어,could you cut power to the room plug the moment something moves in room?,방에서 뭔가 움직이는 순간 방 플러그 전원 차단해 줄 수 있어?,execute,,D4,T1,none,HOME17_Room_Plug_1 HOME17_Room_Plug_2,
G02657,집,HOME07,기기제어,I'd like you to make the lights daylight white when the smoke detector goes off.,연기 감지기가 울리면 조명 전부 주광색으로 해 줬으면 해.,execute,,D4,T1,none,HOME07_LivingRoom_Light_1 HOME07_LivingRoom_Light_2 HOME07_LivingRoom_Light_3 HOME07_Bedroom_Light_1 HOME07_Bedroom_Light_2 HOME07_Kitchen_Light_1 HOME07_Garden_Light_1 HOME07_Garden_Light_2 HOME07_Garden_Light_3 HOME07_Barn_Light_1,
G02660,집,HOME16,기기제어,could you set a calmer tone when my phone goes into sleep mode?,내 폰이 취침 모드로 들어가면 차분한 톤으로 맞춰 줄 수 있어?,execute,,D4,T1,phone,HOME16_Bedroom_Light_1 HOME16_Garden_Light_1 HOME16_LivingRoom_Light_1 HOME16_LivingRoom_Light_2,
G02662,집,HOME06,기기제어,"When my phone connects to the home wi-fi, set all the lights to amber.",내 폰이 집 와이파이에 붙으면 모든 조명 호박색으로 바꿔.,execute,,D4,T1,phone,HOME06_LivingRoom_Light_1 HOME06_LivingRoom_Light_2 HOME06_LivingRoom_Light_3 HOME06_LivingRoom_Light_4 HOME06_Kitchen_Light_1 HOME06_Kitchen_Light_2 HOME06_Bedroom_Light_1 HOME06_Bedroom_Light_2 HOME06_Study_Light_1 HOME06_Bathroom_Light_1 HOME06_Bathroom_Light_2 HOME06_Hallway_Light_1 HOME06_Garden_Light_1 HOME06_Garden_Light_2 HOME06_Garage_Light_1,
G02663,집,HOME12,기기제어,Get the room C light on when the wash cycle ends,세탁 코스가 끝나면 C방 조명 켜,execute,,D4,T1,none,HOME12_RoomC_Light_1,
G02664,집,HOME02,기기제어,"When the washing machine finishes, turn on the living room lights",세탁기가 끝나면 거실 조명 켜,execute,,D4,T1,none,HOME02_LivingRoom_Light_1 HOME02_LivingRoom_Light_2,
G02665,집,HOME07,기기제어,please put the living room lights on as soon as the load is finished.,세탁이 끝나자마자 거실 조명 좀 켜 줘.,execute,,D4,T1,none,HOME07_LivingRoom_Light_1 HOME07_LivingRoom_Light_2 HOME07_LivingRoom_Light_3,
G02666,집,HOME06,기기제어,"At 9 am, close the garage door",오전 9시에 차고문 닫아,execute,,D6,T1,none,HOME06_Garage_GarageDoor_1,
G02667,집,HOME07,기기제어,please open the garage door every day at 6:30 am.,매일 오전 6시 30분에 차고문 좀 열어 줘.,execute,,D6,T1,none,HOME07_Garage_GarageDoor_1,
G02668,집,HOME15,기기제어,can you shut the entrance garage door at 8 am on weekdays?,평일 오전 8시에 현관 차고문 닫아 줄래?,execute,,D6,T1,none,HOME15_Entrance_GarageDoor_1,
G02669,집,HOME13,기기제어,please block the sun when the scene button is pressed.,씬 버튼이 눌리면 햇빛 좀 막아 줘.,execute,,D4,T1,none,HOME13_Bedroom_WindowCovering_1 HOME13_Bedroom_WindowCovering_2 HOME13_LivingRoom_WindowCovering_1 HOME13_LivingRoom_WindowCovering_2 HOME13_LivingRoom_WindowCovering_3 HOME13_Study_WindowCovering_1,
G02670,집,HOME13,기기제어,Make it dark when I am close to home.,내가 집 근처에 오면 어둡게 해 줘.,ask,,D4,T1,phone,HOME13_Bedroom_Light_1 HOME13_Bedroom_Light_2 HOME13_Bedroom_WindowCovering_1 HOME13_Bedroom_WindowCovering_2 HOME13_Kitchen_Light_1 HOME13_LivingRoom_Light_1 HOME13_LivingRoom_Light_2 HOME13_LivingRoom_Light_3 HOME13_LivingRoom_WindowCovering_1 HOME13_LivingRoom_WindowCovering_2 HOME13_LivingRoom_WindowCovering_3 HOME13_Study_Light_1 HOME13_Study_WindowCovering_1,
G02671,집,HOME06,기기제어,Shut all the garage doors when I leave home,내가 집을 나서면 모든 차고문 닫아,execute,,D4,T1,phone,HOME06_Garage_GarageDoor_1,
G02672,집,HOME06,기기제어,Shut the garage door when I am away from home,내가 집에 없으면 차고문 닫아,execute,,D4,T1,phone,HOME06_Garage_GarageDoor_1,
G02673,집,HOME15,기기제어,"After I head out, close the garage door",내가 나간 뒤에 차고문 닫아,execute,,D4,T1,phone,HOME15_Entrance_GarageDoor_1,
G02674,집,HOME18,기기제어,Turn on the living room TV when there is somebody at the door.,문 앞에 누가 있으면 거실 TV 켜.,execute,,D4,T1,none,HOME18_LivingRoom_Television_1,
G02675,집,HOME06,기기제어,can you set the volume on the living room TV to 30 when there is somebody at the door?,문 앞에 누가 있으면 거실 TV 볼륨 30으로 맞춰 줄래?,execute,,D4,T1,none,HOME06_LivingRoom_Television_1,
G02676,집,HOME18,기기제어,please turn on all the TVs if the doorbell goes off.,초인종이 울리면 모든 TV 좀 켜 줘.,execute,,D4,T1,none,HOME18_LivingRoom_Television_1,
G02677,집,HOME03,기기제어,"After I head out, run the vacuum in the bedroom.",내가 나간 뒤에 로봇청소기로 침실 청소해.,execute,,D4,T1,phone,HOME03_LivingRoom_RobotVacuumCleaner_1,
G02678,집,HOME15,기기제어,please send the Samsung robot vacuum back to its dock once everyone has left.,다들 나가고 나면 삼성 로봇청소기 충전대로 보내 주세요.,execute,,D4,T1,phone,HOME15_LivingRoom_RobotVacuumCleaner_1,
G02679,집,HOME06,기기제어,can you clean up in here when I leave home?,내가 집을 나서면 여기 좀 치워 줄래?,ask,,D4,T1,phone,HOME06_Garden_Mower_1 HOME06_LivingRoom_RobotVacuumCleaner_1,
G02680,집,HOME16,기기제어,please set the utility water heater to 50 degrees when I double-press the button.,버튼이 연속 두 번 눌리면 다용도실 온수기 50도로 좀 맞춰 줘.,execute,,D4,T1,none,HOME16_Utility_WaterHeater_1,
G02681,집,HOME07,기기제어,can you turn the utility water heater off when the scene button is pressed?,씬 버튼이 눌리면 다용도실 온수기 꺼 줄래?,execute,,D4,T1,none,HOME07_Utility_WaterHeater_1,
G02682,집,HOME06,기기제어,I'd like you to turn on the utility water heater with a single press of the button.,버튼을 한 번 누르면 다용도실 온수기 켜 줬으면 해.,execute,,D4,T1,none,HOME06_Utility_WaterHeater_1,
G02683,집,HOME06,기기제어,can you shut the garage door when I get home?,내가 집에 오면 차고문 닫아 줄래?,execute,,D4,T1,phone,HOME06_Garage_GarageDoor_1,
G02684,집,HOME15,기기제어,I'd like you to close the garage door when I pull into the driveway.,차를 집 앞에 대면 차고문 닫아 줬으면 해.,execute,,D4,T1,phone,HOME15_Entrance_GarageDoor_1,
G02685,집,HOME18,기기제어,could you open the garage door when I am close to home?,내가 집 근처에 오면 차고문 열어 줄 수 있어?,execute,,D4,T1,phone,HOME18_Garage_GarageDoor_1,
G02686,집,HOME20,기기제어,I'd like you to turn the heating up to 20 once it gets dark outside.,바깥이 어두워지면 난방 20도로 올려 줬으면 해.,execute,,D4,T1,sun,HOME20_LivingRoom_Thermostat_1,
G02687,집,HOME11,기기제어,could you set the room thermostat to 18 degrees once it gets dark outside?,바깥이 어두워지면 방 온도조절기 18도로 맞춰 줄 수 있어?,execute,,D4,T1,sun,HOME11_Room_Thermostat_1,
G02689,집,HOME08,기기제어,could you change the living room lights to amber after I head out?,내가 나간 뒤에 거실 조명 호박색으로 바꿔 줄 수 있어?,execute,,D4,T1,phone,HOME08_LivingRoom_Light_1 HOME08_LivingRoom_Light_2,
G02690,집,HOME20,기기제어,Make the living room lights green once everyone has left,다들 나가고 나면 거실 조명 초록색으로 해,execute,,D4,T1,phone,HOME20_LivingRoom_Light_1 HOME20_LivingRoom_Light_2,
G02691,집,HOME15,기기제어,can you close the entrance garage door when the camera starts recording?,카메라가 녹화를 시작하면 현관 차고문 닫아 줄래?,execute,,D4,T1,none,HOME15_Entrance_GarageDoor_1,
G02692,집,HOME16,기기제어,I'd like you to shut the garden garage door once the camera goes offline.,카메라 연결이 끊기면 마당 차고문 닫아 줬으면 해.,execute,,D4,T1,none,HOME16_Garden_GarageDoor_1,
G02694,집,HOME02,기기제어,I'd like you to lock the entrance door lock every morning at 5:30 am.,매일 새벽 5시 30분에 현관 도어락 잠가 줬으면 해.,execute,,D6,T1,none,HOME02_Entrance_DoorLock_1,
G02695,집,HOME09,기기제어,could you unlock the entrance door lock every night at 11 pm?,매일 밤 11시에 현관 도어락 열어 줄 수 있어?,execute,,D6,T1,none,HOME09_Entrance_DoorLock_1,
G02696,집,HOME16,기기제어,I'd like you to kill the lights when the motion sensor detects movement.,동작 감지 센서가 움직임을 감지하면 조명 전부 꺼 줬으면 해.,execute,,D4,T1,none,HOME16_LivingRoom_Light_1 HOME16_LivingRoom_Light_2 HOME16_Bedroom_Light_1 HOME16_Garden_Light_1,
G02697,집,HOME01,기기제어,could you kill the lights in here the moment something moves in the entrance?,현관에서 뭔가 움직이는 순간 여기 불 다 꺼 줄 수 있어?,execute,,D4,T1,none,HOME01_Room_Light_1 HOME01_Room_Light_2,
G02698,집,HOME16,기기제어,Switch the lights off when the motion sensor picks something up,동작 감지 센서에 뭔가 잡히면 조명 전부 꺼,execute,,D4,T1,none,HOME16_LivingRoom_Light_1 HOME16_LivingRoom_Light_2 HOME16_Bedroom_Light_1 HOME16_Garden_Light_1,
G02700,집,HOME01,기기제어,"When the switch turns on, get the room lights on.",스위치가 켜지면 방 조명 켜.,execute,,D4,T1,none,HOME01_Room_Light_1 HOME01_Room_Light_2,
G02701,집,HOME01,기기제어,Run the room fan for 15 minutes if rain is in the forecast,비 예보가 있으면 방 선풍기를 15분 동안 돌려,execute,,D4,T1,weather,HOME01_Room_Fan_1 HOME01_Room_Fan_2,
G02702,집,HOME10,기기제어,"When it starts raining, turn on the living room fan.",비가 오기 시작하면 거실 선풍기 켜.,execute,,D4,T1,weather,HOME10_LivingRoom_Fan_1,
G02703,집,HOME03,기기제어,please set the living room fan to high when snow is expected.,눈이 올 것 같으면 거실 선풍기 세게 좀 틀어 줘.,execute,,D4,T1,weather,HOME03_LivingRoom_Fan_1 HOME03_LivingRoom_Fan_2,
G02704,집,HOME16,기기제어,"When the door closes, put the thermostat on 20 degrees.",문이 닫히면 온도조절기 20도로 해.,execute,,D4,T1,none,HOME16_LivingRoom_Thermostat_1,
G02705,집,HOME05,기기제어,please take the chill off when the door sensor says the door is open.,문열림 센서가 문이 열렸다고 알리면 한기 좀 없애 주세요.,ask,,D4,T1,none,HOME05_Bedroom_AirConditioner_1 HOME05_LivingRoom_AirConditioner_1 HOME05_LivingRoom_Thermostat_1 HOME05_LivingRoom_Thermostat_2,
G02706,집,HOME19,기기제어,can you set the thermostat to 18 degrees when the door closes?,문이 닫히면 온도조절기 18도로 맞춰 줄래?,execute,,D4,T1,none,HOME19_LivingRoom_Thermostat_1,
G02707,집,HOME04,기기제어,please switch all the switches on if the temperature drops below 12 degrees.,온도가 12도 아래로 떨어지면 모든 스위치 좀 켜 줘.,execute,,D4,T1,none,HOME04_LivingRoom_Light_1 HOME04_LivingRoom_Light_2 HOME04_LivingRoom_Light_3 HOME04_Bedroom_Light_1 HOME04_Bedroom_Light_2 HOME04_Study_Light_1 HOME04_Study_Light_2 HOME04_Kitchen_Light_1 HOME04_LivingRoom_AirConditioner_1 HOME04_Bedroom_AirConditioner_1 HOME04_Study_AirConditioner_1 HOME04_LivingRoom_AirPurifier_1 HOME04_Bedroom_AirPurifier_1 HOME04_LivingRoom_Television_1 HOME04_Bedroom_Television_1,
G02708,집,HOME18,기기제어,I'd like you to turn off all the switches when the temperature goes above 26 degrees.,온도가 26도를 넘으면 모든 스위치 꺼 줬으면 해.,execute,,D4,T1,none,HOME18_LivingRoom_Light_1 HOME18_LivingRoom_Light_2 HOME18_LivingRoom_Light_3 HOME18_Bedroom_Light_1 HOME18_Bedroom_Light_2 HOME18_Kitchen_Light_1 HOME18_Garage_Light_1 HOME18_LivingRoom_AirConditioner_1 HOME18_Bedroom_AirConditioner_1 HOME18_LivingRoom_Television_1,
G02709,집,HOME03,기기제어,can you open the living room blinds as soon as I arrive home?,집에 도착하자마자 거실 블라인드 열어 줄래?,execute,,D4,T1,phone,HOME03_LivingRoom_WindowCovering_1 HOME03_LivingRoom_WindowCovering_2,
G02711,집,HOME06,기기제어,Shut the garage door if the forecast says frost,서리 예보가 있으면 차고문 닫아,execute,,D4,T1,weather,HOME06_Garage_GarageDoor_1,
G02712,집,HOME15,기기제어,"When it starts raining, close the entrance garage door",비가 오기 시작하면 현관 차고문 닫아,execute,,D4,T1,weather,HOME15_Entrance_GarageDoor_1,
G02713,집,HOME18,기기제어,please open the garage door if rain is in the forecast.,비 예보가 있으면 차고문 열어 주세요.,execute,,D4,T1,weather,HOME18_Garage_GarageDoor_1,
G02715,집,HOME08,기기제어,can you turn on the living room camera when the door sensor says the door is open?,문열림 센서가 문이 열렸다고 알리면 거실 카메라 켜 줄래?,execute,,D4,T1,none,HOME08_LivingRoom_Camera_1 HOME08_LivingRoom_Camera_2,
G02716,집,HOME03,기기제어,please send the vacuum back to its dock with a single press of the button.,버튼을 한 번 누르면 로봇청소기 충전대로 좀 보내 줘.,execute,,D4,T1,none,HOME03_LivingRoom_RobotVacuumCleaner_1,
G02717,집,HOME13,기기제어,can you start the vacuum with one tap on the wall switch?,벽 스위치를 한 번 누르면 로봇청소기 켜 줄래?,execute,,D4,T1,none,HOME13_LivingRoom_RobotVacuumCleaner_1,
G02718,집,HOME05,기기제어,I'd like you to stop the vacuum when I press the button.,내가 버튼을 누르면 로봇청소기 멈춰 줬으면 해.,execute,,D4,T1,none,HOME05_LivingRoom_RobotVacuumCleaner_1,
G02719,집,HOME01,기기제어,can you put all the air conditioners on cool at noon on weekdays?,평일 정오에 모든 에어컨 냉방으로 해 줄래?,execute,,D6,T1,none,HOME01_Room_AirConditioner_1,
G02720,집,HOME08,기기제어,I'd like you to set all the air conditioners to 21 degrees every morning at 9 am.,매일 오전 9시에 모든 에어컨 21도로 맞춰 줬으면 해.,execute,,D6,T1,none,HOME08_LivingRoom_AirConditioner_1,
G02721,집,HOME18,기기제어,could you turn on all the air conditioners every night at 11:30 pm?,매일 밤 11시 30분에 모든 에어컨 켜 줄 수 있어?,execute,,D6,T1,none,HOME18_LivingRoom_AirConditioner_1 HOME18_Bedroom_AirConditioner_1,
G02722,집,HOME07,기기제어,could you turn on the entrance switch if any sensor battery is running low?,센서 배터리가 얼마 안 남으면 현관 스위치 켜 줄 수 있어?,execute,,D4,T1,none,HOME07_Entrance_Siren_1,
G02725,집,HOME15,기기제어,Turn the TV off if the meter reads above 2000,계량기가 2000을 넘으면 TV 꺼,execute,,D4,T1,none,HOME15_LivingRoom_Television_1,
G02726,집,HOME08,기기제어,"When power draw goes over 800 watts, turn on the TV.",전력 사용이 800와트를 넘으면 TV 켜.,execute,,D4,T1,none,HOME08_LivingRoom_Television_1,
G02728,집,HOME06,기기제어,could you get some air moving when the sun comes up?,해가 뜨면 바람 좀 통하게 해 줄 수 있어?,ask,,D4,T1,sun,HOME06_Bathroom_Fan_1 HOME06_Bedroom_AirConditioner_1 HOME06_LivingRoom_AirConditioner_1 HOME06_LivingRoom_AirConditioner_2 HOME06_LivingRoom_Thermostat_1,
G02729,집,HOME08,기기제어,I'd like you to set all the lights brightness to 70 percent when the motion sensor picks something up.,동작 감지 센서에 뭔가 잡히면 모든 조명 밝기를 70퍼센트로 맞춰 줬으면 해.,execute,,D4,T1,none,HOME08_LivingRoom_Light_1 HOME08_LivingRoom_Light_2 HOME08_Bedroom_Light_1 HOME08_Kitchen_Light_1,
G02732,집,HOME07,상태조회,Tell me the temperature in the entrance when I get home,내가 집에 오면 현관 온도 알려 줘,execute,,D4,T1,phone,HOME07_LivingRoom_TemperatureSensor_1 HOME07_LivingRoom_TemperatureSensor_2 HOME07_Garden_TemperatureSensor_1,NotificationProvider.SendPush
G02733,집,HOME19,상태조회,"When I pull into the driveway, check whether the study light 2 is on",차를 집 앞에 대면 서재 조명 2 켜져 있는지 확인해 줘,execute,,D4,T1,phone,HOME19_Study_Light_2,NotificationProvider.SendPush
G02734,집,HOME18,기기제어,Make sure the entrance door lock is locked as soon as I arrive home,집에 도착하자마자 현관 도어락 잠겼는지 봐 줘,execute,,D4,T1,phone,HOME18_Entrance_DoorLock_1,
G02735,집,HOME02,기기제어,"Once I am back home, lock the entrance door lock.",내가 집에 돌아오면 현관 도어락 잠가.,execute,,D4,T1,phone,HOME02_Entrance_DoorLock_1,
G02736,집,HOME18,기기제어,"As soon as I arrive home, lock things up",집에 도착하자마자 다 잠가 줘,execute,,D4,T1,phone,HOME18_Entrance_DoorLock_1,
G02737,집,HOME20,기기제어,"At midnight, announce it on the speaker",자정에 스피커로 알려,execute,,D6,T1,none,HOME20_Kitchen_Speaker_1,
G02743,집,HOME07,기기제어,I'd like you to run the garden sprinkler for 15 minutes on Saturday at 7 am.,토요일 오전 7시에 마당 스프링클러를 15분 동안 돌려 줬으면 해.,execute,,D6,T1,none,HOME07_Garden_Sprinkler_1 HOME07_Garden_Sprinkler_2,
G02744,집,HOME06,기기제어,could you get water to the field every night at midnight?,매일 자정에 밭에 물 좀 줄 수 있어?,ask,,D6,T1,none,HOME06_Garden_Sprinkler_1 HOME06_Garden_Valve_1,
G02745,집,HOME20,알림예약,I'd like you to tell me about it when the smoke detector goes off.,연기 감지기가 울리면 알려 줬으면 해.,execute,,D4,T1,none,,NotificationProvider.SendPush
G02747,집,HOME04,상태조회,"After I head out, check whether the living room fan is on.",내가 나간 뒤에 거실 선풍기 켜져 있는지 확인해 줘.,execute,,D4,T1,phone,HOME04_LivingRoom_Fan_1,NotificationProvider.SendPush
G02748,집,HOME15,상태조회,How much power is the living room plug using once everyone has left.,다들 나가고 나면 거실 플러그 전력 얼마나 쓰고 있어.,execute,,D4,T1,phone,HOME15_LivingRoom_Plug_1 HOME15_LivingRoom_Plug_2 HOME15_LivingRoom_Plug_3,NotificationProvider.SendPush
G02750,집,HOME15,기기제어,please turn the air purifier off when I get home.,내가 집에 오면 공기청정기 꺼 주세요.,ask,,D4,T1,phone,HOME15_LivingRoom_AirPurifier_1 HOME15_Bedroom_AirPurifier_1,
G02751,집,HOME04,기기제어,can you run the air purifier on turbo when I pull into the driveway?,차를 집 앞에 대면 공기청정기 터보로 돌려 줄래?,ask,,D4,T1,phone,HOME04_LivingRoom_AirPurifier_1 HOME04_Bedroom_AirPurifier_1,
G02753,집,HOME13,기기제어,can you play a chime on the living room speaker once I am back home?,내가 집에 돌아오면 거실 스피커로 알림음 울려 줄래?,execute,,D4,T1,phone,HOME13_LivingRoom_Speaker_1 HOME13_LivingRoom_Speaker_2,
G02755,집,HOME05,기기제어,could you say it out loud on the bedroom speaker when I pull into the driveway?,차를 집 앞에 대면 침실 스피커로 소리 내서 알려 줄 수 있어?,execute,,D4,T1,phone,HOME05_Bedroom_Speaker_1,
G02756,집,HOME02,기기제어,I'd like you to put the living room air purifier on auto when the washing machine finishes.,세탁기가 끝나면 거실 공기청정기 자동 모드로 해 줬으면 해.,execute,,D4,T1,none,HOME02_LivingRoom_AirPurifier_1,
G02757,집,HOME02,기기제어,could you turn on the living room air purifier as soon as the load is finished?,세탁이 끝나자마자 거실 공기청정기 켜 줄 수 있어?,execute,,D4,T1,none,HOME02_LivingRoom_AirPurifier_1,
G02758,집,HOME02,기기제어,Turn the living room air purifier off when the wash cycle ends,세탁 코스가 끝나면 거실 공기청정기 꺼,execute,,D4,T1,none,HOME02_LivingRoom_AirPurifier_1,
G02759,집,HOME03,기기제어,could you raise the blinds after I head out?,내가 나간 뒤에 블라인드 전부 올려 줄 수 있어?,execute,,D4,T1,phone,HOME03_LivingRoom_WindowCovering_1 HOME03_LivingRoom_WindowCovering_2,
G02760,집,HOME15,기기제어,Open the blinds once everyone has left,다들 나가고 나면 블라인드 전부 열어,execute,,D4,T1,phone,HOME15_LivingRoom_WindowCovering_1 HOME15_LivingRoom_WindowCovering_2 HOME15_LivingRoom_WindowCovering_3,
G02761,집,HOME04,기기제어,"When I leave home, pull the blinds shut.",내가 집을 나서면 블라인드 전부 닫아.,execute,,D4,T1,phone,HOME04_LivingRoom_WindowCovering_1 HOME04_LivingRoom_WindowCovering_2,
G02762,집,HOME11,기기제어,Turn all the lights up to 90 percent when I am away from home,내가 집에 없으면 모든 조명 밝기를 90퍼센트까지 올려,execute,,D4,T1,phone,HOME11_Room_Light_1 HOME11_Room_Light_2 HOME11_Kitchen_Light_1 HOME11_Bathroom_Light_1,
G02764,집,HOME03,기기제어,please set all the lights brightness to 90 percent once everyone has left.,다들 나가고 나면 모든 조명 밝기를 90퍼센트로 좀 맞춰 줘.,execute,,D4,T1,phone,HOME03_LivingRoom_Light_1 HOME03_LivingRoom_Light_2 HOME03_LivingRoom_Light_3 HOME03_Bedroom_Light_1 HOME03_Bedroom_Light_2 HOME03_Kitchen_Light_1 HOME03_Bathroom_Light_1 HOME03_Hallway_Light_1,
G02765,집,HOME08,기기제어,"When I leave home, turn on the living room plug",내가 집을 나서면 거실 플러그 켜,execute,,D4,T1,phone,HOME08_LivingRoom_Plug_1 HOME08_LivingRoom_Plug_2,
G02766,집,HOME11,기기제어,please cut power to the room plug when I am away from home.,내가 집에 없으면 방 플러그 전원 차단해 주세요.,execute,,D4,T1,phone,HOME11_Room_Plug_1 HOME11_Room_Plug_2,
G02767,집,HOME15,기기제어,can you switch the smart plug 1 off after I head out?,내가 나간 뒤에 스마트 Wi-Fi 플러그 1 꺼 줄래?,execute,,D4,T1,phone,HOME15_LivingRoom_Plug_1,
G02768,집,HOME19,기기제어,could you run the study air purifier on turbo when the temperature goes above 32 degrees?,온도가 32도를 넘으면 서재 공기청정기 터보로 돌려 줄 수 있어?,execute,,D4,T1,none,HOME19_Study_AirPurifier_1,
G02769,집,HOME03,기기제어,could you lower the living room blinds to 10 percent when my phone connects to the home wi-fi?,내 폰이 집 와이파이에 붙으면 거실 블라인드 10퍼센트까지 내려 줄 수 있어?,execute,,D4,T1,phone,HOME03_LivingRoom_WindowCovering_1 HOME03_LivingRoom_WindowCovering_2,
G02770,집,HOME04,기기제어,"When my phone goes into sleep mode, open the living room blinds.",내 폰이 취침 모드로 들어가면 거실 블라인드 열어.,execute,,D4,T1,phone,HOME04_LivingRoom_WindowCovering_1 HOME04_LivingRoom_WindowCovering_2,
G02771,집,HOME12,기기제어,"When the washing machine finishes, toggle all the switches",세탁기가 끝나면 모든 스위치 껐다 켜,execute,,D4,T1,none,HOME12_RoomA_Light_1 HOME12_RoomB_Light_1 HOME12_RoomC_Light_1 HOME12_LivingRoom_Light_1 HOME12_LivingRoom_Light_2 HOME12_LivingRoom_Light_3 HOME12_Kitchen_Light_1 HOME12_Bathroom_Light_1 HOME12_Bathroom_Light_2 HOME12_LivingRoom_AirConditioner_1 HOME12_RoomA_AirConditioner_1 HOME12_RoomB_AirConditioner_1 HOME12_RoomC_AirConditioner_1 HOME12_LivingRoom_Television_1,
G02772,집,HOME02,기기제어,please turn off all the switches as soon as the load is finished.,세탁이 끝나자마자 모든 스위치 꺼 주세요.,execute,,D4,T1,none,HOME02_LivingRoom_Light_1 HOME02_LivingRoom_Light_2 HOME02_Bedroom_Light_1 HOME02_Kitchen_Light_1 HOME02_LivingRoom_AirConditioner_1 HOME02_LivingRoom_Television_1 HOME02_LivingRoom_AirPurifier_1,
G02773,집,HOME07,기기제어,can you turn on all the switches when the wash cycle ends?,세탁 코스가 끝나면 모든 스위치 켜 줄래?,execute,,D4,T1,none,HOME07_LivingRoom_Light_1 HOME07_LivingRoom_Light_2 HOME07_LivingRoom_Light_3 HOME07_Bedroom_Light_1 HOME07_Bedroom_Light_2 HOME07_Kitchen_Light_1 HOME07_Garden_Light_1 HOME07_Garden_Light_2 HOME07_Garden_Light_3 HOME07_Barn_Light_1 HOME07_LivingRoom_AirConditioner_1 HOME07_LivingRoom_Television_1 HOME07_Entrance_Siren_1,
G02777,집,HOME16,기기제어,can you warm this room up when the camera starts recording?,카메라가 녹화를 시작하면 이 방 좀 따뜻하게 해 줄래?,execute,,D4,T1,none,HOME16_LivingRoom_Thermostat_1,
G02778,집,HOME18,기기제어,I'd like you to turn the heating off once the camera goes offline.,카메라 연결이 끊기면 난방 꺼 줬으면 해.,execute,,D4,T1,none,HOME18_LivingRoom_Thermostat_1,
G02779,집,HOME06,기기제어,I'd like you to turn the heating up to 25 once the living room is empty.,거실이 비면 난방 25도로 올려 줬으면 해.,execute,,D4,T1,none,HOME06_LivingRoom_Thermostat_1,
G02780,집,HOME19,기기제어,could you set the thermostat to 21 degrees when someone shows up in the bedroom?,침실에 누가 나타나면 온도조절기 21도로 맞춰 줄 수 있어?,execute,,D4,T1,none,HOME19_LivingRoom_Thermostat_1,
G02782,집,HOME07,기기제어,could you toggle the living room switch when barn door opens?,축사 문이 열리면 거실 스위치 껐다 켜 줄 수 있어?,execute,,D4,T1,none,HOME07_LivingRoom_Light_1 HOME07_LivingRoom_Light_2 HOME07_LivingRoom_Light_3 HOME07_LivingRoom_AirConditioner_1 HOME07_LivingRoom_Television_1,
G02783,집,HOME15,기기제어,I'd like you to pause the living room TV once everyone has left.,다들 나가고 나면 거실 TV 일시정지해 줬으면 해.,execute,,D4,T1,phone,HOME15_LivingRoom_Television_1,
G02784,집,HOME08,기기제어,can you pause the living room TV when I leave home?,내가 집을 나서면 거실 TV 일시정지해 줄래?,execute,,D4,T1,phone,HOME08_LivingRoom_Television_1,
G02785,집,HOME11,기기제어,could you pause the room TV when I leave home?,내가 집을 나서면 방 TV 일시정지해 줄 수 있어?,execute,,D4,T1,phone,HOME11_Room_Television_1,
G02786,집,HOME06,기기제어,I'd like you to turn the living room TV off once the camera goes offline.,카메라 연결이 끊기면 거실 TV 꺼 줬으면 해.,execute,,D4,T1,none,HOME06_LivingRoom_Television_1,
G02787,집,HOME18,기기제어,Turn the living room TV off if the camera comes on,카메라가 켜지면 거실 TV 꺼,execute,,D4,T1,none,HOME18_LivingRoom_Television_1,
G02788,집,HOME10,기기제어,could you dim the lights to 25 percent if the doorbell goes off?,초인종이 울리면 조명 전부 밝기를 25퍼센트로 낮춰 줄 수 있어?,execute,,D4,T1,none,HOME10_LivingRoom_Light_1 HOME10_LivingRoom_Light_2 HOME10_Bedroom_Light_1 HOME10_Bathroom_Light_1 HOME10_Hallway_Light_1,
G02789,집,HOME18,기기제어,Turn the lights up to 85 percent when there is somebody at the door,문 앞에 누가 있으면 조명 전부 밝기를 85퍼센트까지 올려,execute,,D4,T1,none,HOME18_LivingRoom_Light_1 HOME18_LivingRoom_Light_2 HOME18_LivingRoom_Light_3 HOME18_Bedroom_Light_1 HOME18_Bedroom_Light_2 HOME18_Kitchen_Light_1 HOME18_Garage_Light_1,
G02790,집,HOME06,기기제어,"When someone rings the doorbell, tone it down a bit.",누가 초인종을 누르면 좀 낮춰 줘.,ask,,D4,T1,none,HOME06_Bathroom_Light_1 HOME06_Bathroom_Light_2 HOME06_Bedroom_Light_1 HOME06_Bedroom_Light_2 HOME06_Bedroom_WindowCovering_1 HOME06_Bedroom_WindowCovering_2 HOME06_Garage_Light_1 HOME06_Garden_Light_1 HOME06_Garden_Light_2 HOME06_Hallway_Light_1 HOME06_Kitchen_Light_1 HOME06_Kitchen_Light_2 HOME06_LivingRoom_Light_1 HOME06_LivingRoom_Light_2 HOME06_LivingRoom_Light_3 HOME06_LivingRoom_Light_4 HOME06_LivingRoom_WindowCovering_1 HOME06_LivingRoom_WindowCovering_2 HOME06_LivingRoom_WindowCovering_3 HOME06_Study_Light_1,
G02791,집,HOME03,기기제어,Switch the living room lights off if my phone battery falls under 60 percent,내 폰 배터리가 60퍼센트 아래로 떨어지면 거실 조명 꺼,execute,,D4,T1,phone,HOME03_LivingRoom_Light_1 HOME03_LivingRoom_Light_2 HOME03_LivingRoom_Light_3,
G02792,집,HOME13,기기제어,"When my phone connects to the home wi-fi, turn off the living room lights.",내 폰이 집 와이파이에 붙으면 거실 조명 꺼.,execute,,D4,T1,phone,HOME13_LivingRoom_Light_1 HOME13_LivingRoom_Light_2 HOME13_LivingRoom_Light_3,
G02793,집,HOME11,기기제어,"When the temperature goes above 35 degrees, set the volume on the room TV to 40.",온도가 35도를 넘으면 방 TV 볼륨 40으로 맞춰.,execute,,D4,T1,none,HOME11_Room_Television_1,
G02794,집,HOME03,기기제어,please pause the living room TV if the temperature drops below 12 degrees.,온도가 12도 아래로 떨어지면 거실 TV 일시정지해 주세요.,execute,,D4,T1,none,HOME03_LivingRoom_Television_1,
G02795,집,HOME12,기기제어,please play some music on the TV when the sun comes up.,해가 뜨면 TV로 음악 좀 틀어 줘.,execute,,D4,T1,sun,HOME12_LivingRoom_Television_1,
G02796,집,HOME04,기기제어,can you set the volume on the TV to 40 when the sun comes up?,해가 뜨면 TV 볼륨 40으로 맞춰 줄래?,ask,,D4,T1,sun,HOME04_LivingRoom_Television_1 HOME04_Bedroom_Television_1,
G02797,집,HOME14,기기제어,I want some music when the sun comes up,해가 뜨면 음악 좀 듣고 싶어,ask,,D4,T1,sun,HOME14_LivingRoom_Speaker_1 HOME14_LivingRoom_Television_1,
G02798,집,HOME06,기기제어,"When the temperature goes above 24 degrees, close the garage door",온도가 24도를 넘으면 차고문 닫아,execute,,D4,T1,none,HOME06_Garage_GarageDoor_1,
G02799,집,HOME07,기기제어,please open the garage door if the temperature drops below 10 degrees.,온도가 10도 아래로 떨어지면 차고문 좀 열어 줘.,execute,,D4,T1,none,HOME07_Garage_GarageDoor_1,
G02800,집,HOME01,기기제어,"When power draw goes over 1500 watts, turn off the room lights.",전력 사용이 1500와트를 넘으면 방 조명 꺼.,execute,,D4,T1,none,HOME01_Room_Light_1 HOME01_Room_Light_2,
G02802,집,HOME11,기기제어,can you shut the kitchen lights off when energy use spikes?,전력 사용이 급증하면 주방 조명 꺼 줄래?,execute,,D4,T1,none,HOME11_Kitchen_Light_1,
G02803,집,HOME15,기기제어,I'd like you to switch all the lights on if power draw stays above 1500 watts.,전력 사용이 1500와트를 계속 넘고 있으면 모든 조명 켜 줬으면 해.,execute,,D4,T1,none,HOME15_LivingRoom_Light_1 HOME15_LivingRoom_Light_2 HOME15_LivingRoom_Light_3 HOME15_LivingRoom_Light_4 HOME15_Bedroom_Light_1 HOME15_Bedroom_Light_2 HOME15_Study_Light_1 HOME15_Study_Light_2 HOME15_LivingRoom_ColorControl_1 HOME15_LivingRoom_ColorControl_2 HOME15_Kitchen_Light_1,
G02807,집,HOME15,기기제어,Record this when the living room is occupied,거실에 사람이 있으면 이거 녹화해 줘,execute,,D4,T1,none,HOME15_LivingRoom_Camera_1,
G02808,집,HOME08,기기제어,Play some music on the living room TV when the motion sensor detects movement,동작 감지 센서가 움직임을 감지하면 거실 TV로 음악 좀 틀어,execute,,D4,T1,none,HOME08_LivingRoom_Television_1,
G02809,집,HOME15,기기제어,can you switch the living room plug off once the battery is full?,배터리가 다 차면 거실 플러그 꺼 줄래?,execute,,D4,T1,none,HOME15_LivingRoom_Plug_1 HOME15_LivingRoom_Plug_2 HOME15_LivingRoom_Plug_3,
G02811,집,HOME15,기기제어,could you cut power to the living room plug if any sensor battery is running low?,센서 배터리가 얼마 안 남으면 거실 플러그 전원 차단해 줄 수 있어?,execute,,D4,T1,none,HOME15_LivingRoom_Plug_1 HOME15_LivingRoom_Plug_2 HOME15_LivingRoom_Plug_3,
G02812,집,HOME10,상태조회,How much power is the switch using when the scene button is pressed.,씬 버튼이 눌리면 스위치 전력 얼마나 쓰고 있어.,ask,,D4,T1,none,HOME10_LivingRoom_Light_1 HOME10_LivingRoom_Light_2 HOME10_Bedroom_Light_1 HOME10_Bathroom_Light_1 HOME10_Hallway_Light_1 HOME10_LivingRoom_Siren_1,Speaker.Speak
G02813,집,HOME19,상태조회,What is the switch doing with a single press of the button.,버튼을 한 번 누르면 스위치 지금 뭐 하고 있어.,ask,,D4,T1,none,HOME19_LivingRoom_Light_1 HOME19_LivingRoom_Light_2 HOME19_Study_Light_1 HOME19_Study_Light_2 HOME19_Bedroom_Light_1 HOME19_Kitchen_Light_1 HOME19_Study_AirConditioner_1 HOME19_LivingRoom_AirConditioner_1 HOME19_Study_AirPurifier_1 HOME19_Study_Plug_1 HOME19_Study_Plug_2 HOME19_Study_Plug_3,NotificationProvider.SendPush
G02815,집,HOME19,기기제어,could you record this at sunrise?,해 뜰 때 이거 녹화해 줄 수 있어?,execute,,D4,T1,sun,HOME19_Study_Camera_1,
G02819,집,HOME06,기기제어,"When a water leak is detected, change the study lights to amber",누수가 감지되면 서재 조명 호박색으로 바꿔,execute,,D4,T1,none,HOME06_Study_Light_1,
G02820,집,HOME07,기기제어,please make the garden lights warm white if the leak sensor finds water on the floor.,누수 센서가 바닥의 물을 감지하면 마당 조명 전구색으로 해 주세요.,execute,,D4,T1,none,HOME07_Garden_Light_1 HOME07_Garden_Light_2 HOME07_Garden_Light_3,
G02821,집,HOME03,기기제어,"Once I am back home, turn on the living room fan.",내가 집에 돌아오면 거실 선풍기 켜.,execute,,D4,T1,phone,HOME03_LivingRoom_Fan_1 HOME03_LivingRoom_Fan_2,
G02822,집,HOME20,기기제어,please set the kitchen fan to high when I get home.,내가 집에 오면 주방 선풍기 세게 좀 틀어 줘.,execute,,D4,T1,phone,HOME20_Kitchen_Fan_1,
G02823,집,HOME13,기기제어,can you turn the bedroom fan off when I pull into the driveway?,차를 집 앞에 대면 침실 선풍기 꺼 줄래?,execute,,D4,T1,phone,HOME13_Bedroom_Fan_1,
G02824,집,HOME16,기기제어,please warm this room up if my phone battery falls under 80 percent.,내 폰 배터리가 80퍼센트 아래로 떨어지면 이 방 좀 따뜻하게 해 주세요.,execute,,D4,T1,phone,HOME16_LivingRoom_Thermostat_1,
G02825,집,HOME05,기기제어,can you set the thermostat to 18 degrees when my phone connects to the home wi-fi?,내 폰이 집 와이파이에 붙으면 온도조절기 18도로 맞춰 줄래?,ask,,D4,T1,phone,HOME05_LivingRoom_Thermostat_1 HOME05_LivingRoom_Thermostat_2,
G02827,집,HOME15,기기제어,I'd like you to turn on the Miro humidifier once it gets dark outside.,바깥이 어두워지면 미로 가습기 켜 줬으면 해.,execute,,D4,T1,sun,HOME15_Bedroom_Humidifier_1,
G02829,집,HOME15,기기제어,please open all the garage doors when the outdoor is occupied.,실외에 사람이 있으면 모든 차고문 열어 주세요.,execute,,D4,T1,none,HOME15_Entrance_GarageDoor_1,
G02830,집,HOME05,기기제어,"When the motion sensor detects movement, run the vacuum in the utility",동작 감지 센서가 움직임을 감지하면 로봇청소기로 다용도실 청소해,execute,,D4,T1,none,HOME05_LivingRoom_RobotVacuumCleaner_1,
G02831,집,HOME06,기기제어,please send the living room vacuum back to its dock the moment something moves in the utility.,다용도실에서 뭔가 움직이는 순간 거실 로봇청소기 충전대로 좀 보내 줘.,execute,,D4,T1,none,HOME06_LivingRoom_RobotVacuumCleaner_1,
G02832,집,HOME08,기기제어,can you clean up in here when the motion sensor picks something up?,동작 감지 센서에 뭔가 잡히면 여기 좀 치워 줄래?,execute,,D4,T1,none,HOME08_LivingRoom_RobotVacuumCleaner_1,
G02833,집,HOME06,기기제어,please sound the entrance siren once the camera goes offline.,카메라 연결이 끊기면 현관 사이렌 울려 주세요.,execute,,D4,T1,none,HOME06_Entrance_Siren_1,
G02834,집,HOME07,기기제어,I'd like you to set off the entrance siren if the camera comes on.,카메라가 켜지면 현관 사이렌 울려 줬으면 해.,execute,,D4,T1,none,HOME07_Entrance_Siren_1,
G02838,집,HOME02,기기제어,I'd like you to put the living room air purifier on auto every morning at 8 am.,매일 오전 8시에 거실 공기청정기 자동 모드로 해 줬으면 해.,execute,,D6,T1,none,HOME02_LivingRoom_AirPurifier_1,
G02839,집,HOME19,기기제어,could you turn on the study air purifier every night at 11:30 pm?,매일 밤 11시 30분에 서재 공기청정기 켜 줄 수 있어?,execute,,D6,T1,none,HOME19_Study_AirPurifier_1,
G02840,집,HOME03,기기제어,Clean the air in here on Sunday at 6:30 am,일요일 오전 6시 30분에 여기 공기 좀 정화해 줘,execute,,D6,T1,none,HOME03_LivingRoom_AirPurifier_1,
G02841,집,HOME03,기기제어,Switch the bedroom lights off when the entrance door opens,현관 문이 열리면 침실 조명 꺼,execute,,D4,T1,none,HOME03_Bedroom_Light_1 HOME03_Bedroom_Light_2,
G02842,집,HOME10,기기제어,"When the door sensor says the door is open, turn off the bedroom lights.",문열림 센서가 문이 열렸다고 알리면 침실 조명 꺼.,execute,,D4,T1,none,HOME10_Bedroom_Light_1,
G02844,집,HOME06,기기제어,please turn off the switch if the switch is switched off.,스위치가 꺼지면 스위치 꺼 주세요.,ask,,D4,T1,none,HOME06_LivingRoom_Light_1 HOME06_LivingRoom_Light_2 HOME06_LivingRoom_Light_3 HOME06_LivingRoom_Light_4 HOME06_Kitchen_Light_1 HOME06_Kitchen_Light_2 HOME06_Bedroom_Light_1 HOME06_Bedroom_Light_2 HOME06_Study_Light_1 HOME06_Bathroom_Light_1 HOME06_Bathroom_Light_2 HOME06_Hallway_Light_1 HOME06_Garden_Light_1 HOME06_Garden_Light_2 HOME06_Garage_Light_1 HOME06_LivingRoom_AirConditioner_1 HOME06_LivingRoom_AirConditioner_2 HOME06_Bedroom_AirConditioner_1 HOME06_LivingRoom_Television_1 HOME06_Entrance_Siren_1,
G02845,집,HOME01,기기제어,"When the switch turns on, turn off all the lights",스위치가 켜지면 모든 조명 꺼,execute,,D4,T1,none,HOME01_Room_Light_1 HOME01_Room_Light_2,
G02846,집,HOME12,기기제어,I'd like you to run the movie scene on the lights when the washing machine finishes.,세탁기가 끝나면 조명 영화 모드 실행해 줬으면 해.,execute,,D4,T1,none,HOME12_RoomA_Light_1 HOME12_RoomB_Light_1 HOME12_RoomC_Light_1 HOME12_LivingRoom_Light_1 HOME12_LivingRoom_Light_2 HOME12_LivingRoom_Light_3 HOME12_Kitchen_Light_1 HOME12_Bathroom_Light_1 HOME12_Bathroom_Light_2,
G02847,집,HOME02,기기제어,could you get this place ready for guests as soon as the load is finished?,세탁이 끝나자마자 손님 맞을 준비해 줄 수 있어?,execute,,D4,T1,none,HOME02_Bedroom_Light_1 HOME02_Kitchen_Light_1 HOME02_LivingRoom_Light_1 HOME02_LivingRoom_Light_2,
G02848,집,HOME07,기기제어,Switch the lights to the movie scene when the wash cycle ends,세탁 코스가 끝나면 조명 전부 영화 모드로 바꿔,execute,,D4,T1,none,HOME07_LivingRoom_Light_1 HOME07_LivingRoom_Light_2 HOME07_LivingRoom_Light_3 HOME07_Bedroom_Light_1 HOME07_Bedroom_Light_2 HOME07_Kitchen_Light_1 HOME07_Garden_Light_1 HOME07_Garden_Light_2 HOME07_Garden_Light_3 HOME07_Barn_Light_1,
G02849,집,HOME06,기기제어,could you send the garden mower back to the dock when I leave home?,내가 집을 나서면 마당 잔디깎이 충전대로 보내 줄 수 있어?,execute,,D4,T1,phone,HOME06_Garden_Mower_1,
G02850,집,HOME07,기기제어,Park the garden mower when I am away from home,내가 집에 없으면 마당 잔디깎이 정위치로 보내,execute,,D4,T1,phone,HOME07_Garden_Mower_1,
G02851,집,HOME06,기기제어,"After I head out, start the garden mower",내가 나간 뒤에 마당 잔디깎이 켜,execute,,D4,T1,phone,HOME06_Garden_Mower_1,
G02853,집,HOME04,상태조회,please read out the humidity if the temperature drops below 15 degrees.,온도가 15도 아래로 떨어지면 습도 읽어 주세요.,refuse,no_device,D4,T1,none,,
G02854,집,HOME03,기기제어,"When the switch turns on, put the lights into morning mode.",스위치가 켜지면 조명 전부 아침 모드로 해.,execute,,D4,T1,none,HOME03_LivingRoom_Light_1 HOME03_LivingRoom_Light_2 HOME03_LivingRoom_Light_3 HOME03_Bedroom_Light_1 HOME03_Bedroom_Light_2 HOME03_Kitchen_Light_1 HOME03_Bathroom_Light_1 HOME03_Hallway_Light_1,
G02855,집,HOME10,기기제어,please set the mood for a movie if the switch is switched off.,스위치가 꺼지면 영화 볼 분위기로 좀 맞춰 줘.,execute,,D4,T1,none,HOME10_Bathroom_Light_1 HOME10_Bedroom_Light_1 HOME10_Hallway_Light_1 HOME10_LivingRoom_Light_1 HOME10_LivingRoom_Light_2,
G02857,집,HOME18,기기제어,can you shut all the garage doors if motion is detected in the entrance?,현관에서 움직임이 감지되면 모든 차고문 닫아 줄래?,execute,,D4,T1,none,HOME18_Garage_GarageDoor_1,
G02860,집,HOME16,기기제어,I'd like you to close the garden garage door when the sun goes down.,해가 지면 마당 차고문 닫아 줬으면 해.,execute,,D4,T1,sun,HOME16_Garden_GarageDoor_1,
G02861,집,HOME18,기기제어,could you close things up out front when the sun goes down?,해가 지면 바깥쪽 다 닫아 줄 수 있어?,ask,,D4,T1,sun,HOME18_Garage_GarageDoor_1 HOME18_LivingRoom_WindowCovering_1 HOME18_LivingRoom_WindowCovering_2,
G02863,집,HOME19,기기제어,please freshen this room up around sundown.,해 질 무렵 방 공기 좀 갈아 줘.,execute,,D4,T1,sun,HOME19_Study_AirPurifier_1,
G02864,집,HOME03,기기제어,can you run the living room air purifier on turbo around sundown?,해 질 무렵 거실 공기청정기 터보로 돌려 줄래?,execute,,D4,T1,sun,HOME03_LivingRoom_AirPurifier_1,
G02865,집,HOME06,기기제어,please set the water heater to 45 degrees every day at 7 am.,매일 오전 7시에 온수기 45도로 맞춰 주세요.,execute,,D6,T1,none,HOME06_Utility_WaterHeater_1,
G02866,집,HOME07,기기제어,can you turn the water heater off at 6 pm on weekdays?,평일 오후 6시에 온수기 꺼 줄래?,execute,,D6,T1,none,HOME07_Utility_WaterHeater_1,
G02867,집,HOME14,기기제어,I'd like you to turn on the water heater every morning at 8 am.,매일 오전 8시에 온수기 켜 줬으면 해.,execute,,D6,T1,none,HOME14_Bathroom_WaterHeater_1,
G02868,집,HOME09,기기제어,I'd like you to turn off all the switches if the camera comes on.,카메라가 켜지면 모든 스위치 꺼 줬으면 해.,execute,,D4,T1,none,HOME09_LivingRoom_Light_1 HOME09_LivingRoom_Light_2 HOME09_BabyRoom_Light_1 HOME09_BabyRoom_ColorControl_1 HOME09_Bedroom_Light_1 HOME09_Kitchen_Light_1 HOME09_LivingRoom_AirConditioner_1 HOME09_BabyRoom_AirConditioner_1 HOME09_BabyRoom_Humidifier_1 HOME09_BabyRoom_AirPurifier_1 HOME09_LivingRoom_AirPurifier_1,
G02870,집,HOME11,기기제어,I'd like you to bring the temperature down if power draw stays above 1500 watts.,전력 사용이 1500와트를 계속 넘고 있으면 온도 좀 낮춰 줬으면 해.,ask,,D4,T1,none,HOME11_Room_AirConditioner_1 HOME11_Room_Thermostat_1,
G02871,집,HOME11,기기제어,could you put the room air conditioner on cool when energy use spikes?,전력 사용이 급증하면 방 에어컨 냉방으로 해 줄 수 있어?,execute,,D4,T1,none,HOME11_Room_AirConditioner_1,
G02872,집,HOME11,기기제어,Set the room air conditioner to 25 degrees if the meter reads above 2000,계량기가 2000을 넘으면 방 에어컨 25도로 맞춰,execute,,D4,T1,none,HOME11_Room_AirConditioner_1,
G02873,집,HOME16,기기제어,could you start recording on the garden camera when my phone connects to the home wi-fi?,내 폰이 집 와이파이에 붙으면 마당 카메라 녹화 시작해 줄 수 있어?,execute,,D4,T1,phone,HOME16_Garden_Camera_1 HOME16_Garden_Camera_2,
G02878,집,HOME07,기기제어,please switch the living room lights on if the leak sensor finds water on the floor.,누수 센서가 바닥의 물을 감지하면 거실 조명 켜 주세요.,execute,,D4,T1,none,HOME07_LivingRoom_Light_1 HOME07_LivingRoom_Light_2 HOME07_LivingRoom_Light_3,
G02879,집,HOME14,기기제어,can you get the bedroom lights on when the leak sensor trips?,누수 센서가 작동하면 침실 조명 켜 줄래?,execute,,D4,T1,none,HOME14_Bedroom_Light_1,
G03411,집,HOME01,기기제어,"With one tap on the wall switch, if the tank is below half right now, set the lights to the party scene.",벽 스위치를 한 번 누를 때 탱크가 절반 아래면 조명 파티 모드로 해.,execute,,D3,T2,none,HOME01_Room_Light_1 HOME01_Room_Light_2,
G03412,집,HOME01,기기제어,"When the scene button is pressed, if the washing machine is running right now, set the lights to the away scene",씬 버튼이 눌릴 때 세탁기가 돌고 있으면 조명 외출 모드로 해,execute,,D3,T2,none,HOME01_Room_Light_1 HOME01_Room_Light_2,
G03413,집,HOME08,기기제어,"With a single press of the button, keep checking and run the focus scene on the lights for as long as the washing machine is running.",버튼을 한 번 누르면 세탁기가 도는 동안 계속 조명 집중 모드 실행해.,execute,,D5,T2,none,HOME08_LivingRoom_Light_1 HOME08_LivingRoom_Light_2 HOME08_Bedroom_Light_1 HOME08_Kitchen_Light_1,
G03414,집,HOME01,기기제어,"When I press the button, if the washing machine is running right now, set the lights to the focus scene.",내가 버튼을 누를 때 세탁기가 돌고 있으면 조명 집중 모드로 해.,execute,,D3,T2,none,HOME01_Room_Light_1 HOME01_Room_Light_2,
G03415,집,HOME08,기기제어,"When I double-press the button, keep checking and run the morning scene on the lights for as long as the washing machine is running",버튼이 연속 두 번 눌리면 세탁기가 도는 동안 계속 조명 아침 모드 실행해,execute,,D5,T2,none,HOME08_LivingRoom_Light_1 HOME08_LivingRoom_Light_2 HOME08_Bedroom_Light_1 HOME08_Kitchen_Light_1,
G03417,집,HOME07,기기제어,"When the scene button is pressed, wait 15 minutes and then bring the living room lights down to 15 percent.",씬 버튼이 눌리면 15분 기다렸다가 거실 조명 밝기를 15퍼센트까지 낮춰.,execute,,D2,T2,none,HOME07_LivingRoom_Light_1 HOME07_LivingRoom_Light_2 HOME07_LivingRoom_Light_3,
G03418,집,HOME07,기기제어,"When I press the button, wait 15 minutes and then bring the bedroom lights down to 20 percent.",내가 버튼을 누르면 15분 기다렸다가 침실 조명 밝기를 20퍼센트까지 낮춰.,execute,,D2,T2,none,HOME07_Bedroom_Light_1 HOME07_Bedroom_Light_2,
G03419,집,HOME07,기기제어,"With a single press of the button, wait 10 minutes and then bring the bedroom lights down to 5 percent.",버튼을 한 번 누르면 10분 기다렸다가 침실 조명 밝기를 5퍼센트까지 낮춰.,execute,,D2,T2,none,HOME07_Bedroom_Light_1 HOME07_Bedroom_Light_2,
G03420,집,HOME15,기기제어,"With one tap on the wall switch, set the Hue living room 1 brightness to 90 percent, but only if the humidity is over 60 percent.",벽 스위치를 한 번 누르면 습도가 60퍼센트를 넘을 때만 Hue 거실 1 밝기를 90퍼센트로 맞춰.,execute,,D3,T2,none,HOME15_LivingRoom_Light_1,
G03421,집,HOME19,기기제어,"Around sundown, keep checking and give me some light to read by for as long as someone is in the room.",해 질 무렵 방에 사람이 있는 동안 계속 책 읽을 만큼 불 좀 줘.,ask,,D5,T2,sun,HOME19_Bedroom_Light_1 HOME19_Kitchen_Light_1 HOME19_LivingRoom_Light_1 HOME19_LivingRoom_Light_2 HOME19_Study_Light_1 HOME19_Study_Light_2 HOME19_Study_WindowCovering_1,
G03425,집,HOME02,알림예약,"Every night at 10 pm, let me know, but only if the room is too warm.",매일 밤 10시에 방이 더울 때만 알려 줘.,execute,,D3,T2,none,,NotificationProvider.SendPush
G03429,집,HOME01,알림예약,"Every night at 10:30 pm, if the room is too warm right now, send a warning to my phone",매일 밤 10시 30분에 방이 너무 더우면 폰으로 경고 보내 줘,refuse,no_channel,D3,T2,none,,
G03430,집,HOME04,기기제어,"When I press the button, turn on the light, but only if the tank is below half.",내가 버튼을 누르면 탱크가 절반 아래일 때만 조명 켜.,ask,,D3,T2,none,HOME04_LivingRoom_Light_1 HOME04_LivingRoom_Light_2 HOME04_LivingRoom_Light_3 HOME04_Bedroom_Light_1 HOME04_Bedroom_Light_2 HOME04_Study_Light_1 HOME04_Study_Light_2 HOME04_Kitchen_Light_1,
G03431,집,HOME04,기기제어,"With a single press of the button, switch all the lights on while someone is in the room, and stop once that changes.","버튼을 한 번 누르면 방에 사람이 있는 동안 모든 조명 켜 주고, 그러다 바뀌면 멈춰.",execute,,D5,T2,none,HOME04_LivingRoom_Light_1 HOME04_LivingRoom_Light_2 HOME04_LivingRoom_Light_3 HOME04_Bedroom_Light_1 HOME04_Bedroom_Light_2 HOME04_Study_Light_1 HOME04_Study_Light_2 HOME04_Kitchen_Light_1,
G03432,집,HOME11,기기제어,"With one tap on the wall switch, if the window is open right now, get all the lights on.",벽 스위치를 한 번 누를 때 창문이 열려 있으면 모든 조명 켜.,execute,,D3,T2,none,HOME11_Room_Light_1 HOME11_Room_Light_2 HOME11_Kitchen_Light_1 HOME11_Bathroom_Light_1,
G03434,집,HOME06,기기제어,"When the motion sensor picks something up, switch the bedroom lights on, then 30 minutes later turn it back off","동작 감지 센서에 뭔가 잡히면 침실 조명 켜 주고, 30분 뒤에 다시 꺼",execute,,D2,T2,none,HOME06_Bedroom_Light_1 HOME06_Bedroom_Light_2,
G03435,집,HOME18,기기제어,"The moment something moves in the utility, wait 15 minutes and then get the living room lights on.",다용도실에서 뭔가 움직이는 순간 15분 기다렸다가 거실 조명 켜.,execute,,D2,T2,none,HOME18_LivingRoom_Light_1 HOME18_LivingRoom_Light_2 HOME18_LivingRoom_Light_3,
G03440,집,HOME03,기기제어,I'd like you to run the fan for 2 minutes while the temperature stays over 32 degrees.,온도가 32도를 계속 넘고 있으면 선풍기를 2분 동안 돌려 줬으면 해.,ask,,D5,T2,none,HOME03_Bathroom_Fan_1 HOME03_LivingRoom_Fan_1 HOME03_LivingRoom_Fan_2,
G03442,집,HOME03,기기제어,please run the fan for 45 minutes while the temperature stays over 30 degrees.,온도가 30도를 계속 넘고 있으면 선풍기를 45분 동안 좀 돌려 줘.,ask,,D5,T2,none,HOME03_Bathroom_Fan_1 HOME03_LivingRoom_Fan_1 HOME03_LivingRoom_Fan_2,
G03444,집,HOME14,기기제어,Run the bathroom fan for 15 minutes while the temperature stays over 35 degrees,온도가 35도를 계속 넘고 있으면 욕실 선풍기를 15분 동안 돌려,execute,,D5,T2,none,HOME14_Bathroom_Fan_1,
G03445,집,HOME10,기기제어,please set the living room fan to high while the temperature stays over 35 degrees.,온도가 35도를 계속 넘고 있으면 거실 선풍기 세게 틀어 주세요.,execute,,D5,T2,none,HOME10_LivingRoom_Fan_1,
G03446,집,HOME06,기기제어,I'd like you to run the bathroom fan for 30 minutes while the temperature stays over 26 degrees.,온도가 26도를 계속 넘고 있으면 욕실 선풍기를 30분 동안 돌려 줬으면 해.,execute,,D5,T2,none,HOME06_Bathroom_Fan_1,
G03447,집,HOME03,기기제어,Set the living room fan to high while the temperature stays over 26 degrees,온도가 26도를 계속 넘고 있으면 거실 선풍기 세게 틀어,execute,,D5,T2,none,HOME03_LivingRoom_Fan_1 HOME03_LivingRoom_Fan_2,
G03449,집,HOME09,기기제어,"While the temperature stays over 24 degrees, set the nursery fan to high, but only if nobody is home.",온도가 24도를 계속 넘고 있으면 집에 아무도 없을 때만 아기방 선풍기 세게 틀어.,execute,,D3,T2,none,HOME09_BabyRoom_Fan_1,
G03450,집,HOME05,기기제어,I'd like you to run the living room fan for 45 minutes while the temperature stays over 24 degrees.,온도가 24도를 계속 넘고 있으면 거실 선풍기를 45분 동안 돌려 줬으면 해.,execute,,D5,T2,none,HOME05_LivingRoom_Fan_1,
G03451,집,HOME01,기기제어,Set the room fan to high while the temperature stays over 30 degrees,온도가 30도를 계속 넘고 있으면 방 선풍기 세게 틀어,execute,,D5,T2,none,HOME01_Room_Fan_1 HOME01_Room_Fan_2,
G03453,집,HOME17,기기제어,I'd like you to set the room fan to high while the temperature stays over 26 degrees.,온도가 26도를 계속 넘고 있으면 방 선풍기 세게 틀어 줬으면 해.,execute,,D5,T2,none,HOME17_Room_Fan_1 HOME17_Room_Fan_2,
G03454,집,HOME12,기기제어,Get some air moving while the temperature stays over 24 degrees,온도가 24도를 계속 넘고 있으면 바람 좀 통하게 해 줘,ask,,D5,T2,none,HOME12_LivingRoom_AirConditioner_1 HOME12_LivingRoom_Fan_1 HOME12_RoomA_AirConditioner_1 HOME12_RoomB_AirConditioner_1 HOME12_RoomC_AirConditioner_1,
G03455,집,HOME08,기기제어,please set the living room fan to high while the temperature stays over 30 degrees.,온도가 30도를 계속 넘고 있으면 거실 선풍기 세게 좀 틀어 줘.,execute,,D5,T2,none,HOME08_LivingRoom_Fan_1,
G03456,집,HOME04,기기제어,I'd like you to run the living room fan for 3 minutes while the temperature stays over 32 degrees.,온도가 32도를 계속 넘고 있으면 거실 선풍기를 3분 동안 돌려 줬으면 해.,execute,,D5,T2,none,HOME04_LivingRoom_Fan_1,
G03458,집,HOME20,기기제어,please run the kitchen fan for 15 minutes while the temperature stays over 24 degrees.,온도가 24도를 계속 넘고 있으면 주방 선풍기를 15분 동안 돌려 주세요.,execute,,D5,T2,none,HOME20_Kitchen_Fan_1,
G03459,집,HOME14,기기제어,I'd like you to set the bathroom fan to high while the temperature stays over 28 degrees.,온도가 28도를 계속 넘고 있으면 욕실 선풍기 세게 틀어 줬으면 해.,execute,,D5,T2,none,HOME14_Bathroom_Fan_1,
G03461,집,HOME08,기기제어,"If the temperature drops below 12 degrees, wait 15 minutes and then turn the living room fan off.",온도가 12도 아래로 떨어지면 15분 기다렸다가 거실 선풍기 꺼.,execute,,D2,T2,none,HOME08_LivingRoom_Fan_1,
G03462,집,HOME19,기기제어,please run the study fan for 5 minutes while the temperature stays over 30 degrees.,온도가 30도를 계속 넘고 있으면 서재 선풍기를 5분 동안 좀 돌려 줘.,execute,,D5,T2,none,HOME19_Study_Fan_1,
G03463,집,HOME13,기기제어,I'd like you to set the bedroom fan to high while the temperature stays over 32 degrees.,온도가 32도를 계속 넘고 있으면 침실 선풍기 세게 틀어 줬으면 해.,execute,,D5,T2,none,HOME13_Bedroom_Fan_1,
G03464,집,HOME09,기기제어,Run the nursery fan for 5 minutes while the temperature stays over 28 degrees,온도가 28도를 계속 넘고 있으면 아기방 선풍기를 5분 동안 돌려,execute,,D5,T2,none,HOME09_BabyRoom_Fan_1,
G03465,집,HOME05,기기제어,please get some air moving while the temperature stays over 30 degrees.,온도가 30도를 계속 넘고 있으면 바람 좀 통하게 해 줘.,ask,,D5,T2,none,HOME05_Bedroom_AirConditioner_1 HOME05_LivingRoom_AirConditioner_1 HOME05_LivingRoom_Fan_1 HOME05_LivingRoom_Thermostat_1 HOME05_LivingRoom_Thermostat_2,
G03466,집,HOME01,기기제어,I'd like you to run the room fan for 5 minutes while the temperature stays over 24 degrees.,온도가 24도를 계속 넘고 있으면 방 선풍기를 5분 동안 돌려 줬으면 해.,execute,,D5,T2,none,HOME01_Room_Fan_1 HOME01_Room_Fan_2,
G03468,집,HOME17,기기제어,please run the room fan for 30 minutes while the temperature stays over 30 degrees.,온도가 30도를 계속 넘고 있으면 방 선풍기를 30분 동안 돌려 주세요.,execute,,D5,T2,none,HOME17_Room_Fan_1 HOME17_Room_Fan_2,
G03469,집,HOME12,기기제어,I'd like you to set the living room fan to high while the temperature stays over 32 degrees.,온도가 32도를 계속 넘고 있으면 거실 선풍기 세게 틀어 줬으면 해.,execute,,D5,T2,none,HOME12_LivingRoom_Fan_1,
G03470,집,HOME08,기기제어,Run the living room fan for 15 minutes while the temperature stays over 30 degrees,온도가 30도를 계속 넘고 있으면 거실 선풍기를 15분 동안 돌려,execute,,D5,T2,none,HOME08_LivingRoom_Fan_1,
G03473,집,HOME01,알림예약,"When snow is expected, if the tank is below half right now, announce it.",눈이 올 것 같을 때 탱크가 절반 아래면 방송해 줘.,execute,,D3,T2,weather,,Speaker.Speak
G03474,집,HOME01,알림예약,"When it gets hot outside, wait 10 minutes and then tell me if something is off",바깥이 더워질 때 10분 기다렸다가 뭔가 이상하면 알려 줘,execute,,D2,T2,weather,,Speaker.Speak
G03478,집,HOME16,기기제어,Turn the light amber while the temperature stays over 26 degrees,온도가 26도를 계속 넘고 있으면 조명 호박색으로 켜,ask,,D5,T2,none,HOME16_LivingRoom_Light_1 HOME16_LivingRoom_Light_2 HOME16_Bedroom_Light_1 HOME16_Garden_Light_1,
G03480,집,HOME03,기기제어,"While the temperature stays over 24 degrees, wait 15 minutes and then change the bedroom lights to blue.",온도가 24도를 계속 넘고 있으면 15분 기다렸다가 침실 조명 파란색으로 바꿔.,execute,,D2,T2,none,HOME03_Bedroom_Light_1 HOME03_Bedroom_Light_2,
G03481,집,HOME10,기기제어,"When the temperature goes above 26 degrees, make the bedroom lights orange, but only if the door is open.",온도가 26도를 넘으면 문이 열려 있을 때만 침실 조명 주황색으로 해.,execute,,D3,T2,none,HOME10_Bedroom_Light_1,
G03483,집,HOME07,기기제어,can you set the living room lights to blue while the temperature stays over 32 degrees?,온도가 32도를 계속 넘고 있으면 거실 조명 파란색으로 바꿔 줄래?,execute,,D5,T2,none,HOME07_LivingRoom_Light_1 HOME07_LivingRoom_Light_2 HOME07_LivingRoom_Light_3,
G03485,집,HOME11,기기제어,can you change the kitchen lights to amber while the temperature stays over 35 degrees?,온도가 35도를 계속 넘고 있으면 주방 조명 호박색으로 바꿔 줄래?,execute,,D5,T2,none,HOME11_Kitchen_Light_1,
G03487,집,HOME15,기기제어,can you set the Hue bedroom 1 to blue while the temperature stays over 28 degrees?,온도가 28도를 계속 넘고 있으면 Hue 침실 1 파란색으로 바꿔 줄래?,execute,,D5,T2,none,HOME15_Bedroom_Light_1,
G03492,집,HOME09,기기제어,"Around sundown, if the temperature is under 18 degrees right now, close the nursery blinds",해 질 무렵 온도가 18도 아래면 아기방 블라인드 닫아,execute,,D3,T2,sun,HOME09_BabyRoom_WindowCovering_1,
G03494,집,HOME15,알림예약,"When a meeting is about to start, if nobody is home right now, send a warning to my phone.",회의가 곧 시작될 때 집에 아무도 없으면 폰으로 경고 보내 줘.,execute,,D3,T2,calendar,,NotificationProvider.SendPush
G03497,집,HOME05,기기제어,"At sunrise, wait 20 minutes and then change all the lights to amber.",해 뜰 때 20분 기다렸다가 모든 조명 호박색으로 바꿔.,execute,,D2,T2,sun,HOME05_LivingRoom_Light_1 HOME05_LivingRoom_Light_2 HOME05_LivingRoom_Light_3 HOME05_Kitchen_Light_1 HOME05_Bedroom_Light_1 HOME05_Bedroom_Light_2 HOME05_Study_Light_1 HOME05_Stairs_Light_1,
G03498,집,HOME12,알림예약,"When the wash cycle ends, wait 20 minutes and then tell me if something is off",세탁 코스가 끝날 때 20분 기다렸다가 뭔가 이상하면 알려 줘,execute,,D2,T2,none,,Speaker.Speak
G03499,집,HOME17,알림예약,can you show it on the screen while the temperature stays over 28 degrees?,온도가 28도를 계속 넘고 있으면 화면에 띄워 줄래?,refuse,no_channel,D5,T2,none,,
G03501,집,HOME19,알림예약,can you tell me about it while the temperature stays over 26 degrees?,온도가 26도를 계속 넘고 있으면 알려 줄래?,execute,,D5,T2,none,,NotificationProvider.SendPush
G03503,집,HOME02,알림예약,"While the temperature stays over 26 degrees, let me know, but only if nobody is home.",온도가 26도를 계속 넘고 있으면 집에 아무도 없을 때만 알려 줘.,execute,,D3,T2,none,,NotificationProvider.SendPush
G03505,집,HOME04,알림예약,Keep me posted while the temperature stays over 28 degrees,온도가 28도를 계속 넘고 있으면 알려 줘,execute,,D5,T2,none,,NotificationProvider.SendPush
G03506,집,HOME06,알림예약,Send me a notification while the temperature stays over 35 degrees,온도가 35도를 계속 넘고 있으면 알림 보내 줘,execute,,D5,T2,none,,NotificationProvider.SendPush
G03508,집,HOME15,알림예약,could you announce it while the temperature stays over 28 degrees?,온도가 28도를 계속 넘고 있으면 방송해 줄 수 있어?,execute,,D5,T2,none,,Speaker.Speak
G03510,집,HOME05,기기제어,"If the temperature drops below 15 degrees, if the humidity is over 60 percent right now, set the thermostat to 21 degrees",온도가 15도 아래로 떨어질 때 습도가 60퍼센트를 넘으면 온도조절기 21도로 맞춰,ask,,D3,T2,none,HOME05_LivingRoom_Thermostat_1 HOME05_LivingRoom_Thermostat_2,
G03511,집,HOME05,기기제어,"When the temperature goes above 35 degrees, keep checking and turn the heating off for as long as it is dark outside",온도가 35도를 넘으면 바깥이 어두운 동안 계속 난방 꺼,execute,,D5,T2,none,HOME05_LivingRoom_Thermostat_1 HOME05_LivingRoom_Thermostat_2,
G03512,집,HOME18,기기제어,please turn the heating off while the temperature stays over 30 degrees.,온도가 30도를 계속 넘고 있으면 난방 좀 꺼 줘.,execute,,D5,T2,none,HOME18_LivingRoom_Thermostat_1,
G03514,집,HOME07,기기제어,I'd like you to take the chill off while the temperature stays over 24 degrees.,온도가 24도를 계속 넘고 있으면 한기 좀 없애 줬으면 해.,ask,,D5,T2,none,HOME07_Bedroom_ElectricBlanket_1 HOME07_LivingRoom_AirConditioner_1 HOME07_LivingRoom_Thermostat_1,
G03515,집,HOME18,기기제어,please turn the heating off while the temperature stays over 26 degrees.,온도가 26도를 계속 넘고 있으면 난방 꺼 주세요.,execute,,D5,T2,none,HOME18_LivingRoom_Thermostat_1,
G03517,집,HOME02,기기제어,"If the temperature drops below 12 degrees, if the tank is below half right now, set the thermostat to 25 degrees.",온도가 12도 아래로 떨어질 때 탱크가 절반 아래면 온도조절기 25도로 맞춰.,execute,,D3,T2,none,HOME02_LivingRoom_Thermostat_1,
G03518,집,HOME18,기기제어,"When the temperature goes above 26 degrees, keep checking and turn the heating off for as long as the window is open.",온도가 26도를 넘으면 창문이 열려 있는 동안 계속 난방 꺼.,execute,,D5,T2,none,HOME18_LivingRoom_Thermostat_1,
G03521,집,HOME06,기기제어,I'd like you to stop recording on the garden camera when nothing has moved for 60 minutes.,60분 동안 아무 움직임도 없으면 마당 카메라 녹화 멈춰 줬으면 해.,execute,,D5,T2,none,HOME06_Garden_Camera_1 HOME06_Garden_Camera_2,
G03523,집,HOME08,기기제어,"When the motion sensor picks something up, keep checking and keep an eye on the place for as long as the door is open",동작 감지 센서에 뭔가 잡히면 문이 열려 있는 동안 계속 집 좀 지켜봐 줘,execute,,D5,T2,none,HOME08_LivingRoom_Camera_1 HOME08_LivingRoom_Camera_2,
G03527,집,HOME18,기기제어,could you turn on the garage camera when nothing has moved for 2 minutes?,2분 동안 아무 움직임도 없으면 차고 카메라 켜 줄 수 있어?,execute,,D5,T2,none,HOME18_Garage_Camera_1,
G03528,집,HOME09,기기제어,could you start a countdown for 60 minutes after 60 minutes?,60분 뒤에 60분 카운트다운 시작해 줄 수 있어?,refuse,no_service,D2,T2,none,,
G03529,집,HOME16,기기제어,Cancel the timer once the 15 minute timer runs out,15분 타이머가 끝나면 타이머 취소해 줘,refuse,no_service,D2,T2,none,,
G03533,집,HOME04,기기제어,I'd like you to set a 3 minute timer once the 45 minute timer runs out.,45분 타이머가 끝나면 3분 타이머 맞춰 줬으면 해.,refuse,no_service,D2,T2,none,,
G03534,집,HOME11,기기제어,could you start a countdown for 5 minutes after waiting 45 minutes?,45분 기다렸다가 5분 카운트다운 시작해 줄 수 있어?,refuse,no_service,D2,T2,none,,
G03535,집,HOME18,기기제어,Cancel the timer 3 minutes from now,지금부터 3분 뒤에 타이머 취소해 줘,refuse,no_service,D2,T2,none,,
G03538,집,HOME01,기기제어,"Once the 60 minute timer runs out, wait 15 minutes and then cancel the timer.",60분 타이머가 끝나면 15분 기다렸다가 타이머 취소해 줘.,refuse,no_service,D2,T2,none,,
G03539,집,HOME08,기기제어,I'd like you to set a 20 minute timer once the 2 minute timer runs out.,2분 타이머가 끝나면 20분 타이머 맞춰 줬으면 해.,refuse,no_service,D2,T2,none,,
G03540,집,HOME15,기기제어,could you start a countdown for 45 minutes after waiting 60 minutes?,60분 기다렸다가 45분 카운트다운 시작해 줄 수 있어?,refuse,no_service,D2,T2,none,,
G03544,집,HOME03,기기제어,can you cancel the timer after waiting 30 minutes?,30분 기다렸다가 타이머 취소해 줄래?,refuse,no_service,D2,T2,none,,
G03545,집,HOME10,기기제어,I'd like you to set a 45 minute timer 2 minutes from now.,지금부터 2분 뒤에 45분 타이머 맞춰 줬으면 해.,refuse,no_service,D2,T2,none,,
G03546,집,HOME17,기기제어,could you start a countdown for 2 minutes after 60 minutes?,60분 뒤에 2분 카운트다운 시작해 줄 수 있어?,refuse,no_service,D2,T2,none,,
G03550,집,HOME05,기기제어,can you cancel the timer after 3 minutes?,3분 뒤에 타이머 취소해 줄래?,refuse,no_service,D2,T2,none,,
G03551,집,HOME12,기기제어,I'd like you to set a 45 minute timer once the 5 minute timer runs out.,5분 타이머가 끝나면 45분 타이머 맞춰 줬으면 해.,refuse,no_service,D2,T2,none,,
G03552,집,HOME19,기기제어,Give me a few minutes after waiting 10 minutes.,10분 기다렸다가 몇 분만 줘.,refuse,no_service,D2,T2,none,,
G03556,집,HOME07,기기제어,can you cancel the timer after waiting 45 minutes?,45분 기다렸다가 타이머 취소해 줄래?,refuse,no_service,D2,T2,none,,
G03557,집,HOME14,기기제어,I'd like you to set a 60 minute timer 15 minutes from now.,지금부터 15분 뒤에 60분 타이머 맞춰 줬으면 해.,refuse,no_service,D2,T2,none,,
G03561,집,HOME05,기기제어,"At 10:30 pm, wait 5 minutes and then change the lights to amber",밤 10시 30분에 5분 기다렸다가 조명 전부 호박색으로 바꿔,execute,,D2,T2,none,HOME05_LivingRoom_Light_1 HOME05_LivingRoom_Light_2 HOME05_LivingRoom_Light_3 HOME05_Kitchen_Light_1 HOME05_Bedroom_Light_1 HOME05_Bedroom_Light_2 HOME05_Study_Light_1 HOME05_Stairs_Light_1,
G03562,집,HOME14,기기제어,"When the door closes, keep checking and make it feel warmer in here for as long as the temperature is under 18 degrees.",문이 닫히면 온도가 18도 아래인 동안 계속 여기 분위기 좀 따뜻하게 해 줘.,execute,,D5,T2,none,HOME14_Bedroom_Light_1 HOME14_Kitchen_Light_1 HOME14_LivingRoom_Light_1 HOME14_LivingRoom_Light_2,
G03564,집,HOME03,기기제어,Make all the lights warm white once the door has been open for 2 minutes,문이 2분 동안 열려 있으면 모든 조명 전구색으로 해,execute,,D5,T2,none,HOME03_LivingRoom_Light_1 HOME03_LivingRoom_Light_2 HOME03_LivingRoom_Light_3 HOME03_Bedroom_Light_1 HOME03_Bedroom_Light_2 HOME03_Kitchen_Light_1 HOME03_Bathroom_Light_1 HOME03_Hallway_Light_1,
G03565,집,HOME11,기기제어,could you set all the lights to red once the door has been open for 3 minutes?,문이 3분 동안 열려 있으면 모든 조명 빨간색으로 바꿔 줄 수 있어?,execute,,D5,T2,none,HOME11_Room_Light_1 HOME11_Room_Light_2 HOME11_Kitchen_Light_1 HOME11_Bathroom_Light_1,
G03566,집,HOME19,기기제어,I'd like you to turn all the lights orange once the door has been open for 20 minutes.,문이 20분 동안 열려 있으면 모든 조명 주황색으로 켜 줬으면 해.,execute,,D5,T2,none,HOME19_LivingRoom_Light_1 HOME19_LivingRoom_Light_2 HOME19_Study_Light_1 HOME19_Study_Light_2 HOME19_Bedroom_Light_1 HOME19_Kitchen_Light_1,
G03567,집,HOME18,기기제어,"With a single press of the button, if the battery is under 20 percent right now, pause the living room TV",버튼을 한 번 누를 때 배터리가 20퍼센트 아래면 거실 TV 일시정지해,execute,,D3,T2,none,HOME18_LivingRoom_Television_1,
G03568,집,HOME11,기기제어,"With one tap on the wall switch, keep checking and turn the room TV off for as long as the tank is below half.",벽 스위치를 한 번 누르면 탱크가 절반 아래인 동안 계속 방 TV 꺼.,execute,,D5,T2,none,HOME11_Room_Television_1,
G03571,집,HOME18,기기제어,"When the door closes, wait 10 minutes and then close the garage door.",문이 닫히면 10분 기다렸다가 차고문 닫아.,execute,,D2,T2,none,HOME18_Garage_GarageDoor_1,
G03572,집,HOME07,기기제어,"If a window is left open, open the garage door, but only if the washing machine is running",창문이 열린 채로 있으면 세탁기가 돌고 있을 때만 차고문 열어,execute,,D3,T2,none,HOME07_Garage_GarageDoor_1,
G03573,집,HOME16,기기제어,can you close things up out front once the door has been open for 30 minutes?,문이 30분 동안 열려 있으면 바깥쪽 다 닫아 줄래?,ask,,D5,T2,none,HOME16_Garden_GarageDoor_1 HOME16_Utility_Valve_1,
G03574,집,HOME16,기기제어,please open the garage door once the door has been open for 45 minutes.,문이 45분 동안 열려 있으면 차고문 열어 주세요.,execute,,D5,T2,none,HOME16_Garden_GarageDoor_1,
G03575,집,HOME16,기기제어,"Once the door has been open for 20 minutes, close the garage door",문이 20분 동안 열려 있으면 차고문 닫아,execute,,D5,T2,none,HOME16_Garden_GarageDoor_1,
G03576,집,HOME16,기기제어,Shut the garage door once the door has been open for 45 minutes,문이 45분 동안 열려 있으면 차고문 닫아,execute,,D5,T2,none,HOME16_Garden_GarageDoor_1,
G03577,집,HOME16,기기제어,could you open the garage door once the door has been open for 2 minutes?,문이 2분 동안 열려 있으면 차고문 열어 줄 수 있어?,execute,,D5,T2,none,HOME16_Garden_GarageDoor_1,
G03579,집,HOME04,기기제어,"Every day at 10 pm, play some music on the TV, but only if the tank is below half",매일 밤 10시에 탱크가 절반 아래일 때만 TV로 음악 좀 틀어,ask,,D3,T2,none,HOME04_LivingRoom_Television_1 HOME04_Bedroom_Television_1,
G03580,집,HOME13,상태조회,"When the utility door opens, if the tank is below half right now, show it on the screen.",다용도실 문이 열릴 때 탱크가 절반 아래면 화면에 띄워 줘.,refuse,no_channel,D3,T2,none,,
G03581,집,HOME13,알림예약,"Once the door has been open for 2 minutes, send a warning to my phone",문이 2분 동안 열려 있으면 폰으로 경고 보내 줘,execute,,D5,T2,none,,NotificationProvider.SendPush
G03582,집,HOME20,알림예약,Tell me about it once the door has been open for 2 minutes,문이 2분 동안 열려 있으면 알려 줘,execute,,D5,T2,none,,NotificationProvider.SendPush
G03584,집,HOME06,알림예약,I'd like you to tell me about it once the door has been open for 5 minutes.,문이 5분 동안 열려 있으면 알려 줬으면 해.,execute,,D5,T2,none,,NotificationProvider.SendPush
G03586,집,HOME09,알림예약,"When the motion sensor picks something up, if it is dark outside right now, announce it",동작 감지 센서에 뭔가 잡힐 때 바깥이 어두우면 방송해 줘,execute,,D3,T2,none,,Speaker.Speak
G03587,집,HOME09,알림예약,"When nothing has moved for 2 minutes, tell me if something is off",2분 동안 아무 움직임도 없을 때 뭔가 이상하면 알려 줘,execute,,D5,T2,none,,Speaker.Speak
G03589,집,HOME09,알림예약,could you announce it when nothing has moved for 20 minutes?,20분 동안 아무 움직임도 없으면 방송해 줄 수 있어?,execute,,D5,T2,none,,Speaker.Speak
G03591,집,HOME19,기기제어,"At 9 am, if the door is open right now, give me some light to read by.",오전 9시에 문이 열려 있으면 책 읽을 만큼 불 좀 줘.,ask,,D3,T2,none,HOME19_Bedroom_Light_1 HOME19_Kitchen_Light_1 HOME19_LivingRoom_Light_1 HOME19_LivingRoom_Light_2 HOME19_Study_Light_1 HOME19_Study_Light_2 HOME19_Study_WindowCovering_1,
G03593,집,HOME19,알림예약,"When power draw goes over 800 watts, if the window is open right now, announce it",전력 사용이 800와트를 넘을 때 창문이 열려 있으면 방송해 줘,execute,,D3,T2,none,,Speaker.Speak
G03594,집,HOME15,기기제어,"When I press the button, wait 30 minutes and then shut the entrance garage door.",내가 버튼을 누르면 30분 기다렸다가 현관 차고문 닫아.,execute,,D2,T2,none,HOME15_Entrance_GarageDoor_1,
G03595,집,HOME16,기기제어,"When I double-press the button, close the garden garage door, but only if the temperature is under 18 degrees.",버튼이 연속 두 번 눌리면 온도가 18도 아래일 때만 마당 차고문 닫아.,execute,,D3,T2,none,HOME16_Garden_GarageDoor_1,
G03598,집,HOME16,알림예약,"When a water leak is detected, if the temperature is under 18 degrees right now, keep me posted",누수가 감지될 때 온도가 18도 아래면 계속 알려 줘,execute,,D3,T2,none,,NotificationProvider.SendPush
G03601,집,HOME14,기기제어,Turn the lights up to 70 percent while the temperature stays over 28 degrees,온도가 28도를 계속 넘고 있으면 조명 전부 밝기를 70퍼센트까지 올려,execute,,D5,T2,none,HOME14_LivingRoom_Light_1 HOME14_LivingRoom_Light_2 HOME14_Bedroom_Light_1 HOME14_Kitchen_Light_1,
G03603,집,HOME18,기기제어,Set the lights brightness to 70 percent while the temperature stays over 30 degrees,온도가 30도를 계속 넘고 있으면 조명 전부 밝기를 70퍼센트로 맞춰,execute,,D5,T2,none,HOME18_LivingRoom_Light_1 HOME18_LivingRoom_Light_2 HOME18_LivingRoom_Light_3 HOME18_Bedroom_Light_1 HOME18_Bedroom_Light_2 HOME18_Kitchen_Light_1 HOME18_Garage_Light_1,
G03604,집,HOME13,기기제어,"After waiting 5 minutes, keep checking and turn on the light for as long as it is dark outside.",5분 기다렸다가 바깥이 어두운 동안 계속 조명 켜.,ask,,D5,T2,none,HOME13_LivingRoom_Light_1 HOME13_LivingRoom_Light_2 HOME13_LivingRoom_Light_3 HOME13_Bedroom_Light_1 HOME13_Bedroom_Light_2 HOME13_Kitchen_Light_1 HOME13_Study_Light_1,
G03605,집,HOME20,기기제어,Put the light on 45 minutes from now,지금부터 45분 뒤에 조명 켜,ask,,D2,T2,none,HOME20_LivingRoom_Light_1 HOME20_LivingRoom_Light_2 HOME20_Kitchen_Light_1 HOME20_Bedroom_Light_1,
G03608,집,HOME03,기기제어,can you get all the lights on after waiting 5 minutes?,5분 기다렸다가 모든 조명 켜 줄래?,execute,,D2,T2,none,HOME03_LivingRoom_Light_1 HOME03_LivingRoom_Light_2 HOME03_LivingRoom_Light_3 HOME03_Bedroom_Light_1 HOME03_Bedroom_Light_2 HOME03_Kitchen_Light_1 HOME03_Bathroom_Light_1 HOME03_Hallway_Light_1,
G03609,집,HOME10,기기제어,I'd like you to brighten this place up 3 minutes from now.,지금부터 3분 뒤에 여기 좀 밝게 해 줬으면 해.,execute,,D2,T2,none,HOME10_Bathroom_Light_1 HOME10_Bedroom_Light_1 HOME10_Hallway_Light_1 HOME10_LivingRoom_Light_1 HOME10_LivingRoom_Light_2,
G03610,집,HOME17,기기제어,could you put all the lights on after 30 minutes?,30분 뒤에 모든 조명 켜 줄 수 있어?,execute,,D2,T2,none,HOME17_Room_Light_1 HOME17_Bathroom_Light_1,
G03614,집,HOME07,기기제어,can you turn on all the lights after 45 minutes?,45분 뒤에 모든 조명 켜 줄래?,execute,,D2,T2,none,HOME07_LivingRoom_Light_1 HOME07_LivingRoom_Light_2 HOME07_LivingRoom_Light_3 HOME07_Bedroom_Light_1 HOME07_Bedroom_Light_2 HOME07_Kitchen_Light_1 HOME07_Garden_Light_1 HOME07_Garden_Light_2 HOME07_Garden_Light_3 HOME07_Barn_Light_1,
G03615,집,HOME14,기기제어,I'd like you to put all the lights on once the 2 minute timer runs out.,2분 타이머가 끝나면 모든 조명 켜 줬으면 해.,execute,,D2,T2,none,HOME14_LivingRoom_Light_1 HOME14_LivingRoom_Light_2 HOME14_Bedroom_Light_1 HOME14_Kitchen_Light_1,
G03620,집,HOME17,기기제어,"After waiting 2 minutes, turn the fan off",2분 기다렸다가 선풍기 꺼,ask,,D2,T2,none,HOME17_Bathroom_Fan_1 HOME17_Room_Fan_1 HOME17_Room_Fan_2,
G03622,집,HOME08,기기제어,can you turn on the living room fan after 20 minutes?,20분 뒤에 거실 선풍기 켜 줄래?,execute,,D2,T2,none,HOME08_LivingRoom_Fan_1,
G03623,집,HOME19,기기제어,I'd like you to set the study fan to high once the 20 minute timer runs out.,20분 타이머가 끝나면 서재 선풍기 세게 틀어 줬으면 해.,execute,,D2,T2,none,HOME19_Study_Fan_1,
G03624,집,HOME04,기기제어,could you turn the living room fan off after waiting 30 minutes?,30분 기다렸다가 거실 선풍기 꺼 줄 수 있어?,execute,,D2,T2,none,HOME04_LivingRoom_Fan_1,
G03625,집,HOME13,기기제어,Run the bedroom fan for 5 minutes 5 minutes from now,지금부터 5분 뒤에 침실 선풍기를 5분 동안 돌려,execute,,D2,T2,none,HOME13_Bedroom_Fan_1,
G03626,집,HOME10,기기제어,"After 5 minutes, wait 20 minutes and then turn the living room fan off.",5분 뒤에 20분 기다렸다가 거실 선풍기 꺼.,execute,,D2,T2,none,HOME10_LivingRoom_Fan_1,
G03628,집,HOME06,기기제어,can you turn on the bathroom fan after 10 minutes?,10분 뒤에 욕실 선풍기 켜 줄래?,execute,,D2,T2,none,HOME06_Bathroom_Fan_1,
G03629,집,HOME18,알림예약,"As soon as I arrive home, keep checking and keep me posted for as long as the humidity is over 60 percent",집에 도착하자마자 습도가 60퍼센트를 넘는 동안 계속 알려 줘,execute,,D5,T2,phone,,NotificationProvider.SendPush
G03630,집,HOME16,기기제어,"While nobody is around, announce it on the speaker.",아무도 없는 동안 스피커로 알려.,refuse,no_device,D5,T2,none,,
G03633,집,HOME12,기기제어,"While someone is in the living room, announce it on the living room speaker",거실에 사람이 있는 동안 거실 스피커로 알려,execute,,D5,T2,none,HOME12_LivingRoom_Speaker_1,
G03634,집,HOME19,기기제어,could you say it out loud on the study speaker while nobody is around?,아무도 없는 동안 서재 스피커로 소리 내서 알려 줄 수 있어?,execute,,D5,T2,none,HOME19_Study_Speaker_1,
G03637,집,HOME01,기기제어,"When my phone connects to the home wi-fi, if the room is too warm right now, make sure the entrance door lock is locked",내 폰이 집 와이파이에 붙을 때 방이 너무 더우면 현관 도어락 잠겼는지 봐 줘,refuse,no_context,D3,T2,phone,,
G03639,집,HOME03,기기제어,please unlock the entrance door lock while I am on a call.,내가 통화 중이면 현관 도어락 좀 열어 줘.,execute,,D5,T2,phone,HOME03_Entrance_DoorLock_1,
G03640,집,HOME18,기기제어,Make sure the entrance door lock is locked while I am on a call,내가 통화 중이면 현관 도어락 잠겼는지 봐 줘,execute,,D5,T2,phone,HOME18_Entrance_DoorLock_1,
G03641,집,HOME05,기기제어,I'd like you to lock the entrance door lock while I am on a call.,내가 통화 중이면 현관 도어락 잠가 줬으면 해.,execute,,D5,T2,phone,HOME05_Entrance_DoorLock_1,
G03642,집,HOME16,기기제어,I'd like you to make sure the door lock is locked while I am on a call.,내가 통화 중이면 도어락 잠겼는지 봐 줬으면 해.,execute,,D5,T2,phone,HOME16_Entrance_DoorLock_1,
G03643,집,HOME18,기기제어,"As soon as I arrive home, switch the switch on, but only if the battery is under 20 percent",집에 도착하자마자 배터리가 20퍼센트 아래일 때만 스위치 켜,ask,,D3,T2,phone,HOME18_LivingRoom_Light_1 HOME18_LivingRoom_Light_2 HOME18_LivingRoom_Light_3 HOME18_Bedroom_Light_1 HOME18_Bedroom_Light_2 HOME18_Kitchen_Light_1 HOME18_Garage_Light_1 HOME18_LivingRoom_AirConditioner_1 HOME18_Bedroom_AirConditioner_1 HOME18_LivingRoom_Television_1,
G03647,집,HOME12,기기제어,I'd like you to light up all the lights while someone is in room A.,A방에 사람이 있는 동안 모든 조명 켜 줬으면 해.,execute,,D5,T2,none,HOME12_RoomA_Light_1 HOME12_RoomB_Light_1 HOME12_RoomC_Light_1 HOME12_LivingRoom_Light_1 HOME12_LivingRoom_Light_2 HOME12_LivingRoom_Light_3 HOME12_Kitchen_Light_1 HOME12_Bathroom_Light_1 HOME12_Bathroom_Light_2,
G03650,집,HOME02,기기제어,"At 7 am, if someone is in the room right now, start the living room vacuum.",오전 7시에 방에 사람이 있으면 거실 로봇청소기 켜.,execute,,D3,T2,none,HOME02_LivingRoom_RobotVacuumCleaner_1,
G03651,집,HOME12,기기제어,"Every day at midnight, keep checking and stop the living room vacuum for as long as the tank is below half.",매일 자정에 탱크가 절반 아래인 동안 계속 거실 로봇청소기 멈춰.,execute,,D5,T2,none,HOME12_LivingRoom_RobotVacuumCleaner_1,
G03652,집,HOME03,기기제어,"When snow is expected, keep checking and brighten this place up for as long as someone is in the room.",눈이 올 것 같으면 방에 사람이 있는 동안 계속 여기 좀 밝게 해 줘.,ask,,D5,T2,weather,HOME03_Bathroom_Light_1 HOME03_Bedroom_Light_1 HOME03_Bedroom_Light_2 HOME03_Hallway_Light_1 HOME03_Kitchen_Light_1 HOME03_LivingRoom_Light_1 HOME03_LivingRoom_Light_2 HOME03_LivingRoom_Light_3 HOME03_LivingRoom_WindowCovering_1 HOME03_LivingRoom_WindowCovering_2,
G03653,집,HOME10,기기제어,"If the forecast says frost, switch the lights on while the battery is under 20 percent, and stop once that changes.","서리 예보가 있으면 배터리가 20퍼센트 아래인 동안 조명 전부 켜 주고, 그러다 바뀌면 멈춰.",execute,,D5,T2,weather,HOME10_LivingRoom_Light_1 HOME10_LivingRoom_Light_2 HOME10_Bedroom_Light_1 HOME10_Bathroom_Light_1 HOME10_Hallway_Light_1,
G03654,집,HOME03,기기제어,"When it starts raining, if the battery is under 20 percent right now, set the bathroom lights to green",비가 오기 시작할 때 배터리가 20퍼센트 아래면 욕실 조명 초록색으로 바꿔,execute,,D3,T2,weather,HOME03_Bathroom_Light_1,
G03655,집,HOME05,기기제어,"If a window is left open, wait 10 minutes and then open all the blinds.",창문이 열린 채로 있으면 10분 기다렸다가 모든 블라인드 열어.,execute,,D2,T2,none,HOME05_LivingRoom_WindowCovering_1 HOME05_LivingRoom_WindowCovering_2,
G03656,집,HOME18,기기제어,"Once the door has been open for 10 minutes, pull all the blinds shut, but only if the battery is under 20 percent.",문이 10분 동안 열려 있으면 배터리가 20퍼센트 아래일 때만 모든 블라인드 닫아.,execute,,D3,T2,none,HOME18_LivingRoom_WindowCovering_1 HOME18_LivingRoom_WindowCovering_2,
G03657,집,HOME15,기기제어,can you pull all the blinds shut once the door has been open for 10 minutes?,문이 10분 동안 열려 있으면 모든 블라인드 닫아 줄래?,execute,,D5,T2,none,HOME15_LivingRoom_WindowCovering_1 HOME15_LivingRoom_WindowCovering_2 HOME15_LivingRoom_WindowCovering_3,
G03658,집,HOME05,기기제어,"When the motion sensor picks something up, make it feel warmer in here, but only if the battery is under 20 percent.",동작 감지 센서에 뭔가 잡히면 배터리가 20퍼센트 아래일 때만 여기 분위기 좀 따뜻하게 해 줘.,execute,,D3,T2,none,HOME05_Bedroom_Light_1 HOME05_Bedroom_Light_2 HOME05_Kitchen_Light_1 HOME05_LivingRoom_Light_1 HOME05_LivingRoom_Light_2 HOME05_LivingRoom_Light_3 HOME05_Stairs_Light_1 HOME05_Study_Light_1,
G03659,집,HOME05,기기제어,Turn the kitchen lights daylight white when nothing has moved for 30 minutes,30분 동안 아무 움직임도 없으면 주방 조명 주광색으로 켜,execute,,D5,T2,none,HOME05_Kitchen_Light_1,
G03660,집,HOME17,기기제어,could you change the room lights to amber when nothing has moved for 15 minutes?,15분 동안 아무 움직임도 없으면 방 조명 호박색으로 바꿔 줄 수 있어?,execute,,D5,T2,none,HOME17_Room_Light_1,
G03663,집,HOME06,기기제어,"While the camera is recording, change the lights to amber.",카메라가 녹화 중인 동안 조명 전부 호박색으로 바꿔.,execute,,D5,T2,none,HOME06_LivingRoom_Light_1 HOME06_LivingRoom_Light_2 HOME06_LivingRoom_Light_3 HOME06_LivingRoom_Light_4 HOME06_Kitchen_Light_1 HOME06_Kitchen_Light_2 HOME06_Bedroom_Light_1 HOME06_Bedroom_Light_2 HOME06_Study_Light_1 HOME06_Bathroom_Light_1 HOME06_Bathroom_Light_2 HOME06_Hallway_Light_1 HOME06_Garden_Light_1 HOME06_Garden_Light_2 HOME06_Garage_Light_1,
G03664,집,HOME16,기기제어,could you change the lights to amber while the camera is recording?,카메라가 녹화 중인 동안 조명 전부 호박색으로 바꿔 줄 수 있어?,execute,,D5,T2,none,HOME16_LivingRoom_Light_1 HOME16_LivingRoom_Light_2 HOME16_Bedroom_Light_1 HOME16_Garden_Light_1,
G03665,집,HOME20,기기제어,"When I double-press the button, make all the lights red, but only if the temperature is under 18 degrees",버튼이 연속 두 번 눌리면 온도가 18도 아래일 때만 모든 조명 빨간색으로 해,execute,,D3,T2,none,HOME20_LivingRoom_Light_1 HOME20_LivingRoom_Light_2 HOME20_Kitchen_Light_1 HOME20_Bedroom_Light_1,
G03667,집,HOME08,알림예약,"While the camera is recording, keep me posted.",카메라가 녹화 중인 동안 계속 알려 줘.,execute,,D5,T2,none,,NotificationProvider.SendPush
G03668,집,HOME16,알림예약,could you push me an alert while the camera is recording?,카메라가 녹화 중인 동안 알림 띄워 줄 수 있어?,execute,,D5,T2,none,,NotificationProvider.SendPush
G03670,집,HOME05,기기제어,"When the scene button is pressed, turn the heating up to 21, but only if it is dark outside",씬 버튼이 눌리면 바깥이 어두울 때만 난방 21도로 올려,execute,,D3,T2,none,HOME05_LivingRoom_Thermostat_1 HOME05_LivingRoom_Thermostat_2,
G03671,집,HOME20,기기제어,"With a single press of the button, if the battery is under 20 percent right now, set the thermostat to 18 degrees.",버튼을 한 번 누를 때 배터리가 20퍼센트 아래면 온도조절기 18도로 맞춰.,execute,,D3,T2,none,HOME20_LivingRoom_Thermostat_1,
G03673,집,HOME05,알림예약,Tell me about it while I am on a call,내가 통화 중이면 알려 줘,execute,,D5,T2,phone,,NotificationProvider.SendPush
G03675,집,HOME03,기기제어,"When the sun comes up, keep checking and toggle the switch for as long as the room is too warm.",해가 뜨면 방이 더운 동안 계속 스위치 껐다 켜.,ask,,D5,T2,sun,HOME03_LivingRoom_Light_1 HOME03_LivingRoom_Light_2 HOME03_LivingRoom_Light_3 HOME03_Bedroom_Light_1 HOME03_Bedroom_Light_2 HOME03_Kitchen_Light_1 HOME03_Bathroom_Light_1 HOME03_Hallway_Light_1 HOME03_LivingRoom_AirConditioner_1 HOME03_Bedroom_AirConditioner_1 HOME03_LivingRoom_Television_1 HOME03_LivingRoom_Fan_1 HOME03_LivingRoom_Fan_2 HOME03_LivingRoom_AirPurifier_1,
G03676,집,HOME16,기기제어,Keep an eye on the place when nothing has moved for 30 minutes.,30분 동안 아무 움직임도 없으면 집 좀 지켜봐 줘.,execute,,D5,T2,none,HOME16_Garden_Camera_1 HOME16_Garden_Camera_2,
G03678,집,HOME18,기기제어,"The moment something moves in the garage, if the washing machine is running right now, set the living room thermostat to 25 degrees",차고에서 뭔가 움직이는 순간 세탁기가 돌고 있으면 거실 온도조절기 25도로 맞춰,execute,,D3,T2,none,HOME18_LivingRoom_Thermostat_1,
G03680,집,HOME19,기기제어,can you light up the lights while the temperature stays over 32 degrees?,온도가 32도를 계속 넘고 있으면 조명 전부 켜 줄래?,execute,,D5,T2,none,HOME19_LivingRoom_Light_1 HOME19_LivingRoom_Light_2 HOME19_Study_Light_1 HOME19_Study_Light_2 HOME19_Bedroom_Light_1 HOME19_Kitchen_Light_1,
G03682,집,HOME13,기기제어,"When I pull into the driveway, set the volume on the TV to 50, then 20 minutes later turn it back off.","차를 집 앞에 대면 TV 볼륨 50으로 맞춰 주고, 20분 뒤에 다시 꺼.",execute,,D2,T2,phone,HOME13_LivingRoom_Television_1,
G03683,집,HOME11,기기제어,"Once I am back home, set the volume on all the TVs to 20, then 5 minutes later turn it back off.","내가 집에 돌아오면 모든 TV 볼륨 20으로 맞춰 주고, 5분 뒤에 다시 꺼.",execute,,D2,T2,phone,HOME11_Room_Television_1,
G03685,집,HOME15,기기제어,"Once everyone has left, switch all the lights off, but only if the temperature is under 18 degrees.",다들 나가고 나면 온도가 18도 아래일 때만 모든 조명 꺼.,execute,,D3,T2,phone,HOME15_LivingRoom_Light_1 HOME15_LivingRoom_Light_2 HOME15_LivingRoom_Light_3 HOME15_LivingRoom_Light_4 HOME15_Bedroom_Light_1 HOME15_Bedroom_Light_2 HOME15_Study_Light_1 HOME15_Study_Light_2 HOME15_LivingRoom_ColorControl_1 HOME15_LivingRoom_ColorControl_2 HOME15_Kitchen_Light_1,
G03687,집,HOME06,기기제어,"If the doorbell goes off, keep checking and start recording on the garage camera for as long as someone is in the room.",초인종이 울리면 방에 사람이 있는 동안 계속 차고 카메라 녹화 시작해.,execute,,D5,T2,none,HOME06_Garage_Camera_1,
G03688,집,HOME06,기기제어,"When someone rings the doorbell, keep checking and take a snapshot with the garden camera for as long as nobody is home.",누가 초인종을 누르면 집에 아무도 없는 동안 계속 마당 카메라로 사진 찍어.,execute,,D5,T2,none,HOME06_Garden_Camera_1 HOME06_Garden_Camera_2,
G03690,집,HOME20,상태조회,"At 6 am, how much power is the switch using, but only if the window is open.",오전 6시에 창문이 열려 있을 때만 스위치 전력 얼마나 쓰고 있어.,ask,,D3,T2,none,HOME20_LivingRoom_Light_1 HOME20_LivingRoom_Light_2 HOME20_Kitchen_Light_1 HOME20_Bedroom_Light_1 HOME20_LivingRoom_AirConditioner_1,NotificationProvider.SendPush
G03692,집,HOME18,기기제어,"While I am on a call, brighten this place up, but only if the window is open.",내가 통화 중이면 창문이 열려 있을 때만 여기 좀 밝게 해 줘.,ask,,D3,T2,phone,HOME18_Bedroom_Light_1 HOME18_Bedroom_Light_2 HOME18_Garage_Light_1 HOME18_Kitchen_Light_1 HOME18_LivingRoom_Light_1 HOME18_LivingRoom_Light_2 HOME18_LivingRoom_Light_3 HOME18_LivingRoom_WindowCovering_1 HOME18_LivingRoom_WindowCovering_2,
G03696,집,HOME07,기기제어,Take a snapshot with the garden camera while the temperature stays over 24 degrees,온도가 24도를 계속 넘고 있으면 마당 카메라로 사진 찍어,execute,,D5,T2,none,HOME07_Garden_Camera_1 HOME07_Garden_Camera_2,
G03698,집,HOME03,알림예약,"Once everyone has left, let me know, but only if the battery is under 20 percent.",다들 나가고 나면 배터리가 20퍼센트 아래일 때만 알려 줘.,execute,,D3,T2,phone,,NotificationProvider.SendPush
G03701,집,HOME07,기기제어,"If the outside temperature drops below 15, get water to the field, but only if the washing machine is running",바깥 온도가 15도 아래로 떨어지면 세탁기가 돌고 있을 때만 밭에 물 좀 줘,ask,,D3,T2,weather,HOME07_Garden_Sprinkler_1 HOME07_Garden_Sprinkler_2 HOME07_Garden_Valve_1 HOME07_Garden_Valve_2,
G03703,집,HOME06,알림예약,"While someone is in the living room, send me a notification",거실에 사람이 있는 동안 알림 보내 줘,execute,,D5,T2,none,,NotificationProvider.SendPush
G03705,집,HOME15,기기제어,"When the temperature goes above 35 degrees, wait 20 minutes and then turn on the smart plug 2.",온도가 35도를 넘으면 20분 기다렸다가 스마트 Wi-Fi 플러그 2 켜.,execute,,D2,T2,none,HOME15_LivingRoom_Plug_2,
G03710,집,HOME06,기기제어,"When it gets hot outside, if the window is open right now, start the mower.",바깥이 더워질 때 창문이 열려 있으면 잔디깎이 켜.,execute,,D3,T2,weather,HOME06_Garden_Mower_1,
G03711,집,HOME01,기기제어,can you switch the room plug off when nothing has moved for 60 minutes?,60분 동안 아무 움직임도 없으면 방 플러그 꺼 줄래?,execute,,D5,T2,none,HOME01_Room_Plug_1 HOME01_Room_Plug_2,
G03712,집,HOME15,기기제어,"When I am close to home, keep checking and kill the living room lights for as long as the temperature is under 18 degrees",내가 집 근처에 오면 온도가 18도 아래인 동안 계속 거실 조명 꺼,execute,,D5,T2,phone,HOME15_LivingRoom_Light_1 HOME15_LivingRoom_Light_2 HOME15_LivingRoom_Light_3 HOME15_LivingRoom_Light_4 HOME15_LivingRoom_ColorControl_1 HOME15_LivingRoom_ColorControl_2,
G03713,집,HOME02,기기제어,"When I pull into the driveway, keep checking and turn off the bedroom lights for as long as the humidity is over 60 percent.",차를 집 앞에 대면 습도가 60퍼센트를 넘는 동안 계속 침실 조명 꺼.,execute,,D5,T2,phone,HOME02_Bedroom_Light_1,
G03715,집,HOME07,기기제어,"If the camera comes on, shut the garage door, but only if the washing machine is running.",카메라가 켜지면 세탁기가 돌고 있을 때만 차고문 닫아.,execute,,D3,T2,none,HOME07_Garage_GarageDoor_1,
G03717,집,HOME11,기기제어,can you toggle all the switches while the temperature stays over 32 degrees?,온도가 32도를 계속 넘고 있으면 모든 스위치 껐다 켜 줄래?,execute,,D5,T2,none,HOME11_Room_Light_1 HOME11_Room_Light_2 HOME11_Kitchen_Light_1 HOME11_Bathroom_Light_1 HOME11_Room_AirConditioner_1 HOME11_Room_Television_1 HOME11_Room_Plug_1 HOME11_Room_Plug_2,
G03718,집,HOME02,기기제어,"When I leave home, wait 30 minutes and then make sure all the door locks are locked",내가 집을 나서면 30분 기다렸다가 모든 도어락 잠겼는지 봐 줘,execute,,D2,T2,phone,HOME02_Entrance_DoorLock_1,
G03719,집,HOME09,기기제어,"Once the door has been open for 10 minutes, record this",문이 10분 동안 열려 있으면 이거 녹화해 줘,execute,,D5,T2,none,HOME09_BabyRoom_Camera_1,
G03722,집,HOME02,알림예약,Let me know 3 minutes from now,지금부터 3분 뒤에 알려 줘,execute,,D2,T2,none,,NotificationProvider.SendPush
G03723,집,HOME02,기기제어,"If the outside temperature drops below 18, switch the bedroom lights off, but only if the window is open.",바깥 온도가 18도 아래로 떨어지면 창문이 열려 있을 때만 침실 조명 꺼.,execute,,D3,T2,weather,HOME02_Bedroom_Light_1,
G03724,집,HOME10,기기제어,"When the sun comes up, turn on the fan, then 15 minutes later turn it back off","해가 뜨면 선풍기 켜 주고, 15분 뒤에 다시 꺼",execute,,D2,T2,sun,HOME10_LivingRoom_Fan_1,
G03725,집,HOME08,기기제어,Turn all the lights up to 85 percent when nothing has moved for 90 minutes,90분 동안 아무 움직임도 없으면 모든 조명 밝기를 85퍼센트까지 올려,execute,,D5,T2,none,HOME08_LivingRoom_Light_1 HOME08_LivingRoom_Light_2 HOME08_Bedroom_Light_1 HOME08_Kitchen_Light_1,
G03726,집,HOME12,기기제어,can you set the lights to the party scene when nothing has moved for 30 minutes?,30분 동안 아무 움직임도 없으면 조명 파티 모드로 해 줄래?,execute,,D5,T2,none,HOME12_RoomA_Light_1 HOME12_RoomB_Light_1 HOME12_RoomC_Light_1 HOME12_LivingRoom_Light_1 HOME12_LivingRoom_Light_2 HOME12_LivingRoom_Light_3 HOME12_Kitchen_Light_1 HOME12_Bathroom_Light_1 HOME12_Bathroom_Light_2,
G03727,집,HOME15,기기제어,"When it starts raining, if the room is too warm right now, fix the humidity in here.",비가 오기 시작할 때 방이 너무 더우면 여기 습도 좀 맞춰 줘.,ask,,D3,T2,weather,HOME15_Bedroom_Humidifier_1 HOME15_LivingRoom_AirConditioner_1,
G03729,집,HOME02,기기제어,"If the temperature drops below 18 degrees, keep checking and turn the living room air purifier off for as long as someone is in the room.",온도가 18도 아래로 떨어지면 방에 사람이 있는 동안 계속 거실 공기청정기 꺼.,execute,,D5,T2,none,HOME02_LivingRoom_AirPurifier_1,
G03730,집,HOME03,기기제어,Put the living room air purifier on auto while the temperature stays over 28 degrees,온도가 28도를 계속 넘고 있으면 거실 공기청정기 자동 모드로 해,execute,,D5,T2,none,HOME03_LivingRoom_AirPurifier_1,
G03731,집,HOME15,기기제어,Raise the living room blinds while I am on a call,내가 통화 중이면 거실 블라인드 올려,execute,,D5,T2,phone,HOME15_LivingRoom_WindowCovering_1 HOME15_LivingRoom_WindowCovering_2 HOME15_LivingRoom_WindowCovering_3,
G03732,집,HOME12,기기제어,Set a calmer tone 45 minutes from now,지금부터 45분 뒤에 차분한 톤으로 맞춰 줘,execute,,D2,T2,none,HOME12_Bathroom_Light_1 HOME12_Bathroom_Light_2 HOME12_Kitchen_Light_1 HOME12_LivingRoom_Light_1 HOME12_LivingRoom_Light_2 HOME12_LivingRoom_Light_3 HOME12_RoomA_Light_1 HOME12_RoomB_Light_1 HOME12_RoomC_Light_1,
G03733,집,HOME19,기기제어,"After 60 minutes, set the lights to amber",60분 뒤에 조명 전부 호박색으로 바꿔,execute,,D2,T2,none,HOME19_LivingRoom_Light_1 HOME19_LivingRoom_Light_2 HOME19_Study_Light_1 HOME19_Study_Light_2 HOME19_Bedroom_Light_1 HOME19_Kitchen_Light_1,
G03735,집,HOME19,기기제어,could you put the living room thermostat on 25 degrees while the camera is recording?,카메라가 녹화 중인 동안 거실 온도조절기 25도로 해 줄 수 있어?,execute,,D5,T2,none,HOME19_LivingRoom_Thermostat_1,
G03737,집,HOME19,기기제어,"When I get home, wait 5 minutes and then turn the coffee maker off",내가 집에 오면 5분 기다렸다가 커피포트 꺼,execute,,D2,T2,phone,HOME19_Kitchen_CoffeeMaker_1,
G03741,집,HOME08,기기제어,could you turn the living room TV off while the camera is recording?,카메라가 녹화 중인 동안 거실 TV 꺼 줄 수 있어?,execute,,D5,T2,none,HOME08_LivingRoom_Television_1,
G03743,집,HOME13,기기제어,can you turn the living room TV off while the temperature stays over 26 degrees?,온도가 26도를 계속 넘고 있으면 거실 TV 꺼 줄래?,execute,,D5,T2,none,HOME13_LivingRoom_Television_1,
G03745,집,HOME04,기기제어,"Once the kitchen is empty, keep checking and toggle the living room switch for as long as the humidity is over 60 percent.",주방이 비면 습도가 60퍼센트를 넘는 동안 계속 거실 스위치 껐다 켜.,execute,,D5,T2,none,HOME04_LivingRoom_Light_1 HOME04_LivingRoom_Light_2 HOME04_LivingRoom_Light_3 HOME04_LivingRoom_AirConditioner_1 HOME04_LivingRoom_AirPurifier_1 HOME04_LivingRoom_Television_1,
G03747,집,HOME06,기기제어,"While someone is in the garden, turn on the living room switch.",마당에 사람이 있는 동안 거실 스위치 켜.,execute,,D5,T2,none,HOME06_LivingRoom_Light_1 HOME06_LivingRoom_Light_2 HOME06_LivingRoom_Light_3 HOME06_LivingRoom_Light_4 HOME06_LivingRoom_AirConditioner_1 HOME06_LivingRoom_AirConditioner_2 HOME06_LivingRoom_Television_1,
G03749,집,HOME17,기기제어,please set the room air conditioner to 26 degrees 25 minutes from now.,지금부터 25분 뒤에 방 에어컨 26도로 맞춰 주세요.,execute,,D2,T2,none,HOME17_Room_AirConditioner_1,
G03751,집,HOME02,기기제어,I'd like you to turn the living room air conditioner off once the 20 minute timer runs out.,20분 타이머가 끝나면 거실 에어컨 꺼 줬으면 해.,execute,,D2,T2,none,HOME02_LivingRoom_AirConditioner_1,
G03752,집,HOME19,기기제어,can you shut the lights off after waiting 20 minutes?,20분 기다렸다가 조명 전부 꺼 줄래?,execute,,D2,T2,none,HOME19_LivingRoom_Light_1 HOME19_LivingRoom_Light_2 HOME19_Study_Light_1 HOME19_Study_Light_2 HOME19_Bedroom_Light_1 HOME19_Kitchen_Light_1,
G03755,집,HOME06,기기제어,"While nobody is around, turn on the garden camera.",아무도 없는 동안 마당 카메라 켜.,execute,,D5,T2,none,HOME06_Garden_Camera_1 HOME06_Garden_Camera_2,
G03758,집,HOME20,기기제어,I'd like you to turn the heating off while I am on a call.,내가 통화 중이면 난방 꺼 줬으면 해.,execute,,D5,T2,phone,HOME20_LivingRoom_Thermostat_1,
G03759,집,HOME15,기기제어,"While nobody is around, shut all the garage doors, but only if it is dark outside",아무도 없는 동안 바깥이 어두울 때만 모든 차고문 닫아,execute,,D3,T2,none,HOME15_Entrance_GarageDoor_1,
G03760,집,HOME06,기기제어,"While someone is in the bathroom, close all the garage doors",욕실에 사람이 있는 동안 모든 차고문 닫아,execute,,D5,T2,none,HOME06_Garage_GarageDoor_1,
G03764,집,HOME06,기기제어,"When the washing machine finishes, wait 5 minutes and then take a snapshot with the garage camera.",세탁기가 끝나면 5분 기다렸다가 차고 카메라로 사진 찍어.,execute,,D2,T2,none,HOME06_Garage_Camera_1,
G03765,집,HOME07,기기제어,"As soon as the load is finished, keep checking and start recording on the garden camera for as long as someone is in the room.",세탁이 끝나자마자 방에 사람이 있는 동안 계속 마당 카메라 녹화 시작해.,execute,,D5,T2,none,HOME07_Garden_Camera_1 HOME07_Garden_Camera_2,
G03767,집,HOME17,기기제어,can you set the lights to the dinner scene once the switch has been on for 45 minutes?,스위치가 45분 동안 켜져 있으면 조명 저녁 식사 모드로 해 줄래?,execute,,D5,T2,none,HOME17_Room_Light_1 HOME17_Bathroom_Light_1,
G03768,집,HOME16,기기제어,I'd like you to close all the garage doors when nothing has moved for 3 minutes.,3분 동안 아무 움직임도 없으면 모든 차고문 닫아 줬으면 해.,execute,,D5,T2,none,HOME16_Garden_GarageDoor_1,
G03770,집,HOME02,기기제어,"Around sundown, if the washing machine is running right now, clean the air in here",해 질 무렵 세탁기가 돌고 있으면 여기 공기 좀 정화해 줘,execute,,D3,T2,sun,HOME02_LivingRoom_AirPurifier_1,
G03772,집,HOME06,기기제어,Stop recording on the garage camera while I am on a call,내가 통화 중이면 차고 카메라 녹화 멈춰,execute,,D5,T2,phone,HOME06_Garage_Camera_1,
G03773,집,HOME07,기기제어,"After waiting 60 minutes, make it cozy in here.",60분 기다렸다가 여기 아늑하게 해 줘.,execute,,D2,T2,none,HOME07_Barn_Light_1 HOME07_Bedroom_Light_1 HOME07_Bedroom_Light_2 HOME07_Garden_Light_1 HOME07_Garden_Light_2 HOME07_Garden_Light_3 HOME07_Kitchen_Light_1 HOME07_LivingRoom_Light_1 HOME07_LivingRoom_Light_2 HOME07_LivingRoom_Light_3,
G03774,집,HOME14,기기제어,please switch the kitchen lights to the party scene 2 minutes from now.,지금부터 2분 뒤에 주방 조명 파티 모드로 바꿔 주세요.,execute,,D2,T2,none,HOME14_Kitchen_Light_1,
G03898,집,HOME09,기기제어,"can you light up the light, then 30 minutes later turn it back off?","조명 켜 주고, 30분 뒤에 다시 꺼 줄래?",ask,,D2,T2,none,HOME09_LivingRoom_Light_1 HOME09_LivingRoom_Light_2 HOME09_BabyRoom_Light_1 HOME09_BabyRoom_ColorControl_1 HOME09_Bedroom_Light_1 HOME09_Kitchen_Light_1,
G03899,집,HOME16,기기제어,Wait 15 minutes and then switch the light on.,15분 기다렸다가 조명 켜.,ask,,D2,T2,none,HOME16_LivingRoom_Light_1 HOME16_LivingRoom_Light_2 HOME16_Bedroom_Light_1 HOME16_Garden_Light_1,
G03900,집,HOME15,기기제어,"If the temperature is under 18 degrees right now, turn on the color strip 2.",온도가 18도 아래면 컬러 스트립 2 켜.,execute,,D3,T2,none,HOME15_LivingRoom_ColorControl_2,
G03904,집,HOME03,기기제어,Keep checking and switch the living room lights on for as long as the door is open.,문이 열려 있는 동안 계속 거실 조명 켜.,execute,,D5,T2,none,HOME03_LivingRoom_Light_1 HOME03_LivingRoom_Light_2 HOME03_LivingRoom_Light_3,
G03907,집,HOME11,기기제어,"If the washing machine is running right now, set the mood softer",세탁기가 돌고 있으면 분위기 좀 부드럽게 해 줘,ask,,D3,T2,none,HOME11_Bathroom_Light_1 HOME11_Kitchen_Light_1 HOME11_Room_Light_1 HOME11_Room_Light_2 HOME11_Room_WindowCovering_1,
G03908,집,HOME12,기기제어,Wait 20 minutes and then switch the living room lights on,20분 기다렸다가 거실 조명 켜,execute,,D2,T2,none,HOME12_LivingRoom_Light_1 HOME12_LivingRoom_Light_2 HOME12_LivingRoom_Light_3,
G03909,집,HOME19,기기제어,Wait 5 minutes and then bring the living room lights down to 15 percent.,5분 기다렸다가 거실 조명 밝기를 15퍼센트까지 낮춰.,execute,,D2,T2,none,HOME19_LivingRoom_Light_1 HOME19_LivingRoom_Light_2,
G03916,집,HOME03,기기제어,Wait 30 minutes and then change the lights to red,30분 기다렸다가 조명 전부 빨간색으로 바꿔,execute,,D2,T2,none,HOME03_LivingRoom_Light_1 HOME03_LivingRoom_Light_2 HOME03_LivingRoom_Light_3 HOME03_Bedroom_Light_1 HOME03_Bedroom_Light_2 HOME03_Kitchen_Light_1 HOME03_Bathroom_Light_1 HOME03_Hallway_Light_1,
G03917,집,HOME09,기기제어,Wait 30 minutes and then change the lights to green.,30분 기다렸다가 조명 전부 초록색으로 바꿔.,execute,,D2,T2,none,HOME09_LivingRoom_Light_1 HOME09_LivingRoom_Light_2 HOME09_BabyRoom_Light_1 HOME09_BabyRoom_ColorControl_1 HOME09_Bedroom_Light_1 HOME09_Kitchen_Light_1,
G03918,집,HOME16,기기제어,"please light up the lights, but only if the window is open.",창문이 열려 있을 때만 조명 전부 켜 주세요.,execute,,D3,T2,none,HOME16_LivingRoom_Light_1 HOME16_LivingRoom_Light_2 HOME16_Bedroom_Light_1 HOME16_Garden_Light_1,
G03920,집,HOME09,기기제어,Wait 10 minutes and then turn on the TV.,10분 기다렸다가 TV 켜.,refuse,no_device,D2,T2,none,,
G03922,집,HOME13,기기제어,"If the washing machine is running right now, turn all the TVs off.",세탁기가 돌고 있으면 모든 TV 꺼.,execute,,D3,T2,none,HOME13_LivingRoom_Television_1,
G03923,집,HOME06,기기제어,Wait 20 minutes and then turn on all the TVs.,20분 기다렸다가 모든 TV 켜.,execute,,D2,T2,none,HOME06_LivingRoom_Television_1,
G03924,집,HOME02,기기제어,"If the tank is below half right now, set the volume on all the TVs to 10.",탱크가 절반 아래면 모든 TV 볼륨 10으로 맞춰.,execute,,D3,T2,none,HOME02_LivingRoom_Television_1,
G03925,집,HOME12,기기제어,Keep checking and pause all the TVs for as long as the room is too warm.,방이 더운 동안 계속 모든 TV 일시정지해.,execute,,D5,T2,none,HOME12_LivingRoom_Television_1,
G03929,집,HOME19,상태조회,Wait 10 minutes and then send me the living room temperature,10분 기다렸다가 거실 온도 보내 줘,execute,,D2,T2,none,,NotificationProvider.SendPush
G03932,집,HOME18,상태조회,"I'd like you to send me the kitchen temperature, but only if the battery is under 20 percent.",배터리가 20퍼센트 아래일 때만 주방 온도 보내 줬으면 해.,execute,,D3,T2,none,,NotificationProvider.SendPush
G03934,집,HOME19,기기제어,Keep checking and close the blinds for as long as the door is open,문이 열려 있는 동안 계속 블라인드 전부 닫아,execute,,D5,T2,none,HOME19_Study_WindowCovering_1,
G03935,집,HOME05,기기제어,Wait 20 minutes and then lower the blinds to 50 percent.,20분 기다렸다가 블라인드 전부 50퍼센트까지 내려.,execute,,D2,T2,none,HOME05_LivingRoom_WindowCovering_1 HOME05_LivingRoom_WindowCovering_2,
G03937,집,HOME06,기기제어,Wait 20 minutes and then pull the blinds shut,20분 기다렸다가 블라인드 전부 닫아,execute,,D2,T2,none,HOME06_LivingRoom_WindowCovering_1 HOME06_LivingRoom_WindowCovering_2 HOME06_LivingRoom_WindowCovering_3 HOME06_Bedroom_WindowCovering_1 HOME06_Bedroom_WindowCovering_2,
G03942,집,HOME17,기기제어,Wait 5 minutes and then turn the fan off.,5분 기다렸다가 선풍기 꺼.,ask,,D2,T2,none,HOME17_Bathroom_Fan_1 HOME17_Room_Fan_1 HOME17_Room_Fan_2,
G03943,집,HOME09,기기제어,"If the door is open right now, make it breezy",문이 열려 있으면 시원한 바람 좀 줘,ask,,D3,T2,none,HOME09_BabyRoom_AirConditioner_1 HOME09_BabyRoom_AirPurifier_1 HOME09_BabyRoom_Fan_1 HOME09_LivingRoom_AirConditioner_1 HOME09_LivingRoom_AirPurifier_1,
G03944,집,HOME03,상태조회,"If someone is in the room right now, how much power is the fan pulling",방에 사람이 있으면 선풍기 전력 얼마나 쓰는지 알려 줘,ask,,D3,T2,none,HOME03_Bathroom_Fan_1 HOME03_LivingRoom_Fan_1 HOME03_LivingRoom_Fan_2,NotificationProvider.SendPush
G03945,집,HOME10,상태조회,"How much power is the switch pulling, but only if someone is in the room",방에 사람이 있을 때만 스위치 전력 얼마나 쓰는지 알려 줘,ask,,D3,T2,none,HOME10_LivingRoom_Light_1 HOME10_LivingRoom_Light_2 HOME10_Bedroom_Light_1 HOME10_Bathroom_Light_1 HOME10_Hallway_Light_1 HOME10_LivingRoom_Siren_1,Speaker.Speak
G03946,집,HOME06,상태조회,Wait 10 minutes and then how much power is the camera pulling,10분 기다렸다가 카메라 전력 얼마나 쓰는지 알려 줘,ask,,D2,T2,none,HOME06_Garden_Camera_1 HOME06_Garden_Camera_2 HOME06_Garage_Camera_1,NotificationProvider.SendPush
G03947,집,HOME13,상태조회,"If the tank is below half right now, how much power is the switch pulling",탱크가 절반 아래면 스위치 전력 얼마나 쓰는지 알려 줘,ask,,D3,T2,none,HOME13_LivingRoom_Light_1 HOME13_LivingRoom_Light_2 HOME13_LivingRoom_Light_3 HOME13_Bedroom_Light_1 HOME13_Bedroom_Light_2 HOME13_Kitchen_Light_1 HOME13_Study_Light_1 HOME13_LivingRoom_AirConditioner_1 HOME13_Bedroom_AirConditioner_1 HOME13_LivingRoom_AirPurifier_1 HOME13_LivingRoom_Television_1,NotificationProvider.SendPush
G03951,집,HOME02,기기제어,"I'd like you to turn off all the switches, but only if it is dark outside.",바깥이 어두울 때만 모든 스위치 꺼 줬으면 해.,execute,,D3,T2,none,HOME02_LivingRoom_Light_1 HOME02_LivingRoom_Light_2 HOME02_Bedroom_Light_1 HOME02_Kitchen_Light_1 HOME02_LivingRoom_AirConditioner_1 HOME02_LivingRoom_Television_1 HOME02_LivingRoom_AirPurifier_1,
G03952,집,HOME04,기기제어,"can you run the vacuum in the study, then 20 minutes later turn it back off?","로봇청소기로 서재 청소해 주고, 20분 뒤에 다시 꺼 줄래?",execute,,D2,T2,none,HOME04_LivingRoom_RobotVacuumCleaner_1,
G03953,집,HOME05,기기제어,Wait 15 minutes and then put the thermostat on 21 degrees,15분 기다렸다가 온도조절기 21도로 해,ask,,D2,T2,none,HOME05_LivingRoom_Thermostat_1 HOME05_LivingRoom_Thermostat_2,
G03954,집,HOME05,기기제어,"please turn the heating up to 23, but only if the washing machine is running.",세탁기가 돌고 있을 때만 난방 23도로 좀 올려 줘.,execute,,D3,T2,none,HOME05_LivingRoom_Thermostat_1 HOME05_LivingRoom_Thermostat_2,
G03955,집,HOME14,기기제어,"Warm this room up, but only if it is dark outside",바깥이 어두울 때만 이 방 좀 따뜻하게 해 줘,ask,,D3,T2,none,HOME14_Bedroom_ElectricBlanket_1 HOME14_LivingRoom_Thermostat_1,
G03956,집,HOME09,기기제어,Wait 20 minutes and then cancel the timer.,20분 기다렸다가 타이머 취소해 줘.,refuse,no_service,D2,T2,none,,
G03957,집,HOME16,기기제어,"If the washing machine is running right now, set a 2 minute timer",세탁기가 돌고 있으면 2분 타이머 맞춰 줘,refuse,no_service,D3,T2,none,,
G03958,집,HOME15,기기제어,"If the room is too warm right now, shut the entrance garage door",방이 너무 더우면 현관 차고문 닫아,execute,,D3,T2,none,HOME15_Entrance_GarageDoor_1,
G03959,집,HOME16,기기제어,Keep checking and close the garden garage door for as long as the tank is below half,탱크가 절반 아래인 동안 계속 마당 차고문 닫아,execute,,D5,T2,none,HOME16_Garden_GarageDoor_1,
G03962,집,HOME09,기기제어,"If the washing machine is running right now, fix the humidity in here",세탁기가 돌고 있으면 여기 습도 좀 맞춰 줘,ask,,D3,T2,none,HOME09_BabyRoom_AirConditioner_1 HOME09_BabyRoom_Humidifier_1 HOME09_LivingRoom_AirConditioner_1,
G03967,집,HOME18,기기제어,Wait 15 minutes and then keep an eye on the place,15분 기다렸다가 집 좀 지켜봐 줘,execute,,D2,T2,none,HOME18_Garage_Camera_1,
G03971,집,HOME11,기기제어,"Switch the switch on while the washing machine is running, and stop once that changes","세탁기가 도는 동안 스위치 켜 주고, 그러다 바뀌면 멈춰",ask,,D5,T2,none,HOME11_Room_Light_1 HOME11_Room_Light_2 HOME11_Kitchen_Light_1 HOME11_Bathroom_Light_1 HOME11_Room_AirConditioner_1 HOME11_Room_Television_1 HOME11_Room_Plug_1 HOME11_Room_Plug_2,
G03972,집,HOME05,기기제어,"can you turn on the bedroom switch, then 10 minutes later turn it back off?","침실 스위치 켜 주고, 10분 뒤에 다시 꺼 줄래?",execute,,D2,T2,none,HOME05_Bedroom_Light_1 HOME05_Bedroom_Light_2 HOME05_Bedroom_AirConditioner_1,
G03973,집,HOME12,기기제어,"If the window is open right now, set a 10 minute timer.",창문이 열려 있으면 10분 타이머 맞춰 줘.,refuse,no_service,D3,T2,none,,
G03974,집,HOME06,기기제어,"please make sure the place is secure, but only if the battery is under 20 percent.",배터리가 20퍼센트 아래일 때만 문단속 좀 해 줘.,execute,,D3,T2,none,HOME06_Entrance_DoorLock_1,
G03975,집,HOME13,기기제어,"If the door is open right now, shut the garage door",문이 열려 있으면 차고문 닫아,refuse,no_device,D3,T2,none,,
G03976,집,HOME01,기기제어,Wait 30 minutes and then switch the room plug off.,30분 기다렸다가 방 플러그 꺼.,execute,,D2,T2,none,HOME01_Room_Plug_1 HOME01_Room_Plug_2,
G03980,집,HOME13,기기제어,"If the door is open right now, light up the lights.",문이 열려 있으면 조명 전부 켜.,execute,,D3,T2,none,HOME13_LivingRoom_Light_1 HOME13_LivingRoom_Light_2 HOME13_LivingRoom_Light_3 HOME13_Bedroom_Light_1 HOME13_Bedroom_Light_2 HOME13_Kitchen_Light_1 HOME13_Study_Light_1,
G03982,집,HOME16,기기제어,Wait 20 minutes and then cancel the timer,20분 기다렸다가 타이머 취소해 줘,refuse,no_service,D2,T2,none,,
G03984,집,HOME15,기기제어,"Shut the entrance garage door, but only if the temperature is under 18 degrees",온도가 18도 아래일 때만 현관 차고문 닫아,execute,,D3,T2,none,HOME15_Entrance_GarageDoor_1,
G03988,집,HOME20,기기제어,"please get all the lights on, but only if the door is open.",문이 열려 있을 때만 모든 조명 좀 켜 줘.,execute,,D3,T2,none,HOME20_LivingRoom_Light_1 HOME20_LivingRoom_Light_2 HOME20_Kitchen_Light_1 HOME20_Bedroom_Light_1,
G03991,집,HOME14,기기제어,"can you get some air moving, then 5 minutes later turn it back off?","바람 좀 통하게 해 주고, 5분 뒤에 다시 꺼 줄래?",ask,,D2,T2,none,HOME14_Bathroom_Fan_1 HOME14_LivingRoom_Thermostat_1,
G03992,집,HOME11,기기제어,"If nobody is home right now, set all the lights to warm white.",집에 아무도 없으면 모든 조명 전구색으로 바꿔.,execute,,D3,T2,none,HOME11_Room_Light_1 HOME11_Room_Light_2 HOME11_Kitchen_Light_1 HOME11_Bathroom_Light_1,
G03993,집,HOME18,기기제어,Keep checking and kill all the lights for as long as the humidity is over 60 percent.,습도가 60퍼센트를 넘는 동안 계속 모든 조명 꺼.,execute,,D5,T2,none,HOME18_LivingRoom_Light_1 HOME18_LivingRoom_Light_2 HOME18_LivingRoom_Light_3 HOME18_Bedroom_Light_1 HOME18_Bedroom_Light_2 HOME18_Kitchen_Light_1 HOME18_Garage_Light_1,
G03994,집,HOME16,기기제어,Wait 10 minutes and then turn on the plug.,10분 기다렸다가 플러그 켜.,refuse,no_device,D2,T2,none,,
G03995,집,HOME18,기기제어,Wait 5 minutes and then open the garage door,5분 기다렸다가 차고문 열어,execute,,D2,T2,none,HOME18_Garage_GarageDoor_1,
G03998,집,HOME01,기기제어,Wait 10 minutes and then make it dark,10분 기다렸다가 어둡게 해 줘,execute,,D2,T2,none,HOME01_Room_Light_1 HOME01_Room_Light_2,
G03999,집,HOME08,기기제어,"Switch the living room lights on while it is dark outside, and stop once that changes","바깥이 어두운 동안 거실 조명 켜 주고, 그러다 바뀌면 멈춰",execute,,D5,T2,none,HOME08_LivingRoom_Light_1 HOME08_LivingRoom_Light_2,
G04000,집,HOME18,기기제어,"I'd like you to make the lights orange, but only if someone is in the room.",방에 사람이 있을 때만 조명 전부 주황색으로 해 줬으면 해.,execute,,D3,T2,none,HOME18_LivingRoom_Light_1 HOME18_LivingRoom_Light_2 HOME18_LivingRoom_Light_3 HOME18_Bedroom_Light_1 HOME18_Bedroom_Light_2 HOME18_Kitchen_Light_1 HOME18_Garage_Light_1,
G04008,집,HOME10,기기제어,"With one tap on the wall switch, check every 30 minutes and put the bathroom lights into focus mode if the window is open.",벽 스위치를 한 번 누르면 30분마다 확인해서 창문이 열려 있을 때 욕실 조명 집중 모드로 해.,execute,,D7,T3,none,HOME10_Bathroom_Light_1,
G04009,집,HOME07,기기제어,"Wait up to 10 minutes to see if the humidity is over 60 percent; if not, set the lights to the night scene.","습도가 60퍼센트를 넘는지 최대 10분 기다려 보고, 그래도 아니면 조명 취침 모드로 해.",execute,,D10,T3,none,HOME07_LivingRoom_Light_1 HOME07_LivingRoom_Light_2 HOME07_LivingRoom_Light_3 HOME07_Bedroom_Light_1 HOME07_Bedroom_Light_2 HOME07_Kitchen_Light_1 HOME07_Garden_Light_1 HOME07_Garden_Light_2 HOME07_Garden_Light_3 HOME07_Barn_Light_1,
G04010,집,HOME03,기기제어,"Wait up to 20 minutes to see if the door is open; if not, set the lights to the morning scene","문이 열리는지 최대 20분 기다려 보고, 그래도 아니면 조명 아침 모드로 해",execute,,D10,T3,none,HOME03_LivingRoom_Light_1 HOME03_LivingRoom_Light_2 HOME03_LivingRoom_Light_3 HOME03_Bedroom_Light_1 HOME03_Bedroom_Light_2 HOME03_Kitchen_Light_1 HOME03_Bathroom_Light_1 HOME03_Hallway_Light_1,
G04012,집,HOME07,기기제어,"Wait up to 10 minutes to see if the room is too warm; if not, switch the garden lights to the movie scene","방이 더워지는지 최대 10분 기다려 보고, 그래도 아니면 마당 조명 영화 모드로 바꿔",execute,,D10,T3,none,HOME07_Garden_Light_1 HOME07_Garden_Light_2 HOME07_Garden_Light_3,
G04014,집,HOME09,기기제어,"With a single press of the button, check every 5 minutes and put the bedroom lights into away mode if the tank is below half.",버튼을 한 번 누르면 5분마다 확인해서 탱크가 절반 아래일 때 침실 조명 외출 모드로 해.,execute,,D7,T3,none,HOME09_Bedroom_Light_1,
G04015,집,HOME12,기기제어,"Wait up to 5 minutes to see if it is dark outside; if not, put the living room lights into morning mode","바깥이 어두워지는지 최대 5분 기다려 보고, 그래도 아니면 거실 조명 아침 모드로 해",execute,,D10,T3,none,HOME12_LivingRoom_Light_1 HOME12_LivingRoom_Light_2 HOME12_LivingRoom_Light_3,
G04016,집,HOME04,기기제어,"Wait up to 30 minutes to see if the door is open; if not, switch the kitchen lights to the reading scene","문이 열리는지 최대 30분 기다려 보고, 그래도 아니면 주방 조명 독서 모드로 바꿔",execute,,D10,T3,none,HOME04_Kitchen_Light_1,
G04017,집,HOME04,기기제어,"When I press the button, check every 5 minutes and run the movie scene on the lights if the door is open.",내가 버튼을 누르면 5분마다 확인해서 문이 열려 있을 때 조명 영화 모드 실행해.,execute,,D7,T3,none,HOME04_LivingRoom_Light_1 HOME04_LivingRoom_Light_2 HOME04_LivingRoom_Light_3 HOME04_Bedroom_Light_1 HOME04_Bedroom_Light_2 HOME04_Study_Light_1 HOME04_Study_Light_2 HOME04_Kitchen_Light_1,
G04019,집,HOME03,기기제어,"Wait up to 30 minutes to see if the battery is under 20 percent; if not, switch the bedroom lights to the morning scene.","배터리가 20퍼센트 아래로 내려가는지 최대 30분 기다려 보고, 그래도 아니면 침실 조명 아침 모드로 바꿔.",execute,,D10,T3,none,HOME03_Bedroom_Light_1 HOME03_Bedroom_Light_2,
G04020,집,HOME02,기기제어,"When the scene button is pressed, check every 30 minutes and put the living room lights into reading mode if nobody is home.",씬 버튼이 눌리면 30분마다 확인해서 집에 아무도 없을 때 거실 조명 독서 모드로 해.,execute,,D7,T3,none,HOME02_LivingRoom_Light_1 HOME02_LivingRoom_Light_2,
G04022,집,HOME07,기기제어,"Wait up to 20 minutes to see if the temperature is under 18 degrees; if not, run the night scene on the lights","온도가 18도 아래로 내려가는지 최대 20분 기다려 보고, 그래도 아니면 조명 취침 모드 실행해",execute,,D10,T3,none,HOME07_LivingRoom_Light_1 HOME07_LivingRoom_Light_2 HOME07_LivingRoom_Light_3 HOME07_Bedroom_Light_1 HOME07_Bedroom_Light_2 HOME07_Kitchen_Light_1 HOME07_Garden_Light_1 HOME07_Garden_Light_2 HOME07_Garden_Light_3 HOME07_Barn_Light_1,
G04024,집,HOME19,기기제어,"With one tap on the wall switch, check every 15 minutes and put the living room lights into reading mode if someone is in the room.",벽 스위치를 한 번 누르면 15분마다 확인해서 방에 사람이 있을 때 거실 조명 독서 모드로 해.,execute,,D7,T3,none,HOME19_LivingRoom_Light_1 HOME19_LivingRoom_Light_2,
G04025,집,HOME16,기기제어,"When I double-press the button, check every 5 minutes and set the lights to the reading scene if nobody is home.",버튼이 연속 두 번 눌리면 5분마다 확인해서 집에 아무도 없을 때 조명 독서 모드로 해.,execute,,D7,T3,none,HOME16_LivingRoom_Light_1 HOME16_LivingRoom_Light_2 HOME16_Bedroom_Light_1 HOME16_Garden_Light_1,
G04026,집,HOME15,기기제어,"Wait up to 20 minutes to see if someone is in the room; if not, dim the lights to 20 percent","방에 사람이 오는지 최대 20분 기다려 보고, 그래도 아니면 조명 전부 밝기를 20퍼센트로 낮춰",execute,,D10,T3,none,HOME15_LivingRoom_Light_1 HOME15_LivingRoom_Light_2 HOME15_LivingRoom_Light_3 HOME15_LivingRoom_Light_4 HOME15_Bedroom_Light_1 HOME15_Bedroom_Light_2 HOME15_Study_Light_1 HOME15_Study_Light_2 HOME15_LivingRoom_ColorControl_1 HOME15_LivingRoom_ColorControl_2 HOME15_Kitchen_Light_1,
G04027,집,HOME12,기기제어,"Wait up to 15 minutes to see if the temperature is under 18 degrees; if not, turn the lights up to 100 percent.","온도가 18도 아래로 내려가는지 최대 15분 기다려 보고, 그래도 아니면 조명 전부 밝기를 100퍼센트까지 올려.",execute,,D10,T3,none,HOME12_RoomA_Light_1 HOME12_RoomB_Light_1 HOME12_RoomC_Light_1 HOME12_LivingRoom_Light_1 HOME12_LivingRoom_Light_2 HOME12_LivingRoom_Light_3 HOME12_Kitchen_Light_1 HOME12_Bathroom_Light_1 HOME12_Bathroom_Light_2,
G04028,집,HOME13,기기제어,"Wait up to 10 minutes to see if the window is open; if not, set the lights brightness to 30 percent.","창문이 열리는지 최대 10분 기다려 보고, 그래도 아니면 조명 전부 밝기를 30퍼센트로 맞춰.",execute,,D10,T3,none,HOME13_LivingRoom_Light_1 HOME13_LivingRoom_Light_2 HOME13_LivingRoom_Light_3 HOME13_Bedroom_Light_1 HOME13_Bedroom_Light_2 HOME13_Kitchen_Light_1 HOME13_Study_Light_1,
G04029,집,HOME08,기기제어,"Wait up to 20 minutes to see if the tank is below half; if not, dim the lights to 5 percent.","탱크가 절반 아래로 내려가는지 최대 20분 기다려 보고, 그래도 아니면 조명 전부 밝기를 5퍼센트로 낮춰.",execute,,D10,T3,none,HOME08_LivingRoom_Light_1 HOME08_LivingRoom_Light_2 HOME08_Bedroom_Light_1 HOME08_Kitchen_Light_1,
G04031,집,HOME09,기기제어,"When I double-press the button, check every 20 minutes and turn the lights up to 90 percent if the battery is under 20 percent",버튼이 연속 두 번 눌리면 20분마다 확인해서 배터리가 20퍼센트 아래일 때 조명 전부 밝기를 90퍼센트까지 올려,execute,,D7,T3,none,HOME09_LivingRoom_Light_1 HOME09_LivingRoom_Light_2 HOME09_BabyRoom_Light_1 HOME09_BabyRoom_ColorControl_1 HOME09_Bedroom_Light_1 HOME09_Kitchen_Light_1,
G04033,집,HOME11,기기제어,"Wait up to 30 minutes to see if the battery is under 20 percent; if not, dim the lights to 5 percent","배터리가 20퍼센트 아래로 내려가는지 최대 30분 기다려 보고, 그래도 아니면 조명 전부 밝기를 5퍼센트로 낮춰",execute,,D10,T3,none,HOME11_Room_Light_1 HOME11_Room_Light_2 HOME11_Kitchen_Light_1 HOME11_Bathroom_Light_1,
G04034,집,HOME07,기기제어,"Wait up to 20 minutes to see if it is dark outside; if not, bring the lights down to 20 percent.","바깥이 어두워지는지 최대 20분 기다려 보고, 그래도 아니면 조명 전부 밝기를 20퍼센트까지 낮춰.",execute,,D10,T3,none,HOME07_LivingRoom_Light_1 HOME07_LivingRoom_Light_2 HOME07_LivingRoom_Light_3 HOME07_Bedroom_Light_1 HOME07_Bedroom_Light_2 HOME07_Kitchen_Light_1 HOME07_Garden_Light_1 HOME07_Garden_Light_2 HOME07_Garden_Light_3 HOME07_Barn_Light_1,
G04037,집,HOME10,기기제어,"Wait up to 15 minutes to see if the door is open; if not, turn the lights up to 70 percent","문이 열리는지 최대 15분 기다려 보고, 그래도 아니면 조명 전부 밝기를 70퍼센트까지 올려",execute,,D10,T3,none,HOME10_LivingRoom_Light_1 HOME10_LivingRoom_Light_2 HOME10_Bedroom_Light_1 HOME10_Bathroom_Light_1 HOME10_Hallway_Light_1,
G04038,집,HOME16,기기제어,"With a single press of the button, check every 20 minutes and set the lights brightness to 10 percent if the battery is under 20 percent",버튼을 한 번 누르면 20분마다 확인해서 배터리가 20퍼센트 아래일 때 조명 전부 밝기를 10퍼센트로 맞춰,execute,,D7,T3,none,HOME16_LivingRoom_Light_1 HOME16_LivingRoom_Light_2 HOME16_Bedroom_Light_1 HOME16_Garden_Light_1,
G04039,집,HOME10,기기제어,"Wait up to 15 minutes to see if nobody is home; if not, dim the lights to 15 percent.","집이 비는지 최대 15분 기다려 보고, 그래도 아니면 조명 전부 밝기를 15퍼센트로 낮춰.",execute,,D10,T3,none,HOME10_LivingRoom_Light_1 HOME10_LivingRoom_Light_2 HOME10_Bedroom_Light_1 HOME10_Bathroom_Light_1 HOME10_Hallway_Light_1,
G04040,집,HOME18,기기제어,"Wait up to 15 minutes to see if it is dark outside; if not, dim the lights to 5 percent","바깥이 어두워지는지 최대 15분 기다려 보고, 그래도 아니면 조명 전부 밝기를 5퍼센트로 낮춰",execute,,D10,T3,none,HOME18_LivingRoom_Light_1 HOME18_LivingRoom_Light_2 HOME18_LivingRoom_Light_3 HOME18_Bedroom_Light_1 HOME18_Bedroom_Light_2 HOME18_Kitchen_Light_1 HOME18_Garage_Light_1,
G04041,집,HOME12,기기제어,"When the scene button is pressed, check every 15 minutes and turn the lights up to 80 percent if the door is open",씬 버튼이 눌리면 15분마다 확인해서 문이 열려 있을 때 조명 전부 밝기를 80퍼센트까지 올려,execute,,D7,T3,none,HOME12_RoomA_Light_1 HOME12_RoomB_Light_1 HOME12_RoomC_Light_1 HOME12_LivingRoom_Light_1 HOME12_LivingRoom_Light_2 HOME12_LivingRoom_Light_3 HOME12_Kitchen_Light_1 HOME12_Bathroom_Light_1 HOME12_Bathroom_Light_2,
G04044,집,HOME19,기기제어,"Wait up to 5 minutes to see if the washing machine is running; if not, switch the study light 2 on","세탁기가 도는지 최대 5분 기다려 보고, 그래도 아니면 서재 조명 2 켜",execute,,D10,T3,sun,HOME19_Study_Light_2,
G04045,집,HOME20,기기제어,"At sunrise, check every 20 minutes and get the living room lights on if the door is open.",해 뜰 때 20분마다 확인해서 문이 열려 있을 때 거실 조명 켜.,execute,,D7,T3,sun,HOME20_LivingRoom_Light_1 HOME20_LivingRoom_Light_2,
G04046,집,HOME19,기기제어,"Wait up to 20 minutes to see if the humidity is over 60 percent; if not, put the study light 2 on.","습도가 60퍼센트를 넘는지 최대 20분 기다려 보고, 그래도 아니면 서재 조명 2 켜.",execute,,D10,T3,sun,HOME19_Study_Light_2,
G04050,집,HOME18,기기제어,"Wait up to 15 minutes to see if the door is open; if not, turn on the bedroom lights.","문이 열리는지 최대 15분 기다려 보고, 그래도 아니면 침실 조명 켜.",execute,,D10,T3,sun,HOME18_Bedroom_Light_1 HOME18_Bedroom_Light_2,
G04056,집,HOME07,알림예약,"Every night at 11:30 pm, let me know every 30 minutes.",매일 밤 11시 30분에 30분마다 알려 줘.,execute,,D7,T3,none,,NotificationProvider.SendPush
G04060,집,HOME10,알림예약,"Wait up to 15 minutes to see if the door is open; if not, give me a heads-up.","문이 열리는지 최대 15분 기다려 보고, 그래도 아니면 꼭 알려 줘.",execute,,D10,T3,none,,Speaker.Speak
G04061,집,HOME17,알림예약,"Every night at 11:30 pm, announce it every 10 minutes until the door is open.",매일 밤 11시 30분에 문이 열릴 때까지 10분마다 방송해 줘.,execute,,D8,T3,none,,Speaker.Speak
G04064,집,HOME06,알림예약,"Every day at 7 am, send me a notification every 15 minutes until the washing machine is running",매일 오전 7시에 세탁기가 돌기 시작할 때까지 15분마다 알림 보내 줘,execute,,D8,T3,none,,NotificationProvider.SendPush
G04065,집,HOME13,알림예약,"At noon on weekdays, show it on the screen every 10 minutes for the next 6 hours.",평일 정오에 앞으로 6시간 동안 10분마다 화면에 띄워 줘.,refuse,no_channel,D8,T3,none,,
G04066,집,HOME20,알림예약,"Every morning at 5:30 am, check every 15 minutes and give me a heads-up if someone is in the room",매일 새벽 5시 30분에 15분마다 확인해서 방에 사람이 있을 때 꼭 알려 줘,execute,,D7,T3,none,,NotificationProvider.SendPush
G04070,집,HOME11,기기제어,"When I double-press the button, check every 30 minutes and turn on the light if the battery is under 20 percent.",버튼이 연속 두 번 눌리면 30분마다 확인해서 배터리가 20퍼센트 아래일 때 조명 켜.,ask,,D7,T3,none,HOME11_Room_Light_1 HOME11_Room_Light_2 HOME11_Kitchen_Light_1 HOME11_Bathroom_Light_1,
G04073,집,HOME08,기기제어,"Wait up to 20 minutes to see if the window is open; if not, turn on the lights.","창문이 열리는지 최대 20분 기다려 보고, 그래도 아니면 조명 전부 켜.",execute,,D10,T3,none,HOME08_LivingRoom_Light_1 HOME08_LivingRoom_Light_2 HOME08_Bedroom_Light_1 HOME08_Kitchen_Light_1,
G04075,집,HOME18,기기제어,"With one tap on the wall switch, check every 30 minutes and switch the lights on if the room is too warm.",벽 스위치를 한 번 누르면 30분마다 확인해서 방이 더울 때 조명 전부 켜.,execute,,D7,T3,none,HOME18_LivingRoom_Light_1 HOME18_LivingRoom_Light_2 HOME18_LivingRoom_Light_3 HOME18_Bedroom_Light_1 HOME18_Bedroom_Light_2 HOME18_Kitchen_Light_1 HOME18_Garage_Light_1,
G04077,집,HOME13,기기제어,"Wait up to 5 minutes to see if the battery is under 20 percent; if not, get the lights on.","배터리가 20퍼센트 아래로 내려가는지 최대 5분 기다려 보고, 그래도 아니면 조명 전부 켜.",execute,,D10,T3,none,HOME13_LivingRoom_Light_1 HOME13_LivingRoom_Light_2 HOME13_LivingRoom_Light_3 HOME13_Bedroom_Light_1 HOME13_Bedroom_Light_2 HOME13_Kitchen_Light_1 HOME13_Study_Light_1,
G04083,집,HOME05,기기제어,"When the motion sensor picks something up, check every 10 minutes and switch all the lights on if the battery is under 20 percent",동작 감지 센서에 뭔가 잡히면 10분마다 확인해서 배터리가 20퍼센트 아래일 때 모든 조명 켜,execute,,D7,T3,none,HOME05_LivingRoom_Light_1 HOME05_LivingRoom_Light_2 HOME05_LivingRoom_Light_3 HOME05_Kitchen_Light_1 HOME05_Bedroom_Light_1 HOME05_Bedroom_Light_2 HOME05_Study_Light_1 HOME05_Stairs_Light_1,
G04084,집,HOME18,기기제어,"When the motion sensor detects movement, check every 15 minutes and get all the lights on if the temperature is under 18 degrees",동작 감지 센서가 움직임을 감지하면 15분마다 확인해서 온도가 18도 아래일 때 모든 조명 켜,execute,,D7,T3,none,HOME18_LivingRoom_Light_1 HOME18_LivingRoom_Light_2 HOME18_LivingRoom_Light_3 HOME18_Bedroom_Light_1 HOME18_Bedroom_Light_2 HOME18_Kitchen_Light_1 HOME18_Garage_Light_1,
G04085,집,HOME18,기기제어,"Wait up to 10 minutes to see if the battery is under 20 percent; if not, light up all the lights","배터리가 20퍼센트 아래로 내려가는지 최대 10분 기다려 보고, 그래도 아니면 모든 조명 켜",execute,,D10,T3,none,HOME18_LivingRoom_Light_1 HOME18_LivingRoom_Light_2 HOME18_LivingRoom_Light_3 HOME18_Bedroom_Light_1 HOME18_Bedroom_Light_2 HOME18_Kitchen_Light_1 HOME18_Garage_Light_1,
G04086,집,HOME10,기기제어,"Wait up to 15 minutes to see if the door is open; if not, turn on all the lights.","문이 열리는지 최대 15분 기다려 보고, 그래도 아니면 모든 조명 켜.",execute,,D10,T3,none,HOME10_LivingRoom_Light_1 HOME10_LivingRoom_Light_2 HOME10_Bedroom_Light_1 HOME10_Bathroom_Light_1 HOME10_Hallway_Light_1,
G04091,집,HOME18,기기제어,"Wait up to 10 minutes to see if it is dark outside; if not, put all the lights on","바깥이 어두워지는지 최대 10분 기다려 보고, 그래도 아니면 모든 조명 켜",execute,,D10,T3,none,HOME18_LivingRoom_Light_1 HOME18_LivingRoom_Light_2 HOME18_LivingRoom_Light_3 HOME18_Bedroom_Light_1 HOME18_Bedroom_Light_2 HOME18_Kitchen_Light_1 HOME18_Garage_Light_1,
G04092,집,HOME18,기기제어,"While the temperature stays over 30 degrees, check every 15 minutes and run the fan for 10 minutes if the door is open",온도가 30도를 계속 넘고 있으면 15분마다 확인해서 문이 열려 있을 때 선풍기를 10분 동안 돌려,refuse,no_device,D7,T3,none,,
G04095,집,HOME04,기기제어,"When the temperature goes above 30 degrees, run the fan for 5 minutes every 20 minutes for the next 3 hours",온도가 30도를 넘으면 앞으로 3시간 동안 20분마다 선풍기를 5분 동안 돌려,execute,,D8,T3,none,HOME04_LivingRoom_Fan_1,
G04096,집,HOME06,기기제어,"Once the washing machine is running, run the fan for 10 minutes every 15 minutes.",세탁기가 돌고 있으면 15분마다 선풍기를 10분 동안 돌려.,execute,,D9,T3,none,HOME06_Bathroom_Fan_1,
G04097,집,HOME13,기기제어,"Once the tank is below half, run the bedroom fan for 10 minutes every 20 minutes",탱크가 절반 아래면 20분마다 침실 선풍기를 10분 동안 돌려,execute,,D9,T3,none,HOME13_Bedroom_Fan_1,
G04098,집,HOME03,기기제어,"While the temperature stays over 30 degrees, run the bathroom fan for 3 minutes every 5 minutes for the next 3 hours",온도가 30도를 계속 넘고 있으면 앞으로 3시간 동안 5분마다 욕실 선풍기를 3분 동안 돌려,execute,,D8,T3,none,HOME03_Bathroom_Fan_1,
G04099,집,HOME06,기기제어,"When the temperature goes above 26 degrees, repeat this 4 times: run the fan for 30 minutes, then wait 30 minutes",온도가 26도를 넘으면 선풍기를 30분 동안 돌려 주고 30분 쉬는 걸 4번 반복해,execute,,D8,T3,none,HOME06_Bathroom_Fan_1,
G04100,집,HOME05,기기제어,"When the temperature goes above 26 degrees, repeat this 4 times: run the fan for 60 minutes, then wait 5 minutes",온도가 26도를 넘으면 선풍기를 60분 동안 돌려 주고 5분 쉬는 걸 4번 반복해,execute,,D8,T3,none,HOME05_LivingRoom_Fan_1,
G04105,집,HOME08,알림예약,"If the outside temperature drops below 12, repeat this 5 times: push me an alert, then wait 5 minutes.",바깥 온도가 12도 아래로 떨어지면 알림 띄워 주고 5분 쉬는 걸 5번 반복해.,execute,,D8,T3,weather,,NotificationProvider.SendPush
G04106,집,HOME18,알림예약,"When snow is expected, give me a heads-up every 30 minutes.",눈이 올 것 같으면 30분마다 꼭 알려 줘.,execute,,D7,T3,weather,,NotificationProvider.SendPush
G04107,집,HOME08,알림예약,"If the outside temperature drops below 10, repeat this 6 times: send me a notification, then wait 30 minutes.",바깥 온도가 10도 아래로 떨어지면 알림 보내 주고 30분 쉬는 걸 6번 반복해.,execute,,D8,T3,weather,,NotificationProvider.SendPush
G04109,집,HOME01,알림예약,"When it starts raining, repeat this 6 times: send a warning to my phone, then wait 20 minutes",비가 오기 시작하면 폰으로 경고 보내 주고 20분 쉬는 걸 6번 반복해,refuse,no_channel,D8,T3,weather,,
G04110,집,HOME08,알림예약,"If rain is in the forecast, tell me about it every 30 minutes",비 예보가 있으면 30분마다 알려 줘,execute,,D7,T3,weather,,NotificationProvider.SendPush
G04111,집,HOME18,알림예약,"When it gets hot outside, tell me about it every 15 minutes for the next 4 hours",바깥이 더워지면 앞으로 4시간 동안 15분마다 알려 줘,execute,,D8,T3,weather,,NotificationProvider.SendPush
G04113,집,HOME01,알림예약,"When snow is expected, announce it every 5 minutes.",눈이 올 것 같으면 5분마다 방송해 줘.,execute,,D7,T3,weather,,Speaker.Speak
G04114,집,HOME18,알림예약,"Wait up to 30 minutes to see if the tank is below half; if not, let me know","탱크가 절반 아래로 내려가는지 최대 30분 기다려 보고, 그래도 아니면 알려 줘",execute,,D10,T3,weather,,NotificationProvider.SendPush
G04116,집,HOME03,기기제어,"If the temperature drops below 12 degrees, check every 15 minutes and turn the lights purple if the battery is under 20 percent.",온도가 12도 아래로 떨어지면 15분마다 확인해서 배터리가 20퍼센트 아래일 때 조명 전부 보라색으로 켜.,execute,,D7,T3,none,HOME03_LivingRoom_Light_1 HOME03_LivingRoom_Light_2 HOME03_LivingRoom_Light_3 HOME03_Bedroom_Light_1 HOME03_Bedroom_Light_2 HOME03_Kitchen_Light_1 HOME03_Bathroom_Light_1 HOME03_Hallway_Light_1,
G04117,집,HOME19,기기제어,"While the temperature stays over 28 degrees, check every 15 minutes and set the lights to green if the battery is under 20 percent",온도가 28도를 계속 넘고 있으면 15분마다 확인해서 배터리가 20퍼센트 아래일 때 조명 전부 초록색으로 바꿔,execute,,D7,T3,none,HOME19_LivingRoom_Light_1 HOME19_LivingRoom_Light_2 HOME19_Study_Light_1 HOME19_Study_Light_2 HOME19_Bedroom_Light_1 HOME19_Kitchen_Light_1,
G04118,집,HOME02,기기제어,"If the temperature drops below 5 degrees, check every 30 minutes and set the lights to pink if nobody is home.",온도가 5도 아래로 떨어지면 30분마다 확인해서 집에 아무도 없을 때 조명 전부 분홍색으로 바꿔.,execute,,D7,T3,none,HOME02_LivingRoom_Light_1 HOME02_LivingRoom_Light_2 HOME02_Bedroom_Light_1 HOME02_Kitchen_Light_1,
G04119,집,HOME08,기기제어,"If the temperature drops below 15 degrees, check every 30 minutes and change the lights to green if nobody is home.",온도가 15도 아래로 떨어지면 30분마다 확인해서 집에 아무도 없을 때 조명 전부 초록색으로 바꿔.,execute,,D7,T3,none,HOME08_LivingRoom_Light_1 HOME08_LivingRoom_Light_2 HOME08_Bedroom_Light_1 HOME08_Kitchen_Light_1,
G04121,집,HOME02,기기제어,"While the temperature stays over 30 degrees, check every 10 minutes and change the lights to warm white if the humidity is over 60 percent.",온도가 30도를 계속 넘고 있으면 10분마다 확인해서 습도가 60퍼센트를 넘을 때 조명 전부 전구색으로 바꿔.,execute,,D7,T3,none,HOME02_LivingRoom_Light_1 HOME02_LivingRoom_Light_2 HOME02_Bedroom_Light_1 HOME02_Kitchen_Light_1,
G04123,집,HOME14,기기제어,"If the temperature drops below 5 degrees, check every 30 minutes and set the lights to warm white if the door is open",온도가 5도 아래로 떨어지면 30분마다 확인해서 문이 열려 있을 때 조명 전부 전구색으로 바꿔,execute,,D7,T3,none,HOME14_LivingRoom_Light_1 HOME14_LivingRoom_Light_2 HOME14_Bedroom_Light_1 HOME14_Kitchen_Light_1,
G04126,집,HOME11,기기제어,"Wait up to 10 minutes to see if nobody is home; if not, open the room blinds.","집이 비는지 최대 10분 기다려 보고, 그래도 아니면 방 블라인드 열어.",execute,,D10,T3,sun,HOME11_Room_WindowCovering_1,
G04128,집,HOME18,기기제어,"At sunrise, check every 10 minutes and pull the living room blinds shut if the battery is under 20 percent.",해 뜰 때 10분마다 확인해서 배터리가 20퍼센트 아래일 때 거실 블라인드 닫아.,execute,,D7,T3,sun,HOME18_LivingRoom_WindowCovering_1 HOME18_LivingRoom_WindowCovering_2,
G04132,집,HOME19,알림예약,"At the start of my next event, tell me about it every 15 minutes until the battery is under 20 percent.",다음 일정이 시작되면 배터리가 20퍼센트 아래로 내려갈 때까지 15분마다 알려 줘.,execute,,D8,T3,calendar,,NotificationProvider.SendPush
G04135,집,HOME15,알림예약,"Wait up to 30 minutes to see if the room is too warm; if not, send a warning to my phone.","방이 더워지는지 최대 30분 기다려 보고, 그래도 아니면 폰으로 경고 보내 줘.",execute,,D10,T3,calendar,,NotificationProvider.SendPush
G04138,집,HOME03,기기제어,"Wait up to 15 minutes to see if the tank is below half; if not, change the lights to amber.","탱크가 절반 아래로 내려가는지 최대 15분 기다려 보고, 그래도 아니면 조명 전부 호박색으로 바꿔.",execute,,D10,T3,sun,HOME03_LivingRoom_Light_1 HOME03_LivingRoom_Light_2 HOME03_LivingRoom_Light_3 HOME03_Bedroom_Light_1 HOME03_Bedroom_Light_2 HOME03_Kitchen_Light_1 HOME03_Bathroom_Light_1 HOME03_Hallway_Light_1,
G04139,집,HOME12,기기제어,"Wait up to 15 minutes to see if the washing machine is running; if not, set the lights to daylight white.","세탁기가 도는지 최대 15분 기다려 보고, 그래도 아니면 조명 전부 주광색으로 바꿔.",execute,,D10,T3,sun,HOME12_RoomA_Light_1 HOME12_RoomB_Light_1 HOME12_RoomC_Light_1 HOME12_LivingRoom_Light_1 HOME12_LivingRoom_Light_2 HOME12_LivingRoom_Light_3 HOME12_Kitchen_Light_1 HOME12_Bathroom_Light_1 HOME12_Bathroom_Light_2,
G04141,집,HOME16,기기제어,"Wait up to 20 minutes to see if the tank is below half; if not, set the lights to red","탱크가 절반 아래로 내려가는지 최대 20분 기다려 보고, 그래도 아니면 조명 전부 빨간색으로 바꿔",execute,,D10,T3,sun,HOME16_LivingRoom_Light_1 HOME16_LivingRoom_Light_2 HOME16_Bedroom_Light_1 HOME16_Garden_Light_1,
G04142,집,HOME11,기기제어,"When the sun comes up, check every 10 minutes and make the lights red if the tank is below half.",해가 뜨면 10분마다 확인해서 탱크가 절반 아래일 때 조명 전부 빨간색으로 해.,execute,,D7,T3,sun,HOME11_Room_Light_1 HOME11_Room_Light_2 HOME11_Kitchen_Light_1 HOME11_Bathroom_Light_1,
G04143,집,HOME06,기기제어,"Wait up to 10 minutes to see if the humidity is over 60 percent; if not, make the lights warm white","습도가 60퍼센트를 넘는지 최대 10분 기다려 보고, 그래도 아니면 조명 전부 전구색으로 해",execute,,D10,T3,sun,HOME06_LivingRoom_Light_1 HOME06_LivingRoom_Light_2 HOME06_LivingRoom_Light_3 HOME06_LivingRoom_Light_4 HOME06_Kitchen_Light_1 HOME06_Kitchen_Light_2 HOME06_Bedroom_Light_1 HOME06_Bedroom_Light_2 HOME06_Study_Light_1 HOME06_Bathroom_Light_1 HOME06_Bathroom_Light_2 HOME06_Hallway_Light_1 HOME06_Garden_Light_1 HOME06_Garden_Light_2 HOME06_Garage_Light_1,
G04144,집,HOME12,알림예약,"Wait up to 10 minutes to see if the temperature is under 18 degrees; if not, tell me about it.","온도가 18도 아래로 내려가는지 최대 10분 기다려 보고, 그래도 아니면 알려 줘.",execute,,D10,T3,none,,Speaker.Speak
G04145,집,HOME02,알림예약,"As soon as the load is finished, send me a notification every 15 minutes until the temperature is under 18 degrees.",세탁이 끝나자마자 온도가 18도 아래로 내려갈 때까지 15분마다 알림 보내 줘.,execute,,D8,T3,none,,NotificationProvider.SendPush
G04146,집,HOME07,알림예약,"When the wash cycle ends, push me an alert every 30 minutes for the next 2 hours.",세탁 코스가 끝나면 앞으로 2시간 동안 30분마다 알림 띄워 줘.,execute,,D8,T3,none,,NotificationProvider.SendPush
G04147,집,HOME18,알림예약,"When the washing machine finishes, check every 20 minutes and send a warning to my phone if the tank is below half.",세탁기가 끝나면 20분마다 확인해서 탱크가 절반 아래일 때 폰으로 경고 보내 줘.,execute,,D7,T3,none,,NotificationProvider.SendPush
G04149,집,HOME07,알림예약,"When the temperature goes above 28 degrees, repeat this 2 times: let me know, then wait 15 minutes",온도가 28도를 넘으면 알려 주고 15분 쉬는 걸 2번 반복해,execute,,D8,T3,none,,NotificationProvider.SendPush
G04150,집,HOME14,알림예약,"If the temperature drops below 12 degrees, tell me about it every 20 minutes.",온도가 12도 아래로 떨어지면 20분마다 알려 줘.,execute,,D7,T3,none,,Speaker.Speak
G04152,집,HOME03,기기제어,"Wait up to 20 minutes to see if someone is in the room; if not, put the thermostat on 23 degrees","방에 사람이 오는지 최대 20분 기다려 보고, 그래도 아니면 온도조절기 23도로 해",refuse,no_device,D10,T3,none,,
G04156,집,HOME05,기기제어,"Wait up to 5 minutes to see if nobody is home; if not, turn the heating up to 19.","집이 비는지 최대 5분 기다려 보고, 그래도 아니면 난방 19도로 올려.",execute,,D10,T3,none,HOME05_LivingRoom_Thermostat_1 HOME05_LivingRoom_Thermostat_2,
G04157,집,HOME02,기기제어,"Wait up to 5 minutes to see if someone is in the room; if not, put the living room thermostat on 20 degrees.","방에 사람이 오는지 최대 5분 기다려 보고, 그래도 아니면 거실 온도조절기 20도로 해.",execute,,D10,T3,none,HOME02_LivingRoom_Thermostat_1,
G04158,집,HOME06,기기제어,"If the temperature drops below 0 degrees, check every 5 minutes and set the living room thermostat to 22 degrees if the battery is under 20 percent",온도가 0도 아래로 떨어지면 5분마다 확인해서 배터리가 20퍼센트 아래일 때 거실 온도조절기 22도로 맞춰,execute,,D7,T3,none,HOME06_LivingRoom_Thermostat_1,
G04159,집,HOME18,기기제어,"Wait up to 10 minutes to see if nobody is home; if not, turn the heating up to 20.","집이 비는지 최대 10분 기다려 보고, 그래도 아니면 난방 20도로 올려.",execute,,D10,T3,none,HOME18_LivingRoom_Thermostat_1,
G04160,집,HOME06,기기제어,"If the temperature drops below 5 degrees, check every 5 minutes and set the living room thermostat to 22 degrees if the washing machine is running",온도가 5도 아래로 떨어지면 5분마다 확인해서 세탁기가 돌고 있을 때 거실 온도조절기 22도로 맞춰,execute,,D7,T3,none,HOME06_LivingRoom_Thermostat_1,
G04161,집,HOME16,기기제어,"Wait up to 30 minutes to see if the humidity is over 60 percent; if not, take a snapshot with the garden camera","습도가 60퍼센트를 넘는지 최대 30분 기다려 보고, 그래도 아니면 마당 카메라로 사진 찍어",execute,,D10,T3,none,HOME16_Garden_Camera_1 HOME16_Garden_Camera_2,
G04164,집,HOME09,기기제어,"Once the battery is under 20 percent, take a snapshot with the baby monitor every 5 minutes.",배터리가 20퍼센트 아래면 5분마다 베이비 모니터로 사진 찍어.,execute,,D9,T3,none,HOME09_BabyRoom_Camera_1,
G04166,집,HOME06,기기제어,"Wait up to 5 minutes to see if the humidity is over 60 percent; if not, set a 30 minute timer.","습도가 60퍼센트를 넘는지 최대 5분 기다려 보고, 그래도 아니면 30분 타이머 맞춰 줘.",refuse,no_service,D10,T3,none,,
G04167,집,HOME13,기기제어,"After 5 minutes, start a countdown for 45 minutes every 75 minutes until the tank is below half",5분 뒤에 탱크가 절반 아래로 내려갈 때까지 75분마다 45분 카운트다운 시작해 줘,refuse,no_service,D8,T3,none,,
G04174,집,HOME10,기기제어,"Wait up to 30 minutes to see if the humidity is over 60 percent; if not, make the light daylight white.","습도가 60퍼센트를 넘는지 최대 30분 기다려 보고, 그래도 아니면 조명 주광색으로 해.",ask,,D10,T3,none,HOME10_LivingRoom_Light_1 HOME10_LivingRoom_Light_2 HOME10_Bedroom_Light_1 HOME10_Bathroom_Light_1 HOME10_Hallway_Light_1,
G04179,집,HOME05,기기제어,"Wait up to 10 minutes to see if the tank is below half; if not, turn the light green.","탱크가 절반 아래로 내려가는지 최대 10분 기다려 보고, 그래도 아니면 조명 초록색으로 켜.",ask,,D10,T3,none,HOME05_LivingRoom_Light_1 HOME05_LivingRoom_Light_2 HOME05_LivingRoom_Light_3 HOME05_Kitchen_Light_1 HOME05_Bedroom_Light_1 HOME05_Bedroom_Light_2 HOME05_Study_Light_1 HOME05_Stairs_Light_1,
G04180,집,HOME11,기기제어,"When the door sensor says the door is open, check every 10 minutes and turn the light purple if the temperature is under 18 degrees",문열림 센서가 문이 열렸다고 알리면 10분마다 확인해서 온도가 18도 아래일 때 조명 보라색으로 켜,ask,,D7,T3,none,HOME11_Room_Light_1 HOME11_Room_Light_2 HOME11_Kitchen_Light_1 HOME11_Bathroom_Light_1,
G04183,집,HOME04,기기제어,"When I double-press the button, check every 20 minutes and set the volume on the TV to 30 if it is dark outside",버튼이 연속 두 번 눌리면 20분마다 확인해서 바깥이 어두울 때 TV 볼륨 30으로 맞춰,ask,,D7,T3,none,HOME04_LivingRoom_Television_1 HOME04_Bedroom_Television_1,
G04184,집,HOME04,기기제어,"With one tap on the wall switch, check every 20 minutes and turn on the TV if the humidity is over 60 percent.",벽 스위치를 한 번 누르면 20분마다 확인해서 습도가 60퍼센트를 넘을 때 TV 켜.,ask,,D7,T3,none,HOME04_LivingRoom_Television_1 HOME04_Bedroom_Television_1,
G04185,집,HOME04,기기제어,"Wait up to 5 minutes to see if the window is open; if not, turn on the TV.","창문이 열리는지 최대 5분 기다려 보고, 그래도 아니면 TV 켜.",ask,,D10,T3,none,HOME04_LivingRoom_Television_1 HOME04_Bedroom_Television_1,
G04186,집,HOME12,기기제어,"Wait up to 20 minutes to see if the washing machine is running; if not, pause all the TVs.","세탁기가 도는지 최대 20분 기다려 보고, 그래도 아니면 모든 TV 일시정지해.",execute,,D10,T3,none,HOME12_LivingRoom_Television_1,
G04187,집,HOME08,기기제어,"Wait up to 30 minutes to see if the humidity is over 60 percent; if not, turn all the TVs off","습도가 60퍼센트를 넘는지 최대 30분 기다려 보고, 그래도 아니면 모든 TV 꺼",execute,,D10,T3,none,HOME08_LivingRoom_Television_1,
G04190,집,HOME15,알림예약,"Once the battery is full, let me know every 5 minutes for the next 4 hours",배터리가 다 차면 앞으로 4시간 동안 5분마다 알려 줘,execute,,D8,T3,none,,NotificationProvider.SendPush
G04191,집,HOME07,알림예약,"When the battery drops below 65 percent, check every 10 minutes and send a warning to my phone if the tank is below half",배터리가 65퍼센트 아래로 떨어지면 10분마다 확인해서 탱크가 절반 아래일 때 폰으로 경고 보내 줘,execute,,D7,T3,none,,NotificationProvider.SendPush
G04192,집,HOME07,알림예약,"Wait up to 15 minutes to see if nobody is home; if not, send a warning to my phone.","집이 비는지 최대 15분 기다려 보고, 그래도 아니면 폰으로 경고 보내 줘.",execute,,D10,T3,none,,NotificationProvider.SendPush
G04196,집,HOME16,기기제어,"When the living room door opens, check every 20 minutes and shut the garden garage door if the temperature is under 18 degrees",거실 문이 열리면 20분마다 확인해서 온도가 18도 아래일 때 마당 차고문 닫아,execute,,D7,T3,none,HOME16_Garden_GarageDoor_1,
G04197,집,HOME06,기기제어,"Wait up to 5 minutes to see if the battery is under 20 percent; if not, shut the garage door","배터리가 20퍼센트 아래로 내려가는지 최대 5분 기다려 보고, 그래도 아니면 차고문 닫아",execute,,D10,T3,none,HOME06_Garage_GarageDoor_1,
G04198,집,HOME15,기기제어,"Wait up to 10 minutes to see if the temperature is under 18 degrees; if not, open the entrance garage door.","온도가 18도 아래로 내려가는지 최대 10분 기다려 보고, 그래도 아니면 현관 차고문 열어.",execute,,D10,T3,none,HOME15_Entrance_GarageDoor_1,
G04199,집,HOME15,기기제어,"When the door sensor says the door is open, check every 15 minutes and shut the entrance garage door if the temperature is under 18 degrees",문열림 센서가 문이 열렸다고 알리면 15분마다 확인해서 온도가 18도 아래일 때 현관 차고문 닫아,execute,,D7,T3,none,HOME15_Entrance_GarageDoor_1,
G04200,집,HOME10,기기제어,"Wait up to 5 minutes to see if the temperature is under 18 degrees; if not, turn on the TV","온도가 18도 아래로 내려가는지 최대 5분 기다려 보고, 그래도 아니면 TV 켜",refuse,no_device,D10,T3,none,,
G04201,집,HOME19,기기제어,"Wait up to 15 minutes to see if the washing machine is running; if not, play some music on the TV","세탁기가 도는지 최대 15분 기다려 보고, 그래도 아니면 TV로 음악 좀 틀어",refuse,no_device,D10,T3,none,,
G04202,집,HOME03,기기제어,"Wait up to 15 minutes to see if the door is open; if not, set the volume on the TV to 40","문이 열리는지 최대 15분 기다려 보고, 그래도 아니면 TV 볼륨 40으로 맞춰",execute,,D10,T3,none,HOME03_LivingRoom_Television_1,
G04203,집,HOME14,기기제어,"At midnight on weekdays, check every 20 minutes and turn on the TV if someone is in the room.",평일 자정에 20분마다 확인해서 방에 사람이 있을 때 TV 켜.,refuse,no_occupancy,D7,T3,none,,
G04204,집,HOME14,기기제어,"Wait up to 30 minutes to see if the window is open; if not, set the volume on the TV to 30.","창문이 열리는지 최대 30분 기다려 보고, 그래도 아니면 TV 볼륨 30으로 맞춰.",execute,,D10,T3,none,HOME14_LivingRoom_Television_1,
G04205,집,HOME20,알림예약,"When the door closes, give me a heads-up every 30 minutes for the next 3 hours",문이 닫히면 앞으로 3시간 동안 30분마다 꼭 알려 줘,execute,,D8,T3,none,,NotificationProvider.SendPush
G04208,집,HOME06,알림예약,"If a window is left open, let me know every 15 minutes",창문이 열린 채로 있으면 15분마다 알려 줘,execute,,D7,T3,none,,NotificationProvider.SendPush
G04209,집,HOME09,알림예약,"Wait up to 15 minutes to see if the battery is under 20 percent; if not, send a warning to my phone","배터리가 20퍼센트 아래로 내려가는지 최대 15분 기다려 보고, 그래도 아니면 폰으로 경고 보내 줘",refuse,no_channel,D10,T3,none,,
G04211,집,HOME09,알림예약,"When the motion sensor detects movement, let me know every 15 minutes for the next 6 hours",동작 감지 센서가 움직임을 감지하면 앞으로 6시간 동안 15분마다 알려 줘,execute,,D8,T3,none,,Speaker.Speak
G04212,집,HOME09,알림예약,"When nothing has moved for 5 minutes, give me a heads-up every 30 minutes until the battery is under 20 percent.",5분 동안 아무 움직임도 없으면 배터리가 20퍼센트 아래로 내려갈 때까지 30분마다 꼭 알려 줘.,execute,,D8,T3,none,,Speaker.Speak
G04215,집,HOME13,기기제어,"Wait up to 20 minutes to see if it is dark outside; if not, switch the light on.","바깥이 어두워지는지 최대 20분 기다려 보고, 그래도 아니면 조명 켜.",ask,,D10,T3,none,HOME13_LivingRoom_Light_1 HOME13_LivingRoom_Light_2 HOME13_LivingRoom_Light_3 HOME13_Bedroom_Light_1 HOME13_Bedroom_Light_2 HOME13_Kitchen_Light_1 HOME13_Study_Light_1,
G04216,집,HOME18,기기제어,"On Thursday at 8 am, check every 10 minutes and turn on the light if the temperature is under 18 degrees",목요일 오전 8시에 10분마다 확인해서 온도가 18도 아래일 때 조명 켜,ask,,D7,T3,none,HOME18_LivingRoom_Light_1 HOME18_LivingRoom_Light_2 HOME18_LivingRoom_Light_3 HOME18_Bedroom_Light_1 HOME18_Bedroom_Light_2 HOME18_Kitchen_Light_1 HOME18_Garage_Light_1,
G04217,집,HOME08,기기제어,"Every morning at 6:30 am, check every 20 minutes and put the lights on if the humidity is over 60 percent.",매일 오전 6시 30분에 20분마다 확인해서 습도가 60퍼센트를 넘을 때 조명 전부 켜.,execute,,D7,T3,none,HOME08_LivingRoom_Light_1 HOME08_LivingRoom_Light_2 HOME08_Bedroom_Light_1 HOME08_Kitchen_Light_1,
G04219,집,HOME01,알림예약,"When power draw goes over 1500 watts, repeat this 4 times: send a warning to my phone, then wait 15 minutes",전력 사용이 1500와트를 넘으면 폰으로 경고 보내 주고 15분 쉬는 걸 4번 반복해,refuse,no_channel,D8,T3,none,,
G04221,집,HOME16,기기제어,"With a single press of the button, check every 20 minutes and shut the garden garage door if the temperature is under 18 degrees",버튼을 한 번 누르면 20분마다 확인해서 온도가 18도 아래일 때 마당 차고문 닫아,execute,,D7,T3,none,HOME16_Garden_GarageDoor_1,
G04222,집,HOME15,기기제어,"Wait up to 5 minutes to see if the humidity is over 60 percent; if not, open the entrance garage door.","습도가 60퍼센트를 넘는지 최대 5분 기다려 보고, 그래도 아니면 현관 차고문 열어.",execute,,D10,T3,none,HOME15_Entrance_GarageDoor_1,
G04224,집,HOME06,기기제어,"Wait up to 15 minutes to see if nobody is home; if not, shut the garage door.","집이 비는지 최대 15분 기다려 보고, 그래도 아니면 차고문 닫아.",execute,,D10,T3,none,HOME06_Garage_GarageDoor_1,
G04225,집,HOME16,기기제어,"When the scene button is pressed, check every 15 minutes and shut the garden garage door if the washing machine is running.",씬 버튼이 눌리면 15분마다 확인해서 세탁기가 돌고 있을 때 마당 차고문 닫아.,execute,,D7,T3,none,HOME16_Garden_GarageDoor_1,
G04226,집,HOME06,기기제어,"With one tap on the wall switch, check every 15 minutes and open the garage door if the humidity is over 60 percent.",벽 스위치를 한 번 누르면 15분마다 확인해서 습도가 60퍼센트를 넘을 때 차고문 열어.,execute,,D7,T3,none,HOME06_Garage_GarageDoor_1,
G04227,집,HOME15,기기제어,"Wait up to 5 minutes to see if the room is too warm; if not, take a snapshot with the camera.","방이 더워지는지 최대 5분 기다려 보고, 그래도 아니면 카메라로 사진 찍어.",execute,,D10,T3,none,HOME15_LivingRoom_Camera_1,
G04230,집,HOME16,알림예약,"Wait up to 20 minutes to see if the temperature is under 18 degrees; if not, tell me about it.","온도가 18도 아래로 내려가는지 최대 20분 기다려 보고, 그래도 아니면 알려 줘.",execute,,D10,T3,none,,NotificationProvider.SendPush
G04233,집,HOME06,알림예약,"When a water leak is detected, check every 5 minutes and send a warning to my phone if the temperature is under 18 degrees",누수가 감지되면 5분마다 확인해서 온도가 18도 아래일 때 폰으로 경고 보내 줘,execute,,D7,T3,none,,NotificationProvider.SendPush
G04234,집,HOME14,알림예약,"Once the window is open, push me an alert every 10 minutes",창문이 열려 있으면 10분마다 알림 띄워 줘,execute,,D9,T3,none,,Speaker.Speak
G04235,집,HOME12,기기제어,"Wait up to 20 minutes to see if the humidity is over 60 percent; if not, dim the kitchen lights to 10 percent","습도가 60퍼센트를 넘는지 최대 20분 기다려 보고, 그래도 아니면 주방 조명 밝기를 10퍼센트로 낮춰",execute,,D10,T3,none,HOME12_Kitchen_Light_1,
G04236,집,HOME03,기기제어,"When the temperature goes above 32 degrees, check every 30 minutes and bring the bedroom lights down to 10 percent if someone is in the room",온도가 32도를 넘으면 30분마다 확인해서 방에 사람이 있을 때 침실 조명 밝기를 10퍼센트까지 낮춰,execute,,D7,T3,none,HOME03_Bedroom_Light_1 HOME03_Bedroom_Light_2,
G04239,집,HOME13,기기제어,"Once the 5 minute timer runs out, run the bedroom fan for 3 minutes every 15 minutes for the next 6 hours.",5분 타이머가 끝나면 앞으로 6시간 동안 15분마다 침실 선풍기를 3분 동안 돌려.,execute,,D8,T3,none,HOME13_Bedroom_Fan_1,
G04241,집,HOME05,기기제어,"Once someone is in the room, run the fan for 5 minutes every 20 minutes",방에 사람이 있으면 20분마다 선풍기를 5분 동안 돌려,execute,,D9,T3,none,HOME05_LivingRoom_Fan_1,
G04242,집,HOME05,기기제어,"45 minutes from now, check every 90 minutes and run the living room fan for 60 minutes if the room is too warm",지금부터 45분 뒤에 90분마다 확인해서 방이 더울 때 거실 선풍기를 60분 동안 돌려,execute,,D7,T3,none,HOME05_LivingRoom_Fan_1,
G04243,집,HOME17,기기제어,"After waiting 5 minutes, run the fan for 2 minutes every 5 minutes until the battery is under 20 percent",5분 기다렸다가 배터리가 20퍼센트 아래로 내려갈 때까지 5분마다 선풍기를 2분 동안 돌려,ask,,D8,T3,none,HOME17_Bathroom_Fan_1 HOME17_Room_Fan_1 HOME17_Room_Fan_2,
G04244,집,HOME13,기기제어,"Wait up to 15 minutes to see if someone is in the room; if not, run the bedroom fan for 45 minutes","방에 사람이 오는지 최대 15분 기다려 보고, 그래도 아니면 침실 선풍기를 45분 동안 돌려",execute,,D10,T3,none,HOME13_Bedroom_Fan_1,
G04245,집,HOME15,알림예약,"When I am close to home, give me a heads-up every 15 minutes.",내가 집 근처에 오면 15분마다 꼭 알려 줘.,execute,,D7,T3,phone,,NotificationProvider.SendPush
G04246,집,HOME05,알림예약,"Wait up to 20 minutes to see if the window is open; if not, tell me about it","창문이 열리는지 최대 20분 기다려 보고, 그래도 아니면 알려 줘",execute,,D10,T3,phone,,NotificationProvider.SendPush
G04247,집,HOME16,알림예약,"When I get home, send me a notification every 20 minutes until the tank is below half.",내가 집에 오면 탱크가 절반 아래로 내려갈 때까지 20분마다 알림 보내 줘.,execute,,D8,T3,phone,,NotificationProvider.SendPush
G04249,집,HOME06,알림예약,"When I am close to home, check every 5 minutes and send a warning to my phone if the door is open.",내가 집 근처에 오면 5분마다 확인해서 문이 열려 있을 때 폰으로 경고 보내 줘.,execute,,D7,T3,phone,,NotificationProvider.SendPush
G04250,집,HOME04,기기제어,"When someone shows up in the entrance, say it out loud on the living room speaker every 15 minutes.",현관에 누가 나타나면 15분마다 거실 스피커로 소리 내서 알려.,execute,,D7,T3,none,HOME04_LivingRoom_Speaker_1 HOME04_LivingRoom_Speaker_2,
G04251,집,HOME06,기기제어,"Wait up to 30 minutes to see if it is dark outside; if not, announce it on the living room speaker","바깥이 어두워지는지 최대 30분 기다려 보고, 그래도 아니면 거실 스피커로 알려",execute,,D10,T3,none,HOME06_LivingRoom_Speaker_1 HOME06_LivingRoom_Speaker_2,
G04253,집,HOME08,기기제어,"Once the bedroom is empty, play a chime on the living room speaker every 30 minutes for the next 6 hours.",침실이 비면 앞으로 6시간 동안 30분마다 거실 스피커로 알림음 울려.,execute,,D8,T3,none,HOME08_LivingRoom_Speaker_1,
G04254,집,HOME18,기기제어,"Once I am back home, toggle the bedroom switch every 5 minutes until the room is too warm",내가 집에 돌아오면 방이 더워질 때까지 5분마다 침실 스위치 껐다 켜,execute,,D8,T3,phone,HOME18_Bedroom_Light_1 HOME18_Bedroom_Light_2 HOME18_Bedroom_AirConditioner_1,
G04256,집,HOME13,기기제어,"When I pull into the driveway, repeat this 3 times: toggle the switch, then wait 15 minutes",차를 집 앞에 대면 스위치 껐다 켜 주고 15분 쉬는 걸 3번 반복해,ask,,D8,T3,phone,HOME13_LivingRoom_Light_1 HOME13_LivingRoom_Light_2 HOME13_LivingRoom_Light_3 HOME13_Bedroom_Light_1 HOME13_Bedroom_Light_2 HOME13_Kitchen_Light_1 HOME13_Study_Light_1 HOME13_LivingRoom_AirConditioner_1 HOME13_Bedroom_AirConditioner_1 HOME13_LivingRoom_AirPurifier_1 HOME13_LivingRoom_Television_1,
G04257,집,HOME16,기기제어,"When I get home, toggle the switch every 10 minutes.",내가 집에 오면 10분마다 스위치 껐다 켜.,ask,,D7,T3,phone,HOME16_LivingRoom_Light_1 HOME16_LivingRoom_Light_2 HOME16_Bedroom_Light_1 HOME16_Garden_Light_1 HOME16_Entrance_Siren_1,
G04258,집,HOME07,기기제어,"When I get home, toggle the switch every 30 minutes until the tank is below half",내가 집에 오면 탱크가 절반 아래로 내려갈 때까지 30분마다 스위치 껐다 켜,ask,,D8,T3,phone,HOME07_LivingRoom_Light_1 HOME07_LivingRoom_Light_2 HOME07_LivingRoom_Light_3 HOME07_Bedroom_Light_1 HOME07_Bedroom_Light_2 HOME07_Kitchen_Light_1 HOME07_Garden_Light_1 HOME07_Garden_Light_2 HOME07_Garden_Light_3 HOME07_Barn_Light_1 HOME07_LivingRoom_AirConditioner_1 HOME07_LivingRoom_Television_1 HOME07_Entrance_Siren_1,
G04259,집,HOME02,기기제어,"As soon as I arrive home, toggle all the switches every 10 minutes until the tank is below half",집에 도착하자마자 탱크가 절반 아래로 내려갈 때까지 10분마다 모든 스위치 껐다 켜,execute,,D8,T3,phone,HOME02_LivingRoom_Light_1 HOME02_LivingRoom_Light_2 HOME02_Bedroom_Light_1 HOME02_Kitchen_Light_1 HOME02_LivingRoom_AirConditioner_1 HOME02_LivingRoom_Television_1 HOME02_LivingRoom_AirPurifier_1,
G04260,집,HOME05,기기제어,"Every morning at 9 am, check every 20 minutes and start the vacuum if it is dark outside",매일 오전 9시에 20분마다 확인해서 바깥이 어두울 때 로봇청소기 켜,execute,,D7,T3,none,HOME05_LivingRoom_RobotVacuumCleaner_1,
G04261,집,HOME13,기기제어,"At midnight on weekdays, check every 20 minutes and stop all the vacuums if the tank is below half",평일 자정에 20분마다 확인해서 탱크가 절반 아래일 때 모든 로봇청소기 멈춰,execute,,D7,T3,none,HOME13_LivingRoom_RobotVacuumCleaner_1,
G04262,집,HOME04,기기제어,"Wait up to 20 minutes to see if the humidity is over 60 percent; if not, start all the vacuums","습도가 60퍼센트를 넘는지 최대 20분 기다려 보고, 그래도 아니면 모든 로봇청소기 켜",execute,,D10,T3,none,HOME04_LivingRoom_RobotVacuumCleaner_1,
G04263,집,HOME03,기기제어,"Wait up to 20 minutes to see if nobody is home; if not, send all the vacuums back to its dock","집이 비는지 최대 20분 기다려 보고, 그래도 아니면 모든 로봇청소기 충전대로 보내",execute,,D10,T3,none,HOME03_LivingRoom_RobotVacuumCleaner_1,
G04264,집,HOME15,기기제어,"Wait up to 20 minutes to see if someone is in the room; if not, stop all the vacuums.","방에 사람이 오는지 최대 20분 기다려 보고, 그래도 아니면 모든 로봇청소기 멈춰.",execute,,D10,T3,none,HOME15_LivingRoom_RobotVacuumCleaner_1,
G04265,집,HOME11,기기제어,"Once the tank is below half, toggle the switch every 5 minutes",탱크가 절반 아래면 5분마다 스위치 껐다 켜,ask,,D9,T3,none,HOME11_Room_Light_1 HOME11_Room_Light_2 HOME11_Kitchen_Light_1 HOME11_Bathroom_Light_1 HOME11_Room_AirConditioner_1 HOME11_Room_Television_1 HOME11_Room_Plug_1 HOME11_Room_Plug_2,
G04266,집,HOME17,기기제어,"When it starts raining, check every 5 minutes and turn on all the lights if the tank is below half.",비가 오기 시작하면 5분마다 확인해서 탱크가 절반 아래일 때 모든 조명 켜.,refuse,no_context,D7,T3,weather,,
G04269,집,HOME16,기기제어,"When I pull into the driveway, check every 20 minutes and turn the heating up to 24 if the temperature is under 18 degrees.",차를 집 앞에 대면 20분마다 확인해서 온도가 18도 아래일 때 난방 24도로 올려.,execute,,D7,T3,phone,HOME16_LivingRoom_Thermostat_1,
G04271,집,HOME13,기기제어,"Wait up to 30 minutes to see if the washing machine is running; if not, change the light to purple.","세탁기가 도는지 최대 30분 기다려 보고, 그래도 아니면 조명 보라색으로 바꿔.",ask,,D10,T3,weather,HOME13_LivingRoom_Light_1 HOME13_LivingRoom_Light_2 HOME13_LivingRoom_Light_3 HOME13_Bedroom_Light_1 HOME13_Bedroom_Light_2 HOME13_Kitchen_Light_1 HOME13_Study_Light_1,
G04273,집,HOME01,기기제어,"Wait up to 20 minutes to see if nobody is home; if not, make the room lights orange.","집이 비는지 최대 20분 기다려 보고, 그래도 아니면 방 조명 주황색으로 해.",execute,,D10,T3,weather,HOME01_Room_Light_1 HOME01_Room_Light_2,
G04274,집,HOME10,기기제어,"Once the washing machine is running, run the fan for 20 minutes every 30 minutes",세탁기가 돌고 있으면 30분마다 선풍기를 20분 동안 돌려,execute,,D9,T3,none,HOME10_LivingRoom_Fan_1,
G04275,집,HOME02,기기제어,"Once the door has been open for 70 minutes, check every 5 minutes and close the blinds if the washing machine is running",문이 70분 동안 열려 있으면 5분마다 확인해서 세탁기가 돌고 있을 때 블라인드 닫아,refuse,no_device,D7,T3,none,,
G04277,집,HOME04,기기제어,"If a window is left open, check every 5 minutes and open the blind if the battery is under 20 percent.",창문이 열린 채로 있으면 5분마다 확인해서 배터리가 20퍼센트 아래일 때 블라인드 열어.,ask,,D7,T3,none,HOME04_LivingRoom_WindowCovering_1 HOME04_LivingRoom_WindowCovering_2,
G04278,집,HOME04,기기제어,"When the living room door opens, check every 5 minutes and pull the blind shut if someone is in the room.",거실 문이 열리면 5분마다 확인해서 방에 사람이 있을 때 블라인드 닫아.,ask,,D7,T3,none,HOME04_LivingRoom_WindowCovering_1 HOME04_LivingRoom_WindowCovering_2,
G04279,집,HOME14,기기제어,"If the smoke alarm sounds, repeat this 5 times: turn the heating off, then wait 10 minutes",화재 경보가 울리면 난방 꺼 주고 10분 쉬는 걸 5번 반복해,execute,,D8,T3,none,HOME14_LivingRoom_Thermostat_1,
G04280,집,HOME07,기기제어,"When the smoke detector reports smoke, repeat this 3 times: turn the heating off, then wait 30 minutes.",연기 감지기가 연기를 알리면 난방 꺼 주고 30분 쉬는 걸 3번 반복해.,execute,,D8,T3,none,HOME07_LivingRoom_Thermostat_1,
G04281,집,HOME05,기기제어,"Once nobody is home, turn the heating off every 20 minutes",집에 아무도 없으면 20분마다 난방 꺼,execute,,D9,T3,none,HOME05_LivingRoom_Thermostat_1 HOME05_LivingRoom_Thermostat_2,
G04285,집,HOME19,기기제어,"Wait up to 15 minutes to see if the room is too warm; if not, take a snapshot with the study camera","방이 더워지는지 최대 15분 기다려 보고, 그래도 아니면 서재 카메라로 사진 찍어",execute,,D10,T3,none,HOME19_Study_Camera_1,
G04286,집,HOME07,기기제어,"When I press the button, take a snapshot with the garden camera every 5 minutes.",내가 버튼을 누르면 5분마다 마당 카메라로 사진 찍어.,execute,,D7,T3,none,HOME07_Garden_Camera_1 HOME07_Garden_Camera_2,
G04287,집,HOME15,기기제어,"With a single press of the button, take a snapshot with the living room camera every 5 minutes.",버튼을 한 번 누르면 5분마다 거실 카메라로 사진 찍어.,execute,,D7,T3,none,HOME15_LivingRoom_Camera_1,
G04289,집,HOME07,기기제어,"When I double-press the button, repeat this 3 times: take a snapshot with the camera, then wait 15 minutes",버튼이 연속 두 번 눌리면 카메라로 사진 찍어 주고 15분 쉬는 걸 3번 반복해,ask,,D8,T3,none,HOME07_Garden_Camera_1 HOME07_Garden_Camera_2,
G04290,집,HOME15,기기제어,"Once the camera goes offline, set the living room lights to warm white every 10 minutes until the battery is under 20 percent.",카메라 연결이 끊기면 배터리가 20퍼센트 아래로 내려갈 때까지 10분마다 거실 조명 전구색으로 바꿔.,execute,,D8,T3,none,HOME15_LivingRoom_Light_1 HOME15_LivingRoom_Light_2 HOME15_LivingRoom_Light_3 HOME15_LivingRoom_Light_4 HOME15_LivingRoom_ColorControl_1 HOME15_LivingRoom_ColorControl_2,
G04293,집,HOME16,기기제어,"Wait up to 5 minutes to see if the door is open; if not, set the light to red","문이 열리는지 최대 5분 기다려 보고, 그래도 아니면 조명 빨간색으로 바꿔",ask,,D10,T3,none,HOME16_LivingRoom_Light_1 HOME16_LivingRoom_Light_2 HOME16_Bedroom_Light_1 HOME16_Garden_Light_1,
G04294,집,HOME04,기기제어,"With one tap on the wall switch, check every 30 minutes and set the lights to amber if it is dark outside",벽 스위치를 한 번 누르면 30분마다 확인해서 바깥이 어두울 때 조명 전부 호박색으로 바꿔,execute,,D7,T3,none,HOME04_LivingRoom_Light_1 HOME04_LivingRoom_Light_2 HOME04_LivingRoom_Light_3 HOME04_Bedroom_Light_1 HOME04_Bedroom_Light_2 HOME04_Study_Light_1 HOME04_Study_Light_2 HOME04_Kitchen_Light_1,
G04298,집,HOME05,기기제어,"Wait up to 20 minutes to see if it is dark outside; if not, set the thermostat to 22 degrees.","바깥이 어두워지는지 최대 20분 기다려 보고, 그래도 아니면 온도조절기 22도로 맞춰.",ask,,D10,T3,none,HOME05_LivingRoom_Thermostat_1 HOME05_LivingRoom_Thermostat_2,
G04299,집,HOME11,기기제어,"Wait up to 5 minutes to see if the humidity is over 60 percent; if not, turn the heating off","습도가 60퍼센트를 넘는지 최대 5분 기다려 보고, 그래도 아니면 난방 꺼",execute,,D10,T3,none,HOME11_Room_Thermostat_1,
G04300,집,HOME16,알림예약,"When my phone goes into sleep mode, check every 10 minutes and send me a notification if the door is open.",내 폰이 취침 모드로 들어가면 10분마다 확인해서 문이 열려 있을 때 알림 보내 줘.,execute,,D7,T3,phone,,NotificationProvider.SendPush
G04302,집,HOME15,기기제어,"When the sun comes up, check every 30 minutes and toggle the switch if the temperature is under 18 degrees",해가 뜨면 30분마다 확인해서 온도가 18도 아래일 때 스위치 껐다 켜,ask,,D7,T3,sun,HOME15_LivingRoom_Light_1 HOME15_LivingRoom_Light_2 HOME15_LivingRoom_Light_3 HOME15_LivingRoom_Light_4 HOME15_Bedroom_Light_1 HOME15_Bedroom_Light_2 HOME15_Study_Light_1 HOME15_Study_Light_2 HOME15_LivingRoom_ColorControl_1 HOME15_LivingRoom_ColorControl_2 HOME15_Hallway_Switch_1 HOME15_Hallway_Switch_2 HOME15_Hallway_Switch_3 HOME15_Hallway_Switch_4 HOME15_Hallway_Switch_5 HOME15_Hallway_Switch_6 HOME15_Kitchen_Light_1 HOME15_LivingRoom_LevelControl_1 HOME15_LivingRoom_LevelControl_2 HOME15_LivingRoom_AirConditioner_1 HOME15_LivingRoom_AirPurifier_1 HOME15_Bedroom_AirPurifier_1 HOME15_Bedroom_Humidifier_1 HOME15_LivingRoom_Plug_1 HOME15_LivingRoom_Plug_2 HOME15_LivingRoom_Plug_3 HOME15_LivingRoom_Television_1,
G04303,집,HOME16,기기제어,"At sunrise, toggle the living room switch every 15 minutes until nobody is home",해 뜰 때 집이 빌 때까지 15분마다 거실 스위치 껐다 켜,execute,,D8,T3,sun,HOME16_LivingRoom_Light_1 HOME16_LivingRoom_Light_2,
G04305,집,HOME06,기기제어,"Wait up to 5 minutes to see if the tank is below half; if not, turn the heating up to 19","탱크가 절반 아래로 내려가는지 최대 5분 기다려 보고, 그래도 아니면 난방 19도로 올려",execute,,D10,T3,none,HOME06_LivingRoom_Thermostat_1,
G04306,집,HOME06,기기제어,"When nothing has moved for 18 minutes, check every 5 minutes and turn the heating off if the room is too warm.",18분 동안 아무 움직임도 없으면 5분마다 확인해서 방이 더울 때 난방 꺼.,execute,,D7,T3,none,HOME06_LivingRoom_Thermostat_1,
G04311,집,HOME04,기기제어,"When I pull into the driveway, check every 30 minutes and set the volume on the TV to 50 if the tank is below half.",차를 집 앞에 대면 30분마다 확인해서 탱크가 절반 아래일 때 TV 볼륨 50으로 맞춰.,ask,,D7,T3,phone,HOME04_LivingRoom_Television_1 HOME04_Bedroom_Television_1,
G04312,집,HOME08,기기제어,"As soon as I arrive home, check every 10 minutes and turn on the TV if the humidity is over 60 percent.",집에 도착하자마자 10분마다 확인해서 습도가 60퍼센트를 넘을 때 TV 켜.,execute,,D7,T3,phone,HOME08_LivingRoom_Television_1,
G04313,집,HOME15,기기제어,"Wait up to 20 minutes to see if the tank is below half; if not, play some music on the living room TV","탱크가 절반 아래로 내려가는지 최대 20분 기다려 보고, 그래도 아니면 거실 TV로 음악 좀 틀어",execute,,D10,T3,phone,HOME15_LivingRoom_Television_1,
G04314,집,HOME20,기기제어,"Wait up to 15 minutes to see if nobody is home; if not, turn the heating up to 21.","집이 비는지 최대 15분 기다려 보고, 그래도 아니면 난방 21도로 올려.",execute,,D10,T3,none,HOME20_LivingRoom_Thermostat_1,
G04315,집,HOME19,기기제어,"Wait up to 15 minutes to see if the battery is under 20 percent; if not, put the living room thermostat on 18 degrees","배터리가 20퍼센트 아래로 내려가는지 최대 15분 기다려 보고, 그래도 아니면 거실 온도조절기 18도로 해",execute,,D10,T3,none,HOME19_LivingRoom_Thermostat_1,
G04316,집,HOME16,기기제어,"Wait up to 15 minutes to see if the temperature is under 18 degrees; if not, set the living room thermostat to 19 degrees.","온도가 18도 아래로 내려가는지 최대 15분 기다려 보고, 그래도 아니면 거실 온도조절기 19도로 맞춰.",execute,,D10,T3,none,HOME16_LivingRoom_Thermostat_1,
G04317,집,HOME18,기기제어,"Every day at 10 pm, check every 5 minutes and turn the heating up to 25 if the temperature is under 18 degrees.",매일 밤 10시에 5분마다 확인해서 온도가 18도 아래일 때 난방 25도로 올려.,execute,,D7,T3,none,HOME18_LivingRoom_Thermostat_1,
G04318,집,HOME07,기기제어,"Wait up to 30 minutes to see if the window is open; if not, turn the heating off","창문이 열리는지 최대 30분 기다려 보고, 그래도 아니면 난방 꺼",execute,,D10,T3,none,HOME07_LivingRoom_Thermostat_1,
G04321,집,HOME08,기기제어,"When I double-press the button, check every 20 minutes and switch the living room plug off if it is dark outside.",버튼이 연속 두 번 눌리면 20분마다 확인해서 바깥이 어두울 때 거실 플러그 꺼.,execute,,D7,T3,none,HOME08_LivingRoom_Plug_1 HOME08_LivingRoom_Plug_2,
G04322,집,HOME19,기기제어,"With one tap on the wall switch, check every 30 minutes and switch the study plug off if the battery is under 20 percent.",벽 스위치를 한 번 누르면 30분마다 확인해서 배터리가 20퍼센트 아래일 때 서재 플러그 꺼.,execute,,D7,T3,none,HOME19_Study_Plug_1 HOME19_Study_Plug_2 HOME19_Study_Plug_3,
G04323,집,HOME08,기기제어,"Wait up to 5 minutes to see if the window is open; if not, turn on the living room plug","창문이 열리는지 최대 5분 기다려 보고, 그래도 아니면 거실 플러그 켜",execute,,D10,T3,none,HOME08_LivingRoom_Plug_1 HOME08_LivingRoom_Plug_2,
G04324,집,HOME08,기기제어,"Once everyone has left, check every 5 minutes and turn off the lights if the washing machine is running",다들 나가고 나면 5분마다 확인해서 세탁기가 돌고 있을 때 조명 전부 꺼,execute,,D7,T3,phone,HOME08_LivingRoom_Light_1 HOME08_LivingRoom_Light_2 HOME08_Bedroom_Light_1 HOME08_Kitchen_Light_1,
G04326,집,HOME20,기기제어,"Wait up to 30 minutes to see if the washing machine is running; if not, set the lights to the away scene.","세탁기가 도는지 최대 30분 기다려 보고, 그래도 아니면 조명 외출 모드로 해.",execute,,D10,T3,none,HOME20_LivingRoom_Light_1 HOME20_LivingRoom_Light_2 HOME20_Kitchen_Light_1 HOME20_Bedroom_Light_1,
G04327,집,HOME01,기기제어,"Wait up to 5 minutes to see if the humidity is over 60 percent; if not, set the lights to the morning scene.","습도가 60퍼센트를 넘는지 최대 5분 기다려 보고, 그래도 아니면 조명 아침 모드로 해.",execute,,D10,T3,none,HOME01_Room_Light_1 HOME01_Room_Light_2,
G04328,집,HOME14,기기제어,"Once the washing machine is running, take a snapshot with the camera every 5 minutes.",세탁기가 돌고 있으면 5분마다 카메라로 사진 찍어.,refuse,no_device,D9,T3,none,,
G04329,집,HOME06,기기제어,"Wait up to 10 minutes to see if someone is in the room; if not, take a snapshot with the camera","방에 사람이 오는지 최대 10분 기다려 보고, 그래도 아니면 카메라로 사진 찍어",ask,,D10,T3,none,HOME06_Garden_Camera_1 HOME06_Garden_Camera_2 HOME06_Garage_Camera_1,
G04330,집,HOME18,기기제어,"When someone rings the doorbell, take a snapshot with the garage camera every 30 minutes",누가 초인종을 누르면 30분마다 차고 카메라로 사진 찍어,execute,,D7,T3,none,HOME18_Garage_Camera_1,
G04331,집,HOME08,기기제어,"Wait up to 15 minutes to see if the door is open; if not, turn on the living room plug","문이 열리는지 최대 15분 기다려 보고, 그래도 아니면 거실 플러그 켜",execute,,D10,T3,sun,HOME08_LivingRoom_Plug_1 HOME08_LivingRoom_Plug_2,
G04333,집,HOME19,기기제어,"Around sundown, check every 30 minutes and cut power to the study plug if the temperature is under 18 degrees.",해 질 무렵 30분마다 확인해서 온도가 18도 아래일 때 서재 플러그 전원 차단해.,execute,,D7,T3,sun,HOME19_Study_Plug_1 HOME19_Study_Plug_2 HOME19_Study_Plug_3,
G04334,집,HOME19,기기제어,"Wait up to 15 minutes to see if the tank is below half; if not, cut power to the study plug","탱크가 절반 아래로 내려가는지 최대 15분 기다려 보고, 그래도 아니면 서재 플러그 전원 차단해",execute,,D10,T3,sun,HOME19_Study_Plug_1 HOME19_Study_Plug_2 HOME19_Study_Plug_3,
G04335,집,HOME13,상태조회,"At 6 pm, repeat this 3 times: check whether the fan is on, then wait 15 minutes.",오후 6시에 선풍기 켜져 있는지 확인해 주고 15분 쉬는 걸 3번 반복해.,execute,,D8,T3,none,HOME13_Bedroom_Fan_1,NotificationProvider.SendPush
G04337,집,HOME03,기기제어,"When it starts raining, check every 20 minutes and set the air conditioner to 23 degrees if nobody is home.",비가 오기 시작하면 20분마다 확인해서 집에 아무도 없을 때 에어컨 23도로 맞춰.,ask,,D7,T3,weather,HOME03_LivingRoom_AirConditioner_1 HOME03_Bedroom_AirConditioner_1,
G04338,집,HOME08,기기제어,"Wait up to 20 minutes to see if the room is too warm; if not, put the air conditioner on cool.","방이 더워지는지 최대 20분 기다려 보고, 그래도 아니면 에어컨 냉방으로 해.",execute,,D10,T3,weather,HOME08_LivingRoom_AirConditioner_1,
G04339,집,HOME03,기기제어,"Wait up to 10 minutes to see if the tank is below half; if not, turn on the air conditioner","탱크가 절반 아래로 내려가는지 최대 10분 기다려 보고, 그래도 아니면 에어컨 켜",ask,,D10,T3,weather,HOME03_LivingRoom_AirConditioner_1 HOME03_Bedroom_AirConditioner_1,
G04340,집,HOME06,기기제어,"When my phone goes into sleep mode, check every 5 minutes and put all the lights on if it is dark outside.",내 폰이 취침 모드로 들어가면 5분마다 확인해서 바깥이 어두울 때 모든 조명 켜.,execute,,D7,T3,phone,HOME06_LivingRoom_Light_1 HOME06_LivingRoom_Light_2 HOME06_LivingRoom_Light_3 HOME06_LivingRoom_Light_4 HOME06_Kitchen_Light_1 HOME06_Kitchen_Light_2 HOME06_Bedroom_Light_1 HOME06_Bedroom_Light_2 HOME06_Study_Light_1 HOME06_Bathroom_Light_1 HOME06_Bathroom_Light_2 HOME06_Hallway_Light_1 HOME06_Garden_Light_1 HOME06_Garden_Light_2 HOME06_Garage_Light_1,
G04341,집,HOME01,기기제어,"If the temperature drops below 10 degrees, check every 15 minutes and turn the room air conditioner off if the tank is below half",온도가 10도 아래로 떨어지면 15분마다 확인해서 탱크가 절반 아래일 때 방 에어컨 꺼,execute,,D7,T3,none,HOME01_Room_AirConditioner_1,
G04342,집,HOME05,기기제어,"Wait up to 20 minutes to see if the door is open; if not, turn the living room air conditioner off.","문이 열리는지 최대 20분 기다려 보고, 그래도 아니면 거실 에어컨 꺼.",execute,,D10,T3,none,HOME05_LivingRoom_AirConditioner_1,
G04343,집,HOME18,기기제어,"Wait up to 30 minutes to see if the temperature is under 18 degrees; if not, set the lights brightness to 40 percent.","온도가 18도 아래로 내려가는지 최대 30분 기다려 보고, 그래도 아니면 조명 전부 밝기를 40퍼센트로 맞춰.",execute,,D10,T3,sun,HOME18_LivingRoom_Light_1 HOME18_LivingRoom_Light_2 HOME18_LivingRoom_Light_3 HOME18_Bedroom_Light_1 HOME18_Bedroom_Light_2 HOME18_Kitchen_Light_1 HOME18_Garage_Light_1,
G04345,집,HOME20,기기제어,"With a single press of the button, brew a cup on the kitchen coffee maker every 5 minutes.",버튼을 한 번 누르면 5분마다 주방 커피포트로 한 잔 내려.,execute,,D7,T3,none,HOME20_Kitchen_CoffeeMaker_1,
G04346,집,HOME02,알림예약,"Wait up to 5 minutes to see if the room is too warm; if not, send a warning to my phone","방이 더워지는지 최대 5분 기다려 보고, 그래도 아니면 폰으로 경고 보내 줘",execute,,D10,T3,phone,,NotificationProvider.SendPush
G04347,집,HOME11,알림예약,"When I am away from home, push me an alert every 30 minutes until the door is open.",내가 집에 없으면 문이 열릴 때까지 30분마다 알림 띄워 줘.,execute,,D8,T3,phone,,NotificationProvider.SendPush
G04348,집,HOME19,기기제어,"When power draw goes over 3000 watts, check every 15 minutes and turn the heating up to 18 if someone is in the room",전력 사용이 3000와트를 넘으면 15분마다 확인해서 방에 사람이 있을 때 난방 18도로 올려,execute,,D7,T3,none,HOME19_LivingRoom_Thermostat_1,
G04349,집,HOME11,기기제어,"Wait up to 10 minutes to see if the temperature is under 18 degrees; if not, set the room thermostat to 23 degrees","온도가 18도 아래로 내려가는지 최대 10분 기다려 보고, 그래도 아니면 방 온도조절기 23도로 맞춰",execute,,D10,T3,none,HOME11_Room_Thermostat_1,
G04350,집,HOME03,기기제어,"Wait up to 20 minutes to see if it is dark outside; if not, set the bedroom air conditioner to 24 degrees","바깥이 어두워지는지 최대 20분 기다려 보고, 그래도 아니면 침실 에어컨 24도로 맞춰",execute,,D10,T3,phone,HOME03_Bedroom_AirConditioner_1,
G04352,집,HOME03,기기제어,"When I pull into the driveway, check every 30 minutes and set the living room air conditioner to 26 degrees if the humidity is over 60 percent",차를 집 앞에 대면 30분마다 확인해서 습도가 60퍼센트를 넘을 때 거실 에어컨 26도로 맞춰,execute,,D7,T3,phone,HOME03_LivingRoom_AirConditioner_1,
G04354,집,HOME06,기기제어,"When the camera starts recording, close the bedroom blinds every 10 minutes",카메라가 녹화를 시작하면 10분마다 침실 블라인드 닫아,execute,,D7,T3,none,HOME06_Bedroom_WindowCovering_1 HOME06_Bedroom_WindowCovering_2,
G04355,집,HOME06,기기제어,"Once the camera goes offline, check every 30 minutes and close the living room blinds if someone is in the room.",카메라 연결이 끊기면 30분마다 확인해서 방에 사람이 있을 때 거실 블라인드 닫아.,execute,,D7,T3,none,HOME06_LivingRoom_WindowCovering_1 HOME06_LivingRoom_WindowCovering_2 HOME06_LivingRoom_WindowCovering_3,
G04356,집,HOME12,기기제어,"While the temperature stays over 28 degrees, check every 10 minutes and turn off the lights if the window is open.",온도가 28도를 계속 넘고 있으면 10분마다 확인해서 창문이 열려 있을 때 조명 전부 꺼.,execute,,D7,T3,none,HOME12_RoomA_Light_1 HOME12_RoomB_Light_1 HOME12_RoomC_Light_1 HOME12_LivingRoom_Light_1 HOME12_LivingRoom_Light_2 HOME12_LivingRoom_Light_3 HOME12_Kitchen_Light_1 HOME12_Bathroom_Light_1 HOME12_Bathroom_Light_2,
G04357,집,HOME13,기기제어,"Wait up to 5 minutes to see if the battery is under 20 percent; if not, switch the lights off.","배터리가 20퍼센트 아래로 내려가는지 최대 5분 기다려 보고, 그래도 아니면 조명 전부 꺼.",execute,,D10,T3,none,HOME13_LivingRoom_Light_1 HOME13_LivingRoom_Light_2 HOME13_LivingRoom_Light_3 HOME13_Bedroom_Light_1 HOME13_Bedroom_Light_2 HOME13_Kitchen_Light_1 HOME13_Study_Light_1,
G04359,집,HOME18,알림예약,"When there is somebody at the door, tell me about it every 30 minutes for the next 4 hours",문 앞에 누가 있으면 앞으로 4시간 동안 30분마다 알려 줘,execute,,D8,T3,none,,NotificationProvider.SendPush
G04362,집,HOME03,기기제어,"With a single press of the button, check every 15 minutes and lock all the door locks if someone is in the room",버튼을 한 번 누르면 15분마다 확인해서 방에 사람이 있을 때 모든 도어락 잠가,execute,,D7,T3,none,HOME03_Entrance_DoorLock_1,
G04363,집,HOME09,기기제어,"Wait up to 20 minutes to see if the tank is below half; if not, set the nursery humidifier to 50 percent","탱크가 절반 아래로 내려가는지 최대 20분 기다려 보고, 그래도 아니면 아기방 가습기 50퍼센트로 맞춰",execute,,D10,T3,none,HOME09_BabyRoom_Humidifier_1,
G04364,집,HOME11,기기제어,"When I double-press the button, check every 15 minutes and close the room blinds if the humidity is over 60 percent.",버튼이 연속 두 번 눌리면 15분마다 확인해서 습도가 60퍼센트를 넘을 때 방 블라인드 닫아.,execute,,D7,T3,none,HOME11_Room_WindowCovering_1,
G04365,집,HOME18,기기제어,"Wait up to 30 minutes to see if someone is in the room; if not, pull the living room blinds shut","방에 사람이 오는지 최대 30분 기다려 보고, 그래도 아니면 거실 블라인드 닫아",execute,,D10,T3,none,HOME18_LivingRoom_WindowCovering_1 HOME18_LivingRoom_WindowCovering_2,
G04367,집,HOME02,기기제어,"Wait up to 5 minutes to see if the tank is below half; if not, put the air conditioner on cool.","탱크가 절반 아래로 내려가는지 최대 5분 기다려 보고, 그래도 아니면 에어컨 냉방으로 해.",execute,,D10,T3,phone,HOME02_LivingRoom_AirConditioner_1,
G04368,집,HOME13,기기제어,"When I am away from home, check every 5 minutes and set the air conditioner to 21 degrees if the humidity is over 60 percent",내가 집에 없으면 5분마다 확인해서 습도가 60퍼센트를 넘을 때 에어컨 21도로 맞춰,ask,,D7,T3,phone,HOME13_LivingRoom_AirConditioner_1 HOME13_Bedroom_AirConditioner_1,
G04369,집,HOME16,기기제어,"Wait up to 15 minutes to see if the battery is under 20 percent; if not, set the living room lights to purple.","배터리가 20퍼센트 아래로 내려가는지 최대 15분 기다려 보고, 그래도 아니면 거실 조명 보라색으로 바꿔.",execute,,D10,T3,phone,HOME16_LivingRoom_Light_1 HOME16_LivingRoom_Light_2,
G04370,집,HOME10,기기제어,"When I double-press the button, sound the siren every 5 minutes until someone is in the room.",버튼이 연속 두 번 눌리면 방에 사람이 올 때까지 5분마다 사이렌 울려.,execute,,D8,T3,none,HOME10_LivingRoom_Siren_1,
G04372,집,HOME16,기기제어,"With one tap on the wall switch, repeat this 6 times: sound the siren, then wait 20 minutes",벽 스위치를 한 번 누르면 사이렌 울려 주고 20분 쉬는 걸 6번 반복해,execute,,D8,T3,none,HOME16_Entrance_Siren_1,
G04374,집,HOME04,기기제어,"Wait up to 20 minutes to see if the battery is under 20 percent; if not, open all the blinds","배터리가 20퍼센트 아래로 내려가는지 최대 20분 기다려 보고, 그래도 아니면 모든 블라인드 열어",execute,,D10,T3,phone,HOME04_LivingRoom_WindowCovering_1 HOME04_LivingRoom_WindowCovering_2,
G04377,집,HOME02,기기제어,"Wait up to 5 minutes to see if the washing machine is running; if not, make sure the door lock is locked.","세탁기가 도는지 최대 5분 기다려 보고, 그래도 아니면 도어락 잠겼는지 봐 줘.",execute,,D10,T3,phone,HOME02_Entrance_DoorLock_1,
G04379,집,HOME08,기기제어,"If the meter reads above 1000, say it out loud on the living room speaker every 20 minutes",계량기가 1000을 넘으면 20분마다 거실 스피커로 소리 내서 알려,execute,,D7,T3,none,HOME08_LivingRoom_Speaker_1,
G04381,집,HOME04,기기제어,"If the outside temperature drops below 10, check every 20 minutes and turn off the living room lights if the washing machine is running",바깥 온도가 10도 아래로 떨어지면 20분마다 확인해서 세탁기가 돌고 있을 때 거실 조명 꺼,execute,,D7,T3,weather,HOME04_LivingRoom_Light_1 HOME04_LivingRoom_Light_2 HOME04_LivingRoom_Light_3,
G04383,집,HOME12,알림예약,"Once the room is too warm, let me know every 15 minutes",방이 너무 더우면 15분마다 알려 줘,execute,,D9,T3,none,,Speaker.Speak
G04384,집,HOME20,기기제어,"Wait up to 10 minutes to see if the battery is under 20 percent; if not, put the lights into night mode.","배터리가 20퍼센트 아래로 내려가는지 최대 10분 기다려 보고, 그래도 아니면 조명 전부 취침 모드로 해.",execute,,D10,T3,none,HOME20_LivingRoom_Light_1 HOME20_LivingRoom_Light_2 HOME20_Kitchen_Light_1 HOME20_Bedroom_Light_1,
G04387,집,HOME09,기기제어,"Wait up to 20 minutes to see if the tank is below half; if not, set all the humidifiers to 45 percent.","탱크가 절반 아래로 내려가는지 최대 20분 기다려 보고, 그래도 아니면 모든 가습기 45퍼센트로 맞춰.",execute,,D10,T3,weather,HOME09_BabyRoom_Humidifier_1,
G04388,집,HOME15,기기제어,"Wait up to 15 minutes to see if the temperature is under 18 degrees; if not, pause the living room TV","온도가 18도 아래로 내려가는지 최대 15분 기다려 보고, 그래도 아니면 거실 TV 일시정지해",execute,,D10,T3,calendar,HOME15_LivingRoom_Television_1,
G04389,집,HOME15,기기제어,"At the start of my next event, check every 5 minutes and play some music on the living room TV if the tank is below half.",다음 일정이 시작되면 5분마다 확인해서 탱크가 절반 아래일 때 거실 TV로 음악 좀 틀어.,execute,,D7,T3,calendar,HOME15_LivingRoom_Television_1,
G04390,집,HOME15,기기제어,"At the start of my next event, check every 30 minutes and turn on the living room TV if it is dark outside.",다음 일정이 시작되면 30분마다 확인해서 바깥이 어두울 때 거실 TV 켜.,execute,,D7,T3,calendar,HOME15_LivingRoom_Television_1,
G04391,집,HOME04,기기제어,"When the switch turns on, check every 5 minutes and make the bedroom lights amber if nobody is home.",스위치가 켜지면 5분마다 확인해서 집에 아무도 없을 때 침실 조명 호박색으로 해.,execute,,D7,T3,none,HOME04_Bedroom_Light_1 HOME04_Bedroom_Light_2,
G04392,집,HOME08,기기제어,"Wait up to 15 minutes to see if the humidity is over 60 percent; if not, set the living room lights to orange","습도가 60퍼센트를 넘는지 최대 15분 기다려 보고, 그래도 아니면 거실 조명 주황색으로 바꿔",execute,,D10,T3,none,HOME08_LivingRoom_Light_1 HOME08_LivingRoom_Light_2,
G04393,집,HOME02,기기제어,"When the door sensor says the door is open, check every 5 minutes and toggle the living room switch if the humidity is over 60 percent",문열림 센서가 문이 열렸다고 알리면 5분마다 확인해서 습도가 60퍼센트를 넘을 때 거실 스위치 껐다 켜,execute,,D7,T3,none,HOME02_LivingRoom_Light_1 HOME02_LivingRoom_Light_2 HOME02_LivingRoom_AirConditioner_1 HOME02_LivingRoom_Television_1 HOME02_LivingRoom_AirPurifier_1,
G04394,집,HOME05,기기제어,"When the door sensor says the door is open, toggle the stairs switch every 20 minutes for the next 3 hours.",문열림 센서가 문이 열렸다고 알리면 앞으로 3시간 동안 20분마다 계단 스위치 껐다 켜.,execute,,D8,T3,none,HOME05_Stairs_Light_1,
G04395,집,HOME07,기기제어,"When the sun goes down, check every 30 minutes and start the garden mower if nobody is home.",해가 지면 30분마다 확인해서 집에 아무도 없을 때 마당 잔디깎이 켜.,execute,,D7,T3,sun,HOME07_Garden_Mower_1,
G04396,집,HOME07,기기제어,"Wait up to 30 minutes to see if the door is open; if not, park the garden mower","문이 열리는지 최대 30분 기다려 보고, 그래도 아니면 마당 잔디깎이 정위치로 보내",execute,,D10,T3,sun,HOME07_Garden_Mower_1,
G04397,집,HOME06,기기제어,"As the sun sets, check every 5 minutes and start the garden mower if the room is too warm",해가 지기 시작하면 5분마다 확인해서 방이 더울 때 마당 잔디깎이 켜,execute,,D7,T3,sun,HOME06_Garden_Mower_1,
G04399,집,HOME06,기기제어,"When there is somebody at the door, check every 5 minutes and set the thermostat to 23 degrees if the washing machine is running.",문 앞에 누가 있으면 5분마다 확인해서 세탁기가 돌고 있을 때 온도조절기 23도로 맞춰.,execute,,D7,T3,none,HOME06_LivingRoom_Thermostat_1,
G04400,집,HOME06,기기제어,"Wait up to 30 minutes to see if the humidity is over 60 percent; if not, put the thermostat on 20 degrees.","습도가 60퍼센트를 넘는지 최대 30분 기다려 보고, 그래도 아니면 온도조절기 20도로 해.",execute,,D10,T3,none,HOME06_LivingRoom_Thermostat_1,
G04401,집,HOME06,기기제어,"When someone rings the doorbell, check every 30 minutes and turn the heating up to 22 if the washing machine is running",누가 초인종을 누르면 30분마다 확인해서 세탁기가 돌고 있을 때 난방 22도로 올려,execute,,D7,T3,none,HOME06_LivingRoom_Thermostat_1,
G04402,집,HOME19,기기제어,"Once the camera goes offline, check every 30 minutes and cut power to all the plugs if the battery is under 20 percent.",카메라 연결이 끊기면 30분마다 확인해서 배터리가 20퍼센트 아래일 때 모든 플러그 전원 차단해.,execute,,D7,T3,none,HOME19_Study_Plug_1 HOME19_Study_Plug_2 HOME19_Study_Plug_3,
G04403,집,HOME08,기기제어,"Wait up to 5 minutes to see if nobody is home; if not, cut power to all the plugs","집이 비는지 최대 5분 기다려 보고, 그래도 아니면 모든 플러그 전원 차단해",execute,,D10,T3,none,HOME08_LivingRoom_Plug_1 HOME08_LivingRoom_Plug_2,
G04404,집,HOME18,기기제어,"Wait up to 15 minutes to see if the window is open; if not, set the volume on the living room TV to 30.","창문이 열리는지 최대 15분 기다려 보고, 그래도 아니면 거실 TV 볼륨 30으로 맞춰.",execute,,D10,T3,none,HOME18_LivingRoom_Television_1,
G04405,집,HOME18,기기제어,"When the motion sensor picks something up, check every 15 minutes and turn on the living room TV if the humidity is over 60 percent",동작 감지 센서에 뭔가 잡히면 15분마다 확인해서 습도가 60퍼센트를 넘을 때 거실 TV 켜,execute,,D7,T3,none,HOME18_LivingRoom_Television_1,
G04406,집,HOME11,알림예약,"When the switch turns on, repeat this 2 times: send me a notification, then wait 5 minutes.",스위치가 켜지면 알림 보내 주고 5분 쉬는 걸 2번 반복해.,execute,,D8,T3,none,,NotificationProvider.SendPush
G04411,집,HOME12,기기제어,"When the smoke detector goes off, check every 30 minutes and turn the living room fan off if the door is open.",연기 감지기가 울리면 30분마다 확인해서 문이 열려 있을 때 거실 선풍기 꺼.,execute,,D7,T3,none,HOME12_LivingRoom_Fan_1,
G04412,집,HOME06,기기제어,"When the smoke detector reports smoke, turn the bathroom fan off every 30 minutes for the next 2 hours.",연기 감지기가 연기를 알리면 앞으로 2시간 동안 30분마다 욕실 선풍기 꺼.,execute,,D8,T3,none,HOME06_Bathroom_Fan_1,
G04413,집,HOME10,기기제어,"Wait up to 30 minutes to see if the tank is below half; if not, turn the living room fan off","탱크가 절반 아래로 내려가는지 최대 30분 기다려 보고, 그래도 아니면 거실 선풍기 꺼",execute,,D10,T3,none,HOME10_LivingRoom_Fan_1,
G04415,집,HOME06,기기제어,"Wait up to 15 minutes to see if nobody is home; if not, send all the mowers back to the dock","집이 비는지 최대 15분 기다려 보고, 그래도 아니면 모든 잔디깎이 충전대로 보내",execute,,D10,T3,none,HOME06_Garden_Mower_1,
G04416,집,HOME07,기기제어,"Wait up to 30 minutes to see if the battery is under 20 percent; if not, send all the mowers back to the dock.","배터리가 20퍼센트 아래로 내려가는지 최대 30분 기다려 보고, 그래도 아니면 모든 잔디깎이 충전대로 보내.",execute,,D10,T3,none,HOME07_Garden_Mower_1,
G04417,집,HOME18,기기제어,"As soon as the load is finished, take a snapshot with the garage camera every 30 minutes for the next 4 hours",세탁이 끝나자마자 앞으로 4시간 동안 30분마다 차고 카메라로 사진 찍어,execute,,D8,T3,none,HOME18_Garage_Camera_1,
G04419,집,HOME11,기기제어,"When I leave home, check every 20 minutes and put the room lights into relax mode if it is dark outside",내가 집을 나서면 20분마다 확인해서 바깥이 어두울 때 방 조명 휴식 모드로 해,execute,,D7,T3,phone,HOME11_Room_Light_1 HOME11_Room_Light_2,
G04546,집,HOME05,기기제어,Check every 30 minutes and put the light on if the washing machine is running,30분마다 확인해서 세탁기가 돌고 있으면 조명 켜,ask,,D7,T3,none,HOME05_LivingRoom_Light_1 HOME05_LivingRoom_Light_2 HOME05_LivingRoom_Light_3 HOME05_Kitchen_Light_1 HOME05_Bedroom_Light_1 HOME05_Bedroom_Light_2 HOME05_Study_Light_1 HOME05_Stairs_Light_1,
G04548,집,HOME06,기기제어,Check every 10 minutes and get the light on if the battery is under 20 percent,10분마다 확인해서 배터리가 20퍼센트 아래면 조명 켜,ask,,D7,T3,none,HOME06_LivingRoom_Light_1 HOME06_LivingRoom_Light_2 HOME06_LivingRoom_Light_3 HOME06_LivingRoom_Light_4 HOME06_Kitchen_Light_1 HOME06_Kitchen_Light_2 HOME06_Bedroom_Light_1 HOME06_Bedroom_Light_2 HOME06_Study_Light_1 HOME06_Bathroom_Light_1 HOME06_Bathroom_Light_2 HOME06_Hallway_Light_1 HOME06_Garden_Light_1 HOME06_Garden_Light_2 HOME06_Garage_Light_1,
G04549,집,HOME15,기기제어,"Wait up to 20 minutes to see if the temperature is under 18 degrees; if not, switch the light on.","온도가 18도 아래로 내려가는지 최대 20분 기다려 보고, 그래도 아니면 조명 켜.",ask,,D10,T3,none,HOME15_LivingRoom_Light_1 HOME15_LivingRoom_Light_2 HOME15_LivingRoom_Light_3 HOME15_LivingRoom_Light_4 HOME15_Bedroom_Light_1 HOME15_Bedroom_Light_2 HOME15_Study_Light_1 HOME15_Study_Light_2 HOME15_LivingRoom_ColorControl_1 HOME15_LivingRoom_ColorControl_2 HOME15_Kitchen_Light_1,
G04550,집,HOME11,기기제어,Check every 20 minutes and turn on the light if it is dark outside,20분마다 확인해서 바깥이 어두우면 조명 켜,ask,,D7,T3,none,HOME11_Room_Light_1 HOME11_Room_Light_2 HOME11_Kitchen_Light_1 HOME11_Bathroom_Light_1,
G04552,집,HOME10,기기제어,Check every 15 minutes and get the lights on if the tank is below half.,15분마다 확인해서 탱크가 절반 아래면 조명 전부 켜.,execute,,D7,T3,none,HOME10_LivingRoom_Light_1 HOME10_LivingRoom_Light_2 HOME10_Bedroom_Light_1 HOME10_Bathroom_Light_1 HOME10_Hallway_Light_1,
G04554,집,HOME03,기기제어,Check every 10 minutes and get the lights on if the tank is below half,10분마다 확인해서 탱크가 절반 아래면 조명 전부 켜,execute,,D7,T3,none,HOME03_LivingRoom_Light_1 HOME03_LivingRoom_Light_2 HOME03_LivingRoom_Light_3 HOME03_Bedroom_Light_1 HOME03_Bedroom_Light_2 HOME03_Kitchen_Light_1 HOME03_Bathroom_Light_1 HOME03_Hallway_Light_1,
G04555,집,HOME18,기기제어,Check every 30 minutes and turn on the lights if the washing machine is running.,30분마다 확인해서 세탁기가 돌고 있으면 조명 전부 켜.,execute,,D7,T3,none,HOME18_LivingRoom_Light_1 HOME18_LivingRoom_Light_2 HOME18_LivingRoom_Light_3 HOME18_Bedroom_Light_1 HOME18_Bedroom_Light_2 HOME18_Kitchen_Light_1 HOME18_Garage_Light_1,
G04556,집,HOME03,기기제어,"Wait up to 30 minutes to see if someone is in the room; if not, turn on the lights","방에 사람이 오는지 최대 30분 기다려 보고, 그래도 아니면 조명 전부 켜",execute,,D10,T3,none,HOME03_LivingRoom_Light_1 HOME03_LivingRoom_Light_2 HOME03_LivingRoom_Light_3 HOME03_Bedroom_Light_1 HOME03_Bedroom_Light_2 HOME03_Kitchen_Light_1 HOME03_Bathroom_Light_1 HOME03_Hallway_Light_1,
G04557,집,HOME03,기기제어,Check every 15 minutes and light up the lights if the temperature is under 18 degrees,15분마다 확인해서 온도가 18도 아래면 조명 전부 켜,execute,,D7,T3,none,HOME03_LivingRoom_Light_1 HOME03_LivingRoom_Light_2 HOME03_LivingRoom_Light_3 HOME03_Bedroom_Light_1 HOME03_Bedroom_Light_2 HOME03_Kitchen_Light_1 HOME03_Bathroom_Light_1 HOME03_Hallway_Light_1,
G04560,집,HOME02,기기제어,Check every 30 minutes and put the lights on if the window is open.,30분마다 확인해서 창문이 열려 있으면 조명 전부 켜.,execute,,D7,T3,none,HOME02_LivingRoom_Light_1 HOME02_LivingRoom_Light_2 HOME02_Bedroom_Light_1 HOME02_Kitchen_Light_1,
G04561,집,HOME17,기기제어,"Wait up to 5 minutes to see if the room is too warm; if not, turn on the lights.","방이 더워지는지 최대 5분 기다려 보고, 그래도 아니면 조명 전부 켜.",execute,,D10,T3,none,HOME17_Room_Light_1 HOME17_Bathroom_Light_1,
G04562,집,HOME15,기기제어,Check every 5 minutes and turn on the lights if the temperature is under 18 degrees.,5분마다 확인해서 온도가 18도 아래면 조명 전부 켜.,execute,,D7,T3,none,HOME15_LivingRoom_Light_1 HOME15_LivingRoom_Light_2 HOME15_LivingRoom_Light_3 HOME15_LivingRoom_Light_4 HOME15_Bedroom_Light_1 HOME15_Bedroom_Light_2 HOME15_Study_Light_1 HOME15_Study_Light_2 HOME15_LivingRoom_ColorControl_1 HOME15_LivingRoom_ColorControl_2 HOME15_Kitchen_Light_1,
G04563,집,HOME15,기기제어,"Wait up to 20 minutes to see if the room is too warm; if not, get the lights on","방이 더워지는지 최대 20분 기다려 보고, 그래도 아니면 조명 전부 켜",execute,,D10,T3,none,HOME15_LivingRoom_Light_1 HOME15_LivingRoom_Light_2 HOME15_LivingRoom_Light_3 HOME15_LivingRoom_Light_4 HOME15_Bedroom_Light_1 HOME15_Bedroom_Light_2 HOME15_Study_Light_1 HOME15_Study_Light_2 HOME15_LivingRoom_ColorControl_1 HOME15_LivingRoom_ColorControl_2 HOME15_Kitchen_Light_1,
G04564,집,HOME17,기기제어,"Wait up to 20 minutes to see if someone is in the room; if not, get the lights on.","방에 사람이 오는지 최대 20분 기다려 보고, 그래도 아니면 조명 전부 켜.",execute,,D10,T3,none,HOME17_Room_Light_1 HOME17_Bathroom_Light_1,
G04565,집,HOME06,기기제어,"Wait up to 30 minutes to see if it is dark outside; if not, switch the lights on","바깥이 어두워지는지 최대 30분 기다려 보고, 그래도 아니면 조명 전부 켜",execute,,D10,T3,none,HOME06_LivingRoom_Light_1 HOME06_LivingRoom_Light_2 HOME06_LivingRoom_Light_3 HOME06_LivingRoom_Light_4 HOME06_Kitchen_Light_1 HOME06_Kitchen_Light_2 HOME06_Bedroom_Light_1 HOME06_Bedroom_Light_2 HOME06_Study_Light_1 HOME06_Bathroom_Light_1 HOME06_Bathroom_Light_2 HOME06_Hallway_Light_1 HOME06_Garden_Light_1 HOME06_Garden_Light_2 HOME06_Garage_Light_1,
G04566,집,HOME01,기기제어,"Wait up to 30 minutes to see if someone is in the room; if not, get the lights on","방에 사람이 오는지 최대 30분 기다려 보고, 그래도 아니면 조명 전부 켜",execute,,D10,T3,none,HOME01_Room_Light_1 HOME01_Room_Light_2,
G04568,집,HOME03,기기제어,"Wait up to 10 minutes to see if the washing machine is running; if not, get the lights on.","세탁기가 도는지 최대 10분 기다려 보고, 그래도 아니면 조명 전부 켜.",execute,,D10,T3,none,HOME03_LivingRoom_Light_1 HOME03_LivingRoom_Light_2 HOME03_LivingRoom_Light_3 HOME03_Bedroom_Light_1 HOME03_Bedroom_Light_2 HOME03_Kitchen_Light_1 HOME03_Bathroom_Light_1 HOME03_Hallway_Light_1,
G04576,집,HOME06,기기제어,Check every 30 minutes and light up the bathroom lights if the window is open.,30분마다 확인해서 창문이 열려 있으면 욕실 조명 켜.,execute,,D7,T3,none,HOME06_Bathroom_Light_1 HOME06_Bathroom_Light_2,
G04579,집,HOME13,기기제어,Check every 5 minutes and dim the kitchen lights to 10 percent if the temperature is under 18 degrees.,5분마다 확인해서 온도가 18도 아래면 주방 조명 밝기를 10퍼센트로 낮춰.,execute,,D7,T3,none,HOME13_Kitchen_Light_1,
G04581,집,HOME18,기기제어,"Wait up to 10 minutes to see if the room is too warm; if not, put the living room lights on","방이 더워지는지 최대 10분 기다려 보고, 그래도 아니면 거실 조명 켜",execute,,D10,T3,none,HOME18_LivingRoom_Light_1 HOME18_LivingRoom_Light_2 HOME18_LivingRoom_Light_3,
G04583,집,HOME10,기기제어,Check every 15 minutes and switch the bathroom lights on if the temperature is under 18 degrees.,15분마다 확인해서 온도가 18도 아래면 욕실 조명 켜.,execute,,D7,T3,none,HOME10_Bathroom_Light_1,
G04586,집,HOME01,기기제어,"Wait up to 20 minutes to see if the temperature is under 18 degrees; if not, turn on the room lights.","온도가 18도 아래로 내려가는지 최대 20분 기다려 보고, 그래도 아니면 방 조명 켜.",execute,,D10,T3,none,HOME01_Room_Light_1 HOME01_Room_Light_2,
G04587,집,HOME16,기기제어,"Wait up to 20 minutes to see if it is dark outside; if not, bring the living room lights down to 25 percent.","바깥이 어두워지는지 최대 20분 기다려 보고, 그래도 아니면 거실 조명 밝기를 25퍼센트까지 낮춰.",execute,,D10,T3,none,HOME16_LivingRoom_Light_1 HOME16_LivingRoom_Light_2,
G04588,집,HOME05,기기제어,"Wait up to 20 minutes to see if the humidity is over 60 percent; if not, light up the study lights","습도가 60퍼센트를 넘는지 최대 20분 기다려 보고, 그래도 아니면 서재 조명 켜",execute,,D10,T3,none,HOME05_Study_Light_1,
G04589,집,HOME14,기기제어,Check every 20 minutes and set the living room lights brightness to 80 percent if the battery is under 20 percent.,20분마다 확인해서 배터리가 20퍼센트 아래면 거실 조명 밝기를 80퍼센트로 맞춰.,execute,,D7,T3,none,HOME14_LivingRoom_Light_1 HOME14_LivingRoom_Light_2,
G04590,집,HOME20,기기제어,"Wait up to 20 minutes to see if the room is too warm; if not, put the kitchen lights on.","방이 더워지는지 최대 20분 기다려 보고, 그래도 아니면 주방 조명 켜.",execute,,D10,T3,none,HOME20_Kitchen_Light_1,
G04591,집,HOME04,기기제어,Check every 30 minutes and turn on the living room lights if the washing machine is running,30분마다 확인해서 세탁기가 돌고 있으면 거실 조명 켜,execute,,D7,T3,none,HOME04_LivingRoom_Light_1 HOME04_LivingRoom_Light_2 HOME04_LivingRoom_Light_3,
G04593,집,HOME20,기기제어,Check every 30 minutes and get the bedroom lights on if the washing machine is running,30분마다 확인해서 세탁기가 돌고 있으면 침실 조명 켜,execute,,D7,T3,none,HOME20_Bedroom_Light_1,
G04594,집,HOME07,기기제어,Check every 5 minutes and turn the garden lights up to 75 percent if nobody is home,5분마다 확인해서 집에 아무도 없으면 마당 조명 밝기를 75퍼센트까지 올려,execute,,D7,T3,none,HOME07_Garden_Light_1 HOME07_Garden_Light_2 HOME07_Garden_Light_3,
G04599,집,HOME09,기기제어,"Wait up to 5 minutes to see if the door is open; if not, set the light to pink","문이 열리는지 최대 5분 기다려 보고, 그래도 아니면 조명 분홍색으로 바꿔",ask,,D10,T3,none,HOME09_LivingRoom_Light_1 HOME09_LivingRoom_Light_2 HOME09_BabyRoom_Light_1 HOME09_BabyRoom_ColorControl_1 HOME09_Bedroom_Light_1 HOME09_Kitchen_Light_1,
G04600,집,HOME15,기기제어,Check every 10 minutes and switch the light on if the temperature is under 18 degrees,10분마다 확인해서 온도가 18도 아래면 조명 켜,ask,,D7,T3,none,HOME15_LivingRoom_Light_1 HOME15_LivingRoom_Light_2 HOME15_LivingRoom_Light_3 HOME15_LivingRoom_Light_4 HOME15_Bedroom_Light_1 HOME15_Bedroom_Light_2 HOME15_Study_Light_1 HOME15_Study_Light_2 HOME15_LivingRoom_ColorControl_1 HOME15_LivingRoom_ColorControl_2 HOME15_Kitchen_Light_1,
G04604,집,HOME06,기기제어,Check every 15 minutes and change the garden lights to pink if the door is open,15분마다 확인해서 문이 열려 있으면 마당 조명 분홍색으로 바꿔,execute,,D7,T3,none,HOME06_Garden_Light_1 HOME06_Garden_Light_2,
G04607,집,HOME13,기기제어,"Wait up to 5 minutes to see if the battery is under 20 percent; if not, put the living room lights on","배터리가 20퍼센트 아래로 내려가는지 최대 5분 기다려 보고, 그래도 아니면 거실 조명 켜",execute,,D10,T3,none,HOME13_LivingRoom_Light_1 HOME13_LivingRoom_Light_2 HOME13_LivingRoom_Light_3,
G04610,집,HOME16,기기제어,"Wait up to 10 minutes to see if the window is open; if not, change the living room lights to amber","창문이 열리는지 최대 10분 기다려 보고, 그래도 아니면 거실 조명 호박색으로 바꿔",execute,,D10,T3,none,HOME16_LivingRoom_Light_1 HOME16_LivingRoom_Light_2,
G04613,집,HOME08,기기제어,Check every 20 minutes and put the living room lights on if the washing machine is running.,20분마다 확인해서 세탁기가 돌고 있으면 거실 조명 켜.,execute,,D7,T3,none,HOME08_LivingRoom_Light_1 HOME08_LivingRoom_Light_2,
G04615,집,HOME05,기기제어,Check every 10 minutes and make the living room lights blue if the humidity is over 60 percent,10분마다 확인해서 습도가 60퍼센트를 넘으면 거실 조명 파란색으로 해,execute,,D7,T3,none,HOME05_LivingRoom_Light_1 HOME05_LivingRoom_Light_2 HOME05_LivingRoom_Light_3,
G04616,집,HOME09,기기제어,Check every 15 minutes and get the living room lights on if someone is in the room.,15분마다 확인해서 방에 사람이 있으면 거실 조명 켜.,execute,,D7,T3,none,HOME09_LivingRoom_Light_1 HOME09_LivingRoom_Light_2,
G04617,집,HOME17,기기제어,"Wait up to 5 minutes to see if the room is too warm; if not, set the room lights to green","방이 더워지는지 최대 5분 기다려 보고, 그래도 아니면 방 조명 초록색으로 바꿔",execute,,D10,T3,none,HOME17_Room_Light_1,
G04620,집,HOME16,기기제어,"Wait up to 15 minutes to see if the humidity is over 60 percent; if not, play some music on the TV","습도가 60퍼센트를 넘는지 최대 15분 기다려 보고, 그래도 아니면 TV로 음악 좀 틀어",refuse,no_device,D10,T3,none,,
G04625,집,HOME08,기기제어,"Wait up to 10 minutes to see if it is dark outside; if not, play some music on the TV","바깥이 어두워지는지 최대 10분 기다려 보고, 그래도 아니면 TV로 음악 좀 틀어",execute,,D10,T3,none,HOME08_LivingRoom_Television_1,
G04626,집,HOME18,기기제어,Check every 10 minutes and turn the TV off if the window is open,10분마다 확인해서 창문이 열려 있으면 TV 꺼,execute,,D7,T3,none,HOME18_LivingRoom_Television_1,
G04627,집,HOME13,기기제어,"Wait up to 5 minutes to see if the room is too warm; if not, play some music on the TV","방이 더워지는지 최대 5분 기다려 보고, 그래도 아니면 TV로 음악 좀 틀어",execute,,D10,T3,none,HOME13_LivingRoom_Television_1,
G04628,집,HOME14,기기제어,Check every 10 minutes and pause the TV if the humidity is over 60 percent,10분마다 확인해서 습도가 60퍼센트를 넘으면 TV 일시정지해,execute,,D7,T3,none,HOME14_LivingRoom_Television_1,
G04629,집,HOME11,기기제어,"Wait up to 5 minutes to see if it is dark outside; if not, set the volume on the TV to 10.","바깥이 어두워지는지 최대 5분 기다려 보고, 그래도 아니면 TV 볼륨 10으로 맞춰.",execute,,D10,T3,none,HOME11_Room_Television_1,
G04630,집,HOME08,기기제어,"Wait up to 10 minutes to see if the washing machine is running; if not, turn on the TV.","세탁기가 도는지 최대 10분 기다려 보고, 그래도 아니면 TV 켜.",execute,,D10,T3,none,HOME08_LivingRoom_Television_1,
G04631,집,HOME14,기기제어,Check every 20 minutes and pause the TV if it is dark outside.,20분마다 확인해서 바깥이 어두우면 TV 일시정지해.,execute,,D7,T3,none,HOME14_LivingRoom_Television_1,
G04632,집,HOME06,기기제어,Check every 10 minutes and turn on the TV if the tank is below half.,10분마다 확인해서 탱크가 절반 아래면 TV 켜.,execute,,D7,T3,none,HOME06_LivingRoom_Television_1,
G04633,집,HOME08,기기제어,"Wait up to 5 minutes to see if the window is open; if not, set the volume on the TV to 20","창문이 열리는지 최대 5분 기다려 보고, 그래도 아니면 TV 볼륨 20으로 맞춰",execute,,D10,T3,none,HOME08_LivingRoom_Television_1,
G04634,집,HOME04,기기제어,Check every 15 minutes and pause the TV if it is dark outside,15분마다 확인해서 바깥이 어두우면 TV 일시정지해,ask,,D7,T3,none,HOME04_LivingRoom_Television_1 HOME04_Bedroom_Television_1,
G04635,집,HOME08,기기제어,Check every 10 minutes and pause the TV if the washing machine is running,10분마다 확인해서 세탁기가 돌고 있으면 TV 일시정지해,execute,,D7,T3,none,HOME08_LivingRoom_Television_1,
G04640,집,HOME07,기기제어,Check every 5 minutes and toggle the switch if the humidity is over 60 percent.,5분마다 확인해서 습도가 60퍼센트를 넘으면 스위치 껐다 켜.,ask,,D7,T3,none,HOME07_LivingRoom_Light_1 HOME07_LivingRoom_Light_2 HOME07_LivingRoom_Light_3 HOME07_Bedroom_Light_1 HOME07_Bedroom_Light_2 HOME07_Kitchen_Light_1 HOME07_Garden_Light_1 HOME07_Garden_Light_2 HOME07_Garden_Light_3 HOME07_Barn_Light_1 HOME07_LivingRoom_AirConditioner_1 HOME07_LivingRoom_Television_1 HOME07_Entrance_Siren_1,
G04642,집,HOME11,기기제어,"Once it is dark outside, toggle the room switch every 20 minutes",바깥이 어두우면 20분마다 방 스위치 껐다 켜,execute,,D9,T3,none,HOME11_Room_Light_1 HOME11_Room_Light_2 HOME11_Room_AirConditioner_1 HOME11_Room_Television_1 HOME11_Room_Plug_1 HOME11_Room_Plug_2,
G04645,집,HOME04,기기제어,Toggle the bedroom switch every 20 minutes.,20분마다 침실 스위치 껐다 켜.,execute,,D7,T3,none,HOME04_Bedroom_Light_1 HOME04_Bedroom_Light_2 HOME04_Bedroom_AirConditioner_1 HOME04_Bedroom_AirPurifier_1 HOME04_Bedroom_Television_1,
G04646,집,HOME15,기기제어,Toggle the smart plug 1 every 20 minutes for the next 3 hours,앞으로 3시간 동안 20분마다 스마트 Wi-Fi 플러그 1 껐다 켜,execute,,D8,T3,none,HOME15_LivingRoom_Plug_1,
G04647,집,HOME12,알림예약,Check every 30 minutes and let me know if the light is still on if the battery is under 20 percent,30분마다 확인해서 배터리가 20퍼센트 아래일 때 조명 아직 켜져 있으면 알려 줘,execute,,D7,T3,none,,Speaker.Speak
G04649,집,HOME08,알림예약,Let me know if the fan is still on every 20 minutes for the next 5 hours.,앞으로 5시간 동안 20분마다 선풍기 아직 켜져 있으면 알려 줘.,execute,,D8,T3,none,,NotificationProvider.SendPush
G04651,집,HOME03,알림예약,could you let me know if the switch is still on every 20 minutes until the window is open?,창문이 열릴 때까지 20분마다 스위치 아직 켜져 있으면 알려 줄 수 있어?,execute,,D8,T3,none,,NotificationProvider.SendPush
G04653,집,HOME05,알림예약,Let me know if the living room switch is still on every 15 minutes,15분마다 거실 스위치 아직 켜져 있으면 알려 줘,execute,,D7,T3,none,,NotificationProvider.SendPush
G04654,집,HOME20,상태조회,"Wait up to 20 minutes to see if the door is open; if not, send me the entrance temperature.","문이 열리는지 최대 20분 기다려 보고, 그래도 아니면 현관 온도 보내 줘.",execute,,D10,T3,none,,NotificationProvider.SendPush
G04655,집,HOME02,상태조회,"Wait up to 20 minutes to see if the temperature is under 18 degrees; if not, text me the humidity in the entrance","온도가 18도 아래로 내려가는지 최대 20분 기다려 보고, 그래도 아니면 현관 습도 문자로 보내 줘",execute,,D10,T3,none,,NotificationProvider.SendPush
G04656,집,HOME09,상태조회,"Wait up to 20 minutes to see if the washing machine is running; if not, let me know whether anyone is in the bedroom","세탁기가 도는지 최대 20분 기다려 보고, 그래도 아니면 침실에 사람 있는지 알려 줘",execute,,D10,T3,none,,Speaker.Speak
G04659,집,HOME02,알림예약,"Wait up to 30 minutes to see if it is dark outside; if not, let me know if the living room switch is still on","바깥이 어두워지는지 최대 30분 기다려 보고, 그래도 아니면 거실 스위치 아직 켜져 있으면 알려 줘",execute,,D10,T3,none,,NotificationProvider.SendPush
G04660,집,HOME09,상태조회,Check every 20 minutes and let me know whether anyone is in the hallway if the humidity is over 60 percent.,20분마다 확인해서 습도가 60퍼센트를 넘으면 복도에 사람 있는지 알려 줘.,execute,,D7,T3,none,,Speaker.Speak
G04662,집,HOME06,기기제어,Check every 15 minutes and lower the living room blinds to 30 percent if nobody is home,15분마다 확인해서 집에 아무도 없으면 거실 블라인드 30퍼센트까지 내려,execute,,D7,T3,none,HOME06_LivingRoom_WindowCovering_1 HOME06_LivingRoom_WindowCovering_2 HOME06_LivingRoom_WindowCovering_3,
G04664,집,HOME06,기기제어,Check every 10 minutes and open the bedroom blinds if the washing machine is running,10분마다 확인해서 세탁기가 돌고 있으면 침실 블라인드 열어,execute,,D7,T3,none,HOME06_Bedroom_WindowCovering_1 HOME06_Bedroom_WindowCovering_2,
G04665,집,HOME09,기기제어,"Wait up to 20 minutes to see if the humidity is over 60 percent; if not, raise the nursery blinds","습도가 60퍼센트를 넘는지 최대 20분 기다려 보고, 그래도 아니면 아기방 블라인드 올려",execute,,D10,T3,none,HOME09_BabyRoom_WindowCovering_1,
G04666,집,HOME11,기기제어,Check every 10 minutes and close the room blinds if the window is open.,10분마다 확인해서 창문이 열려 있으면 방 블라인드 닫아.,execute,,D7,T3,none,HOME11_Room_WindowCovering_1,
G04668,집,HOME08,기기제어,Check every 20 minutes and pull the living room blinds shut if the tank is below half.,20분마다 확인해서 탱크가 절반 아래면 거실 블라인드 닫아.,execute,,D7,T3,none,HOME08_LivingRoom_WindowCovering_1,
G04669,집,HOME15,기기제어,"Wait up to 20 minutes to see if someone is in the room; if not, lower the living room blinds to 30 percent","방에 사람이 오는지 최대 20분 기다려 보고, 그래도 아니면 거실 블라인드 30퍼센트까지 내려",execute,,D10,T3,none,HOME15_LivingRoom_WindowCovering_1 HOME15_LivingRoom_WindowCovering_2 HOME15_LivingRoom_WindowCovering_3,
G04670,집,HOME08,기기제어,"Wait up to 30 minutes to see if someone is in the room; if not, open the living room blinds","방에 사람이 오는지 최대 30분 기다려 보고, 그래도 아니면 거실 블라인드 열어",execute,,D10,T3,none,HOME08_LivingRoom_WindowCovering_1,
G04680,집,HOME08,기기제어,Check every 30 minutes and make sure the door lock is locked if the temperature is under 18 degrees,30분마다 확인해서 온도가 18도 아래면 도어락 잠겼는지 봐 줘,execute,,D7,T3,none,HOME08_Entrance_DoorLock_1,
G04681,집,HOME11,기기제어,"Wait up to 30 minutes to see if the room is too warm; if not, make sure the door lock is locked","방이 더워지는지 최대 30분 기다려 보고, 그래도 아니면 도어락 잠겼는지 봐 줘",execute,,D10,T3,none,HOME11_Entrance_DoorLock_1,
G04683,집,HOME13,기기제어,Check every 15 minutes and unlock the door lock if the room is too warm.,15분마다 확인해서 방이 너무 더우면 도어락 열어.,execute,,D7,T3,none,HOME13_Entrance_DoorLock_1,
G04686,집,HOME02,기기제어,could you run the fan for 3 minutes every 10 minutes for the next 3 hours?,앞으로 3시간 동안 10분마다 선풍기를 3분 동안 돌려 줄 수 있어?,refuse,no_device,D8,T3,none,,
G04690,집,HOME04,기기제어,"Wait up to 5 minutes to see if nobody is home; if not, run the living room fan for 5 minutes","집이 비는지 최대 5분 기다려 보고, 그래도 아니면 거실 선풍기를 5분 동안 돌려",execute,,D10,T3,none,HOME04_LivingRoom_Fan_1,
G04691,집,HOME14,기기제어,can you run the bathroom fan for 2 minutes every 15 minutes until it is dark outside?,바깥이 어두워질 때까지 15분마다 욕실 선풍기를 2분 동안 돌려 줄래?,execute,,D8,T3,none,HOME14_Bathroom_Fan_1,
G04693,집,HOME13,기기제어,Check every 90 minutes and run the bedroom fan for 60 minutes if nobody is home,90분마다 확인해서 집에 아무도 없으면 침실 선풍기를 60분 동안 돌려,execute,,D7,T3,none,HOME13_Bedroom_Fan_1,
G04694,집,HOME20,기기제어,can you run the kitchen fan for 45 minutes every 75 minutes until the humidity is over 60 percent?,습도가 60퍼센트를 넘을 때까지 75분마다 주방 선풍기를 45분 동안 돌려 줄래?,execute,,D8,T3,none,HOME20_Kitchen_Fan_1,
G04695,집,HOME15,상태조회,"Wait up to 5 minutes to see if the door is open; if not, how humid is the bedroom.","문이 열리는지 최대 5분 기다려 보고, 그래도 아니면 침실 습도 알려 줘.",execute,,D10,T3,none,HOME15_LivingRoom_HumiditySensor_1,NotificationProvider.SendPush
G04696,집,HOME13,상태조회,Check every 30 minutes and is the fan on right now if nobody is home,30분마다 확인해서 집에 아무도 없으면 선풍기 켜져 있는지 알려 줘,execute,,D7,T3,none,HOME13_Bedroom_Fan_1,NotificationProvider.SendPush
G04698,집,HOME05,상태조회,"Wait up to 20 minutes to see if the door is open; if not, how humid is the entrance","문이 열리는지 최대 20분 기다려 보고, 그래도 아니면 현관 습도 알려 줘",refuse,no_device,D10,T3,none,,
G04702,집,HOME03,상태조회,Check every 15 minutes and how humid is the bedroom if the humidity is over 60 percent,15분마다 확인해서 습도가 60퍼센트를 넘으면 침실 습도 알려 줘,execute,,D7,T3,none,HOME03_LivingRoom_HumiditySensor_1,NotificationProvider.SendPush
G04703,집,HOME09,기기제어,I'd like you to toggle the living room switch every 5 minutes until the room is too warm.,방이 더워질 때까지 5분마다 거실 스위치 껐다 켜 줬으면 해.,execute,,D8,T3,none,HOME09_LivingRoom_Light_1 HOME09_LivingRoom_Light_2 HOME09_LivingRoom_AirConditioner_1 HOME09_LivingRoom_AirPurifier_1,
G04705,집,HOME11,기기제어,"Wait up to 10 minutes to see if the battery is under 20 percent; if not, toggle all the switches","배터리가 20퍼센트 아래로 내려가는지 최대 10분 기다려 보고, 그래도 아니면 모든 스위치 껐다 켜",execute,,D10,T3,none,HOME11_Room_Light_1 HOME11_Room_Light_2 HOME11_Kitchen_Light_1 HOME11_Bathroom_Light_1 HOME11_Room_AirConditioner_1 HOME11_Room_Television_1 HOME11_Room_Plug_1 HOME11_Room_Plug_2,
G04707,집,HOME10,기기제어,"Wait up to 15 minutes to see if the battery is under 20 percent; if not, toggle the living room switch.","배터리가 20퍼센트 아래로 내려가는지 최대 15분 기다려 보고, 그래도 아니면 거실 스위치 껐다 켜.",execute,,D10,T3,none,HOME10_LivingRoom_Light_1 HOME10_LivingRoom_Light_2 HOME10_LivingRoom_Siren_1,
G04710,집,HOME07,기기제어,could you toggle all the switches every 5 minutes until the temperature is under 18 degrees?,온도가 18도 아래로 내려갈 때까지 5분마다 모든 스위치 껐다 켜 줄 수 있어?,execute,,D8,T3,none,HOME07_LivingRoom_Light_1 HOME07_LivingRoom_Light_2 HOME07_LivingRoom_Light_3 HOME07_Bedroom_Light_1 HOME07_Bedroom_Light_2 HOME07_Kitchen_Light_1 HOME07_Garden_Light_1 HOME07_Garden_Light_2 HOME07_Garden_Light_3 HOME07_Barn_Light_1 HOME07_LivingRoom_AirConditioner_1 HOME07_LivingRoom_Television_1 HOME07_Entrance_Siren_1,
G04712,집,HOME02,기기제어,"Wait up to 5 minutes to see if the humidity is over 60 percent; if not, toggle the kitchen switch","습도가 60퍼센트를 넘는지 최대 5분 기다려 보고, 그래도 아니면 주방 스위치 껐다 켜",execute,,D10,T3,none,HOME02_Kitchen_Light_1,
G04714,집,HOME02,기기제어,"Wait up to 5 minutes to see if the room is too warm; if not, send all the vacuums back to its dock.","방이 더워지는지 최대 5분 기다려 보고, 그래도 아니면 모든 로봇청소기 충전대로 보내.",execute,,D10,T3,none,HOME02_LivingRoom_RobotVacuumCleaner_1,
G04715,집,HOME08,기기제어,"Wait up to 10 minutes to see if the washing machine is running; if not, stop all the vacuums","세탁기가 도는지 최대 10분 기다려 보고, 그래도 아니면 모든 로봇청소기 멈춰",execute,,D10,T3,none,HOME08_LivingRoom_RobotVacuumCleaner_1,
G04716,집,HOME08,기기제어,Check every 5 minutes and run the vacuum in the living room if the door is open,5분마다 확인해서 문이 열려 있으면 로봇청소기로 거실 청소해,execute,,D7,T3,none,HOME08_LivingRoom_RobotVacuumCleaner_1,
G04717,집,HOME02,기기제어,Check every 15 minutes and run the vacuum in the kitchen if the humidity is over 60 percent.,15분마다 확인해서 습도가 60퍼센트를 넘으면 로봇청소기로 주방 청소해.,execute,,D7,T3,none,HOME02_LivingRoom_RobotVacuumCleaner_1,
G04718,집,HOME08,기기제어,Check every 5 minutes and send all the vacuums back to its dock if the room is too warm.,5분마다 확인해서 방이 너무 더우면 모든 로봇청소기 충전대로 보내.,execute,,D7,T3,none,HOME08_LivingRoom_RobotVacuumCleaner_1,
G04719,집,HOME08,기기제어,"Wait up to 20 minutes to see if the door is open; if not, stop all the vacuums","문이 열리는지 최대 20분 기다려 보고, 그래도 아니면 모든 로봇청소기 멈춰",execute,,D10,T3,none,HOME08_LivingRoom_RobotVacuumCleaner_1,
G04720,집,HOME15,기기제어,"Wait up to 10 minutes to see if the humidity is over 60 percent; if not, turn the heating up to 19","습도가 60퍼센트를 넘는지 최대 10분 기다려 보고, 그래도 아니면 난방 19도로 올려",refuse,no_device,D10,T3,none,,
G04722,집,HOME03,기기제어,Check every 20 minutes and set the thermostat to 21 degrees if nobody is home.,20분마다 확인해서 집에 아무도 없으면 온도조절기 21도로 맞춰.,refuse,no_device,D7,T3,none,,
G04724,집,HOME05,기기제어,"Wait up to 10 minutes to see if the door is open; if not, turn the heating off.","문이 열리는지 최대 10분 기다려 보고, 그래도 아니면 난방 꺼.",execute,,D10,T3,none,HOME05_LivingRoom_Thermostat_1 HOME05_LivingRoom_Thermostat_2,
G04725,집,HOME05,기기제어,Check every 30 minutes and turn the heating off if the window is open.,30분마다 확인해서 창문이 열려 있으면 난방 꺼.,execute,,D7,T3,none,HOME05_LivingRoom_Thermostat_1 HOME05_LivingRoom_Thermostat_2,
G04726,집,HOME06,기기제어,Check every 15 minutes and set the living room thermostat to 23 degrees if the washing machine is running.,15분마다 확인해서 세탁기가 돌고 있으면 거실 온도조절기 23도로 맞춰.,execute,,D7,T3,none,HOME06_LivingRoom_Thermostat_1,
G04727,집,HOME14,기기제어,Check every 10 minutes and turn the heating up to 24 if the battery is under 20 percent,10분마다 확인해서 배터리가 20퍼센트 아래면 난방 24도로 올려,execute,,D7,T3,none,HOME14_LivingRoom_Thermostat_1,
G04728,집,HOME02,기기제어,"Wait up to 20 minutes to see if it is dark outside; if not, turn the heating off","바깥이 어두워지는지 최대 20분 기다려 보고, 그래도 아니면 난방 꺼",execute,,D10,T3,none,HOME02_LivingRoom_Thermostat_1,
G04729,집,HOME06,기기제어,Check every 10 minutes and set the living room thermostat to 22 degrees if someone is in the room.,10분마다 확인해서 방에 사람이 있으면 거실 온도조절기 22도로 맞춰.,execute,,D7,T3,none,HOME06_LivingRoom_Thermostat_1,
G04730,집,HOME14,기기제어,"Wait up to 10 minutes to see if it is dark outside; if not, set the living room boiler to 22 degrees","바깥이 어두워지는지 최대 10분 기다려 보고, 그래도 아니면 거실 보일러 22도로 맞춰",execute,,D10,T3,none,HOME14_LivingRoom_Thermostat_1,
G04731,집,HOME11,기기제어,"Wait up to 10 minutes to see if the washing machine is running; if not, set the room thermostat to 19 degrees","세탁기가 도는지 최대 10분 기다려 보고, 그래도 아니면 방 온도조절기 19도로 맞춰",execute,,D10,T3,none,HOME11_Room_Thermostat_1,
G04732,집,HOME14,기기제어,"Repeat this 6 times: set a 60 minute timer, then wait 20 minutes",60분 타이머 맞춰 주고 20분 쉬는 걸 6번 반복해,refuse,no_service,D8,T3,none,,
G04736,집,HOME02,기기제어,please start a countdown for 60 minutes every 90 minutes until someone is in the room.,방에 사람이 올 때까지 90분마다 60분 카운트다운 좀 시작해 줘.,refuse,no_service,D8,T3,none,,
G04737,집,HOME07,기기제어,Check every 5 minutes and close the garage door if the battery is under 20 percent.,5분마다 확인해서 배터리가 20퍼센트 아래면 차고문 닫아.,execute,,D7,T3,none,HOME07_Garage_GarageDoor_1,
G04739,집,HOME07,기기제어,"Wait up to 5 minutes to see if the room is too warm; if not, close the garage door","방이 더워지는지 최대 5분 기다려 보고, 그래도 아니면 차고문 닫아",execute,,D10,T3,none,HOME07_Garage_GarageDoor_1,
G04740,집,HOME16,기기제어,Check every 20 minutes and shut the garage door if the humidity is over 60 percent.,20분마다 확인해서 습도가 60퍼센트를 넘으면 차고문 닫아.,execute,,D7,T3,none,HOME16_Garden_GarageDoor_1,
G04741,집,HOME16,기기제어,Check every 30 minutes and open the garage door if the room is too warm.,30분마다 확인해서 방이 너무 더우면 차고문 열어.,execute,,D7,T3,none,HOME16_Garden_GarageDoor_1,
G04742,집,HOME16,기기제어,"Wait up to 5 minutes to see if the battery is under 20 percent; if not, close the garage door.","배터리가 20퍼센트 아래로 내려가는지 최대 5분 기다려 보고, 그래도 아니면 차고문 닫아.",execute,,D10,T3,none,HOME16_Garden_GarageDoor_1,
G04746,집,HOME07,기기제어,Check every 5 minutes and toggle the bedroom switch if someone is in the room.,5분마다 확인해서 방에 사람이 있으면 침실 스위치 껐다 켜.,execute,,D7,T3,none,HOME07_Bedroom_Light_1 HOME07_Bedroom_Light_2,
G04751,집,HOME09,기기제어,"Wait up to 15 minutes to see if the humidity is over 60 percent; if not, turn the nursery humidifier off.","습도가 60퍼센트를 넘는지 최대 15분 기다려 보고, 그래도 아니면 아기방 가습기 꺼.",execute,,D10,T3,none,HOME09_BabyRoom_Humidifier_1,
G04753,집,HOME15,기기제어,"Wait up to 10 minutes to see if the temperature is under 18 degrees; if not, turn on the bedroom humidifier.","온도가 18도 아래로 내려가는지 최대 10분 기다려 보고, 그래도 아니면 침실 가습기 켜.",execute,,D10,T3,none,HOME15_Bedroom_Humidifier_1,
G04756,집,HOME14,기기제어,Check every 5 minutes and pull the blinds shut if the washing machine is running,5분마다 확인해서 세탁기가 돌고 있으면 블라인드 닫아,refuse,no_device,D7,T3,none,,
G04757,집,HOME08,기기제어,"Wait up to 30 minutes to see if nobody is home; if not, open the blinds","집이 비는지 최대 30분 기다려 보고, 그래도 아니면 블라인드 전부 열어",execute,,D10,T3,none,HOME08_LivingRoom_WindowCovering_1,
G04758,집,HOME01,기기제어,"Wait up to 30 minutes to see if the battery is under 20 percent; if not, light up the lights","배터리가 20퍼센트 아래로 내려가는지 최대 30분 기다려 보고, 그래도 아니면 조명 전부 켜",execute,,D10,T3,none,HOME01_Room_Light_1 HOME01_Room_Light_2,
G04761,집,HOME20,기기제어,please brew a cup on the kitchen coffee maker every 20 minutes.,20분마다 주방 커피포트로 한 잔 좀 내려 줘.,execute,,D7,T3,none,HOME20_Kitchen_CoffeeMaker_1,
G04765,집,HOME15,기기제어,Check every 10 minutes and take a snapshot with all the cameras if someone is in the room,10분마다 확인해서 방에 사람이 있으면 모든 카메라로 사진 찍어,execute,,D7,T3,none,HOME15_LivingRoom_Camera_1,
G04766,집,HOME03,기기제어,Check every 15 minutes and turn off the lights if the battery is under 20 percent,15분마다 확인해서 배터리가 20퍼센트 아래면 조명 전부 꺼,execute,,D7,T3,none,HOME03_LivingRoom_Light_1 HOME03_LivingRoom_Light_2 HOME03_LivingRoom_Light_3 HOME03_Bedroom_Light_1 HOME03_Bedroom_Light_2 HOME03_Kitchen_Light_1 HOME03_Bathroom_Light_1 HOME03_Hallway_Light_1,
G04768,집,HOME09,기기제어,Check every 10 minutes and shut the lights off if the door is open.,10분마다 확인해서 문이 열려 있으면 조명 전부 꺼.,execute,,D7,T3,none,HOME09_LivingRoom_Light_1 HOME09_LivingRoom_Light_2 HOME09_BabyRoom_Light_1 HOME09_BabyRoom_ColorControl_1 HOME09_Bedroom_Light_1 HOME09_Kitchen_Light_1,
G04771,집,HOME11,기기제어,"Wait up to 20 minutes to see if the humidity is over 60 percent; if not, toggle the room switch.","습도가 60퍼센트를 넘는지 최대 20분 기다려 보고, 그래도 아니면 방 스위치 껐다 켜.",execute,,D10,T3,none,HOME11_Room_Light_1 HOME11_Room_Light_2 HOME11_Room_AirConditioner_1 HOME11_Room_Television_1 HOME11_Room_Plug_1 HOME11_Room_Plug_2,
G04772,집,HOME15,기기제어,Check every 5 minutes and toggle all the switches if the door is open,5분마다 확인해서 문이 열려 있으면 모든 스위치 껐다 켜,execute,,D7,T3,none,HOME15_LivingRoom_Light_1 HOME15_LivingRoom_Light_2 HOME15_LivingRoom_Light_3 HOME15_LivingRoom_Light_4 HOME15_Bedroom_Light_1 HOME15_Bedroom_Light_2 HOME15_Study_Light_1 HOME15_Study_Light_2 HOME15_LivingRoom_ColorControl_1 HOME15_LivingRoom_ColorControl_2 HOME15_Hallway_Switch_1 HOME15_Hallway_Switch_2 HOME15_Hallway_Switch_3 HOME15_Hallway_Switch_4 HOME15_Hallway_Switch_5 HOME15_Hallway_Switch_6 HOME15_Kitchen_Light_1 HOME15_LivingRoom_LevelControl_1 HOME15_LivingRoom_LevelControl_2 HOME15_LivingRoom_AirConditioner_1 HOME15_LivingRoom_AirPurifier_1 HOME15_Bedroom_AirPurifier_1 HOME15_Bedroom_Humidifier_1 HOME15_LivingRoom_Plug_1 HOME15_LivingRoom_Plug_2 HOME15_LivingRoom_Plug_3 HOME15_LivingRoom_Television_1,
G04773,집,HOME15,기기제어,please toggle all the switches every 15 minutes until the door is open.,문이 열릴 때까지 15분마다 모든 스위치 껐다 켜 주세요.,execute,,D8,T3,none,HOME15_LivingRoom_Light_1 HOME15_LivingRoom_Light_2 HOME15_LivingRoom_Light_3 HOME15_LivingRoom_Light_4 HOME15_Bedroom_Light_1 HOME15_Bedroom_Light_2 HOME15_Study_Light_1 HOME15_Study_Light_2 HOME15_LivingRoom_ColorControl_1 HOME15_LivingRoom_ColorControl_2 HOME15_Hallway_Switch_1 HOME15_Hallway_Switch_2 HOME15_Hallway_Switch_3 HOME15_Hallway_Switch_4 HOME15_Hallway_Switch_5 HOME15_Hallway_Switch_6 HOME15_Kitchen_Light_1 HOME15_LivingRoom_LevelControl_1 HOME15_LivingRoom_LevelControl_2 HOME15_LivingRoom_AirConditioner_1 HOME15_LivingRoom_AirPurifier_1 HOME15_Bedroom_AirPurifier_1 HOME15_Bedroom_Humidifier_1 HOME15_LivingRoom_Plug_1 HOME15_LivingRoom_Plug_2 HOME15_LivingRoom_Plug_3 HOME15_LivingRoom_Television_1,
G04775,집,HOME19,기기제어,could you toggle the switch every 20 minutes until the humidity is over 60 percent?,습도가 60퍼센트를 넘을 때까지 20분마다 스위치 껐다 켜 줄 수 있어?,ask,,D8,T3,none,HOME19_LivingRoom_Light_1 HOME19_LivingRoom_Light_2 HOME19_Study_Light_1 HOME19_Study_Light_2 HOME19_Bedroom_Light_1 HOME19_Kitchen_Light_1 HOME19_Study_AirConditioner_1 HOME19_LivingRoom_AirConditioner_1 HOME19_Study_AirPurifier_1 HOME19_Study_Plug_1 HOME19_Study_Plug_2 HOME19_Study_Plug_3,
G04776,집,HOME10,기기제어,"Repeat this 2 times: set a 5 minute timer, then wait 15 minutes.",5분 타이머 맞춰 주고 15분 쉬는 걸 2번 반복해.,refuse,no_service,D8,T3,none,,
G04777,집,HOME13,기기제어,"Repeat this 3 times: start a countdown for 15 minutes, then wait 20 minutes",15분 카운트다운 시작해 주고 20분 쉬는 걸 3번 반복해,refuse,no_service,D8,T3,none,,
G04780,집,HOME09,기기제어,Check every 5 minutes and unlock the entrance door lock if the humidity is over 60 percent,5분마다 확인해서 습도가 60퍼센트를 넘으면 현관 도어락 열어,execute,,D7,T3,none,HOME09_Entrance_DoorLock_1,
G04782,집,HOME08,기기제어,"Wait up to 10 minutes to see if the humidity is over 60 percent; if not, lock the entrance door lock.","습도가 60퍼센트를 넘는지 최대 10분 기다려 보고, 그래도 아니면 현관 도어락 잠가.",execute,,D10,T3,none,HOME08_Entrance_DoorLock_1,
G04784,집,HOME08,기기제어,"Wait up to 20 minutes to see if the temperature is under 18 degrees; if not, make sure the entrance door lock is locked.","온도가 18도 아래로 내려가는지 최대 20분 기다려 보고, 그래도 아니면 현관 도어락 잠겼는지 봐 줘.",execute,,D10,T3,none,HOME08_Entrance_DoorLock_1,
G04786,집,HOME12,기기제어,"Wait up to 5 minutes to see if the washing machine is running; if not, cut power to the plug.","세탁기가 도는지 최대 5분 기다려 보고, 그래도 아니면 플러그 전원 차단해.",refuse,no_device,D10,T3,none,,
G04787,집,HOME15,기기제어,"Wait up to 20 minutes to see if someone is in the room; if not, switch the plug off","방에 사람이 오는지 최대 20분 기다려 보고, 그래도 아니면 플러그 꺼",ask,,D10,T3,none,HOME15_LivingRoom_Plug_1 HOME15_LivingRoom_Plug_2 HOME15_LivingRoom_Plug_3,
G04789,집,HOME01,기기제어,"Wait up to 5 minutes to see if the door is open; if not, switch all the plugs off.","문이 열리는지 최대 5분 기다려 보고, 그래도 아니면 모든 플러그 꺼.",execute,,D10,T3,none,HOME01_Room_Plug_1 HOME01_Room_Plug_2,
G04790,집,HOME01,기기제어,Check every 30 minutes and turn on all the plugs if it is dark outside.,30분마다 확인해서 바깥이 어두우면 모든 플러그 켜.,execute,,D7,T3,none,HOME01_Room_Plug_1 HOME01_Room_Plug_2,
G04791,집,HOME17,기기제어,Check every 30 minutes and cut power to all the plugs if the temperature is under 18 degrees,30분마다 확인해서 온도가 18도 아래면 모든 플러그 전원 차단해,execute,,D7,T3,none,HOME17_Room_Plug_1 HOME17_Room_Plug_2,
G04792,집,HOME17,기기제어,"Wait up to 20 minutes to see if the tank is below half; if not, get the lights on","탱크가 절반 아래로 내려가는지 최대 20분 기다려 보고, 그래도 아니면 조명 전부 켜",execute,,D10,T3,none,HOME17_Room_Light_1 HOME17_Bathroom_Light_1,
G04793,집,HOME10,기기제어,"Wait up to 20 minutes to see if the battery is under 20 percent; if not, close the garage door","배터리가 20퍼센트 아래로 내려가는지 최대 20분 기다려 보고, 그래도 아니면 차고문 닫아",refuse,no_device,D10,T3,none,,
G04794,집,HOME05,기기제어,"Wait up to 30 minutes to see if the door is open; if not, turn on the lights.","문이 열리는지 최대 30분 기다려 보고, 그래도 아니면 조명 전부 켜.",execute,,D10,T3,none,HOME05_LivingRoom_Light_1 HOME05_LivingRoom_Light_2 HOME05_LivingRoom_Light_3 HOME05_Kitchen_Light_1 HOME05_Bedroom_Light_1 HOME05_Bedroom_Light_2 HOME05_Study_Light_1 HOME05_Stairs_Light_1,
G04796,집,HOME05,기기제어,Check every 5 minutes and get the lights on if the tank is below half.,5분마다 확인해서 탱크가 절반 아래면 조명 전부 켜.,execute,,D7,T3,none,HOME05_LivingRoom_Light_1 HOME05_LivingRoom_Light_2 HOME05_LivingRoom_Light_3 HOME05_Kitchen_Light_1 HOME05_Bedroom_Light_1 HOME05_Bedroom_Light_2 HOME05_Study_Light_1 HOME05_Stairs_Light_1,
G04797,집,HOME05,기기제어,Check every 30 minutes and open the garage door if the temperature is under 18 degrees.,30분마다 확인해서 온도가 18도 아래면 차고문 열어.,refuse,no_device,D7,T3,none,,
G04799,집,HOME20,기기제어,"Wait up to 10 minutes to see if someone is in the room; if not, toggle the switch","방에 사람이 오는지 최대 10분 기다려 보고, 그래도 아니면 스위치 껐다 켜",ask,,D10,T3,none,HOME20_LivingRoom_Light_1 HOME20_LivingRoom_Light_2 HOME20_Kitchen_Light_1 HOME20_Bedroom_Light_1 HOME20_LivingRoom_AirConditioner_1,
G04803,집,HOME08,기기제어,Check every 15 minutes and toggle the living room switch if the window is open,15분마다 확인해서 창문이 열려 있으면 거실 스위치 껐다 켜,execute,,D7,T3,none,HOME08_LivingRoom_Light_1 HOME08_LivingRoom_Light_2 HOME08_LivingRoom_AirConditioner_1 HOME08_LivingRoom_AirPurifier_1 HOME08_LivingRoom_Television_1 HOME08_LivingRoom_Plug_1 HOME08_LivingRoom_Plug_2,
G04807,집,HOME11,기기제어,Check every 30 minutes and switch the lights on if the battery is under 20 percent,30분마다 확인해서 배터리가 20퍼센트 아래면 조명 전부 켜,execute,,D7,T3,none,HOME11_Room_Light_1 HOME11_Room_Light_2 HOME11_Kitchen_Light_1 HOME11_Bathroom_Light_1,
G04808,집,HOME18,기기제어,"Wait up to 10 minutes to see if someone is in the room; if not, shut the garage door.","방에 사람이 오는지 최대 10분 기다려 보고, 그래도 아니면 차고문 닫아.",execute,,D10,T3,none,HOME18_Garage_GarageDoor_1,
G04809,집,HOME16,기기제어,"Wait up to 30 minutes to see if the room is too warm; if not, turn the lights up to 100 percent.","방이 더워지는지 최대 30분 기다려 보고, 그래도 아니면 조명 전부 밝기를 100퍼센트까지 올려.",execute,,D10,T3,none,HOME16_LivingRoom_Light_1 HOME16_LivingRoom_Light_2 HOME16_Bedroom_Light_1 HOME16_Garden_Light_1,
G04810,집,HOME03,기기제어,could you set a 45 minute timer every 5 minutes until someone is in the room?,방에 사람이 올 때까지 5분마다 45분 타이머 맞춰 줄 수 있어?,refuse,no_service,D8,T3,none,,
G04811,집,HOME02,기기제어,Check every 30 minutes and set a 3 minute timer if the door is open.,30분마다 확인해서 문이 열려 있으면 3분 타이머 맞춰 줘.,refuse,no_service,D7,T3,none,,
G04812,집,HOME13,기기제어,please start a countdown for 3 minutes every 20 minutes for the next 3 hours.,앞으로 3시간 동안 20분마다 3분 카운트다운 시작해 주세요.,refuse,no_service,D8,T3,none,,
G04815,집,HOME19,기기제어,Check every 30 minutes and shut the garage door if the room is too warm.,30분마다 확인해서 방이 너무 더우면 차고문 닫아.,refuse,no_device,D7,T3,none,,
G04818,집,HOME12,기기제어,could you run all the fans for 10 minutes every 20 minutes for the next 2 hours?,앞으로 2시간 동안 20분마다 모든 선풍기를 10분 동안 돌려 줄 수 있어?,execute,,D8,T3,none,HOME12_LivingRoom_Fan_1,
G04821,집,HOME09,기기제어,"Wait up to 30 minutes to see if the humidity is over 60 percent; if not, toggle all the switches.","습도가 60퍼센트를 넘는지 최대 30분 기다려 보고, 그래도 아니면 모든 스위치 껐다 켜.",execute,,D10,T3,none,HOME09_LivingRoom_Light_1 HOME09_LivingRoom_Light_2 HOME09_BabyRoom_Light_1 HOME09_BabyRoom_ColorControl_1 HOME09_Bedroom_Light_1 HOME09_Kitchen_Light_1 HOME09_LivingRoom_AirConditioner_1 HOME09_BabyRoom_AirConditioner_1 HOME09_BabyRoom_Humidifier_1 HOME09_BabyRoom_AirPurifier_1 HOME09_LivingRoom_AirPurifier_1,
G04822,집,HOME09,기기제어,Run the nursery fan for 3 minutes every 30 minutes,30분마다 아기방 선풍기를 3분 동안 돌려,execute,,D7,T3,none,HOME09_BabyRoom_Fan_1,
G04823,집,HOME09,기기제어,please run the nursery fan for 15 minutes every 20 minutes.,20분마다 아기방 선풍기를 15분 동안 좀 돌려 줘.,execute,,D7,T3,none,HOME09_BabyRoom_Fan_1,
G04824,집,HOME06,기기제어,I'd like you to run the bathroom fan for 30 minutes every 60 minutes.,60분마다 욕실 선풍기를 30분 동안 돌려 줬으면 해.,execute,,D7,T3,none,HOME06_Bathroom_Fan_1,
G04825,집,HOME04,기기제어,please run the living room fan for 10 minutes every 30 minutes for the next 3 hours.,앞으로 3시간 동안 30분마다 거실 선풍기를 10분 동안 돌려 주세요.,execute,,D8,T3,none,HOME04_LivingRoom_Fan_1,
G04827,집,HOME09,기기제어,could you toggle the switch every 20 minutes for the next 6 hours?,앞으로 6시간 동안 20분마다 스위치 껐다 켜 줄 수 있어?,ask,,D8,T3,none,HOME09_LivingRoom_Light_1 HOME09_LivingRoom_Light_2 HOME09_BabyRoom_Light_1 HOME09_BabyRoom_ColorControl_1 HOME09_Bedroom_Light_1 HOME09_Kitchen_Light_1 HOME09_LivingRoom_AirConditioner_1 HOME09_BabyRoom_AirConditioner_1 HOME09_BabyRoom_Humidifier_1 HOME09_BabyRoom_AirPurifier_1 HOME09_LivingRoom_AirPurifier_1,
G04828,집,HOME08,기기제어,Check every 20 minutes and dim the bedroom lights to 25 percent if nobody is home,20분마다 확인해서 집에 아무도 없으면 침실 조명 밝기를 25퍼센트로 낮춰,execute,,D7,T3,none,HOME08_Bedroom_Light_1,
G04831,집,HOME09,기기제어,"Wait up to 5 minutes to see if the battery is under 20 percent; if not, toggle the living room switch.","배터리가 20퍼센트 아래로 내려가는지 최대 5분 기다려 보고, 그래도 아니면 거실 스위치 껐다 켜.",execute,,D10,T3,none,HOME09_LivingRoom_Light_1 HOME09_LivingRoom_Light_2 HOME09_LivingRoom_AirConditioner_1 HOME09_LivingRoom_AirPurifier_1,
G04832,집,HOME06,기기제어,can you toggle the entrance switch every 20 minutes for the next 6 hours?,앞으로 6시간 동안 20분마다 현관 스위치 껐다 켜 줄래?,execute,,D8,T3,none,HOME06_Entrance_Siren_1,
G04833,집,HOME17,기기제어,Check every 90 minutes and run the room fan for 60 minutes if the washing machine is running,90분마다 확인해서 세탁기가 돌고 있으면 방 선풍기를 60분 동안 돌려,execute,,D7,T3,none,HOME17_Room_Fan_1 HOME17_Room_Fan_2,
G04835,집,HOME07,기기제어,could you say it out loud on the speaker every 20 minutes until the temperature is under 18 degrees?,온도가 18도 아래로 내려갈 때까지 20분마다 스피커로 소리 내서 알려 줄 수 있어?,ask,,D8,T3,none,HOME07_LivingRoom_Speaker_1 HOME07_LivingRoom_Speaker_2,
G04836,집,HOME06,기기제어,"Wait up to 10 minutes to see if the room is too warm; if not, play a chime on the speaker","방이 더워지는지 최대 10분 기다려 보고, 그래도 아니면 스피커로 알림음 울려",ask,,D10,T3,none,HOME06_LivingRoom_Speaker_1 HOME06_LivingRoom_Speaker_2 HOME06_Kitchen_Speaker_1,
G04837,집,HOME06,기기제어,"Wait up to 15 minutes to see if the window is open; if not, say it out loud on all the speakers.","창문이 열리는지 최대 15분 기다려 보고, 그래도 아니면 모든 스피커로 소리 내서 알려.",execute,,D10,T3,none,HOME06_LivingRoom_Speaker_1 HOME06_LivingRoom_Speaker_2 HOME06_Kitchen_Speaker_1,
G04838,집,HOME18,기기제어,"Wait up to 10 minutes to see if the room is too warm; if not, kill the lights.","방이 더워지는지 최대 10분 기다려 보고, 그래도 아니면 조명 전부 꺼.",execute,,D10,T3,none,HOME18_LivingRoom_Light_1 HOME18_LivingRoom_Light_2 HOME18_LivingRoom_Light_3 HOME18_Bedroom_Light_1 HOME18_Bedroom_Light_2 HOME18_Kitchen_Light_1 HOME18_Garage_Light_1,
G04839,집,HOME17,기기제어,please run the room fan for 20 minutes every 30 minutes until the room is too warm.,방이 더워질 때까지 30분마다 방 선풍기를 20분 동안 좀 돌려 줘.,execute,,D8,T3,none,HOME17_Room_Fan_1 HOME17_Room_Fan_2,
G04846,집,HOME06,기기제어,Check every 20 minutes and turn on the plug if it is dark outside,20분마다 확인해서 바깥이 어두우면 플러그 켜,refuse,no_device,D7,T3,none,,
G04848,집,HOME14,기기제어,Check every 20 minutes and turn on the plug if the battery is under 20 percent,20분마다 확인해서 배터리가 20퍼센트 아래면 플러그 켜,refuse,no_device,D7,T3,none,,
G04849,집,HOME17,기기제어,Check every 15 minutes and make the room lights warm white if the room is too warm,15분마다 확인해서 방이 너무 더우면 방 조명 전구색으로 해,execute,,D7,T3,none,HOME17_Room_Light_1,
G04850,집,HOME16,기기제어,Check every 30 minutes and unlock the entrance door lock if someone is in the room,30분마다 확인해서 방에 사람이 있으면 현관 도어락 열어,execute,,D7,T3,none,HOME16_Entrance_DoorLock_1,
G04851,집,HOME05,기기제어,Check every 15 minutes and turn the heating up to 21 if someone is in the room,15분마다 확인해서 방에 사람이 있으면 난방 21도로 올려,execute,,D7,T3,none,HOME05_LivingRoom_Thermostat_1 HOME05_LivingRoom_Thermostat_2,
G04852,집,HOME20,기기제어,"Wait up to 5 minutes to see if the battery is under 20 percent; if not, make sure the door lock is locked","배터리가 20퍼센트 아래로 내려가는지 최대 5분 기다려 보고, 그래도 아니면 도어락 잠겼는지 봐 줘",refuse,no_device,D10,T3,none,,
G04854,집,HOME06,기기제어,Check every 5 minutes and take a snapshot with the garden camera if the temperature is under 18 degrees,5분마다 확인해서 온도가 18도 아래면 마당 카메라로 사진 찍어,execute,,D7,T3,none,HOME06_Garden_Camera_1 HOME06_Garden_Camera_2,
G04855,집,HOME18,기기제어,"Wait up to 5 minutes to see if the humidity is over 60 percent; if not, take a snapshot with the garage camera","습도가 60퍼센트를 넘는지 최대 5분 기다려 보고, 그래도 아니면 차고 카메라로 사진 찍어",execute,,D10,T3,none,HOME18_Garage_Camera_1,
G04857,집,HOME06,기기제어,Check every 20 minutes and unlock the entrance door lock if the tank is below half,20분마다 확인해서 탱크가 절반 아래면 현관 도어락 열어,execute,,D7,T3,none,HOME06_Entrance_DoorLock_1,
G04859,집,HOME04,기기제어,"Wait up to 20 minutes to see if the temperature is under 18 degrees; if not, open the garage door","온도가 18도 아래로 내려가는지 최대 20분 기다려 보고, 그래도 아니면 차고문 열어",refuse,no_device,D10,T3,none,,
G04860,집,HOME03,기기제어,Check every 30 minutes and change the living room lights to blue if someone is in the room.,30분마다 확인해서 방에 사람이 있으면 거실 조명 파란색으로 바꿔.,execute,,D7,T3,none,HOME03_LivingRoom_Light_1 HOME03_LivingRoom_Light_2 HOME03_LivingRoom_Light_3,
G04861,집,HOME04,기기제어,"Wait up to 15 minutes to see if the humidity is over 60 percent; if not, open the garage door","습도가 60퍼센트를 넘는지 최대 15분 기다려 보고, 그래도 아니면 차고문 열어",refuse,no_device,D10,T3,none,,
G04864,집,HOME16,기기제어,"When the scene button is pressed, count how many times it happens and put the garden lights into movie mode once it passes 4.",씬 버튼이 눌릴 때 그 횟수를 세다가 4번을 넘으면 마당 조명 영화 모드로 해.,execute,,D12,T4,none,HOME16_Garden_Light_1,
G04865,집,HOME09,기기제어,"When the scene button is pressed, count how many times it happens and bring the lights down to 30 percent once it passes 3",씬 버튼이 눌릴 때 그 횟수를 세다가 3번을 넘으면 조명 전부 밝기를 30퍼센트까지 낮춰,execute,,D12,T4,none,HOME09_LivingRoom_Light_1 HOME09_LivingRoom_Light_2 HOME09_BabyRoom_Light_1 HOME09_BabyRoom_ColorControl_1 HOME09_Bedroom_Light_1 HOME09_Kitchen_Light_1,
G04866,집,HOME14,알림예약,"Wait until the temperature is under 18 degrees, then tell me about it every 10 minutes for 3 hours.",온도가 18도 아래로 내려갈 때까지 기다렸다가 3시간 동안 10분마다 알려 줘.,execute,,D13,T4,none,,Speaker.Speak
G04867,집,HOME03,알림예약,"Wait until the window is open, then push me an alert every 10 minutes for 6 hours",창문이 열릴 때까지 기다렸다가 6시간 동안 10분마다 알림 띄워 줘,execute,,D13,T4,none,,NotificationProvider.SendPush
G04870,집,HOME18,기기제어,"When the scene button is pressed, count how many times it happens and switch the lights on once it passes 4",씬 버튼이 눌릴 때 그 횟수를 세다가 4번을 넘으면 조명 전부 켜,execute,,D12,T4,none,HOME18_LivingRoom_Light_1 HOME18_LivingRoom_Light_2 HOME18_LivingRoom_Light_3 HOME18_Bedroom_Light_1 HOME18_Bedroom_Light_2 HOME18_Kitchen_Light_1 HOME18_Garage_Light_1,
G04871,집,HOME06,기기제어,"When I press the button, count how many times it happens and put the lights on once it passes 2.",내가 버튼을 누를 때 그 횟수를 세다가 2번을 넘으면 조명 전부 켜.,execute,,D12,T4,none,HOME06_LivingRoom_Light_1 HOME06_LivingRoom_Light_2 HOME06_LivingRoom_Light_3 HOME06_LivingRoom_Light_4 HOME06_Kitchen_Light_1 HOME06_Kitchen_Light_2 HOME06_Bedroom_Light_1 HOME06_Bedroom_Light_2 HOME06_Study_Light_1 HOME06_Bathroom_Light_1 HOME06_Bathroom_Light_2 HOME06_Hallway_Light_1 HOME06_Garden_Light_1 HOME06_Garden_Light_2 HOME06_Garage_Light_1,
G04872,집,HOME01,기기제어,"Wait until the door is open, then run the fan for 20 minutes every 30 minutes for 4 hours",문이 열릴 때까지 기다렸다가 4시간 동안 30분마다 선풍기를 20분 동안 돌려,ask,,D13,T4,none,HOME01_Room_Fan_1 HOME01_Room_Fan_2,
G04873,집,HOME10,기기제어,"Wait until the washing machine is running, then run the living room fan for 30 minutes every 60 minutes for 4 hours",세탁기가 돌기 시작할 때까지 기다렸다가 4시간 동안 60분마다 거실 선풍기를 30분 동안 돌려,execute,,D13,T4,none,HOME10_LivingRoom_Fan_1,
G04874,집,HOME09,기기제어,"While the temperature stays over 32 degrees, compare it with yesterday at the same time and run the nursery fan for 60 minutes if it went up",온도가 32도를 계속 넘고 있을 때 그게 어제 같은 시각보다 올랐으면 아기방 선풍기를 60분 동안 돌려,execute,,D11,T4,none,HOME09_BabyRoom_Fan_1,
G04875,집,HOME03,기기제어,"When the temperature goes above 30 degrees, count how many times it happens and run the bathroom fan for 2 minutes once it passes 2.",온도가 30도를 넘을 때 그 횟수를 세다가 2번을 넘으면 욕실 선풍기를 2분 동안 돌려.,execute,,D12,T4,none,HOME03_Bathroom_Fan_1,
G04876,집,HOME18,알림예약,"could you push me an alert every 20 minutes while the washing machine is running, and stop after 4 hours?","세탁기가 도는 동안 20분마다 알림 띄워 주고, 4시간 뒤에는 멈춰 줄 수 있어?",execute,,D13,T4,weather,,NotificationProvider.SendPush
G04877,집,HOME18,알림예약,"Wait until the door is open, then send me a notification every 20 minutes for 3 hours",문이 열릴 때까지 기다렸다가 3시간 동안 20분마다 알림 보내 줘,execute,,D13,T4,weather,,NotificationProvider.SendPush
G04878,집,HOME08,알림예약,"Wait until the room is too warm, then give me a heads-up every 20 minutes for 4 hours",방이 더워질 때까지 기다렸다가 4시간 동안 20분마다 꼭 알려 줘,execute,,D13,T4,weather,,NotificationProvider.SendPush
G04879,집,HOME19,기기제어,"When the temperature goes above 30 degrees, count how many times it happens and set the lights to blue once it passes 3",온도가 30도를 넘을 때 그 횟수를 세다가 3번을 넘으면 조명 전부 파란색으로 바꿔,execute,,D12,T4,none,HOME19_LivingRoom_Light_1 HOME19_LivingRoom_Light_2 HOME19_Study_Light_1 HOME19_Study_Light_2 HOME19_Bedroom_Light_1 HOME19_Kitchen_Light_1,
G04885,집,HOME06,상태조회,"When the wash cycle ends, compare it with yesterday at the same time and show it on the screen if it went up",세탁 코스가 끝날 때 그게 어제 같은 시각보다 올랐으면 화면에 띄워 줘,refuse,no_channel,D11,T4,none,,
G04886,집,HOME06,알림예약,"please let me know every 20 minutes while it is dark outside, and stop after 6 hours.","바깥이 어두운 동안 20분마다 알려 주고, 6시간 뒤에는 멈춰 주세요.",execute,,D13,T4,none,,NotificationProvider.SendPush
G04888,집,HOME05,기기제어,"If the temperature drops below 0 degrees, count how many times it happens and set the thermostat to 18 degrees once it passes 5",온도가 0도 아래로 떨어질 때 그 횟수를 세다가 5번을 넘으면 온도조절기 18도로 맞춰,ask,,D12,T4,none,HOME05_LivingRoom_Thermostat_1 HOME05_LivingRoom_Thermostat_2,
G04889,집,HOME07,기기제어,"If the temperature drops below 18 degrees, if it is higher than it was an hour ago, set the living room thermostat to 23 degrees.",온도가 18도 아래로 떨어질 때 그게 한 시간 전보다 높으면 거실 온도조절기 23도로 맞춰.,execute,,D11,T4,none,HOME07_LivingRoom_Thermostat_1,
G04890,집,HOME06,기기제어,"Take a snapshot with the garage camera every 10 minutes while the door is open, and stop after 3 hours.","문이 열려 있는 동안 10분마다 차고 카메라로 사진 찍어 주고, 3시간 뒤에는 멈춰.",execute,,D13,T4,none,HOME06_Garage_Camera_1,
G04893,집,HOME07,상태조회,"Wait until the door is open, then show it on the screen every 5 minutes for 3 hours.",문이 열릴 때까지 기다렸다가 3시간 동안 5분마다 화면에 띄워 줘.,refuse,no_channel,D13,T4,none,,
G04895,집,HOME06,알림예약,"please tell me about it every 20 minutes while the tank is below half, and stop after 3 hours.","탱크가 절반 아래인 동안 20분마다 알려 주고, 3시간 뒤에는 좀 멈춰 줘.",execute,,D13,T4,none,,NotificationProvider.SendPush
G04896,집,HOME13,알림예약,"can you show it on the screen every 10 minutes while someone is in the room, and stop after 4 hours?","방에 사람이 있는 동안 10분마다 화면에 띄워 주고, 4시간 뒤에는 멈춰 줄래?",refuse,no_channel,D13,T4,none,,
G04898,집,HOME11,알림예약,"Wait until the humidity is over 60 percent, then push me an alert every 10 minutes for 2 hours",습도가 60퍼센트를 넘을 때까지 기다렸다가 2시간 동안 10분마다 알림 띄워 줘,execute,,D13,T4,none,,NotificationProvider.SendPush
G04899,집,HOME06,기기제어,"Wait until the battery is under 20 percent, then take a snapshot with the garden camera every 10 minutes for 5 hours",배터리가 20퍼센트 아래로 내려갈 때까지 기다렸다가 5시간 동안 10분마다 마당 카메라로 사진 찍어,execute,,D13,T4,none,HOME06_Garden_Camera_1 HOME06_Garden_Camera_2,
G04900,집,HOME08,기기제어,"Wait until the room is too warm, then take a snapshot with the pet cam 1 every 15 minutes for 2 hours",방이 더워질 때까지 기다렸다가 2시간 동안 15분마다 펫캠 1로 사진 찍어,execute,,D13,T4,none,HOME08_LivingRoom_Camera_1,
G04901,집,HOME07,알림예약,"please tell me about it every 5 minutes while it is dark outside, and stop after 3 hours.","바깥이 어두운 동안 5분마다 알려 주고, 3시간 뒤에는 멈춰 주세요.",execute,,D13,T4,none,,NotificationProvider.SendPush
G04902,집,HOME17,기기제어,"While the temperature stays over 30 degrees, if it is higher than it was an hour ago, set the room lights brightness to 50 percent",온도가 30도를 계속 넘고 있을 때 그게 한 시간 전보다 높으면 방 조명 밝기를 50퍼센트로 맞춰,execute,,D11,T4,none,HOME17_Room_Light_1,
G04906,집,HOME09,기기제어,"Wait until the washing machine is running, then toggle the living room switch every 10 minutes for 3 hours",세탁기가 돌기 시작할 때까지 기다렸다가 3시간 동안 10분마다 거실 스위치 껐다 켜,execute,,D13,T4,none,HOME09_LivingRoom_Light_1 HOME09_LivingRoom_Light_2 HOME09_LivingRoom_AirConditioner_1 HOME09_LivingRoom_AirPurifier_1,
G04907,집,HOME06,기기제어,"When snow is expected, count how many times it happens and get the light on once it passes 4",눈이 올 것 같을 때 그 횟수를 세다가 4번을 넘으면 조명 켜,ask,,D12,T4,weather,HOME06_LivingRoom_Light_1 HOME06_LivingRoom_Light_2 HOME06_LivingRoom_Light_3 HOME06_LivingRoom_Light_4 HOME06_Kitchen_Light_1 HOME06_Kitchen_Light_2 HOME06_Bedroom_Light_1 HOME06_Bedroom_Light_2 HOME06_Study_Light_1 HOME06_Bathroom_Light_1 HOME06_Bathroom_Light_2 HOME06_Hallway_Light_1 HOME06_Garden_Light_1 HOME06_Garden_Light_2 HOME06_Garage_Light_1,
G04908,집,HOME11,기기제어,"When I am close to home, count how many times it happens and turn the heating off once it passes 4",내가 집 근처에 올 때 그 횟수를 세다가 4번을 넘으면 난방 꺼,execute,,D12,T4,phone,HOME11_Room_Thermostat_1,
G04909,집,HOME12,기기제어,"When the scene button is pressed, count how many times it happens and run the living room fan for 45 minutes once it passes 5",씬 버튼이 눌릴 때 그 횟수를 세다가 5번을 넘으면 거실 선풍기를 45분 동안 돌려,execute,,D12,T4,none,HOME12_LivingRoom_Fan_1,
G04910,집,HOME01,기기제어,"When I press the button, count how many times it happens and change the lights to blue once it passes 5",내가 버튼을 누를 때 그 횟수를 세다가 5번을 넘으면 조명 전부 파란색으로 바꿔,execute,,D12,T4,none,HOME01_Room_Light_1 HOME01_Room_Light_2,
G04912,집,HOME05,기기제어,"Toggle the stairs switch every 5 minutes while the window is open, and stop after 4 hours.","창문이 열려 있는 동안 5분마다 계단 스위치 껐다 켜 주고, 4시간 뒤에는 멈춰.",execute,,D13,T4,sun,HOME05_Stairs_Light_1,
G04913,집,HOME05,기기제어,"If motion is detected in the kitchen, count how many times it happens and turn the heating up to 20 once it passes 5",주방에서 움직임이 감지될 때 그 횟수를 세다가 5번을 넘으면 난방 20도로 올려,execute,,D12,T4,none,HOME05_LivingRoom_Thermostat_1 HOME05_LivingRoom_Thermostat_2,
G04917,집,HOME17,기기제어,"When the temperature goes above 30 degrees, compare it with yesterday at the same time and turn on the room air conditioner if it went up",온도가 30도를 넘을 때 그게 어제 같은 시각보다 올랐으면 방 에어컨 켜,execute,,D11,T4,none,HOME17_Room_AirConditioner_1,
G04918,집,HOME19,기기제어,"When the scene button is pressed, count how many times it happens and brew a cup on all the coffee makers once it passes 6.",씬 버튼이 눌릴 때 그 횟수를 세다가 6번을 넘으면 모든 커피포트로 한 잔 내려.,execute,,D12,T4,none,HOME19_Kitchen_CoffeeMaker_1,
G04919,집,HOME20,기기제어,"can you brew a cup on all the coffee makers every 5 minutes while the door is open, and stop after 4 hours?","문이 열려 있는 동안 5분마다 모든 커피포트로 한 잔 내려 주고, 4시간 뒤에는 멈춰 줄래?",execute,,D13,T4,none,HOME20_Kitchen_CoffeeMaker_1,
G04920,집,HOME20,알림예약,"Wait until it is dark outside, then tell me about it every 15 minutes for 4 hours.",바깥이 어두워질 때까지 기다렸다가 4시간 동안 15분마다 알려 줘.,execute,,D13,T4,phone,,NotificationProvider.SendPush
G04925,집,HOME15,기기제어,"When energy use spikes, compare it with yesterday at the same time and turn on the living room TV if it went up",전력 사용이 급증할 때 그게 어제 같은 시각보다 올랐으면 거실 TV 켜,execute,,D11,T4,none,HOME15_LivingRoom_Television_1,
G04927,집,HOME18,알림예약,"If the switch is switched off, count how many times it happens and push me an alert once it passes 3.",스위치가 꺼질 때 그 횟수를 세다가 3번을 넘으면 알림 띄워 줘.,execute,,D12,T4,none,,NotificationProvider.SendPush
G04928,집,HOME15,기기제어,"When power draw goes over 3000 watts, if it is higher than it was an hour ago, set the Skylight 1 to green",전력 사용이 3000와트를 넘을 때 그게 한 시간 전보다 높으면 스카이라이트 1 초록색으로 바꿔,execute,,D11,T4,none,HOME15_Study_Light_1,
G04930,집,HOME06,기기제어,"When the temperature goes above 28 degrees, count how many times it happens and start all the mowers once it passes 5.",온도가 28도를 넘을 때 그 횟수를 세다가 5번을 넘으면 모든 잔디깎이 켜.,execute,,D12,T4,none,HOME06_Garden_Mower_1,
G04931,집,HOME19,기기제어,"After I head out, count how many times it happens and put the kitchen lights into relax mode once it passes 2",내가 나간 뒤에 그 횟수를 세다가 2번을 넘으면 주방 조명 휴식 모드로 해,execute,,D12,T4,phone,HOME19_Kitchen_Light_1,
G04975,집,HOME01,기기제어,"Toggle the room switch every 5 minutes while the tank is below half, and stop after 5 hours.","탱크가 절반 아래인 동안 5분마다 방 스위치 껐다 켜 주고, 5시간 뒤에는 멈춰.",execute,,D13,T4,none,HOME01_Room_Light_1 HOME01_Room_Light_2 HOME01_Room_AirConditioner_1 HOME01_Room_Fan_1 HOME01_Room_Plug_1 HOME01_Room_Plug_2,
G04978,집,HOME13,알림예약,"Wait until the tank is below half, then send me a note if the bedroom lights stays on every 5 minutes for 5 hours.",탱크가 절반 아래로 내려갈 때까지 기다렸다가 5시간 동안 5분마다 침실 조명 계속 켜져 있으면 알려 줘.,execute,,D13,T4,none,,NotificationProvider.SendPush
G04981,집,HOME04,기기제어,"please run the living room fan for 30 minutes every 60 minutes while the room is too warm, and stop after 3 hours.","방이 더운 동안 60분마다 거실 선풍기를 30분 동안 돌려 주고, 3시간 뒤에는 멈춰 주세요.",execute,,D13,T4,none,HOME04_LivingRoom_Fan_1,
G04982,집,HOME10,상태조회,"Wait until the washing machine is running, then tell me if the door sensor is open every 10 minutes for 4 hours",세탁기가 돌기 시작할 때까지 기다렸다가 4시간 동안 10분마다 문열림 센서 열려 있는지 알려 줘,execute,,D13,T4,none,HOME10_Entrance_ContactSensor_1,Speaker.Speak
G04989,집,HOME15,기기제어,"Wait until the door is open, then toggle the switch every 10 minutes for 2 hours",문이 열릴 때까지 기다렸다가 2시간 동안 10분마다 스위치 껐다 켜,ask,,D13,T4,none,HOME15_LivingRoom_Light_1 HOME15_LivingRoom_Light_2 HOME15_LivingRoom_Light_3 HOME15_LivingRoom_Light_4 HOME15_Bedroom_Light_1 HOME15_Bedroom_Light_2 HOME15_Study_Light_1 HOME15_Study_Light_2 HOME15_LivingRoom_ColorControl_1 HOME15_LivingRoom_ColorControl_2 HOME15_Hallway_Switch_1 HOME15_Hallway_Switch_2 HOME15_Hallway_Switch_3 HOME15_Hallway_Switch_4 HOME15_Hallway_Switch_5 HOME15_Hallway_Switch_6 HOME15_Kitchen_Light_1 HOME15_LivingRoom_LevelControl_1 HOME15_LivingRoom_LevelControl_2 HOME15_LivingRoom_AirConditioner_1 HOME15_LivingRoom_AirPurifier_1 HOME15_Bedroom_AirPurifier_1 HOME15_Bedroom_Humidifier_1 HOME15_LivingRoom_Plug_1 HOME15_LivingRoom_Plug_2 HOME15_LivingRoom_Plug_3 HOME15_LivingRoom_Television_1,
G04990,집,HOME14,기기제어,"Wait until someone is in the room, then set a 45 minute timer every 10 minutes for 5 hours.",방에 사람이 올 때까지 기다렸다가 5시간 동안 10분마다 45분 타이머 맞춰 줘.,refuse,no_service,D13,T4,none,,
G04992,집,HOME05,기기제어,"Start a countdown for 45 minutes every 75 minutes while the door is open, and stop after 6 hours.","문이 열려 있는 동안 75분마다 45분 카운트다운 시작해 주고, 6시간 뒤에는 멈춰.",refuse,no_service,D13,T4,none,,
G04995,집,HOME08,기기제어,"I'd like you to run the living room fan for 45 minutes every 75 minutes while the door is open, and stop after 3 hours.","문이 열려 있는 동안 75분마다 거실 선풍기를 45분 동안 돌려 주고, 3시간 뒤에는 멈춰 줬으면 해.",execute,,D13,T4,none,HOME08_LivingRoom_Fan_1,
U0001,집,HOME06,기기제어,Turn on the living room lights.,거실 불 켜 줘.,execute,,D1,T0,none,HOME06_LivingRoom_Light_1 HOME06_LivingRoom_Light_2 HOME06_LivingRoom_Light_3 HOME06_LivingRoom_Light_4,
U0002,집,HOME06,기기제어,Turn off the bedroom lights.,침실 조명 꺼 줘.,execute,,D1,T0,none,HOME06_Bedroom_Light_1 HOME06_Bedroom_Light_2,
U0003,집,HOME06,기기제어,Turn off all the lights in the house.,집 전체 조명 꺼 줘.,execute,,D1,T0,none,HOME06_Bathroom_Light_1 HOME06_Bathroom_Light_2 HOME06_Bedroom_Light_1 HOME06_Bedroom_Light_2 HOME06_Garage_Light_1 HOME06_Garden_Light_1 HOME06_Garden_Light_2 HOME06_Hallway_Light_1 HOME06_Kitchen_Light_1 HOME06_Kitchen_Light_2 HOME06_LivingRoom_Light_1 HOME06_LivingRoom_Light_2 HOME06_LivingRoom_Light_3 HOME06_LivingRoom_Light_4 HOME06_Study_Light_1,
U0004,집,HOME15,기기제어,Turn on the living room plugs.,거실 플러그 켜 줘.,execute,,D1,T0,none,HOME15_LivingRoom_Plug_1 HOME15_LivingRoom_Plug_2 HOME15_LivingRoom_Plug_3,
U0005,집,HOME15,기기제어,Switch off the power strip.,멀티탭 꺼 줘.,ask,,D1,T0,none,HOME15_LivingRoom_Plug_1 HOME15_LivingRoom_Plug_2 HOME15_LivingRoom_Plug_3,
U0006,집,HOME15,기기제어,"Turn on the air conditioner, please.",에어컨 켜 줘.,execute,,D1,T0,none,HOME15_LivingRoom_AirConditioner_1,
U0007,집,HOME03,기기제어,Turn off the air purifier.,공기청정기 꺼 줘.,execute,,D1,T0,none,HOME03_LivingRoom_AirPurifier_1,
U0008,집,HOME09,기기제어,Start the humidifier.,가습기 작동시켜 줘.,execute,,D1,T0,none,HOME09_BabyRoom_Humidifier_1,
U0009,집,HOME09,기기제어,Close the curtain.,커튼 닫아 줘.,execute,,D1,T0,none,HOME09_BabyRoom_WindowCovering_1,
U0010,집,HOME03,기기제어,Raise the blinds.,블라인드 올려 줘.,execute,,D1,T0,none,HOME03_LivingRoom_WindowCovering_1 HOME03_LivingRoom_WindowCovering_2,
U0011,집,HOME03,기기제어,Open the living room curtains.,거실 커튼 열어 줘.,execute,,D1,T0,none,HOME03_LivingRoom_WindowCovering_1 HOME03_LivingRoom_WindowCovering_2,
U0012,집,HOME06,기기제어,Start the robot vacuum.,로봇청소기 시작해 줘.,execute,,D1,T0,none,HOME06_LivingRoom_RobotVacuumCleaner_1,
U0013,집,HOME06,기기제어,Stop the vacuuming.,청소 멈춰 줘.,execute,,D1,T0,none,HOME06_LivingRoom_RobotVacuumCleaner_1,
U0014,집,HOME06,기기제어,Turn off the TV.,TV 꺼 줘.,execute,,D1,T0,none,HOME06_LivingRoom_Television_1,
U0015,집,HOME06,기기제어,Set the living room lights to 50 percent.,거실 조명 밝기 50퍼센트로 해 줘.,execute,,D1,T0,none,HOME06_LivingRoom_Light_1 HOME06_LivingRoom_Light_2 HOME06_LivingRoom_Light_3 HOME06_LivingRoom_Light_4,
U0016,집,HOME06,기기제어,Make the lights a bit brighter.,불 좀 더 밝게 해 줘.,ask,,D1,T0,none,HOME06_Bathroom_Light_1 HOME06_Bathroom_Light_2 HOME06_Bedroom_Light_1 HOME06_Bedroom_Light_2 HOME06_Garage_Light_1 HOME06_Garden_Light_1 HOME06_Garden_Light_2 HOME06_Hallway_Light_1 HOME06_Kitchen_Light_1 HOME06_Kitchen_Light_2 HOME06_LivingRoom_Light_1 HOME06_LivingRoom_Light_2 HOME06_LivingRoom_Light_3 HOME06_LivingRoom_Light_4 HOME06_Study_Light_1,
U0017,집,HOME06,기기제어,Dim the bedroom lights to 20 percent.,침실 조명 20퍼센트로 낮춰 줘.,execute,,D1,T0,none,HOME06_Bedroom_Light_1 HOME06_Bedroom_Light_2,
U0018,집,HOME06,기기제어,Turn the bedroom lights blue.,침실 조명 파란색으로 바꿔 줘.,execute,,D1,T0,none,HOME06_Bedroom_Light_1 HOME06_Bedroom_Light_2,
U0019,집,HOME06,기기제어,Set the living room lights to a warm color.,거실 조명 전구색으로 해 줘.,execute,,D1,T0,none,HOME06_LivingRoom_Light_1 HOME06_LivingRoom_Light_2 HOME06_LivingRoom_Light_3 HOME06_LivingRoom_Light_4,
U0020,집,HOME06,기기제어,Change the kitchen lights to a cool white.,주방 조명 주광색으로 바꿔 줘.,execute,,D1,T0,none,HOME06_Kitchen_Light_1 HOME06_Kitchen_Light_2,
U0021,집,HOME15,기기제어,Set the air conditioner to 24 degrees.,에어컨 24도로 맞춰 줘.,execute,,D1,T0,none,HOME15_LivingRoom_AirConditioner_1,
U0022,집,HOME16,기기제어,Set the heating to 22 degrees.,난방 22도로 해 줘.,execute,,D1,T0,none,HOME16_LivingRoom_Thermostat_1,
U0023,집,HOME05,기기제어,Turn the living room temperature down to 22 degrees.,거실 온도 22도로 낮춰 줘.,execute,,D1,T0,none,HOME05_LivingRoom_Thermostat_1 HOME05_LivingRoom_Thermostat_2,
U0024,집,HOME03,기기제어,Set the living room fans to high.,거실 선풍기 세게 틀어 줘.,execute,,D1,T0,none,HOME03_LivingRoom_Fan_1 HOME03_LivingRoom_Fan_2,
U0025,집,HOME09,기기제어,Put the baby room air purifier on auto.,아기방 공기청정기 자동 모드로 해 줘.,execute,,D1,T0,none,HOME09_BabyRoom_AirPurifier_1,
U0026,집,HOME15,기기제어,Switch the air conditioner to cool mode.,에어컨 냉방 모드로 바꿔 줘.,execute,,D1,T0,none,HOME15_LivingRoom_AirConditioner_1,
U0027,집,HOME06,기기제어,Turn the speaker volume down.,스피커 볼륨 줄여 줘.,ask,,D1,T0,none,HOME06_Kitchen_Speaker_1 HOME06_LivingRoom_Speaker_1 HOME06_LivingRoom_Speaker_2,
U0028,집,HOME06,기기제어,Turn up the living room speakers.,거실 스피커 소리 키워 줘.,execute,,D1,T0,none,HOME06_LivingRoom_Speaker_1 HOME06_LivingRoom_Speaker_2,
U0029,집,HOME06,기기제어,Set the TV volume to 30.,TV 볼륨 30으로 맞춰 줘.,execute,,D1,T0,none,HOME06_LivingRoom_Television_1,
U0030,집,HOME06,상태조회,What is the temperature in the living room right now?,지금 거실 온도 어때?,execute,,D1,T0,none,HOME06_LivingRoom_TemperatureSensor_1 HOME06_LivingRoom_TemperatureSensor_2 HOME06_LivingRoom_TemperatureSensor_3,NotificationProvider.SendPush
U0031,집,HOME03,상태조회,Is the air quality in the house okay?,집 공기질 괜찮아?,execute,,D1,T0,none,HOME03_LivingRoom_AirQualitySensor_1,NotificationProvider.SendPush
U0032,집,HOME06,상태조회,What is the humidity in the living room?,거실 습도 몇이야?,execute,,D1,T0,none,HOME06_LivingRoom_HumiditySensor_1,NotificationProvider.SendPush
U0033,집,HOME15,상태조회,Is the air conditioner on?,에어컨 켜져 있어?,execute,,D1,T0,none,HOME15_LivingRoom_AirConditioner_1,NotificationProvider.SendPush
U0034,집,HOME03,상태조회,Is the air purifier running?,공기청정기 작동 중이야?,execute,,D1,T0,none,HOME03_LivingRoom_AirPurifier_1,NotificationProvider.SendPush
U0035,집,HOME06,상태조회,Are the living room lights off?,거실 불 꺼져 있어?,execute,,D1,T0,none,HOME06_LivingRoom_Light_1 HOME06_LivingRoom_Light_2 HOME06_LivingRoom_Light_3 HOME06_LivingRoom_Light_4,NotificationProvider.SendPush
U0036,집,HOME06,상태조회,Is the front door open?,현관문 열려 있어?,execute,,D1,T0,none,HOME06_Entrance_ContactSensor_1,NotificationProvider.SendPush
U0037,집,HOME06,상태조회,Are the living room windows closed?,거실 창문 닫혀 있어?,execute,,D1,T0,none,HOME06_LivingRoom_ContactSensor_1 HOME06_LivingRoom_ContactSensor_2,NotificationProvider.SendPush
U0038,집,HOME03,상태조회,Tell me the state of the balcony door.,발코니 문 상태 알려 줘.,execute,,D1,T0,none,HOME03_Balcony_ContactSensor_1,NotificationProvider.SendPush
U0039,집,HOME05,상태조회,Is anyone home?,집에 사람 있어?,execute,,D1,T0,none,HOME05_Stairs_MotionSensor_1,NotificationProvider.SendPush
U0040,집,HOME16,상태조회,Was motion detected in the living room?,거실에 움직임 감지됐어?,execute,,D1,T0,none,HOME16_LivingRoom_MotionSensor_1,NotificationProvider.SendPush
U0041,집,HOME16,상태조회,Is nobody home right now?,아무도 없는 상태야?,execute,,D1,T0,none,HOME16_LivingRoom_MotionSensor_1,NotificationProvider.SendPush
U0042,집,HOME15,상태조회,How much power is the house using right now?,지금 전기 얼마나 쓰고 있어?,execute,,D1,T0,none,HOME15_LivingRoom_Plug_1 HOME15_LivingRoom_Plug_2 HOME15_LivingRoom_Plug_3,NotificationProvider.SendPush
U0043,집,HOME15,상태조회,How much power are the living room plugs using?,거실 플러그 전력 사용량 알려 줘.,execute,,D1,T0,none,HOME15_LivingRoom_Plug_1 HOME15_LivingRoom_Plug_2 HOME15_LivingRoom_Plug_3,NotificationProvider.SendPush
U0068,집,HOME03,기기제어,Turn off the air purifier in a little while.,잠시 후 공기청정기 꺼 줘.,ask,,D1,T0,none,HOME03_LivingRoom_AirPurifier_1,
U0074,집,HOME06,기기제어,"Late at night, don't turn off the speaker alerts.",늦은 밤에는 스피커 알림을 끄지 말아 줘.,ask,,D1,T0,none,HOME06_Kitchen_Speaker_1 HOME06_LivingRoom_Speaker_1 HOME06_LivingRoom_Speaker_2,
U0075,집,HOME06,기기제어,I'm heading out.,나 외출할게.,ask,,D1,T0,none,,
U0076,집,HOME06,기기제어,Turn on away mode.,외출 모드 켜 줘.,ask,,D1,T0,none,,
U0077,집,HOME06,기기제어,Make it like when the house is empty.,집 비울 때처럼 해 줘.,ask,,D1,T0,none,,
U0078,집,HOME06,기기제어,I'm home now.,나 집에 왔어.,ask,,D1,T0,none,,
U0079,집,HOME06,기기제어,Run the coming-home mode.,귀가 모드 실행해 줘.,ask,,D1,T0,none,,
U0080,집,HOME06,기기제어,Get the house ready for me.,집 들어갈 준비해 줘.,ask,,D1,T0,none,,
U0081,집,HOME06,기기제어,Get things ready for bed.,잘 준비해 줘.,ask,,D1,T0,none,,
U0082,집,HOME06,기기제어,Turn on sleep mode.,취침 모드 켜 줘.,ask,,D1,T0,none,,
U0083,집,HOME06,기기제어,Make it like bedtime.,잘 때처럼 해 줘.,ask,,D1,T0,none,,
U0084,집,HOME06,기기제어,Get ready for a movie.,영화 볼 준비해 줘.,ask,,D1,T0,none,,
U0085,집,HOME06,기기제어,Switch to relax mode.,휴식 모드로 해 줘.,ask,,D1,T0,none,,
U0086,집,HOME06,기기제어,Set a nice mood in here.,분위기 좋게 해 줘.,ask,,D1,T0,none,,
U0087,집,HOME06,기기제어,Run the cleaning mode.,청소 모드 실행해 줘.,execute,,D1,T0,none,HOME06_LivingRoom_RobotVacuumCleaner_1,
U0088,집,HOME03,기기제어,Turn on ventilation mode.,환기 모드 켜 줘.,ask,,D1,T0,none,,
U0089,집,HOME03,기기제어,Get the air circulating in the house.,집안 공기 순환되게 해 줘.,ask,,D1,T0,none,,
U0090,집,HOME06,기기제어,Lock the front door.,현관문 잠가 줘.,execute,,D1,T0,none,HOME06_Entrance_DoorLock_1,
U0091,집,HOME06,상태조회,Is the door lock locked?,도어락 잠겼어?,execute,,D1,T0,none,HOME06_Entrance_DoorLock_1,NotificationProvider.SendPush
U0093,집,HOME06,기기제어,Open the front door.,현관문 열어 줘.,execute,,D1,T0,none,HOME06_Entrance_DoorLock_1,
U0094,집,HOME08,기기제어,Unlock the door lock.,도어락 풀어 줘.,execute,,D1,T0,none,HOME08_Entrance_DoorLock_1,
U0095,집,HOME12,기기제어,Could you unlock the door?,문 잠금 해제해 줘.,execute,,D1,T0,none,HOME12_Entrance_DoorLock_1,
U0099,집,HOME15,기기제어,Show me the living room camera.,거실 카메라 보여 줘.,execute,,D1,T0,none,HOME15_LivingRoom_Camera_1,
U0114,집,HOME15,기기제어,Email me a snapshot from the camera.,카메라 사진을 이메일로 보내 줘.,ask,,D1,T0,none,,
U0118,집,HOME06,외부정보,Is it raining today?,오늘 비 와?,execute,,D1,T0,weather,,NotificationProvider.SendPush
U0119,집,HOME06,외부정보,Will it be cold tomorrow?,내일 추워?,refuse,no_service,D1,T0,weather,,
U0120,집,HOME06,외부정보,Should I take an umbrella today?,우산 챙겨야 해?,refuse,no_service,D1,T0,weather,,
U0121,집,HOME06,상태조회,What time is it now?,지금 몇 시야?,execute,,D1,T0,none,,NotificationProvider.SendPush
U0122,집,HOME15,외부정보,Do I have anything on my calendar today?,오늘 일정 있어?,execute,,D1,T0,calendar,,NotificationProvider.SendPush
U0123,집,HOME06,알림예약,Remind me tomorrow morning.,내일 아침에 알려 줘.,ask,,D1,T0,none,,
U0124,집,HOME03,상태조회,Should I ventilate right now?,지금 환기해야 해?,ask,,D1,T0,none,,
U0125,집,HOME03,외부정보,Is it okay to open the windows today?,오늘 창문 열어도 괜찮아?,ask,,D1,T0,weather,,
U0126,집,HOME06,상태조회,Is the house comfortable right now?,지금 집이 쾌적한 상태야?,ask,,D1,T0,none,,
U0127,집,HOME06,기기제어,Turn off the light.,불 꺼 줘.,ask,,D1,T0,none,HOME06_Bathroom_Light_1 HOME06_Bathroom_Light_2 HOME06_Bedroom_Light_1 HOME06_Bedroom_Light_2 HOME06_Garage_Light_1 HOME06_Garden_Light_1 HOME06_Garden_Light_2 HOME06_Hallway_Light_1 HOME06_Kitchen_Light_1 HOME06_Kitchen_Light_2 HOME06_LivingRoom_Light_1 HOME06_LivingRoom_Light_2 HOME06_LivingRoom_Light_3 HOME06_LivingRoom_Light_4 HOME06_Study_Light_1,
U0128,집,HOME06,기기제어,Turn on the air conditioner.,에어컨 켜 줘.,ask,,D1,T0,none,HOME06_Bedroom_AirConditioner_1 HOME06_LivingRoom_AirConditioner_1 HOME06_LivingRoom_AirConditioner_2,
U0129,집,HOME06,기기제어,Close the door.,문 닫아 줘.,ask,,D1,T0,none,,
U0130,집,HOME06,기기제어,Make the house comfortable.,집 좀 쾌적하게 해 줘.,ask,,D1,T0,none,,
U0131,집,HOME06,기기제어,Just set everything to a good state.,알아서 좋은 상태로 맞춰 줘.,ask,,D1,T0,none,,
U0132,집,HOME06,기기제어,Make it cozy for me.,편하게 해 줘.,ask,,D1,T0,none,,
U0133,집,HOME15,알림예약,Send an email.,메일 보내 줘.,ask,,D1,T0,none,,
U0134,집,HOME15,기기제어,Take a photo and send it to me.,사진 찍어서 보내 줘.,ask,,D1,T0,none,,
U0135,집,HOME06,알림예약,Send a notification.,알림 보내 줘.,ask,,D1,T0,none,,
U0136,집,HOME16,기기제어,Close the study curtains.,서재 커튼 닫아 줘.,refuse,no_device,D1,T0,none,,
U0137,집,HOME02,기기제어,Open the garage door.,차고문 열어 줘.,refuse,no_device,D1,T0,none,,
U0138,집,HOME17,기기제어,Lock the entrance door lock.,현관 도어락 잠가 줘.,refuse,no_device,D1,T0,none,,
U0139,집,HOME15,기기제어,Set the plug brightness to 50 percent.,플러그 밝기를 50퍼센트로 해 줘.,refuse,no_service,D1,T0,none,,
U0045,집,HOME05,기기제어,"When nobody is home, turn off the lights.",사람이 없으면 불 꺼 줘.,execute,,D4,T1,none,HOME05_Bedroom_Light_1 HOME05_Bedroom_Light_2 HOME05_Kitchen_Light_1 HOME05_LivingRoom_Light_1 HOME05_LivingRoom_Light_2 HOME05_LivingRoom_Light_3 HOME05_Stairs_Light_1 HOME05_Study_Light_1,
U0046,집,HOME05,기기제어,"When someone comes home, turn on the stairs light.",누가 집에 오면 계단 조명 켜 줘.,execute,,D4,T1,none,HOME05_Stairs_Light_1,
U0047,집,HOME05,기기제어,"If nobody is home, turn off the air conditioner.",집에 아무도 없으면 에어컨 꺼 줘.,execute,,D4,T1,none,HOME05_Bedroom_AirConditioner_1 HOME05_LivingRoom_AirConditioner_1,
U0048,집,HOME06,알림예약,Let me know when the front door opens.,현관문 열리면 알려 줘.,execute,,D4,T1,none,,NotificationProvider.SendPush
U0049,집,HOME06,기기제어,"If the window is open, turn off the air conditioner.",창문 열려 있으면 에어컨 꺼 줘.,execute,,D4,T1,none,HOME06_Bedroom_AirConditioner_1 HOME06_LivingRoom_AirConditioner_1 HOME06_LivingRoom_AirConditioner_2,
U0050,집,HOME06,기기제어,"When the door closes, turn off the hallway light.",문 닫히면 복도 조명 꺼 줘.,execute,,D4,T1,none,HOME06_Hallway_Light_1,
U0051,집,HOME15,기기제어,"If the temperature goes above 28 degrees, turn on the air conditioner.",온도가 28도 넘으면 에어컨 켜 줘.,execute,,D4,T1,none,HOME15_LivingRoom_AirConditioner_1,
U0052,집,HOME09,기기제어,"If the humidity gets low, turn on the humidifier.",습도가 낮으면 가습기 켜 줘.,execute,,D4,T1,none,HOME09_BabyRoom_Humidifier_1,
U0053,집,HOME03,알림예약,"If the CO2 gets high, let me know.",CO2가 높으면 알려 줘.,execute,,D4,T1,none,,NotificationProvider.SendPush
U0054,집,HOME15,기기제어,"When it gets dark outside, turn on the living room lights.",어두워지면 거실 조명 켜 줘.,execute,,D4,T1,none,HOME15_LivingRoom_ColorControl_1 HOME15_LivingRoom_ColorControl_2 HOME15_LivingRoom_Light_1 HOME15_LivingRoom_Light_2 HOME15_LivingRoom_Light_3 HOME15_LivingRoom_Light_4,
U0055,집,HOME03,기기제어,"When the sun sets, close the curtains.",해 지면 커튼 닫아 줘.,execute,,D4,T1,sun,HOME03_LivingRoom_WindowCovering_1 HOME03_LivingRoom_WindowCovering_2,
U0056,집,HOME15,기기제어,"When it is bright, turn off the lights.",밝으면 불 꺼 줘.,execute,,D4,T1,none,HOME15_Bedroom_Light_1 HOME15_Bedroom_Light_2 HOME15_Kitchen_Light_1 HOME15_LivingRoom_ColorControl_1 HOME15_LivingRoom_ColorControl_2 HOME15_LivingRoom_Light_1 HOME15_LivingRoom_Light_2 HOME15_LivingRoom_Light_3 HOME15_LivingRoom_Light_4 HOME15_Study_Light_1 HOME15_Study_Light_2,
U0057,집,HOME06,기기제어,"When the TV turns on, dim the living room lights.",TV가 켜지면 거실 조명 어둡게 해 줘.,execute,,D4,T1,none,HOME06_LivingRoom_Light_1 HOME06_LivingRoom_Light_2 HOME06_LivingRoom_Light_3 HOME06_LivingRoom_Light_4,
U0058,집,HOME06,알림예약,Tell me when the laundry is done.,세탁이 끝나면 알려 줘.,execute,,D4,T1,none,,NotificationProvider.SendPush
U0059,집,HOME03,기기제어,"If the air purifier turns off, turn it back on.",공기청정기가 꺼지면 다시 켜 줘.,execute,,D4,T1,none,HOME03_LivingRoom_AirPurifier_1,
U0060,집,HOME06,기기제어,Turn off all the lights at 11 pm.,밤 11시에 모든 불 꺼 줘.,execute,,D6,T1,none,HOME06_Bathroom_Light_1 HOME06_Bathroom_Light_2 HOME06_Bedroom_Light_1 HOME06_Bedroom_Light_2 HOME06_Garage_Light_1 HOME06_Garden_Light_1 HOME06_Garden_Light_2 HOME06_Hallway_Light_1 HOME06_Kitchen_Light_1 HOME06_Kitchen_Light_2 HOME06_LivingRoom_Light_1 HOME06_LivingRoom_Light_2 HOME06_LivingRoom_Light_3 HOME06_LivingRoom_Light_4 HOME06_Study_Light_1,
U0061,집,HOME03,기기제어,Open the curtains at 7 am.,오전 7시에 커튼 열어 줘.,execute,,D6,T1,none,HOME03_LivingRoom_WindowCovering_1 HOME03_LivingRoom_WindowCovering_2,
U0062,집,HOME15,기기제어,Turn off the air conditioner at 6 pm.,저녁 6시에 에어컨 꺼 줘.,execute,,D6,T1,none,HOME15_LivingRoom_AirConditioner_1,
U0063,집,HOME03,기기제어,Turn on the air purifier every morning at 8.,매일 아침 8시에 공기청정기 켜 줘.,execute,,D6,T1,none,HOME03_LivingRoom_AirPurifier_1,
U0064,집,HOME06,기기제어,Turn on the living room lights at 7 pm on weekdays.,평일 저녁 7시에 거실 조명 켜 줘.,execute,,D6,T1,none,HOME06_LivingRoom_Light_1 HOME06_LivingRoom_Light_2 HOME06_LivingRoom_Light_3 HOME06_LivingRoom_Light_4,
U0065,집,HOME06,기기제어,Run the robot vacuum every weekend at 10.,주말마다 10시에 로봇청소기 돌려 줘.,execute,,D6,T1,none,HOME06_LivingRoom_RobotVacuumCleaner_1,
U0073,집,HOME09,기기제어,"In the morning, open the baby room curtain.",아침에 아기방 커튼 열어 줘.,execute,,D6,T1,none,HOME09_BabyRoom_WindowCovering_1,
U0092,집,HOME06,기기제어,Lock the front door when I leave.,외출할 때 현관문 잠가 줘.,execute,,D4,T1,none,HOME06_Entrance_DoorLock_1,
U0100,집,HOME06,기기제어,"When the door opens, take a picture.",문 열리면 사진 찍어 줘.,execute,,D4,T1,none,HOME06_Garage_Camera_1 HOME06_Garden_Camera_1 HOME06_Garden_Camera_2,
U0101,집,HOME16,기기제어,"If motion is detected, record a 10-second clip.",움직임이 있으면 10초 녹화해 줘.,execute,,D4,T1,none,HOME16_Garden_Camera_1 HOME16_Garden_Camera_2,
U0102,집,HOME06,알림예약,"If smoke is detected, warn me.",연기 감지되면 경고해 줘.,execute,,D4,T1,none,,NotificationProvider.SendPush
U0103,집,HOME10,기기제어,"If gas is detected, sound the siren.",가스 감지되면 사이렌 울려 줘.,execute,,D4,T1,none,HOME10_LivingRoom_Siren_1,
U0104,집,HOME14,알림예약,"If water leaks, let me know.",물이 새면 알려 줘.,execute,,D4,T1,none,,Speaker.Speak
U0105,집,HOME06,알림예약,"When the door opens, show a notification on the screen.",문 열리면 화면에 알림 띄워 줘.,execute,,D4,T1,none,,NotificationProvider.SendToast
U0106,집,HOME03,알림예약,"If the air quality gets bad, put an alert on the screen.",공기질 나쁘면 화면에 알림 띄워 줘.,execute,,D4,T1,none,,NotificationProvider.SendToast
U0107,집,HOME06,알림예약,Send a push alert when the laundry finishes.,세탁 끝나면 앱 알림 보내 줘.,execute,,D4,T1,none,,NotificationProvider.SendPush
U0108,집,HOME03,기기제어,"If the CO2 gets high, say it on the speaker.",CO2 높으면 스피커로 말해 줘.,execute,,D4,T1,none,HOME03_Kitchen_Speaker_1 HOME03_LivingRoom_Speaker_1,
U0109,집,HOME03,기기제어,"When the front door opens, announce it out loud.",문 열리면 음성으로 알려 줘.,execute,,D4,T1,none,HOME03_Kitchen_Speaker_1 HOME03_LivingRoom_Speaker_1,
U0110,집,HOME09,기기제어,"If the air quality gets bad, broadcast that we should ventilate.",공기질 나쁘면 환기하라고 방송해 줘.,execute,,D4,T1,none,HOME09_BabyRoom_Speaker_1 HOME09_LivingRoom_Speaker_1 HOME09_LivingRoom_Speaker_2,
U0111,집,HOME10,알림예약,"When the door opens, send me a KakaoTalk message.",문 열리면 나에게 카톡 보내 줘.,ask,,D4,T1,none,,
U0112,집,HOME16,알림예약,"If an intruder is detected, message the property manager.",침입 감지되면 관리자에게 메시지 보내 줘.,ask,,D4,T1,none,,
U0113,집,HOME15,알림예약,Email me when the door opens.,문 열리면 메일 보내 줘.,ask,,D4,T1,none,,
U0066,집,HOME15,기기제어,Turn off the air conditioner in 10 minutes.,10분 뒤에 에어컨 꺼 줘.,execute,,D2,T2,none,HOME15_LivingRoom_AirConditioner_1,
U0067,집,HOME06,기기제어,Turn off the bedroom lights in an hour.,1시간 뒤에 침실 조명 꺼 줘.,execute,,D2,T2,none,HOME06_Bedroom_Light_1 HOME06_Bedroom_Light_2,
U0069,집,HOME03,기기제어,Run the air purifier for 30 minutes.,30분 동안 공기청정기 켜 줘.,execute,,D2,T2,none,HOME03_LivingRoom_AirPurifier_1,
U0070,집,HOME15,기기제어,Run the air conditioner for just 2 hours.,2시간만 에어컨 틀어 줘.,execute,,D2,T2,none,HOME15_LivingRoom_AirConditioner_1,
U0071,집,HOME06,기기제어,Keep the hallway light on for 10 minutes.,복도 조명 10분 동안 켜둬.,execute,,D2,T2,none,HOME06_Hallway_Light_1,
U0072,집,HOME05,기기제어,"At night, if motion is detected, turn the lights on low.",밤에는 움직임이 감지되면 조명을 약하게 켜 줘.,execute,,D13,T2,sun,HOME05_Bedroom_Light_1 HOME05_Bedroom_Light_2 HOME05_Kitchen_Light_1 HOME05_LivingRoom_Light_1 HOME05_LivingRoom_Light_2 HOME05_LivingRoom_Light_3 HOME05_Stairs_Light_1 HOME05_Study_Light_1,
U0096,집,HOME06,알림예약,"If there is motion while I'm out, let me know.",외출 중 움직임이 있으면 알려 줘.,execute,,D13,T2,none,,NotificationProvider.SendPush
U0097,집,HOME06,알림예약,"If the door opens while nobody is home, warn me.",집에 아무도 없는데 문이 열리면 경고해 줘.,execute,,D13,T2,none,,NotificationProvider.SendPush
U0098,집,HOME06,기기제어,"If motion is detected while I'm away, take a snapshot.",부재중에 움직임이 감지되면 카메라로 사진 찍어 줘.,execute,,D13,T2,none,HOME06_Garage_Camera_1 HOME06_Garden_Camera_1 HOME06_Garden_Camera_2,
U0115,집,HOME06,알림예약,"While the door stays open, remind me every 10 minutes.",문이 계속 열려 있으면 10분마다 알려 줘.,execute,,D9,T3,none,,NotificationProvider.SendPush
U0116,집,HOME03,알림예약,"While the CO2 stays high, alert me again every 30 minutes.",CO2가 계속 높으면 30분마다 다시 알려 줘.,execute,,D9,T3,none,,NotificationProvider.SendPush
U0117,집,HOME07,알림예약,"If the leak continues, keep warning me.",물이 계속 새면 반복해서 경고해 줘.,execute,,D9,T3,none,,NotificationProvider.SendPush
U0044,집,HOME15,상태조회,Is today's electricity use high?,오늘 전기 사용량이 높아?,execute,,D12,T4,none,HOME15_LivingRoom_Plug_1 HOME15_LivingRoom_Plug_2 HOME15_LivingRoom_Plug_3,NotificationProvider.SendPush
